{"args":[],"expected":"18446744073709551615","name":"constant"}
{"args":[],"expected":"1","name":"boundConstant"}
{"args":[],"expected":"1","name":"doConstant"}
{"args":[],"expected":"20","name":"rangeConstant"}
{"args":["0","0"],"expected":"18446744073709551565","name":"wrapping"}
{"args":["1","0"],"expected":"18446744073709551562","name":"wrapping"}
{"args":["18446744073709551615","0"],"expected":"18446744073709551568","name":"wrapping"}
{"args":["0","1"],"expected":"18446744073709551582","name":"wrapping"}
{"args":["1","1"],"expected":"18446744073709551580","name":"wrapping"}
{"args":["18446744073709551615","1"],"expected":"18446744073709551584","name":"wrapping"}
{"args":["9223372036854775808","2"],"expected":"9223372036854775791","name":"wrapping"}
{"args":["42","3"],"expected":"0","name":"wrapping"}
{"args":["18446744073709551615","63"],"expected":"960","name":"wrapping"}
{"args":["9223372036854775809","64"],"expected":"9223372036854776906","name":"wrapping"}
{"args":["18446744073709551615","65"],"expected":"992","name":"wrapping"}
{"args":["81985529216486895","18446744073709551615"],"expected":"18118801956843603968","name":"wrapping"}
{"args":["3","17"],"expected":"280","name":"wrapping"}
{"args":["17","3"],"expected":"0","name":"wrapping"}
{"args":["0","0"],"expected":"0","name":"quotient"}
{"args":["1","0"],"expected":"0","name":"quotient"}
{"args":["18446744073709551615","0"],"expected":"0","name":"quotient"}
{"args":["0","1"],"expected":"0","name":"quotient"}
{"args":["1","1"],"expected":"1","name":"quotient"}
{"args":["18446744073709551615","1"],"expected":"18446744073709551615","name":"quotient"}
{"args":["9223372036854775808","2"],"expected":"4611686018427387904","name":"quotient"}
{"args":["42","3"],"expected":"14","name":"quotient"}
{"args":["18446744073709551615","63"],"expected":"292805461487453200","name":"quotient"}
{"args":["9223372036854775809","64"],"expected":"144115188075855872","name":"quotient"}
{"args":["18446744073709551615","65"],"expected":"283796062672454640","name":"quotient"}
{"args":["81985529216486895","18446744073709551615"],"expected":"0","name":"quotient"}
{"args":["3","17"],"expected":"0","name":"quotient"}
{"args":["17","3"],"expected":"5","name":"quotient"}
{"args":["0","0"],"expected":"0","name":"remainder"}
{"args":["1","0"],"expected":"1","name":"remainder"}
{"args":["18446744073709551615","0"],"expected":"18446744073709551615","name":"remainder"}
{"args":["0","1"],"expected":"0","name":"remainder"}
{"args":["1","1"],"expected":"0","name":"remainder"}
{"args":["18446744073709551615","1"],"expected":"0","name":"remainder"}
{"args":["9223372036854775808","2"],"expected":"0","name":"remainder"}
{"args":["42","3"],"expected":"0","name":"remainder"}
{"args":["18446744073709551615","63"],"expected":"15","name":"remainder"}
{"args":["9223372036854775809","64"],"expected":"1","name":"remainder"}
{"args":["18446744073709551615","65"],"expected":"15","name":"remainder"}
{"args":["81985529216486895","18446744073709551615"],"expected":"81985529216486895","name":"remainder"}
{"args":["3","17"],"expected":"3","name":"remainder"}
{"args":["17","3"],"expected":"2","name":"remainder"}
{"args":["0","0"],"expected":"0","name":"shifts"}
{"args":["1","0"],"expected":"0","name":"shifts"}
{"args":["18446744073709551615","0"],"expected":"0","name":"shifts"}
{"args":["0","1"],"expected":"0","name":"shifts"}
{"args":["1","1"],"expected":"2","name":"shifts"}
{"args":["18446744073709551615","1"],"expected":"9223372036854775809","name":"shifts"}
{"args":["9223372036854775808","2"],"expected":"2305843009213693952","name":"shifts"}
{"args":["42","3"],"expected":"341","name":"shifts"}
{"args":["18446744073709551615","63"],"expected":"9223372036854775809","name":"shifts"}
{"args":["9223372036854775809","64"],"expected":"0","name":"shifts"}
{"args":["18446744073709551615","65"],"expected":"9223372036854775809","name":"shifts"}
{"args":["81985529216486895","18446744073709551615"],"expected":"9223372036854775808","name":"shifts"}
{"args":["3","17"],"expected":"393216","name":"shifts"}
{"args":["17","3"],"expected":"138","name":"shifts"}
{"args":["0","0"],"expected":"0","name":"nested"}
{"args":["1","0"],"expected":"2","name":"nested"}
{"args":["18446744073709551615","0"],"expected":"9223372036854775808","name":"nested"}
{"args":["0","1"],"expected":"1","name":"nested"}
{"args":["1","1"],"expected":"18446744073709551601","name":"nested"}
{"args":["18446744073709551615","1"],"expected":"9223372036854775796","name":"nested"}
{"args":["9223372036854775808","2"],"expected":"13835058055282163710","name":"nested"}
{"args":["42","3"],"expected":"1376","name":"nested"}
{"args":["18446744073709551615","63"],"expected":"3","name":"nested"}
{"args":["9223372036854775809","64"],"expected":"1024819115206086385","name":"nested"}
{"args":["18446744073709551615","65"],"expected":"9223372036854775832","name":"nested"}
{"args":["81985529216486895","18446744073709551615"],"expected":"220","name":"nested"}
{"args":["3","17"],"expected":"65","name":"nested"}
{"args":["17","3"],"expected":"76","name":"nested"}
{"args":["0","0"],"expected":"0","name":"order"}
{"args":["1","0"],"expected":"1","name":"order"}
{"args":["18446744073709551615","0"],"expected":"18446744073709551615","name":"order"}
{"args":["0","1"],"expected":"18446744073709551615","name":"order"}
{"args":["1","1"],"expected":"0","name":"order"}
{"args":["18446744073709551615","1"],"expected":"18446744073709551614","name":"order"}
{"args":["9223372036854775808","2"],"expected":"9223372036854775806","name":"order"}
{"args":["42","3"],"expected":"39","name":"order"}
{"args":["18446744073709551615","63"],"expected":"18446744073709551552","name":"order"}
{"args":["9223372036854775809","64"],"expected":"9223372036854775745","name":"order"}
{"args":["18446744073709551615","65"],"expected":"18446744073709551550","name":"order"}
{"args":["81985529216486895","18446744073709551615"],"expected":"81985529216486896","name":"order"}
{"args":["3","17"],"expected":"18446744073709551602","name":"order"}
{"args":["17","3"],"expected":"14","name":"order"}
{"args":["0","0"],"expected":"0","name":"bindings"}
{"args":["1","0"],"expected":"0","name":"bindings"}
{"args":["18446744073709551615","0"],"expected":"2","name":"bindings"}
{"args":["0","1"],"expected":"9223372036854775807","name":"bindings"}
{"args":["1","1"],"expected":"0","name":"bindings"}
{"args":["18446744073709551615","1"],"expected":"0","name":"bindings"}
{"args":["9223372036854775808","2"],"expected":"3074457345618258602","name":"bindings"}
{"args":["42","3"],"expected":"461","name":"bindings"}
{"args":["18446744073709551615","63"],"expected":"288230376151711742","name":"bindings"}
{"args":["9223372036854775809","64"],"expected":"141898031336227320","name":"bindings"}
{"args":["18446744073709551615","65"],"expected":"279496122328932598","name":"bindings"}
{"args":["81985529216486895","18446744073709551615"],"expected":"0","name":"bindings"}
{"args":["3","17"],"expected":"2","name":"bindings"}
{"args":["17","3"],"expected":"80","name":"bindings"}
{"args":["0","0"],"expected":"0","name":"shadowed"}
{"args":["1","0"],"expected":"0","name":"shadowed"}
{"args":["18446744073709551615","0"],"expected":"0","name":"shadowed"}
{"args":["0","1"],"expected":"18446744073709551615","name":"shadowed"}
{"args":["1","1"],"expected":"1","name":"shadowed"}
{"args":["18446744073709551615","1"],"expected":"1","name":"shadowed"}
{"args":["9223372036854775808","2"],"expected":"18446744073709551614","name":"shadowed"}
{"args":["42","3"],"expected":"13","name":"shadowed"}
{"args":["18446744073709551615","63"],"expected":"63","name":"shadowed"}
{"args":["9223372036854775809","64"],"expected":"18446744073709551552","name":"shadowed"}
{"args":["18446744073709551615","65"],"expected":"65","name":"shadowed"}
{"args":["81985529216486895","18446744073709551615"],"expected":"31","name":"shadowed"}
{"args":["3","17"],"expected":"18446744073709551601","name":"shadowed"}
{"args":["17","3"],"expected":"31","name":"shadowed"}
{"args":["0","0"],"expected":"0","name":"nestedBindings"}
{"args":["1","0"],"expected":"0","name":"nestedBindings"}
{"args":["18446744073709551615","0"],"expected":"18446744073709551614","name":"nestedBindings"}
{"args":["0","1"],"expected":"0","name":"nestedBindings"}
{"args":["1","1"],"expected":"1","name":"nestedBindings"}
{"args":["18446744073709551615","1"],"expected":"18446744073709551613","name":"nestedBindings"}
{"args":["9223372036854775808","2"],"expected":"13835058055282163712","name":"nestedBindings"}
{"args":["42","3"],"expected":"18446744073709551084","name":"nestedBindings"}
{"args":["18446744073709551615","63"],"expected":"585610922974907359","name":"nestedBindings"}
{"args":["9223372036854775809","64"],"expected":"64","name":"nestedBindings"}
{"args":["18446744073709551615","65"],"expected":"567592125344910269","name":"nestedBindings"}
{"args":["81985529216486895","18446744073709551615"],"expected":"2547381487788710623","name":"nestedBindings"}
{"args":["3","17"],"expected":"45","name":"nestedBindings"}
{"args":["17","3"],"expected":"18446744073709551525","name":"nestedBindings"}
{"args":["0","0"],"expected":"0","name":"unusedBinding"}
{"args":["1","0"],"expected":"1","name":"unusedBinding"}
{"args":["18446744073709551615","0"],"expected":"18446744073709551615","name":"unusedBinding"}
{"args":["0","1"],"expected":"18446744073709551615","name":"unusedBinding"}
{"args":["1","1"],"expected":"0","name":"unusedBinding"}
{"args":["18446744073709551615","1"],"expected":"18446744073709551614","name":"unusedBinding"}
{"args":["9223372036854775808","2"],"expected":"9223372036854775806","name":"unusedBinding"}
{"args":["42","3"],"expected":"39","name":"unusedBinding"}
{"args":["18446744073709551615","63"],"expected":"18446744073709551552","name":"unusedBinding"}
{"args":["9223372036854775809","64"],"expected":"9223372036854775745","name":"unusedBinding"}
{"args":["18446744073709551615","65"],"expected":"18446744073709551550","name":"unusedBinding"}
{"args":["81985529216486895","18446744073709551615"],"expected":"81985529216486896","name":"unusedBinding"}
{"args":["3","17"],"expected":"18446744073709551602","name":"unusedBinding"}
{"args":["17","3"],"expected":"14","name":"unusedBinding"}
{"args":["0","0"],"expected":"1","name":"compareEq"}
{"args":["1","0"],"expected":"18446744073709551615","name":"compareEq"}
{"args":["18446744073709551615","0"],"expected":"18446744073709551615","name":"compareEq"}
{"args":["0","1"],"expected":"0","name":"compareEq"}
{"args":["1","1"],"expected":"2","name":"compareEq"}
{"args":["18446744073709551615","1"],"expected":"0","name":"compareEq"}
{"args":["9223372036854775808","2"],"expected":"1","name":"compareEq"}
{"args":["42","3"],"expected":"2","name":"compareEq"}
{"args":["18446744073709551615","63"],"expected":"62","name":"compareEq"}
{"args":["9223372036854775809","64"],"expected":"63","name":"compareEq"}
{"args":["18446744073709551615","65"],"expected":"64","name":"compareEq"}
{"args":["81985529216486895","18446744073709551615"],"expected":"18446744073709551614","name":"compareEq"}
{"args":["3","17"],"expected":"16","name":"compareEq"}
{"args":["17","3"],"expected":"2","name":"compareEq"}
{"args":["0","0"],"expected":"0","name":"compareLt"}
{"args":["1","0"],"expected":"0","name":"compareLt"}
{"args":["18446744073709551615","0"],"expected":"0","name":"compareLt"}
{"args":["0","1"],"expected":"0","name":"compareLt"}
{"args":["1","1"],"expected":"1","name":"compareLt"}
{"args":["18446744073709551615","1"],"expected":"0","name":"compareLt"}
{"args":["9223372036854775808","2"],"expected":"0","name":"compareLt"}
{"args":["42","3"],"expected":"0","name":"compareLt"}
{"args":["18446744073709551615","63"],"expected":"0","name":"compareLt"}
{"args":["9223372036854775809","64"],"expected":"0","name":"compareLt"}
{"args":["18446744073709551615","65"],"expected":"0","name":"compareLt"}
{"args":["81985529216486895","18446744073709551615"],"expected":"0","name":"compareLt"}
{"args":["3","17"],"expected":"0","name":"compareLt"}
{"args":["17","3"],"expected":"0","name":"compareLt"}
{"args":["0","0"],"expected":"0","name":"compareLe"}
{"args":["1","0"],"expected":"7","name":"compareLe"}
{"args":["18446744073709551615","0"],"expected":"7","name":"compareLe"}
{"args":["0","1"],"expected":"0","name":"compareLe"}
{"args":["1","1"],"expected":"3","name":"compareLe"}
{"args":["18446744073709551615","1"],"expected":"8","name":"compareLe"}
{"args":["9223372036854775808","2"],"expected":"9","name":"compareLe"}
{"args":["42","3"],"expected":"10","name":"compareLe"}
{"args":["18446744073709551615","63"],"expected":"70","name":"compareLe"}
{"args":["9223372036854775809","64"],"expected":"71","name":"compareLe"}
{"args":["18446744073709551615","65"],"expected":"72","name":"compareLe"}
{"args":["81985529216486895","18446744073709551615"],"expected":"245956587649460685","name":"compareLe"}
{"args":["3","17"],"expected":"9","name":"compareLe"}
{"args":["17","3"],"expected":"10","name":"compareLe"}
{"args":["0","0"],"expected":"17","name":"compareBEq"}
{"args":["1","0"],"expected":"0","name":"compareBEq"}
{"args":["18446744073709551615","0"],"expected":"0","name":"compareBEq"}
{"args":["0","1"],"expected":"1","name":"compareBEq"}
{"args":["1","1"],"expected":"16","name":"compareBEq"}
{"args":["18446744073709551615","1"],"expected":"9223372036854775808","name":"compareBEq"}
{"args":["9223372036854775808","2"],"expected":"2","name":"compareBEq"}
{"args":["42","3"],"expected":"13194139533312","name":"compareBEq"}
{"args":["18446744073709551615","63"],"expected":"9223372036854775808","name":"compareBEq"}
{"args":["9223372036854775809","64"],"expected":"128","name":"compareBEq"}
{"args":["18446744073709551615","65"],"expected":"9223372036854775808","name":"compareBEq"}
{"args":["81985529216486895","18446744073709551615"],"expected":"18446603336221196288","name":"compareBEq"}
{"args":["3","17"],"expected":"136","name":"compareBEq"}
{"args":["17","3"],"expected":"393216","name":"compareBEq"}
{"args":["0","0"],"expected":"0","name":"compareBNe"}
{"args":["1","0"],"expected":"1","name":"compareBNe"}
{"args":["18446744073709551615","0"],"expected":"18446744073709551615","name":"compareBNe"}
{"args":["0","1"],"expected":"18446744073709551615","name":"compareBNe"}
{"args":["1","1"],"expected":"2","name":"compareBNe"}
{"args":["18446744073709551615","1"],"expected":"18446744073709551614","name":"compareBNe"}
{"args":["9223372036854775808","2"],"expected":"9223372036854775806","name":"compareBNe"}
{"args":["42","3"],"expected":"39","name":"compareBNe"}
{"args":["18446744073709551615","63"],"expected":"18446744073709551552","name":"compareBNe"}
{"args":["9223372036854775809","64"],"expected":"9223372036854775745","name":"compareBNe"}
{"args":["18446744073709551615","65"],"expected":"18446744073709551550","name":"compareBNe"}
{"args":["81985529216486895","18446744073709551615"],"expected":"81985529216486896","name":"compareBNe"}
{"args":["3","17"],"expected":"18446744073709551602","name":"compareBNe"}
{"args":["17","3"],"expected":"14","name":"compareBNe"}
{"args":["0","0"],"expected":"19","name":"nestedChoice"}
{"args":["1","0"],"expected":"1","name":"nestedChoice"}
{"args":["18446744073709551615","0"],"expected":"18446744073709551615","name":"nestedChoice"}
{"args":["0","1"],"expected":"1","name":"nestedChoice"}
{"args":["1","1"],"expected":"20","name":"nestedChoice"}
{"args":["18446744073709551615","1"],"expected":"0","name":"nestedChoice"}
{"args":["9223372036854775808","2"],"expected":"0","name":"nestedChoice"}
{"args":["42","3"],"expected":"0","name":"nestedChoice"}
{"args":["18446744073709551615","63"],"expected":"15","name":"nestedChoice"}
{"args":["9223372036854775809","64"],"expected":"1","name":"nestedChoice"}
{"args":["18446744073709551615","65"],"expected":"15","name":"nestedChoice"}
{"args":["81985529216486895","18446744073709551615"],"expected":"131071","name":"nestedChoice"}
{"args":["3","17"],"expected":"2","name":"nestedChoice"}
{"args":["17","3"],"expected":"2","name":"nestedChoice"}
{"args":["0","0"],"expected":"1","name":"choiceBindings"}
{"args":["1","0"],"expected":"1","name":"choiceBindings"}
{"args":["18446744073709551615","0"],"expected":"1","name":"choiceBindings"}
{"args":["0","1"],"expected":"0","name":"choiceBindings"}
{"args":["1","1"],"expected":"9","name":"choiceBindings"}
{"args":["18446744073709551615","1"],"expected":"18446744073709551615","name":"choiceBindings"}
{"args":["9223372036854775808","2"],"expected":"18446744073709551613","name":"choiceBindings"}
{"args":["42","3"],"expected":"118","name":"choiceBindings"}
{"args":["18446744073709551615","63"],"expected":"18446744073709547585","name":"choiceBindings"}
{"args":["9223372036854775809","64"],"expected":"18446744073709547585","name":"choiceBindings"}
{"args":["18446744073709551615","65"],"expected":"18446744073709547327","name":"choiceBindings"}
{"args":["81985529216486895","18446744073709551615"],"expected":"18364758544493064721","name":"choiceBindings"}
{"args":["3","17"],"expected":"18446744073709551379","name":"choiceBindings"}
{"args":["17","3"],"expected":"43","name":"choiceBindings"}
{"args":["0","0"],"expected":"0","name":"choiceOperands"}
{"args":["1","0"],"expected":"0","name":"choiceOperands"}
{"args":["18446744073709551615","0"],"expected":"18446744073709551615","name":"choiceOperands"}
{"args":["0","1"],"expected":"1","name":"choiceOperands"}
{"args":["1","1"],"expected":"2","name":"choiceOperands"}
{"args":["18446744073709551615","1"],"expected":"18446744073709551615","name":"choiceOperands"}
{"args":["9223372036854775808","2"],"expected":"0","name":"choiceOperands"}
{"args":["42","3"],"expected":"126","name":"choiceOperands"}
{"args":["18446744073709551615","63"],"expected":"18446744073709551553","name":"choiceOperands"}
{"args":["9223372036854775809","64"],"expected":"64","name":"choiceOperands"}
{"args":["18446744073709551615","65"],"expected":"18446744073709551551","name":"choiceOperands"}
{"args":["81985529216486895","18446744073709551615"],"expected":"18364758544493064721","name":"choiceOperands"}
{"args":["3","17"],"expected":"51","name":"choiceOperands"}
{"args":["17","3"],"expected":"51","name":"choiceOperands"}
{"args":["0","0"],"expected":"0","name":"doReturn"}
{"args":["1","0"],"expected":"1","name":"doReturn"}
{"args":["18446744073709551615","0"],"expected":"18446744073709551615","name":"doReturn"}
{"args":["0","1"],"expected":"1","name":"doReturn"}
{"args":["1","1"],"expected":"2","name":"doReturn"}
{"args":["18446744073709551615","1"],"expected":"0","name":"doReturn"}
{"args":["9223372036854775808","2"],"expected":"9223372036854775810","name":"doReturn"}
{"args":["42","3"],"expected":"45","name":"doReturn"}
{"args":["18446744073709551615","63"],"expected":"62","name":"doReturn"}
{"args":["9223372036854775809","64"],"expected":"9223372036854775873","name":"doReturn"}
{"args":["18446744073709551615","65"],"expected":"64","name":"doReturn"}
{"args":["81985529216486895","18446744073709551615"],"expected":"81985529216486894","name":"doReturn"}
{"args":["3","17"],"expected":"20","name":"doReturn"}
{"args":["17","3"],"expected":"20","name":"doReturn"}
{"args":["0","0"],"expected":"0","name":"doBind"}
{"args":["1","0"],"expected":"1","name":"doBind"}
{"args":["18446744073709551615","0"],"expected":"18446744073709551615","name":"doBind"}
{"args":["0","1"],"expected":"0","name":"doBind"}
{"args":["1","1"],"expected":"0","name":"doBind"}
{"args":["18446744073709551615","1"],"expected":"0","name":"doBind"}
{"args":["9223372036854775808","2"],"expected":"1","name":"doBind"}
{"args":["42","3"],"expected":"30","name":"doBind"}
{"args":["18446744073709551615","63"],"expected":"292805461487453261","name":"doBind"}
{"args":["9223372036854775809","64"],"expected":"64","name":"doBind"}
{"args":["18446744073709551615","65"],"expected":"283796062672454703","name":"doBind"}
{"args":["81985529216486895","18446744073709551615"],"expected":"81985529216486894","name":"doBind"}
{"args":["3","17"],"expected":"3","name":"doBind"}
{"args":["17","3"],"expected":"7","name":"doBind"}
{"args":["0","0"],"expected":"0","name":"doUpdates"}
{"args":["1","0"],"expected":"1","name":"doUpdates"}
{"args":["18446744073709551615","0"],"expected":"1","name":"doUpdates"}
{"args":["0","1"],"expected":"18446744073709551615","name":"doUpdates"}
{"args":["1","1"],"expected":"1","name":"doUpdates"}
{"args":["18446744073709551615","1"],"expected":"18446744073709551615","name":"doUpdates"}
{"args":["9223372036854775808","2"],"expected":"18446744073709551614","name":"doUpdates"}
{"args":["42","3"],"expected":"1887","name":"doUpdates"}
{"args":["18446744073709551615","63"],"expected":"18446744073709551491","name":"doUpdates"}
{"args":["9223372036854775809","64"],"expected":"1","name":"doUpdates"}
{"args":["18446744073709551615","65"],"expected":"18446744073709551487","name":"doUpdates"}
{"args":["81985529216486895","18446744073709551615"],"expected":"15817377056704354099","name":"doUpdates"}
{"args":["3","17"],"expected":"43","name":"doUpdates"}
{"args":["17","3"],"expected":"337","name":"doUpdates"}
{"args":["0","0"],"expected":"0","name":"doEarly"}
{"args":["1","0"],"expected":"2","name":"doEarly"}
{"args":["18446744073709551615","0"],"expected":"2","name":"doEarly"}
{"args":["0","1"],"expected":"1","name":"doEarly"}
{"args":["1","1"],"expected":"1","name":"doEarly"}
{"args":["18446744073709551615","1"],"expected":"3","name":"doEarly"}
{"args":["9223372036854775808","2"],"expected":"4","name":"doEarly"}
{"args":["42","3"],"expected":"5","name":"doEarly"}
{"args":["18446744073709551615","63"],"expected":"65","name":"doEarly"}
{"args":["9223372036854775809","64"],"expected":"66","name":"doEarly"}
{"args":["18446744073709551615","65"],"expected":"67","name":"doEarly"}
{"args":["81985529216486895","18446744073709551615"],"expected":"81985529216486896","name":"doEarly"}
{"args":["3","17"],"expected":"4","name":"doEarly"}
{"args":["17","3"],"expected":"5","name":"doEarly"}
{"args":["0","0"],"expected":"0","name":"doNested"}
{"args":["1","0"],"expected":"1","name":"doNested"}
{"args":["18446744073709551615","0"],"expected":"18446744073709551615","name":"doNested"}
{"args":["0","1"],"expected":"0","name":"doNested"}
{"args":["1","1"],"expected":"0","name":"doNested"}
{"args":["18446744073709551615","1"],"expected":"0","name":"doNested"}
{"args":["9223372036854775808","2"],"expected":"0","name":"doNested"}
{"args":["42","3"],"expected":"2","name":"doNested"}
{"args":["18446744073709551615","63"],"expected":"33","name":"doNested"}
{"args":["9223372036854775809","64"],"expected":"1","name":"doNested"}
{"args":["18446744073709551615","65"],"expected":"34","name":"doNested"}
{"args":["81985529216486895","18446744073709551615"],"expected":"81985529216486894","name":"doNested"}
{"args":["3","17"],"expected":"3","name":"doNested"}
{"args":["17","3"],"expected":"1","name":"doNested"}
{"args":["0","0"],"expected":"0","name":"doBranches"}
{"args":["1","0"],"expected":"1","name":"doBranches"}
{"args":["18446744073709551615","0"],"expected":"1","name":"doBranches"}
{"args":["0","1"],"expected":"1","name":"doBranches"}
{"args":["1","1"],"expected":"0","name":"doBranches"}
{"args":["18446744073709551615","1"],"expected":"2","name":"doBranches"}
{"args":["9223372036854775808","2"],"expected":"0","name":"doBranches"}
{"args":["42","3"],"expected":"1638","name":"doBranches"}
{"args":["18446744073709551615","63"],"expected":"64","name":"doBranches"}
{"args":["9223372036854775809","64"],"expected":"18446744073709551553","name":"doBranches"}
{"args":["18446744073709551615","65"],"expected":"66","name":"doBranches"}
{"args":["81985529216486895","18446744073709551615"],"expected":"0","name":"doBranches"}
{"args":["3","17"],"expected":"0","name":"doBranches"}
{"args":["17","3"],"expected":"238","name":"doBranches"}
{"args":["0","0"],"expected":"0","name":"localFunction"}
{"args":["1","0"],"expected":"0","name":"localFunction"}
{"args":["18446744073709551615","0"],"expected":"0","name":"localFunction"}
{"args":["0","1"],"expected":"1","name":"localFunction"}
{"args":["1","1"],"expected":"4","name":"localFunction"}
{"args":["18446744073709551615","1"],"expected":"18446744073709551614","name":"localFunction"}
{"args":["9223372036854775808","2"],"expected":"4611686018427387905","name":"localFunction"}
{"args":["42","3"],"expected":"43","name":"localFunction"}
{"args":["18446744073709551615","63"],"expected":"292805461487453200","name":"localFunction"}
{"args":["9223372036854775809","64"],"expected":"144115188075855873","name":"localFunction"}
{"args":["18446744073709551615","65"],"expected":"283796062672454640","name":"localFunction"}
{"args":["81985529216486895","18446744073709551615"],"expected":"0","name":"localFunction"}
{"args":["3","17"],"expected":"1","name":"localFunction"}
{"args":["17","3"],"expected":"17","name":"localFunction"}
{"args":["0","0"],"expected":"34","name":"capturedShadow"}
{"args":["1","0"],"expected":"33","name":"capturedShadow"}
{"args":["18446744073709551615","0"],"expected":"35","name":"capturedShadow"}
{"args":["0","1"],"expected":"36","name":"capturedShadow"}
{"args":["1","1"],"expected":"35","name":"capturedShadow"}
{"args":["18446744073709551615","1"],"expected":"37","name":"capturedShadow"}
{"args":["9223372036854775808","2"],"expected":"9223372036854775846","name":"capturedShadow"}
{"args":["42","3"],"expected":"18446744073709551614","name":"capturedShadow"}
{"args":["18446744073709551615","63"],"expected":"161","name":"capturedShadow"}
{"args":["9223372036854775809","64"],"expected":"9223372036854775969","name":"capturedShadow"}
{"args":["18446744073709551615","65"],"expected":"165","name":"capturedShadow"}
{"args":["81985529216486895","18446744073709551615"],"expected":"18364758544493064753","name":"capturedShadow"}
{"args":["3","17"],"expected":"65","name":"capturedShadow"}
{"args":["17","3"],"expected":"23","name":"capturedShadow"}
{"args":["0","0"],"expected":"0","name":"chainedFunctions"}
{"args":["1","0"],"expected":"2","name":"chainedFunctions"}
{"args":["18446744073709551615","0"],"expected":"18446744073709551614","name":"chainedFunctions"}
{"args":["0","1"],"expected":"1","name":"chainedFunctions"}
{"args":["1","1"],"expected":"4","name":"chainedFunctions"}
{"args":["18446744073709551615","1"],"expected":"18446744073709551614","name":"chainedFunctions"}
{"args":["9223372036854775808","2"],"expected":"2","name":"chainedFunctions"}
{"args":["42","3"],"expected":"213","name":"chainedFunctions"}
{"args":["18446744073709551615","63"],"expected":"18446744073709551614","name":"chainedFunctions"}
{"args":["9223372036854775809","64"],"expected":"130","name":"chainedFunctions"}
{"args":["18446744073709551615","65"],"expected":"18446744073709551614","name":"chainedFunctions"}
{"args":["81985529216486895","18446744073709551615"],"expected":"81985529216486894","name":"chainedFunctions"}
{"args":["3","17"],"expected":"74","name":"chainedFunctions"}
{"args":["17","3"],"expected":"88","name":"chainedFunctions"}
{"args":["0","0"],"expected":"0","name":"nestedFunctions"}
{"args":["1","0"],"expected":"2","name":"nestedFunctions"}
{"args":["18446744073709551615","0"],"expected":"0","name":"nestedFunctions"}
{"args":["0","1"],"expected":"3","name":"nestedFunctions"}
{"args":["1","1"],"expected":"0","name":"nestedFunctions"}
{"args":["18446744073709551615","1"],"expected":"0","name":"nestedFunctions"}
{"args":["9223372036854775808","2"],"expected":"9223372036854775814","name":"nestedFunctions"}
{"args":["42","3"],"expected":"1941","name":"nestedFunctions"}
{"args":["18446744073709551615","63"],"expected":"0","name":"nestedFunctions"}
{"args":["9223372036854775809","64"],"expected":"9223372036854775938","name":"nestedFunctions"}
{"args":["18446744073709551615","65"],"expected":"0","name":"nestedFunctions"}
{"args":["81985529216486895","18446744073709551615"],"expected":"2528100387421569280","name":"nestedFunctions"}
{"args":["3","17"],"expected":"72","name":"nestedFunctions"}
{"args":["17","3"],"expected":"268","name":"nestedFunctions"}
{"args":["0","0"],"expected":"0","name":"unusedFunction"}
{"args":["1","0"],"expected":"1","name":"unusedFunction"}
{"args":["18446744073709551615","0"],"expected":"18446744073709551615","name":"unusedFunction"}
{"args":["0","1"],"expected":"18446744073709551615","name":"unusedFunction"}
{"args":["1","1"],"expected":"0","name":"unusedFunction"}
{"args":["18446744073709551615","1"],"expected":"18446744073709551614","name":"unusedFunction"}
{"args":["9223372036854775808","2"],"expected":"9223372036854775806","name":"unusedFunction"}
{"args":["42","3"],"expected":"39","name":"unusedFunction"}
{"args":["18446744073709551615","63"],"expected":"18446744073709551552","name":"unusedFunction"}
{"args":["9223372036854775809","64"],"expected":"9223372036854775745","name":"unusedFunction"}
{"args":["18446744073709551615","65"],"expected":"18446744073709551550","name":"unusedFunction"}
{"args":["81985529216486895","18446744073709551615"],"expected":"81985529216486896","name":"unusedFunction"}
{"args":["3","17"],"expected":"18446744073709551602","name":"unusedFunction"}
{"args":["17","3"],"expected":"14","name":"unusedFunction"}
{"args":["0","0"],"expected":"0","name":"doJoined"}
{"args":["1","0"],"expected":"18446744073709551615","name":"doJoined"}
{"args":["18446744073709551615","0"],"expected":"1","name":"doJoined"}
{"args":["0","1"],"expected":"0","name":"doJoined"}
{"args":["1","1"],"expected":"0","name":"doJoined"}
{"args":["18446744073709551615","1"],"expected":"0","name":"doJoined"}
{"args":["9223372036854775808","2"],"expected":"9223372036854775808","name":"doJoined"}
{"args":["42","3"],"expected":"84","name":"doJoined"}
{"args":["18446744073709551615","63"],"expected":"18446744073709551554","name":"doJoined"}
{"args":["9223372036854775809","64"],"expected":"9223372036854775871","name":"doJoined"}
{"args":["18446744073709551615","65"],"expected":"18446744073709551552","name":"doJoined"}
{"args":["81985529216486895","18446744073709551615"],"expected":"15981348115137327888","name":"doJoined"}
{"args":["3","17"],"expected":"12","name":"doJoined"}
{"args":["17","3"],"expected":"34","name":"doJoined"}
{"args":["0","0"],"expected":"7","name":"doBranchUpdates"}
{"args":["1","0"],"expected":"7","name":"doBranchUpdates"}
{"args":["18446744073709551615","0"],"expected":"7","name":"doBranchUpdates"}
{"args":["0","1"],"expected":"7","name":"doBranchUpdates"}
{"args":["1","1"],"expected":"9","name":"doBranchUpdates"}
{"args":["18446744073709551615","1"],"expected":"9","name":"doBranchUpdates"}
{"args":["9223372036854775808","2"],"expected":"7","name":"doBranchUpdates"}
{"args":["42","3"],"expected":"553","name":"doBranchUpdates"}
{"args":["18446744073709551615","63"],"expected":"8","name":"doBranchUpdates"}
{"args":["9223372036854775809","64"],"expected":"288230376151711750","name":"doBranchUpdates"}
{"args":["18446744073709551615","65"],"expected":"8","name":"doBranchUpdates"}
{"args":["81985529216486895","18446744073709551615"],"expected":"7","name":"doBranchUpdates"}
{"args":["3","17"],"expected":"10","name":"doBranchUpdates"}
{"args":["17","3"],"expected":"86","name":"doBranchUpdates"}
{"args":["0","0"],"expected":"0","name":"compareNe"}
{"args":["1","0"],"expected":"1","name":"compareNe"}
{"args":["18446744073709551615","0"],"expected":"18446744073709551615","name":"compareNe"}
{"args":["0","1"],"expected":"18446744073709551615","name":"compareNe"}
{"args":["1","1"],"expected":"2","name":"compareNe"}
{"args":["18446744073709551615","1"],"expected":"18446744073709551614","name":"compareNe"}
{"args":["9223372036854775808","2"],"expected":"9223372036854775806","name":"compareNe"}
{"args":["42","3"],"expected":"39","name":"compareNe"}
{"args":["18446744073709551615","63"],"expected":"18446744073709551552","name":"compareNe"}
{"args":["9223372036854775809","64"],"expected":"9223372036854775745","name":"compareNe"}
{"args":["18446744073709551615","65"],"expected":"18446744073709551550","name":"compareNe"}
{"args":["81985529216486895","18446744073709551615"],"expected":"81985529216486896","name":"compareNe"}
{"args":["3","17"],"expected":"18446744073709551602","name":"compareNe"}
{"args":["17","3"],"expected":"14","name":"compareNe"}
{"args":["0","0"],"expected":"0","name":"negatedEq"}
{"args":["1","0"],"expected":"8","name":"negatedEq"}
{"args":["18446744073709551615","0"],"expected":"6","name":"negatedEq"}
{"args":["0","1"],"expected":"7","name":"negatedEq"}
{"args":["1","1"],"expected":"1","name":"negatedEq"}
{"args":["18446744073709551615","1"],"expected":"6","name":"negatedEq"}
{"args":["9223372036854775808","2"],"expected":"9223372036854775815","name":"negatedEq"}
{"args":["42","3"],"expected":"49","name":"negatedEq"}
{"args":["18446744073709551615","63"],"expected":"6","name":"negatedEq"}
{"args":["9223372036854775809","64"],"expected":"9223372036854775816","name":"negatedEq"}
{"args":["18446744073709551615","65"],"expected":"6","name":"negatedEq"}
{"args":["81985529216486895","18446744073709551615"],"expected":"81985529216486902","name":"negatedEq"}
{"args":["3","17"],"expected":"10","name":"negatedEq"}
{"args":["17","3"],"expected":"24","name":"negatedEq"}
{"args":["0","0"],"expected":"0","name":"negatedLt"}
{"args":["1","0"],"expected":"3","name":"negatedLt"}
{"args":["18446744073709551615","0"],"expected":"18446744073709551613","name":"negatedLt"}
{"args":["0","1"],"expected":"0","name":"negatedLt"}
{"args":["1","1"],"expected":"3","name":"negatedLt"}
{"args":["18446744073709551615","1"],"expected":"18446744073709551613","name":"negatedLt"}
{"args":["9223372036854775808","2"],"expected":"9223372036854775808","name":"negatedLt"}
{"args":["42","3"],"expected":"126","name":"negatedLt"}
{"args":["18446744073709551615","63"],"expected":"18446744073709551613","name":"negatedLt"}
{"args":["9223372036854775809","64"],"expected":"9223372036854775811","name":"negatedLt"}
{"args":["18446744073709551615","65"],"expected":"18446744073709551613","name":"negatedLt"}
{"args":["81985529216486895","18446744073709551615"],"expected":"18446744073709551614","name":"negatedLt"}
{"args":["3","17"],"expected":"16","name":"negatedLt"}
{"args":["17","3"],"expected":"51","name":"negatedLt"}
{"args":["0","0"],"expected":"0","name":"negatedLe"}
{"args":["1","0"],"expected":"0","name":"negatedLe"}
{"args":["18446744073709551615","0"],"expected":"0","name":"negatedLe"}
{"args":["0","1"],"expected":"1","name":"negatedLe"}
{"args":["1","1"],"expected":"0","name":"negatedLe"}
{"args":["18446744073709551615","1"],"expected":"18446744073709551615","name":"negatedLe"}
{"args":["9223372036854775808","2"],"expected":"4611686018427387904","name":"negatedLe"}
{"args":["42","3"],"expected":"14","name":"negatedLe"}
{"args":["18446744073709551615","63"],"expected":"292805461487453200","name":"negatedLe"}
{"args":["9223372036854775809","64"],"expected":"144115188075855872","name":"negatedLe"}
{"args":["18446744073709551615","65"],"expected":"283796062672454640","name":"negatedLe"}
{"args":["81985529216486895","18446744073709551615"],"expected":"240","name":"negatedLe"}
{"args":["3","17"],"expected":"2","name":"negatedLe"}
{"args":["17","3"],"expected":"5","name":"negatedLe"}
{"args":["0","0"],"expected":"0","name":"negatedGt"}
{"args":["1","0"],"expected":"10","name":"negatedGt"}
{"args":["18446744073709551615","0"],"expected":"8","name":"negatedGt"}
{"args":["0","1"],"expected":"1","name":"negatedGt"}
{"args":["1","1"],"expected":"0","name":"negatedGt"}
{"args":["18446744073709551615","1"],"expected":"8","name":"negatedGt"}
{"args":["9223372036854775808","2"],"expected":"9223372036854775817","name":"negatedGt"}
{"args":["42","3"],"expected":"51","name":"negatedGt"}
{"args":["18446744073709551615","63"],"expected":"8","name":"negatedGt"}
{"args":["9223372036854775809","64"],"expected":"9223372036854775818","name":"negatedGt"}
{"args":["18446744073709551615","65"],"expected":"8","name":"negatedGt"}
{"args":["81985529216486895","18446744073709551615"],"expected":"18364758544493064720","name":"negatedGt"}
{"args":["3","17"],"expected":"18","name":"negatedGt"}
{"args":["17","3"],"expected":"26","name":"negatedGt"}
{"args":["0","0"],"expected":"0","name":"negatedGe"}
{"args":["1","0"],"expected":"0","name":"negatedGe"}
{"args":["18446744073709551615","0"],"expected":"0","name":"negatedGe"}
{"args":["0","1"],"expected":"0","name":"negatedGe"}
{"args":["1","1"],"expected":"0","name":"negatedGe"}
{"args":["18446744073709551615","1"],"expected":"0","name":"negatedGe"}
{"args":["9223372036854775808","2"],"expected":"2","name":"negatedGe"}
{"args":["42","3"],"expected":"0","name":"negatedGe"}
{"args":["18446744073709551615","63"],"expected":"0","name":"negatedGe"}
{"args":["9223372036854775809","64"],"expected":"32","name":"negatedGe"}
{"args":["18446744073709551615","65"],"expected":"0","name":"negatedGe"}
{"args":["81985529216486895","18446744073709551615"],"expected":"9223372036854775808","name":"negatedGe"}
{"args":["3","17"],"expected":"393216","name":"negatedGe"}
{"args":["17","3"],"expected":"0","name":"negatedGe"}
{"args":["0","0"],"expected":"0","name":"negatedBool"}
{"args":["1","0"],"expected":"18446744073709551615","name":"negatedBool"}
{"args":["18446744073709551615","0"],"expected":"1","name":"negatedBool"}
{"args":["0","1"],"expected":"1","name":"negatedBool"}
{"args":["1","1"],"expected":"7","name":"negatedBool"}
{"args":["18446744073709551615","1"],"expected":"2","name":"negatedBool"}
{"args":["9223372036854775808","2"],"expected":"9223372036854775810","name":"negatedBool"}
{"args":["42","3"],"expected":"18446744073709551577","name":"negatedBool"}
{"args":["18446744073709551615","63"],"expected":"64","name":"negatedBool"}
{"args":["9223372036854775809","64"],"expected":"9223372036854775871","name":"negatedBool"}
{"args":["18446744073709551615","65"],"expected":"66","name":"negatedBool"}
{"args":["81985529216486895","18446744073709551615"],"expected":"18364758544493064720","name":"negatedBool"}
{"args":["3","17"],"expected":"14","name":"negatedBool"}
{"args":["17","3"],"expected":"18446744073709551602","name":"negatedBool"}
{"args":["0","0"],"expected":"1","name":"doubleNegation"}
{"args":["1","0"],"expected":"1","name":"doubleNegation"}
{"args":["18446744073709551615","0"],"expected":"18446744073709551615","name":"doubleNegation"}
{"args":["0","1"],"expected":"4","name":"doubleNegation"}
{"args":["1","1"],"expected":"2","name":"doubleNegation"}
{"args":["18446744073709551615","1"],"expected":"18446744073709551614","name":"doubleNegation"}
{"args":["9223372036854775808","2"],"expected":"9223372036854775806","name":"doubleNegation"}
{"args":["42","3"],"expected":"39","name":"doubleNegation"}
{"args":["18446744073709551615","63"],"expected":"18446744073709551552","name":"doubleNegation"}
{"args":["9223372036854775809","64"],"expected":"9223372036854775745","name":"doubleNegation"}
{"args":["18446744073709551615","65"],"expected":"18446744073709551550","name":"doubleNegation"}
{"args":["81985529216486895","18446744073709551615"],"expected":"2","name":"doubleNegation"}
{"args":["3","17"],"expected":"20","name":"doubleNegation"}
{"args":["17","3"],"expected":"14","name":"doubleNegation"}
{"args":["0","0"],"expected":"9","name":"negatedBindings"}
{"args":["1","0"],"expected":"10","name":"negatedBindings"}
{"args":["18446744073709551615","0"],"expected":"8","name":"negatedBindings"}
{"args":["0","1"],"expected":"7","name":"negatedBindings"}
{"args":["1","1"],"expected":"10","name":"negatedBindings"}
{"args":["18446744073709551615","1"],"expected":"0","name":"negatedBindings"}
{"args":["9223372036854775808","2"],"expected":"9223372036854775822","name":"negatedBindings"}
{"args":["42","3"],"expected":"315","name":"negatedBindings"}
{"args":["18446744073709551615","63"],"expected":"434","name":"negatedBindings"}
{"args":["9223372036854775809","64"],"expected":"9223372036854776263","name":"negatedBindings"}
{"args":["18446744073709551615","65"],"expected":"448","name":"negatedBindings"}
{"args":["81985529216486895","18446744073709551615"],"expected":"573898704515408258","name":"negatedBindings"}
{"args":["3","17"],"expected":"140","name":"negatedBindings"}
{"args":["17","3"],"expected":"140","name":"negatedBindings"}
{"args":["0","0"],"expected":"0","name":"rangeIndexed"}
{"args":["0","1"],"expected":"1","name":"rangeIndexed"}
{"args":["0","9223372036854775808"],"expected":"9223372036854775808","name":"rangeIndexed"}
{"args":["0","18446744073709551615"],"expected":"18446744073709551615","name":"rangeIndexed"}
{"args":["1","0"],"expected":"0","name":"rangeIndexed"}
{"args":["1","1"],"expected":"1","name":"rangeIndexed"}
{"args":["1","9223372036854775808"],"expected":"9223372036854775808","name":"rangeIndexed"}
{"args":["1","18446744073709551615"],"expected":"18446744073709551615","name":"rangeIndexed"}
{"args":["2","0"],"expected":"1","name":"rangeIndexed"}
{"args":["2","1"],"expected":"2","name":"rangeIndexed"}
{"args":["2","9223372036854775808"],"expected":"9223372036854775809","name":"rangeIndexed"}
{"args":["2","18446744073709551615"],"expected":"0","name":"rangeIndexed"}
{"args":["7","0"],"expected":"21","name":"rangeIndexed"}
{"args":["7","1"],"expected":"22","name":"rangeIndexed"}
{"args":["7","9223372036854775808"],"expected":"9223372036854775829","name":"rangeIndexed"}
{"args":["7","18446744073709551615"],"expected":"20","name":"rangeIndexed"}
{"args":["16","0"],"expected":"120","name":"rangeIndexed"}
{"args":["16","1"],"expected":"121","name":"rangeIndexed"}
{"args":["16","9223372036854775808"],"expected":"9223372036854775928","name":"rangeIndexed"}
{"args":["16","18446744073709551615"],"expected":"119","name":"rangeIndexed"}
{"args":["31","0"],"expected":"465","name":"rangeIndexed"}
{"args":["31","1"],"expected":"466","name":"rangeIndexed"}
{"args":["31","9223372036854775808"],"expected":"9223372036854776273","name":"rangeIndexed"}
{"args":["31","18446744073709551615"],"expected":"464","name":"rangeIndexed"}
{"args":["0","0"],"expected":"0","name":"rangeIndexFree"}
{"args":["0","1"],"expected":"1","name":"rangeIndexFree"}
{"args":["0","9223372036854775808"],"expected":"9223372036854775808","name":"rangeIndexFree"}
{"args":["0","18446744073709551615"],"expected":"18446744073709551615","name":"rangeIndexFree"}
{"args":["1","0"],"expected":"3","name":"rangeIndexFree"}
{"args":["1","1"],"expected":"4","name":"rangeIndexFree"}
{"args":["1","9223372036854775808"],"expected":"9223372036854775811","name":"rangeIndexFree"}
{"args":["1","18446744073709551615"],"expected":"2","name":"rangeIndexFree"}
{"args":["2","0"],"expected":"6","name":"rangeIndexFree"}
{"args":["2","1"],"expected":"7","name":"rangeIndexFree"}
{"args":["2","9223372036854775808"],"expected":"9223372036854775814","name":"rangeIndexFree"}
{"args":["2","18446744073709551615"],"expected":"5","name":"rangeIndexFree"}
{"args":["7","0"],"expected":"21","name":"rangeIndexFree"}
{"args":["7","1"],"expected":"22","name":"rangeIndexFree"}
{"args":["7","9223372036854775808"],"expected":"9223372036854775829","name":"rangeIndexFree"}
{"args":["7","18446744073709551615"],"expected":"20","name":"rangeIndexFree"}
{"args":["16","0"],"expected":"48","name":"rangeIndexFree"}
{"args":["16","1"],"expected":"49","name":"rangeIndexFree"}
{"args":["16","9223372036854775808"],"expected":"9223372036854775856","name":"rangeIndexFree"}
{"args":["16","18446744073709551615"],"expected":"47","name":"rangeIndexFree"}
{"args":["31","0"],"expected":"93","name":"rangeIndexFree"}
{"args":["31","1"],"expected":"94","name":"rangeIndexFree"}
{"args":["31","9223372036854775808"],"expected":"9223372036854775901","name":"rangeIndexFree"}
{"args":["31","18446744073709551615"],"expected":"92","name":"rangeIndexFree"}
{"args":["0","0"],"expected":"0","name":"rangeBindings"}
{"args":["0","1"],"expected":"1","name":"rangeBindings"}
{"args":["0","9223372036854775808"],"expected":"9223372036854775808","name":"rangeBindings"}
{"args":["0","18446744073709551615"],"expected":"18446744073709551615","name":"rangeBindings"}
{"args":["1","0"],"expected":"0","name":"rangeBindings"}
{"args":["1","1"],"expected":"7","name":"rangeBindings"}
{"args":["1","9223372036854775808"],"expected":"9223372036854775808","name":"rangeBindings"}
{"args":["1","18446744073709551615"],"expected":"18446744073709551609","name":"rangeBindings"}
{"args":["2","0"],"expected":"6","name":"rangeBindings"}
{"args":["2","1"],"expected":"62","name":"rangeBindings"}
{"args":["2","9223372036854775808"],"expected":"6","name":"rangeBindings"}
{"args":["2","18446744073709551615"],"expected":"18446744073709551566","name":"rangeBindings"}
{"args":["7","0"],"expected":"124041","name":"rangeBindings"}
{"args":["7","1"],"expected":"1065625","name":"rangeBindings"}
{"args":["7","9223372036854775808"],"expected":"9223372036854899849","name":"rangeBindings"}
{"args":["7","18446744073709551615"],"expected":"18446744073708708853","name":"rangeBindings"}
{"args":["16","0"],"expected":"5005843035598","name":"rangeBindings"}
{"args":["16","1"],"expected":"43002112172122","name":"rangeBindings"}
{"args":["16","9223372036854775808"],"expected":"4611691024270423502","name":"rangeBindings"}
{"args":["16","18446744073709551615"],"expected":"18446710065420272903","name":"rangeBindings"}
{"args":["31","0"],"expected":"17034723657100040881","name":"rangeBindings"}
{"args":["31","1"],"expected":"1523097359056547281","name":"rangeBindings"}
{"args":["31","9223372036854775808"],"expected":"7811351620245265073","name":"rangeBindings"}
{"args":["31","18446744073709551615"],"expected":"10472155936103325933","name":"rangeBindings"}
{"args":["0","0"],"expected":"0","name":"rangeChoice"}
{"args":["0","1"],"expected":"1","name":"rangeChoice"}
{"args":["0","9223372036854775808"],"expected":"9223372036854775808","name":"rangeChoice"}
{"args":["0","18446744073709551615"],"expected":"18446744073709551615","name":"rangeChoice"}
{"args":["1","0"],"expected":"0","name":"rangeChoice"}
{"args":["1","1"],"expected":"1","name":"rangeChoice"}
{"args":["1","9223372036854775808"],"expected":"9223372036854775808","name":"rangeChoice"}
{"args":["1","18446744073709551615"],"expected":"18446744073709551613","name":"rangeChoice"}
{"args":["2","0"],"expected":"1","name":"rangeChoice"}
{"args":["2","1"],"expected":"2","name":"rangeChoice"}
{"args":["2","9223372036854775808"],"expected":"9223372036854775809","name":"rangeChoice"}
{"args":["2","18446744073709551615"],"expected":"18446744073709551606","name":"rangeChoice"}
{"args":["7","0"],"expected":"87","name":"rangeChoice"}
{"args":["7","1"],"expected":"164","name":"rangeChoice"}
{"args":["7","9223372036854775808"],"expected":"9223372036854775837","name":"rangeChoice"}
{"args":["7","18446744073709551615"],"expected":"18446744073709549120","name":"rangeChoice"}
{"args":["16","0"],"expected":"1703114","name":"rangeChoice"}
{"args":["16","1"],"expected":"3234483","name":"rangeChoice"}
{"args":["16","9223372036854775808"],"expected":"9223372036855313984","name":"rangeChoice"}
{"args":["16","18446744073709551615"],"expected":"18446744073660490159","name":"rangeChoice"}
{"args":["31","0"],"expected":"24437771413287","name":"rangeChoice"}
{"args":["31","1"],"expected":"46411186312372","name":"rangeChoice"}
{"args":["31","9223372036854775808"],"expected":"9223379759149561845","name":"rangeChoice"}
{"args":["31","18446744073709551615"],"expected":"18446040095468427712","name":"rangeChoice"}
{"args":["0","0"],"expected":"0","name":"rangeBeforeAfter"}
{"args":["0","1"],"expected":"6","name":"rangeBeforeAfter"}
{"args":["0","9223372036854775808"],"expected":"0","name":"rangeBeforeAfter"}
{"args":["0","18446744073709551615"],"expected":"18446744073709551610","name":"rangeBeforeAfter"}
{"args":["1","0"],"expected":"0","name":"rangeBeforeAfter"}
{"args":["1","1"],"expected":"6","name":"rangeBeforeAfter"}
{"args":["1","9223372036854775808"],"expected":"0","name":"rangeBeforeAfter"}
{"args":["1","18446744073709551615"],"expected":"18446744073709551610","name":"rangeBeforeAfter"}
{"args":["2","0"],"expected":"0","name":"rangeBeforeAfter"}
{"args":["2","1"],"expected":"9","name":"rangeBeforeAfter"}
{"args":["2","9223372036854775808"],"expected":"9223372036854775808","name":"rangeBeforeAfter"}
{"args":["2","18446744073709551615"],"expected":"18446744073709551607","name":"rangeBeforeAfter"}
{"args":["7","0"],"expected":"0","name":"rangeBeforeAfter"}
{"args":["7","1"],"expected":"69","name":"rangeBeforeAfter"}
{"args":["7","9223372036854775808"],"expected":"9223372036854775808","name":"rangeBeforeAfter"}
{"args":["7","18446744073709551615"],"expected":"18446744073709551547","name":"rangeBeforeAfter"}
{"args":["16","0"],"expected":"0","name":"rangeBeforeAfter"}
{"args":["16","1"],"expected":"366","name":"rangeBeforeAfter"}
{"args":["16","9223372036854775808"],"expected":"0","name":"rangeBeforeAfter"}
{"args":["16","18446744073709551615"],"expected":"18446744073709551250","name":"rangeBeforeAfter"}
{"args":["31","0"],"expected":"0","name":"rangeBeforeAfter"}
{"args":["31","1"],"expected":"279","name":"rangeBeforeAfter"}
{"args":["31","9223372036854775808"],"expected":"9223372036854775808","name":"rangeBeforeAfter"}
{"args":["31","18446744073709551615"],"expected":"18446744073709551337","name":"rangeBeforeAfter"}
{"args":["0","0"],"expected":"0","name":"rangeCaptured"}
{"args":["0","1"],"expected":"0","name":"rangeCaptured"}
{"args":["0","9223372036854775808"],"expected":"0","name":"rangeCaptured"}
{"args":["0","18446744073709551615"],"expected":"0","name":"rangeCaptured"}
{"args":["1","0"],"expected":"0","name":"rangeCaptured"}
{"args":["1","1"],"expected":"1","name":"rangeCaptured"}
{"args":["1","9223372036854775808"],"expected":"9223372036854775808","name":"rangeCaptured"}
{"args":["1","18446744073709551615"],"expected":"18446744073709551615","name":"rangeCaptured"}
{"args":["2","0"],"expected":"3","name":"rangeCaptured"}
{"args":["2","1"],"expected":"3","name":"rangeCaptured"}
{"args":["2","9223372036854775808"],"expected":"3","name":"rangeCaptured"}
{"args":["2","18446744073709551615"],"expected":"18446744073709551615","name":"rangeCaptured"}
{"args":["7","0"],"expected":"33","name":"rangeCaptured"}
{"args":["7","1"],"expected":"54","name":"rangeCaptured"}
{"args":["7","9223372036854775808"],"expected":"9223372036854775841","name":"rangeCaptured"}
{"args":["7","18446744073709551615"],"expected":"44","name":"rangeCaptured"}
{"args":["16","0"],"expected":"240","name":"rangeCaptured"}
{"args":["16","1"],"expected":"240","name":"rangeCaptured"}
{"args":["16","9223372036854775808"],"expected":"240","name":"rangeCaptured"}
{"args":["16","18446744073709551615"],"expected":"224","name":"rangeCaptured"}
{"args":["31","0"],"expected":"801","name":"rangeCaptured"}
{"args":["31","1"],"expected":"990","name":"rangeCaptured"}
{"args":["31","9223372036854775808"],"expected":"9223372036854776609","name":"rangeCaptured"}
{"args":["31","18446744073709551615"],"expected":"932","name":"rangeCaptured"}
{"args":["0","0"],"expected":"0","name":"rangeLocalFunction"}
{"args":["0","1"],"expected":"1","name":"rangeLocalFunction"}
{"args":["0","9223372036854775808"],"expected":"9223372036854775808","name":"rangeLocalFunction"}
{"args":["0","18446744073709551615"],"expected":"18446744073709551615","name":"rangeLocalFunction"}
{"args":["1","0"],"expected":"0","name":"rangeLocalFunction"}
{"args":["1","1"],"expected":"0","name":"rangeLocalFunction"}
{"args":["1","9223372036854775808"],"expected":"0","name":"rangeLocalFunction"}
{"args":["1","18446744073709551615"],"expected":"0","name":"rangeLocalFunction"}
{"args":["2","0"],"expected":"1","name":"rangeLocalFunction"}
{"args":["2","1"],"expected":"0","name":"rangeLocalFunction"}
{"args":["2","9223372036854775808"],"expected":"9223372036854775809","name":"rangeLocalFunction"}
{"args":["2","18446744073709551615"],"expected":"18446744073709551614","name":"rangeLocalFunction"}
{"args":["7","0"],"expected":"21","name":"rangeLocalFunction"}
{"args":["7","1"],"expected":"21","name":"rangeLocalFunction"}
{"args":["7","9223372036854775808"],"expected":"21","name":"rangeLocalFunction"}
{"args":["7","18446744073709551615"],"expected":"18446744073709551613","name":"rangeLocalFunction"}
{"args":["16","0"],"expected":"120","name":"rangeLocalFunction"}
{"args":["16","1"],"expected":"121","name":"rangeLocalFunction"}
{"args":["16","9223372036854775808"],"expected":"9223372036854775928","name":"rangeLocalFunction"}
{"args":["16","18446744073709551615"],"expected":"18446744073709551607","name":"rangeLocalFunction"}
{"args":["31","0"],"expected":"465","name":"rangeLocalFunction"}
{"args":["31","1"],"expected":"465","name":"rangeLocalFunction"}
{"args":["31","9223372036854775808"],"expected":"465","name":"rangeLocalFunction"}
{"args":["31","18446744073709551615"],"expected":"18446744073709551601","name":"rangeLocalFunction"}
{"args":["0","0"],"expected":"0","name":"rangeChainedFunctions"}
{"args":["0","1"],"expected":"1","name":"rangeChainedFunctions"}
{"args":["0","9223372036854775808"],"expected":"9223372036854775808","name":"rangeChainedFunctions"}
{"args":["0","18446744073709551615"],"expected":"18446744073709551615","name":"rangeChainedFunctions"}
{"args":["1","0"],"expected":"0","name":"rangeChainedFunctions"}
{"args":["1","1"],"expected":"3","name":"rangeChainedFunctions"}
{"args":["1","9223372036854775808"],"expected":"1","name":"rangeChainedFunctions"}
{"args":["1","18446744073709551615"],"expected":"18446744073709551615","name":"rangeChainedFunctions"}
{"args":["2","0"],"expected":"1","name":"rangeChainedFunctions"}
{"args":["2","1"],"expected":"10","name":"rangeChainedFunctions"}
{"args":["2","9223372036854775808"],"expected":"4","name":"rangeChainedFunctions"}
{"args":["2","18446744073709551615"],"expected":"18446744073709551615","name":"rangeChainedFunctions"}
{"args":["7","0"],"expected":"144","name":"rangeChainedFunctions"}
{"args":["7","1"],"expected":"2430","name":"rangeChainedFunctions"}
{"args":["7","9223372036854775808"],"expected":"224","name":"rangeChainedFunctions"}
{"args":["7","18446744073709551615"],"expected":"18446744073709551615","name":"rangeChainedFunctions"}
{"args":["16","0"],"expected":"73728","name":"rangeChainedFunctions"}
{"args":["16","1"],"expected":"47829690","name":"rangeChainedFunctions"}
{"args":["16","9223372036854775808"],"expected":"114688","name":"rangeChainedFunctions"}
{"args":["16","18446744073709551615"],"expected":"18446744073709551615","name":"rangeChainedFunctions"}
{"args":["31","0"],"expected":"2415919104","name":"rangeChainedFunctions"}
{"args":["31","1"],"expected":"686303773648830","name":"rangeChainedFunctions"}
{"args":["31","9223372036854775808"],"expected":"3758096384","name":"rangeChainedFunctions"}
{"args":["31","18446744073709551615"],"expected":"18446744073709551615","name":"rangeChainedFunctions"}
{"args":["0","0"],"expected":"0","name":"rangeUnusedFunction"}
{"args":["0","1"],"expected":"1","name":"rangeUnusedFunction"}
{"args":["0","9223372036854775808"],"expected":"9223372036854775808","name":"rangeUnusedFunction"}
{"args":["0","18446744073709551615"],"expected":"18446744073709551615","name":"rangeUnusedFunction"}
{"args":["1","0"],"expected":"0","name":"rangeUnusedFunction"}
{"args":["1","1"],"expected":"1","name":"rangeUnusedFunction"}
{"args":["1","9223372036854775808"],"expected":"9223372036854775808","name":"rangeUnusedFunction"}
{"args":["1","18446744073709551615"],"expected":"18446744073709551615","name":"rangeUnusedFunction"}
{"args":["2","0"],"expected":"1","name":"rangeUnusedFunction"}
{"args":["2","1"],"expected":"2","name":"rangeUnusedFunction"}
{"args":["2","9223372036854775808"],"expected":"9223372036854775809","name":"rangeUnusedFunction"}
{"args":["2","18446744073709551615"],"expected":"0","name":"rangeUnusedFunction"}
{"args":["7","0"],"expected":"21","name":"rangeUnusedFunction"}
{"args":["7","1"],"expected":"22","name":"rangeUnusedFunction"}
{"args":["7","9223372036854775808"],"expected":"9223372036854775829","name":"rangeUnusedFunction"}
{"args":["7","18446744073709551615"],"expected":"20","name":"rangeUnusedFunction"}
{"args":["16","0"],"expected":"120","name":"rangeUnusedFunction"}
{"args":["16","1"],"expected":"121","name":"rangeUnusedFunction"}
{"args":["16","9223372036854775808"],"expected":"9223372036854775928","name":"rangeUnusedFunction"}
{"args":["16","18446744073709551615"],"expected":"119","name":"rangeUnusedFunction"}
{"args":["31","0"],"expected":"465","name":"rangeUnusedFunction"}
{"args":["31","1"],"expected":"466","name":"rangeUnusedFunction"}
{"args":["31","9223372036854775808"],"expected":"9223372036854776273","name":"rangeUnusedFunction"}
{"args":["31","18446744073709551615"],"expected":"464","name":"rangeUnusedFunction"}
{"args":["0","0"],"expected":"0","name":"rangeMonadic"}
{"args":["0","1"],"expected":"1","name":"rangeMonadic"}
{"args":["0","9223372036854775808"],"expected":"9223372036854775808","name":"rangeMonadic"}
{"args":["0","18446744073709551615"],"expected":"18446744073709551615","name":"rangeMonadic"}
{"args":["1","0"],"expected":"0","name":"rangeMonadic"}
{"args":["1","1"],"expected":"2","name":"rangeMonadic"}
{"args":["1","9223372036854775808"],"expected":"9223372036854775808","name":"rangeMonadic"}
{"args":["1","18446744073709551615"],"expected":"18446744073709551615","name":"rangeMonadic"}
{"args":["2","0"],"expected":"0","name":"rangeMonadic"}
{"args":["2","1"],"expected":"4","name":"rangeMonadic"}
{"args":["2","9223372036854775808"],"expected":"1","name":"rangeMonadic"}
{"args":["2","18446744073709551615"],"expected":"18446744073709551615","name":"rangeMonadic"}
{"args":["7","0"],"expected":"0","name":"rangeMonadic"}
{"args":["7","1"],"expected":"12","name":"rangeMonadic"}
{"args":["7","9223372036854775808"],"expected":"5687746089393778431","name":"rangeMonadic"}
{"args":["7","18446744073709551615"],"expected":"8301034833169298225","name":"rangeMonadic"}
{"args":["16","0"],"expected":"0","name":"rangeMonadic"}
{"args":["16","1"],"expected":"23","name":"rangeMonadic"}
{"args":["16","9223372036854775808"],"expected":"13695745107128649097","name":"rangeMonadic"}
{"args":["16","18446744073709551615"],"expected":"5870288794929487894","name":"rangeMonadic"}
{"args":["31","0"],"expected":"0","name":"rangeMonadic"}
{"args":["31","1"],"expected":"23","name":"rangeMonadic"}
{"args":["31","9223372036854775808"],"expected":"1490993116315850421","name":"rangeMonadic"}
{"args":["31","18446744073709551615"],"expected":"18354272960722993729","name":"rangeMonadic"}
{"args":["0","0"],"expected":"0","name":"rangeNestedDo"}
{"args":["0","1"],"expected":"1","name":"rangeNestedDo"}
{"args":["0","9223372036854775808"],"expected":"9223372036854775808","name":"rangeNestedDo"}
{"args":["0","18446744073709551615"],"expected":"18446744073709551615","name":"rangeNestedDo"}
{"args":["1","0"],"expected":"0","name":"rangeNestedDo"}
{"args":["1","1"],"expected":"3","name":"rangeNestedDo"}
{"args":["1","9223372036854775808"],"expected":"9223372036854775808","name":"rangeNestedDo"}
{"args":["1","18446744073709551615"],"expected":"18446744073709551613","name":"rangeNestedDo"}
{"args":["2","0"],"expected":"3","name":"rangeNestedDo"}
{"args":["2","1"],"expected":"12","name":"rangeNestedDo"}
{"args":["2","9223372036854775808"],"expected":"9223372036854775811","name":"rangeNestedDo"}
{"args":["2","18446744073709551615"],"expected":"18446744073709551610","name":"rangeNestedDo"}
{"args":["7","0"],"expected":"1629","name":"rangeNestedDo"}
{"args":["7","1"],"expected":"3816","name":"rangeNestedDo"}
{"args":["7","9223372036854775808"],"expected":"9223372036854777437","name":"rangeNestedDo"}
{"args":["7","18446744073709551615"],"expected":"18446744073709551058","name":"rangeNestedDo"}
{"args":["16","0"],"expected":"32285016","name":"rangeNestedDo"}
{"args":["16","1"],"expected":"75331737","name":"rangeNestedDo"}
{"args":["16","9223372036854775808"],"expected":"9223372036887060824","name":"rangeNestedDo"}
{"args":["16","18446744073709551615"],"expected":"18446744073698789911","name":"rangeNestedDo"}
{"args":["31","0"],"expected":"463255047212913","name":"rangeNestedDo"}
{"args":["31","1"],"expected":"1080928443496860","name":"rangeNestedDo"}
{"args":["31","9223372036854775808"],"expected":"9223835291901988721","name":"rangeNestedDo"}
{"args":["31","18446744073709551615"],"expected":"18446589655360480582","name":"rangeNestedDo"}
{"args":["0","0"],"expected":"0","name":"rangeUnusedBind"}
{"args":["0","1"],"expected":"1","name":"rangeUnusedBind"}
{"args":["0","9223372036854775808"],"expected":"9223372036854775808","name":"rangeUnusedBind"}
{"args":["0","18446744073709551615"],"expected":"18446744073709551615","name":"rangeUnusedBind"}
{"args":["1","0"],"expected":"1","name":"rangeUnusedBind"}
{"args":["1","1"],"expected":"2","name":"rangeUnusedBind"}
{"args":["1","9223372036854775808"],"expected":"9223372036854775809","name":"rangeUnusedBind"}
{"args":["1","18446744073709551615"],"expected":"0","name":"rangeUnusedBind"}
{"args":["2","0"],"expected":"3","name":"rangeUnusedBind"}
{"args":["2","1"],"expected":"4","name":"rangeUnusedBind"}
{"args":["2","9223372036854775808"],"expected":"9223372036854775811","name":"rangeUnusedBind"}
{"args":["2","18446744073709551615"],"expected":"2","name":"rangeUnusedBind"}
{"args":["7","0"],"expected":"28","name":"rangeUnusedBind"}
{"args":["7","1"],"expected":"29","name":"rangeUnusedBind"}
{"args":["7","9223372036854775808"],"expected":"9223372036854775836","name":"rangeUnusedBind"}
{"args":["7","18446744073709551615"],"expected":"27","name":"rangeUnusedBind"}
{"args":["16","0"],"expected":"136","name":"rangeUnusedBind"}
{"args":["16","1"],"expected":"137","name":"rangeUnusedBind"}
{"args":["16","9223372036854775808"],"expected":"9223372036854775944","name":"rangeUnusedBind"}
{"args":["16","18446744073709551615"],"expected":"135","name":"rangeUnusedBind"}
{"args":["31","0"],"expected":"496","name":"rangeUnusedBind"}
{"args":["31","1"],"expected":"497","name":"rangeUnusedBind"}
{"args":["31","9223372036854775808"],"expected":"9223372036854776304","name":"rangeUnusedBind"}
{"args":["31","18446744073709551615"],"expected":"495","name":"rangeUnusedBind"}
{"args":["0","0"],"expected":"0","name":"rangeMonadicJoined"}
{"args":["0","1"],"expected":"1","name":"rangeMonadicJoined"}
{"args":["0","9223372036854775808"],"expected":"9223372036854775808","name":"rangeMonadicJoined"}
{"args":["0","18446744073709551615"],"expected":"18446744073709551615","name":"rangeMonadicJoined"}
{"args":["1","0"],"expected":"0","name":"rangeMonadicJoined"}
{"args":["1","1"],"expected":"2","name":"rangeMonadicJoined"}
{"args":["1","9223372036854775808"],"expected":"9223372036854775808","name":"rangeMonadicJoined"}
{"args":["1","18446744073709551615"],"expected":"18446744073709551615","name":"rangeMonadicJoined"}
{"args":["2","0"],"expected":"0","name":"rangeMonadicJoined"}
{"args":["2","1"],"expected":"4","name":"rangeMonadicJoined"}
{"args":["2","9223372036854775808"],"expected":"1","name":"rangeMonadicJoined"}
{"args":["2","18446744073709551615"],"expected":"18446744073709551615","name":"rangeMonadicJoined"}
{"args":["7","0"],"expected":"0","name":"rangeMonadicJoined"}
{"args":["7","1"],"expected":"12","name":"rangeMonadicJoined"}
{"args":["7","9223372036854775808"],"expected":"5687746089393778431","name":"rangeMonadicJoined"}
{"args":["7","18446744073709551615"],"expected":"8301034833169298225","name":"rangeMonadicJoined"}
{"args":["16","0"],"expected":"0","name":"rangeMonadicJoined"}
{"args":["16","1"],"expected":"23","name":"rangeMonadicJoined"}
{"args":["16","9223372036854775808"],"expected":"13695745107128649097","name":"rangeMonadicJoined"}
{"args":["16","18446744073709551615"],"expected":"5870288794929487894","name":"rangeMonadicJoined"}
{"args":["31","0"],"expected":"0","name":"rangeMonadicJoined"}
{"args":["31","1"],"expected":"23","name":"rangeMonadicJoined"}
{"args":["31","9223372036854775808"],"expected":"1490993116315850421","name":"rangeMonadicJoined"}
{"args":["31","18446744073709551615"],"expected":"18354272960722993729","name":"rangeMonadicJoined"}
{"args":["0","0"],"expected":"0","name":"rangeBranchUpdates"}
{"args":["0","1"],"expected":"1","name":"rangeBranchUpdates"}
{"args":["0","9223372036854775808"],"expected":"9223372036854775808","name":"rangeBranchUpdates"}
{"args":["0","18446744073709551615"],"expected":"18446744073709551615","name":"rangeBranchUpdates"}
{"args":["1","0"],"expected":"0","name":"rangeBranchUpdates"}
{"args":["1","1"],"expected":"3","name":"rangeBranchUpdates"}
{"args":["1","9223372036854775808"],"expected":"9223372036854775808","name":"rangeBranchUpdates"}
{"args":["1","18446744073709551615"],"expected":"18446744073709551613","name":"rangeBranchUpdates"}
{"args":["2","0"],"expected":"3","name":"rangeBranchUpdates"}
{"args":["2","1"],"expected":"6","name":"rangeBranchUpdates"}
{"args":["2","9223372036854775808"],"expected":"9223372036854775811","name":"rangeBranchUpdates"}
{"args":["2","18446744073709551615"],"expected":"18446744073709551610","name":"rangeBranchUpdates"}
{"args":["7","0"],"expected":"1383505805528216365","name":"rangeBranchUpdates"}
{"args":["7","1"],"expected":"1383505805528216366","name":"rangeBranchUpdates"}
{"args":["7","9223372036854775808"],"expected":"1037629354146162284","name":"rangeBranchUpdates"}
{"args":["7","18446744073709551615"],"expected":"691752902764108190","name":"rangeBranchUpdates"}
{"args":["16","0"],"expected":"14993573870026","name":"rangeBranchUpdates"}
{"args":["16","1"],"expected":"14993573870026","name":"rangeBranchUpdates"}
{"args":["16","9223372036854775808"],"expected":"11245180402526","name":"rangeBranchUpdates"}
{"args":["16","18446744073709551615"],"expected":"7496786935018","name":"rangeBranchUpdates"}
{"args":["31","0"],"expected":"614891469123651718","name":"rangeBranchUpdates"}
{"args":["31","1"],"expected":"614891469123651718","name":"rangeBranchUpdates"}
{"args":["31","9223372036854775808"],"expected":"4","name":"rangeBranchUpdates"}
{"args":["31","18446744073709551615"],"expected":"3","name":"rangeBranchUpdates"}
{"args":["0","0"],"expected":"0","name":"rangeContinue"}
{"args":["0","1"],"expected":"1","name":"rangeContinue"}
{"args":["0","9223372036854775808"],"expected":"9223372036854775808","name":"rangeContinue"}
{"args":["0","18446744073709551615"],"expected":"18446744073709551615","name":"rangeContinue"}
{"args":["1","0"],"expected":"0","name":"rangeContinue"}
{"args":["1","1"],"expected":"1","name":"rangeContinue"}
{"args":["1","9223372036854775808"],"expected":"9223372036854775808","name":"rangeContinue"}
{"args":["1","18446744073709551615"],"expected":"18446744073709551615","name":"rangeContinue"}
{"args":["2","0"],"expected":"1","name":"rangeContinue"}
{"args":["2","1"],"expected":"4","name":"rangeContinue"}
{"args":["2","9223372036854775808"],"expected":"9223372036854775809","name":"rangeContinue"}
{"args":["2","18446744073709551615"],"expected":"18446744073709551614","name":"rangeContinue"}
{"args":["7","0"],"expected":"13","name":"rangeContinue"}
{"args":["7","1"],"expected":"16","name":"rangeContinue"}
{"args":["7","9223372036854775808"],"expected":"9223372036854775821","name":"rangeContinue"}
{"args":["7","18446744073709551615"],"expected":"18446744073709551610","name":"rangeContinue"}
{"args":["16","0"],"expected":"1010","name":"rangeContinue"}
{"args":["16","1"],"expected":"499","name":"rangeContinue"}
{"args":["16","9223372036854775808"],"expected":"9223372036854776818","name":"rangeContinue"}
{"args":["16","18446744073709551615"],"expected":"18446744073709551605","name":"rangeContinue"}
{"args":["31","0"],"expected":"1048549","name":"rangeContinue"}
{"args":["31","1"],"expected":"524264","name":"rangeContinue"}
{"args":["31","9223372036854775808"],"expected":"9223372036855824357","name":"rangeContinue"}
{"args":["31","18446744073709551615"],"expected":"18446744073709551586","name":"rangeContinue"}
{"args":["0","0"],"expected":"0","name":"rangeNestedBranches"}
{"args":["0","1"],"expected":"1","name":"rangeNestedBranches"}
{"args":["0","9223372036854775808"],"expected":"9223372036854775808","name":"rangeNestedBranches"}
{"args":["0","18446744073709551615"],"expected":"18446744073709551615","name":"rangeNestedBranches"}
{"args":["1","0"],"expected":"1","name":"rangeNestedBranches"}
{"args":["1","1"],"expected":"5","name":"rangeNestedBranches"}
{"args":["1","9223372036854775808"],"expected":"1","name":"rangeNestedBranches"}
{"args":["1","18446744073709551615"],"expected":"18446744073709551603","name":"rangeNestedBranches"}
{"args":["2","0"],"expected":"5","name":"rangeNestedBranches"}
{"args":["2","1"],"expected":"13","name":"rangeNestedBranches"}
{"args":["2","9223372036854775808"],"expected":"5","name":"rangeNestedBranches"}
{"args":["2","18446744073709551615"],"expected":"18446744073709551433","name":"rangeNestedBranches"}
{"args":["7","0"],"expected":"36570","name":"rangeNestedBranches"}
{"args":["7","1"],"expected":"430480","name":"rangeNestedBranches"}
{"args":["7","9223372036854775808"],"expected":"36570","name":"rangeNestedBranches"}
{"args":["7","18446744073709551615"],"expected":"18446744073703394274","name":"rangeNestedBranches"}
{"args":["16","0"],"expected":"1475724534405","name":"rangeNestedBranches"}
{"args":["16","1"],"expected":"17371469974977","name":"rangeNestedBranches"}
{"args":["16","9223372036854775808"],"expected":"1475724534405","name":"rangeNestedBranches"}
{"args":["16","18446744073709551615"],"expected":"18446495602740199385","name":"rangeNestedBranches"}
{"args":["31","0"],"expected":"1152893501436755872","name":"rangeNestedBranches"}
{"args":["31","1"],"expected":"12991235528316903064","name":"rangeNestedBranches"}
{"args":["31","9223372036854775808"],"expected":"1152893501436755872","name":"rangeNestedBranches"}
{"args":["31","18446744073709551615"],"expected":"17445845747281775980","name":"rangeNestedBranches"}
{"args":["0","0"],"expected":"0","name":"rangeBreak"}
{"args":["0","1"],"expected":"1","name":"rangeBreak"}
{"args":["0","9223372036854775808"],"expected":"9223372036854775808","name":"rangeBreak"}
{"args":["0","18446744073709551615"],"expected":"18446744073709551615","name":"rangeBreak"}
{"args":["1","0"],"expected":"0","name":"rangeBreak"}
{"args":["1","1"],"expected":"4","name":"rangeBreak"}
{"args":["1","9223372036854775808"],"expected":"9223372036854775811","name":"rangeBreak"}
{"args":["1","18446744073709551615"],"expected":"2","name":"rangeBreak"}
{"args":["2","0"],"expected":"0","name":"rangeBreak"}
{"args":["2","1"],"expected":"7","name":"rangeBreak"}
{"args":["2","9223372036854775808"],"expected":"9223372036854775814","name":"rangeBreak"}
{"args":["2","18446744073709551615"],"expected":"5","name":"rangeBreak"}
{"args":["7","0"],"expected":"0","name":"rangeBreak"}
{"args":["7","1"],"expected":"10","name":"rangeBreak"}
{"args":["7","9223372036854775808"],"expected":"9223372036854775817","name":"rangeBreak"}
{"args":["7","18446744073709551615"],"expected":"11","name":"rangeBreak"}
{"args":["16","0"],"expected":"0","name":"rangeBreak"}
{"args":["16","1"],"expected":"10","name":"rangeBreak"}
{"args":["16","9223372036854775808"],"expected":"9223372036854775817","name":"rangeBreak"}
{"args":["16","18446744073709551615"],"expected":"11","name":"rangeBreak"}
{"args":["31","0"],"expected":"0","name":"rangeBreak"}
{"args":["31","1"],"expected":"10","name":"rangeBreak"}
{"args":["31","9223372036854775808"],"expected":"9223372036854775817","name":"rangeBreak"}
{"args":["31","18446744073709551615"],"expected":"11","name":"rangeBreak"}
{"args":["0","0"],"expected":"0","name":"rangeBreakUpdated"}
{"args":["0","1"],"expected":"1","name":"rangeBreakUpdated"}
{"args":["0","9223372036854775808"],"expected":"9223372036854775808","name":"rangeBreakUpdated"}
{"args":["0","18446744073709551615"],"expected":"18446744073709551615","name":"rangeBreakUpdated"}
{"args":["1","0"],"expected":"0","name":"rangeBreakUpdated"}
{"args":["1","1"],"expected":"1","name":"rangeBreakUpdated"}
{"args":["1","9223372036854775808"],"expected":"9223372036854775808","name":"rangeBreakUpdated"}
{"args":["1","18446744073709551615"],"expected":"18446744073709551613","name":"rangeBreakUpdated"}
{"args":["2","0"],"expected":"0","name":"rangeBreakUpdated"}
{"args":["2","1"],"expected":"1","name":"rangeBreakUpdated"}
{"args":["2","9223372036854775808"],"expected":"9223372036854775811","name":"rangeBreakUpdated"}
{"args":["2","18446744073709551615"],"expected":"18446744073709551610","name":"rangeBreakUpdated"}
{"args":["7","0"],"expected":"0","name":"rangeBreakUpdated"}
{"args":["7","1"],"expected":"1","name":"rangeBreakUpdated"}
{"args":["7","9223372036854775808"],"expected":"9223372036854777437","name":"rangeBreakUpdated"}
{"args":["7","18446744073709551615"],"expected":"18446744073709551058","name":"rangeBreakUpdated"}
{"args":["16","0"],"expected":"0","name":"rangeBreakUpdated"}
{"args":["16","1"],"expected":"1","name":"rangeBreakUpdated"}
{"args":["16","9223372036854775808"],"expected":"9223372036887060824","name":"rangeBreakUpdated"}
{"args":["16","18446744073709551615"],"expected":"18446744073698789911","name":"rangeBreakUpdated"}
{"args":["31","0"],"expected":"0","name":"rangeBreakUpdated"}
{"args":["31","1"],"expected":"1","name":"rangeBreakUpdated"}
{"args":["31","9223372036854775808"],"expected":"9223835291901988721","name":"rangeBreakUpdated"}
{"args":["31","18446744073709551615"],"expected":"18446589655360480582","name":"rangeBreakUpdated"}
{"args":["0","0"],"expected":"0","name":"rangeBreakJoined"}
{"args":["0","1"],"expected":"1","name":"rangeBreakJoined"}
{"args":["0","9223372036854775808"],"expected":"9223372036854775808","name":"rangeBreakJoined"}
{"args":["0","18446744073709551615"],"expected":"18446744073709551615","name":"rangeBreakJoined"}
{"args":["1","0"],"expected":"0","name":"rangeBreakJoined"}
{"args":["1","1"],"expected":"1","name":"rangeBreakJoined"}
{"args":["1","9223372036854775808"],"expected":"9223372036854775808","name":"rangeBreakJoined"}
{"args":["1","18446744073709551615"],"expected":"18446744073709551615","name":"rangeBreakJoined"}
{"args":["2","0"],"expected":"0","name":"rangeBreakJoined"}
{"args":["2","1"],"expected":"1","name":"rangeBreakJoined"}
{"args":["2","9223372036854775808"],"expected":"9223372036854775808","name":"rangeBreakJoined"}
{"args":["2","18446744073709551615"],"expected":"18446744073709551615","name":"rangeBreakJoined"}
{"args":["7","0"],"expected":"0","name":"rangeBreakJoined"}
{"args":["7","1"],"expected":"1","name":"rangeBreakJoined"}
{"args":["7","9223372036854775808"],"expected":"9223372036854775808","name":"rangeBreakJoined"}
{"args":["7","18446744073709551615"],"expected":"18446744073709551615","name":"rangeBreakJoined"}
{"args":["16","0"],"expected":"0","name":"rangeBreakJoined"}
{"args":["16","1"],"expected":"1","name":"rangeBreakJoined"}
{"args":["16","9223372036854775808"],"expected":"9223372036854775808","name":"rangeBreakJoined"}
{"args":["16","18446744073709551615"],"expected":"18446744073709551615","name":"rangeBreakJoined"}
{"args":["31","0"],"expected":"0","name":"rangeBreakJoined"}
{"args":["31","1"],"expected":"1","name":"rangeBreakJoined"}
{"args":["31","9223372036854775808"],"expected":"9223372036854775808","name":"rangeBreakJoined"}
{"args":["31","18446744073709551615"],"expected":"18446744073709551615","name":"rangeBreakJoined"}
{"args":["0","0"],"expected":"7","name":"rangeBreakBeforeAfter"}
{"args":["0","1"],"expected":"29","name":"rangeBreakBeforeAfter"}
{"args":["0","9223372036854775808"],"expected":"7","name":"rangeBreakBeforeAfter"}
{"args":["0","18446744073709551615"],"expected":"18446744073709551601","name":"rangeBreakBeforeAfter"}
{"args":["1","0"],"expected":"14","name":"rangeBreakBeforeAfter"}
{"args":["1","1"],"expected":"57","name":"rangeBreakBeforeAfter"}
{"args":["1","9223372036854775808"],"expected":"9223372036854775822","name":"rangeBreakBeforeAfter"}
{"args":["1","18446744073709551615"],"expected":"18446744073709551587","name":"rangeBreakBeforeAfter"}
{"args":["2","0"],"expected":"28","name":"rangeBreakBeforeAfter"}
{"args":["2","1"],"expected":"92","name":"rangeBreakBeforeAfter"}
{"args":["2","9223372036854775808"],"expected":"28","name":"rangeBreakBeforeAfter"}
{"args":["2","18446744073709551615"],"expected":"18446744073709551580","name":"rangeBreakBeforeAfter"}
{"args":["7","0"],"expected":"203","name":"rangeBreakBeforeAfter"}
{"args":["7","1"],"expected":"372","name":"rangeBreakBeforeAfter"}
{"args":["7","9223372036854775808"],"expected":"154","name":"rangeBreakBeforeAfter"}
{"args":["7","18446744073709551615"],"expected":"34","name":"rangeBreakBeforeAfter"}
{"args":["16","0"],"expected":"959","name":"rangeBreakBeforeAfter"}
{"args":["16","1"],"expected":"1317","name":"rangeBreakBeforeAfter"}
{"args":["16","9223372036854775808"],"expected":"154","name":"rangeBreakBeforeAfter"}
{"args":["16","18446744073709551615"],"expected":"34","name":"rangeBreakBeforeAfter"}
{"args":["31","0"],"expected":"3479","name":"rangeBreakBeforeAfter"}
{"args":["31","1"],"expected":"4152","name":"rangeBreakBeforeAfter"}
{"args":["31","9223372036854775808"],"expected":"154","name":"rangeBreakBeforeAfter"}
{"args":["31","18446744073709551615"],"expected":"34","name":"rangeBreakBeforeAfter"}
{"args":["0","0"],"expected":"0","name":"rangeBreakBranchUpdates"}
{"args":["0","1"],"expected":"1","name":"rangeBreakBranchUpdates"}
{"args":["0","9223372036854775808"],"expected":"9223372036854775808","name":"rangeBreakBranchUpdates"}
{"args":["0","18446744073709551615"],"expected":"18446744073709551615","name":"rangeBreakBranchUpdates"}
{"args":["1","0"],"expected":"0","name":"rangeBreakBranchUpdates"}
{"args":["1","1"],"expected":"1","name":"rangeBreakBranchUpdates"}
{"args":["1","9223372036854775808"],"expected":"3074457345618258603","name":"rangeBreakBranchUpdates"}
{"args":["1","18446744073709551615"],"expected":"6148914691236517206","name":"rangeBreakBranchUpdates"}
{"args":["2","0"],"expected":"0","name":"rangeBreakBranchUpdates"}
{"args":["2","1"],"expected":"1","name":"rangeBreakBranchUpdates"}
{"args":["2","9223372036854775808"],"expected":"1024819115206086202","name":"rangeBreakBranchUpdates"}
{"args":["2","18446744073709551615"],"expected":"2049638230412172403","name":"rangeBreakBranchUpdates"}
{"args":["7","0"],"expected":"0","name":"rangeBreakBranchUpdates"}
{"args":["7","1"],"expected":"1","name":"rangeBreakBranchUpdates"}
{"args":["7","9223372036854775808"],"expected":"4217362614016817","name":"rangeBreakBranchUpdates"}
{"args":["7","18446744073709551615"],"expected":"8434725228033632","name":"rangeBreakBranchUpdates"}
{"args":["16","0"],"expected":"0","name":"rangeBreakBranchUpdates"}
{"args":["16","1"],"expected":"1","name":"rangeBreakBranchUpdates"}
{"args":["16","9223372036854775808"],"expected":"214264218566","name":"rangeBreakBranchUpdates"}
{"args":["16","18446744073709551615"],"expected":"428528437131","name":"rangeBreakBranchUpdates"}
{"args":["31","0"],"expected":"0","name":"rangeBreakBranchUpdates"}
{"args":["31","1"],"expected":"1","name":"rangeBreakBranchUpdates"}
{"args":["31","9223372036854775808"],"expected":"14933","name":"rangeBreakBranchUpdates"}
{"args":["31","18446744073709551615"],"expected":"29866","name":"rangeBreakBranchUpdates"}
{"args":["0","0"],"expected":"1","name":"rangeContinueBreak"}
{"args":["0","1"],"expected":"2","name":"rangeContinueBreak"}
{"args":["0","9223372036854775808"],"expected":"9223372036854775809","name":"rangeContinueBreak"}
{"args":["0","18446744073709551615"],"expected":"0","name":"rangeContinueBreak"}
{"args":["1","0"],"expected":"1","name":"rangeContinueBreak"}
{"args":["1","1"],"expected":"2","name":"rangeContinueBreak"}
{"args":["1","9223372036854775808"],"expected":"9223372036854775809","name":"rangeContinueBreak"}
{"args":["1","18446744073709551615"],"expected":"0","name":"rangeContinueBreak"}
{"args":["2","0"],"expected":"2","name":"rangeContinueBreak"}
{"args":["2","1"],"expected":"3","name":"rangeContinueBreak"}
{"args":["2","9223372036854775808"],"expected":"9223372036854775810","name":"rangeContinueBreak"}
{"args":["2","18446744073709551615"],"expected":"1","name":"rangeContinueBreak"}
{"args":["7","0"],"expected":"13","name":"rangeContinueBreak"}
{"args":["7","1"],"expected":"14","name":"rangeContinueBreak"}
{"args":["7","9223372036854775808"],"expected":"9223372036854775816","name":"rangeContinueBreak"}
{"args":["7","18446744073709551615"],"expected":"1","name":"rangeContinueBreak"}
{"args":["16","0"],"expected":"76","name":"rangeContinueBreak"}
{"args":["16","1"],"expected":"21","name":"rangeContinueBreak"}
{"args":["16","9223372036854775808"],"expected":"9223372036854775816","name":"rangeContinueBreak"}
{"args":["16","18446744073709551615"],"expected":"1","name":"rangeContinueBreak"}
{"args":["31","0"],"expected":"76","name":"rangeContinueBreak"}
{"args":["31","1"],"expected":"21","name":"rangeContinueBreak"}
{"args":["31","9223372036854775808"],"expected":"9223372036854775816","name":"rangeContinueBreak"}
{"args":["31","18446744073709551615"],"expected":"1","name":"rangeContinueBreak"}
{"args":["0","0"],"expected":"0","name":"rangeDoneFunction"}
{"args":["0","1"],"expected":"1","name":"rangeDoneFunction"}
{"args":["0","9223372036854775808"],"expected":"9223372036854775808","name":"rangeDoneFunction"}
{"args":["0","18446744073709551615"],"expected":"18446744073709551615","name":"rangeDoneFunction"}
{"args":["1","0"],"expected":"0","name":"rangeDoneFunction"}
{"args":["1","1"],"expected":"1","name":"rangeDoneFunction"}
{"args":["1","9223372036854775808"],"expected":"9223372036854775808","name":"rangeDoneFunction"}
{"args":["1","18446744073709551615"],"expected":"18446744073709551614","name":"rangeDoneFunction"}
{"args":["2","0"],"expected":"0","name":"rangeDoneFunction"}
{"args":["2","1"],"expected":"2","name":"rangeDoneFunction"}
{"args":["2","9223372036854775808"],"expected":"9223372036854775809","name":"rangeDoneFunction"}
{"args":["2","18446744073709551615"],"expected":"18446744073709551614","name":"rangeDoneFunction"}
{"args":["7","0"],"expected":"0","name":"rangeDoneFunction"}
{"args":["7","1"],"expected":"22","name":"rangeDoneFunction"}
{"args":["7","9223372036854775808"],"expected":"1","name":"rangeDoneFunction"}
{"args":["7","18446744073709551615"],"expected":"18446744073709551614","name":"rangeDoneFunction"}
{"args":["16","0"],"expected":"0","name":"rangeDoneFunction"}
{"args":["16","1"],"expected":"121","name":"rangeDoneFunction"}
{"args":["16","9223372036854775808"],"expected":"1","name":"rangeDoneFunction"}
{"args":["16","18446744073709551615"],"expected":"18446744073709551614","name":"rangeDoneFunction"}
{"args":["31","0"],"expected":"0","name":"rangeDoneFunction"}
{"args":["31","1"],"expected":"466","name":"rangeDoneFunction"}
{"args":["31","9223372036854775808"],"expected":"1","name":"rangeDoneFunction"}
{"args":["31","18446744073709551615"],"expected":"18446744073709551614","name":"rangeDoneFunction"}
{"args":["0","0"],"expected":"0","name":"rangeDoneUnitFunction"}
{"args":["0","1"],"expected":"1","name":"rangeDoneUnitFunction"}
{"args":["0","9223372036854775808"],"expected":"9223372036854775808","name":"rangeDoneUnitFunction"}
{"args":["0","18446744073709551615"],"expected":"18446744073709551615","name":"rangeDoneUnitFunction"}
{"args":["1","0"],"expected":"1","name":"rangeDoneUnitFunction"}
{"args":["1","1"],"expected":"2","name":"rangeDoneUnitFunction"}
{"args":["1","9223372036854775808"],"expected":"9223372036854775809","name":"rangeDoneUnitFunction"}
{"args":["1","18446744073709551615"],"expected":"1","name":"rangeDoneUnitFunction"}
{"args":["2","0"],"expected":"4","name":"rangeDoneUnitFunction"}
{"args":["2","1"],"expected":"5","name":"rangeDoneUnitFunction"}
{"args":["2","9223372036854775808"],"expected":"9223372036854775812","name":"rangeDoneUnitFunction"}
{"args":["2","18446744073709551615"],"expected":"1","name":"rangeDoneUnitFunction"}
{"args":["7","0"],"expected":"4","name":"rangeDoneUnitFunction"}
{"args":["7","1"],"expected":"5","name":"rangeDoneUnitFunction"}
{"args":["7","9223372036854775808"],"expected":"9223372036854775812","name":"rangeDoneUnitFunction"}
{"args":["7","18446744073709551615"],"expected":"1","name":"rangeDoneUnitFunction"}
{"args":["16","0"],"expected":"4","name":"rangeDoneUnitFunction"}
{"args":["16","1"],"expected":"5","name":"rangeDoneUnitFunction"}
{"args":["16","9223372036854775808"],"expected":"9223372036854775812","name":"rangeDoneUnitFunction"}
{"args":["16","18446744073709551615"],"expected":"1","name":"rangeDoneUnitFunction"}
{"args":["31","0"],"expected":"4","name":"rangeDoneUnitFunction"}
{"args":["31","1"],"expected":"5","name":"rangeDoneUnitFunction"}
{"args":["31","9223372036854775808"],"expected":"9223372036854775812","name":"rangeDoneUnitFunction"}
{"args":["31","18446744073709551615"],"expected":"1","name":"rangeDoneUnitFunction"}
{"args":["0","0"],"expected":"0","name":"rangeUnusedDone"}
{"args":["0","1"],"expected":"1","name":"rangeUnusedDone"}
{"args":["0","9223372036854775808"],"expected":"9223372036854775808","name":"rangeUnusedDone"}
{"args":["0","18446744073709551615"],"expected":"18446744073709551615","name":"rangeUnusedDone"}
{"args":["1","0"],"expected":"1","name":"rangeUnusedDone"}
{"args":["1","1"],"expected":"2","name":"rangeUnusedDone"}
{"args":["1","9223372036854775808"],"expected":"9223372036854775809","name":"rangeUnusedDone"}
{"args":["1","18446744073709551615"],"expected":"0","name":"rangeUnusedDone"}
{"args":["2","0"],"expected":"2","name":"rangeUnusedDone"}
{"args":["2","1"],"expected":"3","name":"rangeUnusedDone"}
{"args":["2","9223372036854775808"],"expected":"9223372036854775810","name":"rangeUnusedDone"}
{"args":["2","18446744073709551615"],"expected":"1","name":"rangeUnusedDone"}
{"args":["7","0"],"expected":"7","name":"rangeUnusedDone"}
{"args":["7","1"],"expected":"8","name":"rangeUnusedDone"}
{"args":["7","9223372036854775808"],"expected":"9223372036854775815","name":"rangeUnusedDone"}
{"args":["7","18446744073709551615"],"expected":"6","name":"rangeUnusedDone"}
{"args":["16","0"],"expected":"16","name":"rangeUnusedDone"}
{"args":["16","1"],"expected":"17","name":"rangeUnusedDone"}
{"args":["16","9223372036854775808"],"expected":"9223372036854775824","name":"rangeUnusedDone"}
{"args":["16","18446744073709551615"],"expected":"15","name":"rangeUnusedDone"}
{"args":["31","0"],"expected":"31","name":"rangeUnusedDone"}
{"args":["31","1"],"expected":"32","name":"rangeUnusedDone"}
{"args":["31","9223372036854775808"],"expected":"9223372036854775839","name":"rangeUnusedDone"}
{"args":["31","18446744073709551615"],"expected":"30","name":"rangeUnusedDone"}
{"args":["0","0"],"expected":"0","name":"rangeDirectSteps"}
{"args":["0","1"],"expected":"1","name":"rangeDirectSteps"}
{"args":["0","9223372036854775808"],"expected":"9223372036854775808","name":"rangeDirectSteps"}
{"args":["0","18446744073709551615"],"expected":"18446744073709551615","name":"rangeDirectSteps"}
{"args":["1","0"],"expected":"9","name":"rangeDirectSteps"}
{"args":["1","1"],"expected":"2","name":"rangeDirectSteps"}
{"args":["1","9223372036854775808"],"expected":"9223372036854775809","name":"rangeDirectSteps"}
{"args":["1","18446744073709551615"],"expected":"0","name":"rangeDirectSteps"}
{"args":["2","0"],"expected":"9","name":"rangeDirectSteps"}
{"args":["2","1"],"expected":"11","name":"rangeDirectSteps"}
{"args":["2","9223372036854775808"],"expected":"9223372036854775818","name":"rangeDirectSteps"}
{"args":["2","18446744073709551615"],"expected":"9","name":"rangeDirectSteps"}
{"args":["7","0"],"expected":"9","name":"rangeDirectSteps"}
{"args":["7","1"],"expected":"11","name":"rangeDirectSteps"}
{"args":["7","9223372036854775808"],"expected":"9223372036854775818","name":"rangeDirectSteps"}
{"args":["7","18446744073709551615"],"expected":"9","name":"rangeDirectSteps"}
{"args":["16","0"],"expected":"9","name":"rangeDirectSteps"}
{"args":["16","1"],"expected":"11","name":"rangeDirectSteps"}
{"args":["16","9223372036854775808"],"expected":"9223372036854775818","name":"rangeDirectSteps"}
{"args":["16","18446744073709551615"],"expected":"9","name":"rangeDirectSteps"}
{"args":["31","0"],"expected":"9","name":"rangeDirectSteps"}
{"args":["31","1"],"expected":"11","name":"rangeDirectSteps"}
{"args":["31","9223372036854775808"],"expected":"9223372036854775818","name":"rangeDirectSteps"}
{"args":["31","18446744073709551615"],"expected":"9","name":"rangeDirectSteps"}
{"args":["0","0"],"expected":"0","name":"rangeDirectFunction"}
{"args":["0","1"],"expected":"1","name":"rangeDirectFunction"}
{"args":["0","9223372036854775808"],"expected":"9223372036854775808","name":"rangeDirectFunction"}
{"args":["0","18446744073709551615"],"expected":"18446744073709551615","name":"rangeDirectFunction"}
{"args":["1","0"],"expected":"1","name":"rangeDirectFunction"}
{"args":["1","1"],"expected":"2","name":"rangeDirectFunction"}
{"args":["1","9223372036854775808"],"expected":"9223372036854775809","name":"rangeDirectFunction"}
{"args":["1","18446744073709551615"],"expected":"7","name":"rangeDirectFunction"}
{"args":["2","0"],"expected":"3","name":"rangeDirectFunction"}
{"args":["2","1"],"expected":"4","name":"rangeDirectFunction"}
{"args":["2","9223372036854775808"],"expected":"9223372036854775811","name":"rangeDirectFunction"}
{"args":["2","18446744073709551615"],"expected":"7","name":"rangeDirectFunction"}
{"args":["7","0"],"expected":"28","name":"rangeDirectFunction"}
{"args":["7","1"],"expected":"29","name":"rangeDirectFunction"}
{"args":["7","9223372036854775808"],"expected":"9223372036854775836","name":"rangeDirectFunction"}
{"args":["7","18446744073709551615"],"expected":"7","name":"rangeDirectFunction"}
{"args":["16","0"],"expected":"136","name":"rangeDirectFunction"}
{"args":["16","1"],"expected":"137","name":"rangeDirectFunction"}
{"args":["16","9223372036854775808"],"expected":"9223372036854775944","name":"rangeDirectFunction"}
{"args":["16","18446744073709551615"],"expected":"7","name":"rangeDirectFunction"}
{"args":["31","0"],"expected":"496","name":"rangeDirectFunction"}
{"args":["31","1"],"expected":"497","name":"rangeDirectFunction"}
{"args":["31","9223372036854775808"],"expected":"9223372036854776304","name":"rangeDirectFunction"}
{"args":["31","18446744073709551615"],"expected":"7","name":"rangeDirectFunction"}
{"args":["0","0"],"expected":"0","name":"rangeDirectUnitFunction"}
{"args":["0","1"],"expected":"1","name":"rangeDirectUnitFunction"}
{"args":["0","9223372036854775808"],"expected":"9223372036854775808","name":"rangeDirectUnitFunction"}
{"args":["0","18446744073709551615"],"expected":"18446744073709551615","name":"rangeDirectUnitFunction"}
{"args":["1","0"],"expected":"1","name":"rangeDirectUnitFunction"}
{"args":["1","1"],"expected":"2","name":"rangeDirectUnitFunction"}
{"args":["1","9223372036854775808"],"expected":"9223372036854775809","name":"rangeDirectUnitFunction"}
{"args":["1","18446744073709551615"],"expected":"0","name":"rangeDirectUnitFunction"}
{"args":["2","0"],"expected":"9","name":"rangeDirectUnitFunction"}
{"args":["2","1"],"expected":"12","name":"rangeDirectUnitFunction"}
{"args":["2","9223372036854775808"],"expected":"9223372036854775817","name":"rangeDirectUnitFunction"}
{"args":["2","18446744073709551615"],"expected":"0","name":"rangeDirectUnitFunction"}
{"args":["7","0"],"expected":"9","name":"rangeDirectUnitFunction"}
{"args":["7","1"],"expected":"12","name":"rangeDirectUnitFunction"}
{"args":["7","9223372036854775808"],"expected":"9223372036854775817","name":"rangeDirectUnitFunction"}
{"args":["7","18446744073709551615"],"expected":"0","name":"rangeDirectUnitFunction"}
{"args":["16","0"],"expected":"9","name":"rangeDirectUnitFunction"}
{"args":["16","1"],"expected":"12","name":"rangeDirectUnitFunction"}
{"args":["16","9223372036854775808"],"expected":"9223372036854775817","name":"rangeDirectUnitFunction"}
{"args":["16","18446744073709551615"],"expected":"0","name":"rangeDirectUnitFunction"}
{"args":["31","0"],"expected":"9","name":"rangeDirectUnitFunction"}
{"args":["31","1"],"expected":"12","name":"rangeDirectUnitFunction"}
{"args":["31","9223372036854775808"],"expected":"9223372036854775817","name":"rangeDirectUnitFunction"}
{"args":["31","18446744073709551615"],"expected":"0","name":"rangeDirectUnitFunction"}
{"args":["0","0"],"expected":"0","name":"rangeNatEmpty"}
{"args":["0","1"],"expected":"1","name":"rangeNatEmpty"}
{"args":["0","9223372036854775808"],"expected":"9223372036854775808","name":"rangeNatEmpty"}
{"args":["0","18446744073709551615"],"expected":"18446744073709551615","name":"rangeNatEmpty"}
{"args":["1","0"],"expected":"1","name":"rangeNatEmpty"}
{"args":["1","1"],"expected":"2","name":"rangeNatEmpty"}
{"args":["1","9223372036854775808"],"expected":"9223372036854775809","name":"rangeNatEmpty"}
{"args":["1","18446744073709551615"],"expected":"0","name":"rangeNatEmpty"}
{"args":["2","0"],"expected":"2","name":"rangeNatEmpty"}
{"args":["2","1"],"expected":"3","name":"rangeNatEmpty"}
{"args":["2","9223372036854775808"],"expected":"9223372036854775810","name":"rangeNatEmpty"}
{"args":["2","18446744073709551615"],"expected":"1","name":"rangeNatEmpty"}
{"args":["7","0"],"expected":"7","name":"rangeNatEmpty"}
{"args":["7","1"],"expected":"8","name":"rangeNatEmpty"}
{"args":["7","9223372036854775808"],"expected":"9223372036854775815","name":"rangeNatEmpty"}
{"args":["7","18446744073709551615"],"expected":"6","name":"rangeNatEmpty"}
{"args":["16","0"],"expected":"16","name":"rangeNatEmpty"}
{"args":["16","1"],"expected":"17","name":"rangeNatEmpty"}
{"args":["16","9223372036854775808"],"expected":"9223372036854775824","name":"rangeNatEmpty"}
{"args":["16","18446744073709551615"],"expected":"15","name":"rangeNatEmpty"}
{"args":["31","0"],"expected":"31","name":"rangeNatEmpty"}
{"args":["31","1"],"expected":"32","name":"rangeNatEmpty"}
{"args":["31","9223372036854775808"],"expected":"9223372036854775839","name":"rangeNatEmpty"}
{"args":["31","18446744073709551615"],"expected":"30","name":"rangeNatEmpty"}
{"args":["0","0"],"expected":"0","name":"rangeNatOne"}
{"args":["0","1"],"expected":"1","name":"rangeNatOne"}
{"args":["0","9223372036854775808"],"expected":"9223372036854775808","name":"rangeNatOne"}
{"args":["0","18446744073709551615"],"expected":"18446744073709551615","name":"rangeNatOne"}
{"args":["1","0"],"expected":"1","name":"rangeNatOne"}
{"args":["1","1"],"expected":"2","name":"rangeNatOne"}
{"args":["1","9223372036854775808"],"expected":"9223372036854775809","name":"rangeNatOne"}
{"args":["1","18446744073709551615"],"expected":"0","name":"rangeNatOne"}
{"args":["2","0"],"expected":"2","name":"rangeNatOne"}
{"args":["2","1"],"expected":"3","name":"rangeNatOne"}
{"args":["2","9223372036854775808"],"expected":"9223372036854775810","name":"rangeNatOne"}
{"args":["2","18446744073709551615"],"expected":"1","name":"rangeNatOne"}
{"args":["7","0"],"expected":"7","name":"rangeNatOne"}
{"args":["7","1"],"expected":"8","name":"rangeNatOne"}
{"args":["7","9223372036854775808"],"expected":"9223372036854775815","name":"rangeNatOne"}
{"args":["7","18446744073709551615"],"expected":"6","name":"rangeNatOne"}
{"args":["16","0"],"expected":"16","name":"rangeNatOne"}
{"args":["16","1"],"expected":"17","name":"rangeNatOne"}
{"args":["16","9223372036854775808"],"expected":"9223372036854775824","name":"rangeNatOne"}
{"args":["16","18446744073709551615"],"expected":"15","name":"rangeNatOne"}
{"args":["31","0"],"expected":"31","name":"rangeNatOne"}
{"args":["31","1"],"expected":"32","name":"rangeNatOne"}
{"args":["31","9223372036854775808"],"expected":"9223372036854775839","name":"rangeNatOne"}
{"args":["31","18446744073709551615"],"expected":"30","name":"rangeNatOne"}
{"args":["0","0"],"expected":"0","name":"rangeNatLiteral"}
{"args":["0","1"],"expected":"1","name":"rangeNatLiteral"}
{"args":["0","9223372036854775808"],"expected":"9223372036854775808","name":"rangeNatLiteral"}
{"args":["0","18446744073709551615"],"expected":"18446744073709551615","name":"rangeNatLiteral"}
{"args":["1","0"],"expected":"1","name":"rangeNatLiteral"}
{"args":["1","1"],"expected":"2","name":"rangeNatLiteral"}
{"args":["1","9223372036854775808"],"expected":"9223372036854775809","name":"rangeNatLiteral"}
{"args":["1","18446744073709551615"],"expected":"0","name":"rangeNatLiteral"}
{"args":["2","0"],"expected":"3","name":"rangeNatLiteral"}
{"args":["2","1"],"expected":"4","name":"rangeNatLiteral"}
{"args":["2","9223372036854775808"],"expected":"9223372036854775811","name":"rangeNatLiteral"}
{"args":["2","18446744073709551615"],"expected":"2","name":"rangeNatLiteral"}
{"args":["7","0"],"expected":"28","name":"rangeNatLiteral"}
{"args":["7","1"],"expected":"29","name":"rangeNatLiteral"}
{"args":["7","9223372036854775808"],"expected":"9223372036854775836","name":"rangeNatLiteral"}
{"args":["7","18446744073709551615"],"expected":"27","name":"rangeNatLiteral"}
{"args":["16","0"],"expected":"28","name":"rangeNatLiteral"}
{"args":["16","1"],"expected":"29","name":"rangeNatLiteral"}
{"args":["16","9223372036854775808"],"expected":"9223372036854775836","name":"rangeNatLiteral"}
{"args":["16","18446744073709551615"],"expected":"27","name":"rangeNatLiteral"}
{"args":["31","0"],"expected":"28","name":"rangeNatLiteral"}
{"args":["31","1"],"expected":"29","name":"rangeNatLiteral"}
{"args":["31","9223372036854775808"],"expected":"9223372036854775836","name":"rangeNatLiteral"}
{"args":["31","18446744073709551615"],"expected":"27","name":"rangeNatLiteral"}
{"args":["0","0"],"expected":"9","name":"rangeNatDirect"}
{"args":["0","1"],"expected":"10","name":"rangeNatDirect"}
{"args":["0","9223372036854775808"],"expected":"9223372036854775817","name":"rangeNatDirect"}
{"args":["0","18446744073709551615"],"expected":"8","name":"rangeNatDirect"}
{"args":["1","0"],"expected":"10","name":"rangeNatDirect"}
{"args":["1","1"],"expected":"13","name":"rangeNatDirect"}
{"args":["1","9223372036854775808"],"expected":"9223372036854775818","name":"rangeNatDirect"}
{"args":["1","18446744073709551615"],"expected":"7","name":"rangeNatDirect"}
{"args":["2","0"],"expected":"13","name":"rangeNatDirect"}
{"args":["2","1"],"expected":"22","name":"rangeNatDirect"}
{"args":["2","9223372036854775808"],"expected":"9223372036854775821","name":"rangeNatDirect"}
{"args":["2","18446744073709551615"],"expected":"4","name":"rangeNatDirect"}
{"args":["7","0"],"expected":"1102","name":"rangeNatDirect"}
{"args":["7","1"],"expected":"3289","name":"rangeNatDirect"}
{"args":["7","9223372036854775808"],"expected":"9223372036854776910","name":"rangeNatDirect"}
{"args":["7","18446744073709551615"],"expected":"18446744073709550531","name":"rangeNatDirect"}
{"args":["16","0"],"expected":"21523369","name":"rangeNatDirect"}
{"args":["16","1"],"expected":"64570090","name":"rangeNatDirect"}
{"args":["16","9223372036854775808"],"expected":"9223372036876299177","name":"rangeNatDirect"}
{"args":["16","18446744073709551615"],"expected":"18446744073688028264","name":"rangeNatDirect"}
{"args":["31","0"],"expected":"308836698141973","name":"rangeNatDirect"}
{"args":["31","1"],"expected":"926510094425920","name":"rangeNatDirect"}
{"args":["31","9223372036854775808"],"expected":"9223680873552917781","name":"rangeNatDirect"}
{"args":["31","18446744073709551615"],"expected":"18446435237011409642","name":"rangeNatDirect"}
{"args":["0","0"],"expected":"0","name":"rangeNatMax"}
{"args":["0","1"],"expected":"1","name":"rangeNatMax"}
{"args":["0","9223372036854775808"],"expected":"9223372036854775808","name":"rangeNatMax"}
{"args":["0","18446744073709551615"],"expected":"18446744073709551615","name":"rangeNatMax"}
{"args":["1","0"],"expected":"1","name":"rangeNatMax"}
{"args":["1","1"],"expected":"2","name":"rangeNatMax"}
{"args":["1","9223372036854775808"],"expected":"9223372036854775809","name":"rangeNatMax"}
{"args":["1","18446744073709551615"],"expected":"0","name":"rangeNatMax"}
{"args":["2","0"],"expected":"2","name":"rangeNatMax"}
{"args":["2","1"],"expected":"3","name":"rangeNatMax"}
{"args":["2","9223372036854775808"],"expected":"9223372036854775810","name":"rangeNatMax"}
{"args":["2","18446744073709551615"],"expected":"1","name":"rangeNatMax"}
{"args":["7","0"],"expected":"7","name":"rangeNatMax"}
{"args":["7","1"],"expected":"8","name":"rangeNatMax"}
{"args":["7","9223372036854775808"],"expected":"9223372036854775815","name":"rangeNatMax"}
{"args":["7","18446744073709551615"],"expected":"6","name":"rangeNatMax"}
{"args":["16","0"],"expected":"16","name":"rangeNatMax"}
{"args":["16","1"],"expected":"17","name":"rangeNatMax"}
{"args":["16","9223372036854775808"],"expected":"9223372036854775824","name":"rangeNatMax"}
{"args":["16","18446744073709551615"],"expected":"15","name":"rangeNatMax"}
{"args":["31","0"],"expected":"31","name":"rangeNatMax"}
{"args":["31","1"],"expected":"32","name":"rangeNatMax"}
{"args":["31","9223372036854775808"],"expected":"9223372036854775839","name":"rangeNatMax"}
{"args":["31","18446744073709551615"],"expected":"30","name":"rangeNatMax"}
{"args":["0","0"],"expected":"0","name":"rangeStepRun"}
{"args":["0","1"],"expected":"1","name":"rangeStepRun"}
{"args":["0","9223372036854775808"],"expected":"9223372036854775808","name":"rangeStepRun"}
{"args":["0","18446744073709551615"],"expected":"18446744073709551615","name":"rangeStepRun"}
{"args":["1","0"],"expected":"7","name":"rangeStepRun"}
{"args":["1","1"],"expected":"8","name":"rangeStepRun"}
{"args":["1","9223372036854775808"],"expected":"9223372036854775815","name":"rangeStepRun"}
{"args":["1","18446744073709551615"],"expected":"6","name":"rangeStepRun"}
{"args":["2","0"],"expected":"7","name":"rangeStepRun"}
{"args":["2","1"],"expected":"8","name":"rangeStepRun"}
{"args":["2","9223372036854775808"],"expected":"9223372036854775815","name":"rangeStepRun"}
{"args":["2","18446744073709551615"],"expected":"6","name":"rangeStepRun"}
{"args":["7","0"],"expected":"7","name":"rangeStepRun"}
{"args":["7","1"],"expected":"8","name":"rangeStepRun"}
{"args":["7","9223372036854775808"],"expected":"9223372036854775815","name":"rangeStepRun"}
{"args":["7","18446744073709551615"],"expected":"6","name":"rangeStepRun"}
{"args":["16","0"],"expected":"7","name":"rangeStepRun"}
{"args":["16","1"],"expected":"8","name":"rangeStepRun"}
{"args":["16","9223372036854775808"],"expected":"9223372036854775815","name":"rangeStepRun"}
{"args":["16","18446744073709551615"],"expected":"6","name":"rangeStepRun"}
{"args":["31","0"],"expected":"7","name":"rangeStepRun"}
{"args":["31","1"],"expected":"8","name":"rangeStepRun"}
{"args":["31","9223372036854775808"],"expected":"9223372036854775815","name":"rangeStepRun"}
{"args":["31","18446744073709551615"],"expected":"6","name":"rangeStepRun"}
{"args":["0","0"],"expected":"0","name":"rangeStepPure"}
{"args":["0","1"],"expected":"1","name":"rangeStepPure"}
{"args":["0","9223372036854775808"],"expected":"9223372036854775808","name":"rangeStepPure"}
{"args":["0","18446744073709551615"],"expected":"18446744073709551615","name":"rangeStepPure"}
{"args":["1","0"],"expected":"9","name":"rangeStepPure"}
{"args":["1","1"],"expected":"2","name":"rangeStepPure"}
{"args":["1","9223372036854775808"],"expected":"9223372036854775809","name":"rangeStepPure"}
{"args":["1","18446744073709551615"],"expected":"0","name":"rangeStepPure"}
{"args":["2","0"],"expected":"9","name":"rangeStepPure"}
{"args":["2","1"],"expected":"11","name":"rangeStepPure"}
{"args":["2","9223372036854775808"],"expected":"9223372036854775818","name":"rangeStepPure"}
{"args":["2","18446744073709551615"],"expected":"9","name":"rangeStepPure"}
{"args":["7","0"],"expected":"9","name":"rangeStepPure"}
{"args":["7","1"],"expected":"11","name":"rangeStepPure"}
{"args":["7","9223372036854775808"],"expected":"9223372036854775818","name":"rangeStepPure"}
{"args":["7","18446744073709551615"],"expected":"9","name":"rangeStepPure"}
{"args":["16","0"],"expected":"9","name":"rangeStepPure"}
{"args":["16","1"],"expected":"11","name":"rangeStepPure"}
{"args":["16","9223372036854775808"],"expected":"9223372036854775818","name":"rangeStepPure"}
{"args":["16","18446744073709551615"],"expected":"9","name":"rangeStepPure"}
{"args":["31","0"],"expected":"9","name":"rangeStepPure"}
{"args":["31","1"],"expected":"11","name":"rangeStepPure"}
{"args":["31","9223372036854775808"],"expected":"9223372036854775818","name":"rangeStepPure"}
{"args":["31","18446744073709551615"],"expected":"9","name":"rangeStepPure"}
{"args":["0","0"],"expected":"0","name":"rangeStepLet"}
{"args":["0","1"],"expected":"1","name":"rangeStepLet"}
{"args":["0","9223372036854775808"],"expected":"9223372036854775808","name":"rangeStepLet"}
{"args":["0","18446744073709551615"],"expected":"18446744073709551615","name":"rangeStepLet"}
{"args":["1","0"],"expected":"7","name":"rangeStepLet"}
{"args":["1","1"],"expected":"1","name":"rangeStepLet"}
{"args":["1","9223372036854775808"],"expected":"9223372036854775808","name":"rangeStepLet"}
{"args":["1","18446744073709551615"],"expected":"6","name":"rangeStepLet"}
{"args":["2","0"],"expected":"7","name":"rangeStepLet"}
{"args":["2","1"],"expected":"8","name":"rangeStepLet"}
{"args":["2","9223372036854775808"],"expected":"9223372036854775809","name":"rangeStepLet"}
{"args":["2","18446744073709551615"],"expected":"6","name":"rangeStepLet"}
{"args":["7","0"],"expected":"7","name":"rangeStepLet"}
{"args":["7","1"],"expected":"8","name":"rangeStepLet"}
{"args":["7","9223372036854775808"],"expected":"9223372036854775816","name":"rangeStepLet"}
{"args":["7","18446744073709551615"],"expected":"6","name":"rangeStepLet"}
{"args":["16","0"],"expected":"7","name":"rangeStepLet"}
{"args":["16","1"],"expected":"8","name":"rangeStepLet"}
{"args":["16","9223372036854775808"],"expected":"9223372036854775816","name":"rangeStepLet"}
{"args":["16","18446744073709551615"],"expected":"6","name":"rangeStepLet"}
{"args":["31","0"],"expected":"7","name":"rangeStepLet"}
{"args":["31","1"],"expected":"8","name":"rangeStepLet"}
{"args":["31","9223372036854775808"],"expected":"9223372036854775816","name":"rangeStepLet"}
{"args":["31","18446744073709551615"],"expected":"6","name":"rangeStepLet"}
{"args":["0","0"],"expected":"0","name":"rangeStepCapture"}
{"args":["0","1"],"expected":"1","name":"rangeStepCapture"}
{"args":["0","9223372036854775808"],"expected":"9223372036854775808","name":"rangeStepCapture"}
{"args":["0","18446744073709551615"],"expected":"18446744073709551615","name":"rangeStepCapture"}
{"args":["1","0"],"expected":"3","name":"rangeStepCapture"}
{"args":["1","1"],"expected":"4","name":"rangeStepCapture"}
{"args":["1","9223372036854775808"],"expected":"9223372036854775810","name":"rangeStepCapture"}
{"args":["1","18446744073709551615"],"expected":"2","name":"rangeStepCapture"}
{"args":["2","0"],"expected":"3","name":"rangeStepCapture"}
{"args":["2","1"],"expected":"4","name":"rangeStepCapture"}
{"args":["2","9223372036854775808"],"expected":"9223372036854775812","name":"rangeStepCapture"}
{"args":["2","18446744073709551615"],"expected":"2","name":"rangeStepCapture"}
{"args":["7","0"],"expected":"3","name":"rangeStepCapture"}
{"args":["7","1"],"expected":"4","name":"rangeStepCapture"}
{"args":["7","9223372036854775808"],"expected":"9223372036854775822","name":"rangeStepCapture"}
{"args":["7","18446744073709551615"],"expected":"2","name":"rangeStepCapture"}
{"args":["16","0"],"expected":"3","name":"rangeStepCapture"}
{"args":["16","1"],"expected":"4","name":"rangeStepCapture"}
{"args":["16","9223372036854775808"],"expected":"9223372036854775840","name":"rangeStepCapture"}
{"args":["16","18446744073709551615"],"expected":"2","name":"rangeStepCapture"}
{"args":["31","0"],"expected":"3","name":"rangeStepCapture"}
{"args":["31","1"],"expected":"4","name":"rangeStepCapture"}
{"args":["31","9223372036854775808"],"expected":"9223372036854775870","name":"rangeStepCapture"}
{"args":["31","18446744073709551615"],"expected":"2","name":"rangeStepCapture"}
{"args":["0","0"],"expected":"0","name":"rangeStepBind"}
{"args":["0","1"],"expected":"1","name":"rangeStepBind"}
{"args":["0","9223372036854775808"],"expected":"9223372036854775808","name":"rangeStepBind"}
{"args":["0","18446744073709551615"],"expected":"18446744073709551615","name":"rangeStepBind"}
{"args":["1","0"],"expected":"9","name":"rangeStepBind"}
{"args":["1","1"],"expected":"2","name":"rangeStepBind"}
{"args":["1","9223372036854775808"],"expected":"9223372036854775809","name":"rangeStepBind"}
{"args":["1","18446744073709551615"],"expected":"0","name":"rangeStepBind"}
{"args":["2","0"],"expected":"9","name":"rangeStepBind"}
{"args":["2","1"],"expected":"11","name":"rangeStepBind"}
{"args":["2","9223372036854775808"],"expected":"9223372036854775818","name":"rangeStepBind"}
{"args":["2","18446744073709551615"],"expected":"9","name":"rangeStepBind"}
{"args":["7","0"],"expected":"9","name":"rangeStepBind"}
{"args":["7","1"],"expected":"11","name":"rangeStepBind"}
{"args":["7","9223372036854775808"],"expected":"9223372036854775818","name":"rangeStepBind"}
{"args":["7","18446744073709551615"],"expected":"9","name":"rangeStepBind"}
{"args":["16","0"],"expected":"9","name":"rangeStepBind"}
{"args":["16","1"],"expected":"11","name":"rangeStepBind"}
{"args":["16","9223372036854775808"],"expected":"9223372036854775818","name":"rangeStepBind"}
{"args":["16","18446744073709551615"],"expected":"9","name":"rangeStepBind"}
{"args":["31","0"],"expected":"9","name":"rangeStepBind"}
{"args":["31","1"],"expected":"11","name":"rangeStepBind"}
{"args":["31","9223372036854775808"],"expected":"9223372036854775818","name":"rangeStepBind"}
{"args":["31","18446744073709551615"],"expected":"9","name":"rangeStepBind"}
{"args":["0","0"],"expected":"0","name":"rangeStepIdLet"}
{"args":["0","1"],"expected":"1","name":"rangeStepIdLet"}
{"args":["0","9223372036854775808"],"expected":"9223372036854775808","name":"rangeStepIdLet"}
{"args":["0","18446744073709551615"],"expected":"18446744073709551615","name":"rangeStepIdLet"}
{"args":["1","0"],"expected":"1","name":"rangeStepIdLet"}
{"args":["1","1"],"expected":"2","name":"rangeStepIdLet"}
{"args":["1","9223372036854775808"],"expected":"9223372036854775809","name":"rangeStepIdLet"}
{"args":["1","18446744073709551615"],"expected":"0","name":"rangeStepIdLet"}
{"args":["2","0"],"expected":"1","name":"rangeStepIdLet"}
{"args":["2","1"],"expected":"2","name":"rangeStepIdLet"}
{"args":["2","9223372036854775808"],"expected":"9223372036854775809","name":"rangeStepIdLet"}
{"args":["2","18446744073709551615"],"expected":"0","name":"rangeStepIdLet"}
{"args":["7","0"],"expected":"1","name":"rangeStepIdLet"}
{"args":["7","1"],"expected":"2","name":"rangeStepIdLet"}
{"args":["7","9223372036854775808"],"expected":"9223372036854775809","name":"rangeStepIdLet"}
{"args":["7","18446744073709551615"],"expected":"0","name":"rangeStepIdLet"}
{"args":["16","0"],"expected":"1","name":"rangeStepIdLet"}
{"args":["16","1"],"expected":"2","name":"rangeStepIdLet"}
{"args":["16","9223372036854775808"],"expected":"9223372036854775809","name":"rangeStepIdLet"}
{"args":["16","18446744073709551615"],"expected":"0","name":"rangeStepIdLet"}
{"args":["31","0"],"expected":"1","name":"rangeStepIdLet"}
{"args":["31","1"],"expected":"2","name":"rangeStepIdLet"}
{"args":["31","9223372036854775808"],"expected":"9223372036854775809","name":"rangeStepIdLet"}
{"args":["31","18446744073709551615"],"expected":"0","name":"rangeStepIdLet"}
{"args":["0","0"],"expected":"0","name":"rangeStepUnused"}
{"args":["0","1"],"expected":"1","name":"rangeStepUnused"}
{"args":["0","9223372036854775808"],"expected":"9223372036854775808","name":"rangeStepUnused"}
{"args":["0","18446744073709551615"],"expected":"18446744073709551615","name":"rangeStepUnused"}
{"args":["1","0"],"expected":"1","name":"rangeStepUnused"}
{"args":["1","1"],"expected":"2","name":"rangeStepUnused"}
{"args":["1","9223372036854775808"],"expected":"9223372036854775809","name":"rangeStepUnused"}
{"args":["1","18446744073709551615"],"expected":"0","name":"rangeStepUnused"}
{"args":["2","0"],"expected":"3","name":"rangeStepUnused"}
{"args":["2","1"],"expected":"4","name":"rangeStepUnused"}
{"args":["2","9223372036854775808"],"expected":"9223372036854775811","name":"rangeStepUnused"}
{"args":["2","18446744073709551615"],"expected":"2","name":"rangeStepUnused"}
{"args":["7","0"],"expected":"28","name":"rangeStepUnused"}
{"args":["7","1"],"expected":"29","name":"rangeStepUnused"}
{"args":["7","9223372036854775808"],"expected":"9223372036854775836","name":"rangeStepUnused"}
{"args":["7","18446744073709551615"],"expected":"27","name":"rangeStepUnused"}
{"args":["16","0"],"expected":"136","name":"rangeStepUnused"}
{"args":["16","1"],"expected":"137","name":"rangeStepUnused"}
{"args":["16","9223372036854775808"],"expected":"9223372036854775944","name":"rangeStepUnused"}
{"args":["16","18446744073709551615"],"expected":"135","name":"rangeStepUnused"}
{"args":["31","0"],"expected":"496","name":"rangeStepUnused"}
{"args":["31","1"],"expected":"497","name":"rangeStepUnused"}
{"args":["31","9223372036854775808"],"expected":"9223372036854776304","name":"rangeStepUnused"}
{"args":["31","18446744073709551615"],"expected":"495","name":"rangeStepUnused"}
{"args":["0","0"],"expected":"0","name":"rangeStepWrappedBind"}
{"args":["0","1"],"expected":"1","name":"rangeStepWrappedBind"}
{"args":["0","9223372036854775808"],"expected":"9223372036854775808","name":"rangeStepWrappedBind"}
{"args":["0","18446744073709551615"],"expected":"18446744073709551615","name":"rangeStepWrappedBind"}
{"args":["1","0"],"expected":"11","name":"rangeStepWrappedBind"}
{"args":["1","1"],"expected":"12","name":"rangeStepWrappedBind"}
{"args":["1","9223372036854775808"],"expected":"9223372036854775819","name":"rangeStepWrappedBind"}
{"args":["1","18446744073709551615"],"expected":"10","name":"rangeStepWrappedBind"}
{"args":["2","0"],"expected":"11","name":"rangeStepWrappedBind"}
{"args":["2","1"],"expected":"12","name":"rangeStepWrappedBind"}
{"args":["2","9223372036854775808"],"expected":"9223372036854775819","name":"rangeStepWrappedBind"}
{"args":["2","18446744073709551615"],"expected":"10","name":"rangeStepWrappedBind"}
{"args":["7","0"],"expected":"11","name":"rangeStepWrappedBind"}
{"args":["7","1"],"expected":"12","name":"rangeStepWrappedBind"}
{"args":["7","9223372036854775808"],"expected":"9223372036854775819","name":"rangeStepWrappedBind"}
{"args":["7","18446744073709551615"],"expected":"10","name":"rangeStepWrappedBind"}
{"args":["16","0"],"expected":"11","name":"rangeStepWrappedBind"}
{"args":["16","1"],"expected":"12","name":"rangeStepWrappedBind"}
{"args":["16","9223372036854775808"],"expected":"9223372036854775819","name":"rangeStepWrappedBind"}
{"args":["16","18446744073709551615"],"expected":"10","name":"rangeStepWrappedBind"}
{"args":["31","0"],"expected":"11","name":"rangeStepWrappedBind"}
{"args":["31","1"],"expected":"12","name":"rangeStepWrappedBind"}
{"args":["31","9223372036854775808"],"expected":"9223372036854775819","name":"rangeStepWrappedBind"}
{"args":["31","18446744073709551615"],"expected":"10","name":"rangeStepWrappedBind"}
{"args":["0","0"],"expected":"0","name":"rangeStepJoined"}
{"args":["0","1"],"expected":"1","name":"rangeStepJoined"}
{"args":["0","9223372036854775808"],"expected":"9223372036854775808","name":"rangeStepJoined"}
{"args":["0","18446744073709551615"],"expected":"18446744073709551615","name":"rangeStepJoined"}
{"args":["1","0"],"expected":"9","name":"rangeStepJoined"}
{"args":["1","1"],"expected":"2","name":"rangeStepJoined"}
{"args":["1","9223372036854775808"],"expected":"9223372036854775809","name":"rangeStepJoined"}
{"args":["1","18446744073709551615"],"expected":"0","name":"rangeStepJoined"}
{"args":["2","0"],"expected":"9","name":"rangeStepJoined"}
{"args":["2","1"],"expected":"11","name":"rangeStepJoined"}
{"args":["2","9223372036854775808"],"expected":"9223372036854775818","name":"rangeStepJoined"}
{"args":["2","18446744073709551615"],"expected":"9","name":"rangeStepJoined"}
{"args":["7","0"],"expected":"9","name":"rangeStepJoined"}
{"args":["7","1"],"expected":"11","name":"rangeStepJoined"}
{"args":["7","9223372036854775808"],"expected":"9223372036854775818","name":"rangeStepJoined"}
{"args":["7","18446744073709551615"],"expected":"9","name":"rangeStepJoined"}
{"args":["16","0"],"expected":"9","name":"rangeStepJoined"}
{"args":["16","1"],"expected":"11","name":"rangeStepJoined"}
{"args":["16","9223372036854775808"],"expected":"9223372036854775818","name":"rangeStepJoined"}
{"args":["16","18446744073709551615"],"expected":"9","name":"rangeStepJoined"}
{"args":["31","0"],"expected":"9","name":"rangeStepJoined"}
{"args":["31","1"],"expected":"11","name":"rangeStepJoined"}
{"args":["31","9223372036854775808"],"expected":"9223372036854775818","name":"rangeStepJoined"}
{"args":["31","18446744073709551615"],"expected":"9","name":"rangeStepJoined"}
{"args":["0","0"],"expected":"0","name":"rangeResultFunction"}
{"args":["0","1"],"expected":"1","name":"rangeResultFunction"}
{"args":["0","9223372036854775808"],"expected":"9223372036854775808","name":"rangeResultFunction"}
{"args":["0","18446744073709551615"],"expected":"18446744073709551615","name":"rangeResultFunction"}
{"args":["1","0"],"expected":"0","name":"rangeResultFunction"}
{"args":["1","1"],"expected":"2","name":"rangeResultFunction"}
{"args":["1","9223372036854775808"],"expected":"9223372036854775809","name":"rangeResultFunction"}
{"args":["1","18446744073709551615"],"expected":"18446744073709551614","name":"rangeResultFunction"}
{"args":["2","0"],"expected":"0","name":"rangeResultFunction"}
{"args":["2","1"],"expected":"11","name":"rangeResultFunction"}
{"args":["2","9223372036854775808"],"expected":"1","name":"rangeResultFunction"}
{"args":["2","18446744073709551615"],"expected":"18446744073709551614","name":"rangeResultFunction"}
{"args":["7","0"],"expected":"0","name":"rangeResultFunction"}
{"args":["7","1"],"expected":"11","name":"rangeResultFunction"}
{"args":["7","9223372036854775808"],"expected":"1","name":"rangeResultFunction"}
{"args":["7","18446744073709551615"],"expected":"18446744073709551614","name":"rangeResultFunction"}
{"args":["16","0"],"expected":"0","name":"rangeResultFunction"}
{"args":["16","1"],"expected":"11","name":"rangeResultFunction"}
{"args":["16","9223372036854775808"],"expected":"1","name":"rangeResultFunction"}
{"args":["16","18446744073709551615"],"expected":"18446744073709551614","name":"rangeResultFunction"}
{"args":["31","0"],"expected":"0","name":"rangeResultFunction"}
{"args":["31","1"],"expected":"11","name":"rangeResultFunction"}
{"args":["31","9223372036854775808"],"expected":"1","name":"rangeResultFunction"}
{"args":["31","18446744073709551615"],"expected":"18446744073709551614","name":"rangeResultFunction"}
{"args":["0","0"],"expected":"0","name":"rangeResultChained"}
{"args":["0","1"],"expected":"1","name":"rangeResultChained"}
{"args":["0","9223372036854775808"],"expected":"9223372036854775808","name":"rangeResultChained"}
{"args":["0","18446744073709551615"],"expected":"18446744073709551615","name":"rangeResultChained"}
{"args":["1","0"],"expected":"0","name":"rangeResultChained"}
{"args":["1","1"],"expected":"8","name":"rangeResultChained"}
{"args":["1","9223372036854775808"],"expected":"3074457345618258602","name":"rangeResultChained"}
{"args":["1","18446744073709551615"],"expected":"6148914691236517205","name":"rangeResultChained"}
{"args":["2","0"],"expected":"0","name":"rangeResultChained"}
{"args":["2","1"],"expected":"2","name":"rangeResultChained"}
{"args":["2","9223372036854775808"],"expected":"1024819115206086200","name":"rangeResultChained"}
{"args":["2","18446744073709551615"],"expected":"2049638230412172401","name":"rangeResultChained"}
{"args":["7","0"],"expected":"0","name":"rangeResultChained"}
{"args":["7","1"],"expected":"4","name":"rangeResultChained"}
{"args":["7","9223372036854775808"],"expected":"4217362614016815","name":"rangeResultChained"}
{"args":["7","18446744073709551615"],"expected":"8434725228033631","name":"rangeResultChained"}
{"args":["16","0"],"expected":"5","name":"rangeResultChained"}
{"args":["16","1"],"expected":"9","name":"rangeResultChained"}
{"args":["16","9223372036854775808"],"expected":"4217362614016820","name":"rangeResultChained"}
{"args":["16","18446744073709551615"],"expected":"8434725228033636","name":"rangeResultChained"}
{"args":["31","0"],"expected":"5","name":"rangeResultChained"}
{"args":["31","1"],"expected":"9","name":"rangeResultChained"}
{"args":["31","9223372036854775808"],"expected":"4217362614016820","name":"rangeResultChained"}
{"args":["31","18446744073709551615"],"expected":"8434725228033636","name":"rangeResultChained"}
{"args":["0","0"],"expected":"0","name":"rangeResultCapture"}
{"args":["0","1"],"expected":"1","name":"rangeResultCapture"}
{"args":["0","9223372036854775808"],"expected":"9223372036854775808","name":"rangeResultCapture"}
{"args":["0","18446744073709551615"],"expected":"18446744073709551615","name":"rangeResultCapture"}
{"args":["1","0"],"expected":"0","name":"rangeResultCapture"}
{"args":["1","1"],"expected":"1","name":"rangeResultCapture"}
{"args":["1","9223372036854775808"],"expected":"9223372036854775808","name":"rangeResultCapture"}
{"args":["1","18446744073709551615"],"expected":"18446744073709551615","name":"rangeResultCapture"}
{"args":["2","0"],"expected":"0","name":"rangeResultCapture"}
{"args":["2","1"],"expected":"1","name":"rangeResultCapture"}
{"args":["2","9223372036854775808"],"expected":"9223372036854775808","name":"rangeResultCapture"}
{"args":["2","18446744073709551615"],"expected":"18446744073709551615","name":"rangeResultCapture"}
{"args":["7","0"],"expected":"0","name":"rangeResultCapture"}
{"args":["7","1"],"expected":"1","name":"rangeResultCapture"}
{"args":["7","9223372036854775808"],"expected":"9223372036854775808","name":"rangeResultCapture"}
{"args":["7","18446744073709551615"],"expected":"18446744073709551615","name":"rangeResultCapture"}
{"args":["16","0"],"expected":"0","name":"rangeResultCapture"}
{"args":["16","1"],"expected":"1","name":"rangeResultCapture"}
{"args":["16","9223372036854775808"],"expected":"9223372036854775808","name":"rangeResultCapture"}
{"args":["16","18446744073709551615"],"expected":"18446744073709551615","name":"rangeResultCapture"}
{"args":["31","0"],"expected":"0","name":"rangeResultCapture"}
{"args":["31","1"],"expected":"1","name":"rangeResultCapture"}
{"args":["31","9223372036854775808"],"expected":"9223372036854775808","name":"rangeResultCapture"}
{"args":["31","18446744073709551615"],"expected":"18446744073709551615","name":"rangeResultCapture"}
{"args":["0","0"],"expected":"0","name":"rangeResultUnused"}
{"args":["0","1"],"expected":"1","name":"rangeResultUnused"}
{"args":["0","9223372036854775808"],"expected":"9223372036854775808","name":"rangeResultUnused"}
{"args":["0","18446744073709551615"],"expected":"18446744073709551615","name":"rangeResultUnused"}
{"args":["1","0"],"expected":"1","name":"rangeResultUnused"}
{"args":["1","1"],"expected":"2","name":"rangeResultUnused"}
{"args":["1","9223372036854775808"],"expected":"9223372036854775809","name":"rangeResultUnused"}
{"args":["1","18446744073709551615"],"expected":"0","name":"rangeResultUnused"}
{"args":["2","0"],"expected":"3","name":"rangeResultUnused"}
{"args":["2","1"],"expected":"4","name":"rangeResultUnused"}
{"args":["2","9223372036854775808"],"expected":"9223372036854775811","name":"rangeResultUnused"}
{"args":["2","18446744073709551615"],"expected":"2","name":"rangeResultUnused"}
{"args":["7","0"],"expected":"28","name":"rangeResultUnused"}
{"args":["7","1"],"expected":"29","name":"rangeResultUnused"}
{"args":["7","9223372036854775808"],"expected":"9223372036854775836","name":"rangeResultUnused"}
{"args":["7","18446744073709551615"],"expected":"27","name":"rangeResultUnused"}
{"args":["16","0"],"expected":"136","name":"rangeResultUnused"}
{"args":["16","1"],"expected":"137","name":"rangeResultUnused"}
{"args":["16","9223372036854775808"],"expected":"9223372036854775944","name":"rangeResultUnused"}
{"args":["16","18446744073709551615"],"expected":"135","name":"rangeResultUnused"}
{"args":["31","0"],"expected":"496","name":"rangeResultUnused"}
{"args":["31","1"],"expected":"497","name":"rangeResultUnused"}
{"args":["31","9223372036854775808"],"expected":"9223372036854776304","name":"rangeResultUnused"}
{"args":["31","18446744073709551615"],"expected":"495","name":"rangeResultUnused"}
{"args":["0","0"],"expected":"0","name":"rangeResultWrapped"}
{"args":["0","1"],"expected":"1","name":"rangeResultWrapped"}
{"args":["0","9223372036854775808"],"expected":"9223372036854775808","name":"rangeResultWrapped"}
{"args":["0","18446744073709551615"],"expected":"18446744073709551615","name":"rangeResultWrapped"}
{"args":["1","0"],"expected":"1","name":"rangeResultWrapped"}
{"args":["1","1"],"expected":"2","name":"rangeResultWrapped"}
{"args":["1","9223372036854775808"],"expected":"9223372036854775809","name":"rangeResultWrapped"}
{"args":["1","18446744073709551615"],"expected":"0","name":"rangeResultWrapped"}
{"args":["2","0"],"expected":"1","name":"rangeResultWrapped"}
{"args":["2","1"],"expected":"2","name":"rangeResultWrapped"}
{"args":["2","9223372036854775808"],"expected":"9223372036854775809","name":"rangeResultWrapped"}
{"args":["2","18446744073709551615"],"expected":"0","name":"rangeResultWrapped"}
{"args":["7","0"],"expected":"1","name":"rangeResultWrapped"}
{"args":["7","1"],"expected":"2","name":"rangeResultWrapped"}
{"args":["7","9223372036854775808"],"expected":"9223372036854775809","name":"rangeResultWrapped"}
{"args":["7","18446744073709551615"],"expected":"0","name":"rangeResultWrapped"}
{"args":["16","0"],"expected":"1","name":"rangeResultWrapped"}
{"args":["16","1"],"expected":"2","name":"rangeResultWrapped"}
{"args":["16","9223372036854775808"],"expected":"9223372036854775809","name":"rangeResultWrapped"}
{"args":["16","18446744073709551615"],"expected":"0","name":"rangeResultWrapped"}
{"args":["31","0"],"expected":"1","name":"rangeResultWrapped"}
{"args":["31","1"],"expected":"2","name":"rangeResultWrapped"}
{"args":["31","9223372036854775808"],"expected":"9223372036854775809","name":"rangeResultWrapped"}
{"args":["31","18446744073709551615"],"expected":"0","name":"rangeResultWrapped"}
{"args":["0","0"],"expected":"0","name":"rangeNegatedBreak"}
{"args":["0","1"],"expected":"1","name":"rangeNegatedBreak"}
{"args":["0","9223372036854775808"],"expected":"9223372036854775808","name":"rangeNegatedBreak"}
{"args":["0","18446744073709551615"],"expected":"18446744073709551615","name":"rangeNegatedBreak"}
{"args":["1","0"],"expected":"0","name":"rangeNegatedBreak"}
{"args":["1","1"],"expected":"1","name":"rangeNegatedBreak"}
{"args":["1","9223372036854775808"],"expected":"9223372036854775808","name":"rangeNegatedBreak"}
{"args":["1","18446744073709551615"],"expected":"18446744073709551615","name":"rangeNegatedBreak"}
{"args":["2","0"],"expected":"0","name":"rangeNegatedBreak"}
{"args":["2","1"],"expected":"1","name":"rangeNegatedBreak"}
{"args":["2","9223372036854775808"],"expected":"9223372036854775808","name":"rangeNegatedBreak"}
{"args":["2","18446744073709551615"],"expected":"18446744073709551615","name":"rangeNegatedBreak"}
{"args":["7","0"],"expected":"0","name":"rangeNegatedBreak"}
{"args":["7","1"],"expected":"1","name":"rangeNegatedBreak"}
{"args":["7","9223372036854775808"],"expected":"9223372036854775808","name":"rangeNegatedBreak"}
{"args":["7","18446744073709551615"],"expected":"18446744073709551615","name":"rangeNegatedBreak"}
{"args":["16","0"],"expected":"0","name":"rangeNegatedBreak"}
{"args":["16","1"],"expected":"1","name":"rangeNegatedBreak"}
{"args":["16","9223372036854775808"],"expected":"9223372036854775808","name":"rangeNegatedBreak"}
{"args":["16","18446744073709551615"],"expected":"18446744073709551615","name":"rangeNegatedBreak"}
{"args":["31","0"],"expected":"0","name":"rangeNegatedBreak"}
{"args":["31","1"],"expected":"1","name":"rangeNegatedBreak"}
{"args":["31","9223372036854775808"],"expected":"9223372036854775808","name":"rangeNegatedBreak"}
{"args":["31","18446744073709551615"],"expected":"18446744073709551615","name":"rangeNegatedBreak"}
{"args":["0","0"],"expected":"0","name":"rangeNegatedContinue"}
{"args":["0","1"],"expected":"1","name":"rangeNegatedContinue"}
{"args":["0","9223372036854775808"],"expected":"9223372036854775808","name":"rangeNegatedContinue"}
{"args":["0","18446744073709551615"],"expected":"18446744073709551615","name":"rangeNegatedContinue"}
{"args":["1","0"],"expected":"0","name":"rangeNegatedContinue"}
{"args":["1","1"],"expected":"4","name":"rangeNegatedContinue"}
{"args":["1","9223372036854775808"],"expected":"9223372036854775809","name":"rangeNegatedContinue"}
{"args":["1","18446744073709551615"],"expected":"18446744073709551614","name":"rangeNegatedContinue"}
{"args":["2","0"],"expected":"0","name":"rangeNegatedContinue"}
{"args":["2","1"],"expected":"4","name":"rangeNegatedContinue"}
{"args":["2","9223372036854775808"],"expected":"9223372036854775809","name":"rangeNegatedContinue"}
{"args":["2","18446744073709551615"],"expected":"18446744073709551614","name":"rangeNegatedContinue"}
{"args":["7","0"],"expected":"0","name":"rangeNegatedContinue"}
{"args":["7","1"],"expected":"4","name":"rangeNegatedContinue"}
{"args":["7","9223372036854775808"],"expected":"9223372036854775809","name":"rangeNegatedContinue"}
{"args":["7","18446744073709551615"],"expected":"18446744073709551614","name":"rangeNegatedContinue"}
{"args":["16","0"],"expected":"0","name":"rangeNegatedContinue"}
{"args":["16","1"],"expected":"4","name":"rangeNegatedContinue"}
{"args":["16","9223372036854775808"],"expected":"9223372036854775809","name":"rangeNegatedContinue"}
{"args":["16","18446744073709551615"],"expected":"18446744073709551614","name":"rangeNegatedContinue"}
{"args":["31","0"],"expected":"0","name":"rangeNegatedContinue"}
{"args":["31","1"],"expected":"4","name":"rangeNegatedContinue"}
{"args":["31","9223372036854775808"],"expected":"9223372036854775809","name":"rangeNegatedContinue"}
{"args":["31","18446744073709551615"],"expected":"18446744073709551614","name":"rangeNegatedContinue"}
{"args":["0","0"],"expected":"0","name":"rangeNegatedJoin"}
{"args":["0","1"],"expected":"1","name":"rangeNegatedJoin"}
{"args":["0","9223372036854775808"],"expected":"9223372036854775808","name":"rangeNegatedJoin"}
{"args":["0","18446744073709551615"],"expected":"18446744073709551615","name":"rangeNegatedJoin"}
{"args":["1","0"],"expected":"11","name":"rangeNegatedJoin"}
{"args":["1","1"],"expected":"2","name":"rangeNegatedJoin"}
{"args":["1","9223372036854775808"],"expected":"9223372036854775809","name":"rangeNegatedJoin"}
{"args":["1","18446744073709551615"],"expected":"0","name":"rangeNegatedJoin"}
{"args":["2","0"],"expected":"11","name":"rangeNegatedJoin"}
{"args":["2","1"],"expected":"13","name":"rangeNegatedJoin"}
{"args":["2","9223372036854775808"],"expected":"9223372036854775820","name":"rangeNegatedJoin"}
{"args":["2","18446744073709551615"],"expected":"11","name":"rangeNegatedJoin"}
{"args":["7","0"],"expected":"11","name":"rangeNegatedJoin"}
{"args":["7","1"],"expected":"13","name":"rangeNegatedJoin"}
{"args":["7","9223372036854775808"],"expected":"9223372036854775820","name":"rangeNegatedJoin"}
{"args":["7","18446744073709551615"],"expected":"11","name":"rangeNegatedJoin"}
{"args":["16","0"],"expected":"11","name":"rangeNegatedJoin"}
{"args":["16","1"],"expected":"13","name":"rangeNegatedJoin"}
{"args":["16","9223372036854775808"],"expected":"9223372036854775820","name":"rangeNegatedJoin"}
{"args":["16","18446744073709551615"],"expected":"11","name":"rangeNegatedJoin"}
{"args":["31","0"],"expected":"11","name":"rangeNegatedJoin"}
{"args":["31","1"],"expected":"13","name":"rangeNegatedJoin"}
{"args":["31","9223372036854775808"],"expected":"9223372036854775820","name":"rangeNegatedJoin"}
{"args":["31","18446744073709551615"],"expected":"11","name":"rangeNegatedJoin"}
{"args":["0","0"],"expected":"0","name":"rangeFromOne"}
{"args":["0","1"],"expected":"1","name":"rangeFromOne"}
{"args":["0","9223372036854775808"],"expected":"9223372036854775808","name":"rangeFromOne"}
{"args":["0","18446744073709551615"],"expected":"18446744073709551615","name":"rangeFromOne"}
{"args":["1","0"],"expected":"0","name":"rangeFromOne"}
{"args":["1","1"],"expected":"1","name":"rangeFromOne"}
{"args":["1","9223372036854775808"],"expected":"9223372036854775808","name":"rangeFromOne"}
{"args":["1","18446744073709551615"],"expected":"18446744073709551615","name":"rangeFromOne"}
{"args":["2","0"],"expected":"1","name":"rangeFromOne"}
{"args":["2","1"],"expected":"4","name":"rangeFromOne"}
{"args":["2","9223372036854775808"],"expected":"9223372036854775809","name":"rangeFromOne"}
{"args":["2","18446744073709551615"],"expected":"18446744073709551614","name":"rangeFromOne"}
{"args":["7","0"],"expected":"543","name":"rangeFromOne"}
{"args":["7","1"],"expected":"1272","name":"rangeFromOne"}
{"args":["7","9223372036854775808"],"expected":"9223372036854776351","name":"rangeFromOne"}
{"args":["7","18446744073709551615"],"expected":"18446744073709551430","name":"rangeFromOne"}
{"args":["16","0"],"expected":"10761672","name":"rangeFromOne"}
{"args":["16","1"],"expected":"25110579","name":"rangeFromOne"}
{"args":["16","9223372036854775808"],"expected":"9223372036865537480","name":"rangeFromOne"}
{"args":["16","18446744073709551615"],"expected":"18446744073705964381","name":"rangeFromOne"}
{"args":["31","0"],"expected":"154418349070971","name":"rangeFromOne"}
{"args":["31","1"],"expected":"360309481165620","name":"rangeFromOne"}
{"args":["31","9223372036854775808"],"expected":"9223526455203846779","name":"rangeFromOne"}
{"args":["31","18446744073709551615"],"expected":"18446692600926527938","name":"rangeFromOne"}
{"args":["0","0"],"expected":"25","name":"rangeIntervalLiteral"}
{"args":["0","1"],"expected":"26","name":"rangeIntervalLiteral"}
{"args":["0","9223372036854775808"],"expected":"9223372036854775833","name":"rangeIntervalLiteral"}
{"args":["0","18446744073709551615"],"expected":"24","name":"rangeIntervalLiteral"}
{"args":["1","0"],"expected":"30","name":"rangeIntervalLiteral"}
{"args":["1","1"],"expected":"31","name":"rangeIntervalLiteral"}
{"args":["1","9223372036854775808"],"expected":"9223372036854775838","name":"rangeIntervalLiteral"}
{"args":["1","18446744073709551615"],"expected":"29","name":"rangeIntervalLiteral"}
{"args":["2","0"],"expected":"35","name":"rangeIntervalLiteral"}
{"args":["2","1"],"expected":"36","name":"rangeIntervalLiteral"}
{"args":["2","9223372036854775808"],"expected":"9223372036854775843","name":"rangeIntervalLiteral"}
{"args":["2","18446744073709551615"],"expected":"34","name":"rangeIntervalLiteral"}
{"args":["7","0"],"expected":"60","name":"rangeIntervalLiteral"}
{"args":["7","1"],"expected":"61","name":"rangeIntervalLiteral"}
{"args":["7","9223372036854775808"],"expected":"9223372036854775868","name":"rangeIntervalLiteral"}
{"args":["7","18446744073709551615"],"expected":"59","name":"rangeIntervalLiteral"}
{"args":["16","0"],"expected":"105","name":"rangeIntervalLiteral"}
{"args":["16","1"],"expected":"106","name":"rangeIntervalLiteral"}
{"args":["16","9223372036854775808"],"expected":"9223372036854775913","name":"rangeIntervalLiteral"}
{"args":["16","18446744073709551615"],"expected":"104","name":"rangeIntervalLiteral"}
{"args":["31","0"],"expected":"180","name":"rangeIntervalLiteral"}
{"args":["31","1"],"expected":"181","name":"rangeIntervalLiteral"}
{"args":["31","9223372036854775808"],"expected":"9223372036854775988","name":"rangeIntervalLiteral"}
{"args":["31","18446744073709551615"],"expected":"179","name":"rangeIntervalLiteral"}
{"args":["0","0"],"expected":"0","name":"rangeIntervalEmpty"}
{"args":["0","1"],"expected":"1","name":"rangeIntervalEmpty"}
{"args":["0","9223372036854775808"],"expected":"9223372036854775808","name":"rangeIntervalEmpty"}
{"args":["0","18446744073709551615"],"expected":"18446744073709551615","name":"rangeIntervalEmpty"}
{"args":["1","0"],"expected":"0","name":"rangeIntervalEmpty"}
{"args":["1","1"],"expected":"1","name":"rangeIntervalEmpty"}
{"args":["1","9223372036854775808"],"expected":"9223372036854775808","name":"rangeIntervalEmpty"}
{"args":["1","18446744073709551615"],"expected":"18446744073709551615","name":"rangeIntervalEmpty"}
{"args":["2","0"],"expected":"0","name":"rangeIntervalEmpty"}
{"args":["2","1"],"expected":"1","name":"rangeIntervalEmpty"}
{"args":["2","9223372036854775808"],"expected":"9223372036854775808","name":"rangeIntervalEmpty"}
{"args":["2","18446744073709551615"],"expected":"18446744073709551615","name":"rangeIntervalEmpty"}
{"args":["7","0"],"expected":"0","name":"rangeIntervalEmpty"}
{"args":["7","1"],"expected":"1","name":"rangeIntervalEmpty"}
{"args":["7","9223372036854775808"],"expected":"9223372036854775808","name":"rangeIntervalEmpty"}
{"args":["7","18446744073709551615"],"expected":"18446744073709551615","name":"rangeIntervalEmpty"}
{"args":["16","0"],"expected":"0","name":"rangeIntervalEmpty"}
{"args":["16","1"],"expected":"1","name":"rangeIntervalEmpty"}
{"args":["16","9223372036854775808"],"expected":"9223372036854775808","name":"rangeIntervalEmpty"}
{"args":["16","18446744073709551615"],"expected":"18446744073709551615","name":"rangeIntervalEmpty"}
{"args":["31","0"],"expected":"0","name":"rangeIntervalEmpty"}
{"args":["31","1"],"expected":"1","name":"rangeIntervalEmpty"}
{"args":["31","9223372036854775808"],"expected":"9223372036854775808","name":"rangeIntervalEmpty"}
{"args":["31","18446744073709551615"],"expected":"18446744073709551615","name":"rangeIntervalEmpty"}
{"args":["0","0"],"expected":"0","name":"rangeIntervalEqual"}
{"args":["0","1"],"expected":"1","name":"rangeIntervalEqual"}
{"args":["0","9223372036854775808"],"expected":"9223372036854775808","name":"rangeIntervalEqual"}
{"args":["0","18446744073709551615"],"expected":"18446744073709551615","name":"rangeIntervalEqual"}
{"args":["1","0"],"expected":"0","name":"rangeIntervalEqual"}
{"args":["1","1"],"expected":"1","name":"rangeIntervalEqual"}
{"args":["1","9223372036854775808"],"expected":"9223372036854775808","name":"rangeIntervalEqual"}
{"args":["1","18446744073709551615"],"expected":"18446744073709551615","name":"rangeIntervalEqual"}
{"args":["2","0"],"expected":"0","name":"rangeIntervalEqual"}
{"args":["2","1"],"expected":"1","name":"rangeIntervalEqual"}
{"args":["2","9223372036854775808"],"expected":"9223372036854775808","name":"rangeIntervalEqual"}
{"args":["2","18446744073709551615"],"expected":"18446744073709551615","name":"rangeIntervalEqual"}
{"args":["7","0"],"expected":"0","name":"rangeIntervalEqual"}
{"args":["7","1"],"expected":"1","name":"rangeIntervalEqual"}
{"args":["7","9223372036854775808"],"expected":"9223372036854775808","name":"rangeIntervalEqual"}
{"args":["7","18446744073709551615"],"expected":"18446744073709551615","name":"rangeIntervalEqual"}
{"args":["16","0"],"expected":"0","name":"rangeIntervalEqual"}
{"args":["16","1"],"expected":"1","name":"rangeIntervalEqual"}
{"args":["16","9223372036854775808"],"expected":"9223372036854775808","name":"rangeIntervalEqual"}
{"args":["16","18446744073709551615"],"expected":"18446744073709551615","name":"rangeIntervalEqual"}
{"args":["31","0"],"expected":"0","name":"rangeIntervalEqual"}
{"args":["31","1"],"expected":"1","name":"rangeIntervalEqual"}
{"args":["31","9223372036854775808"],"expected":"9223372036854775808","name":"rangeIntervalEqual"}
{"args":["31","18446744073709551615"],"expected":"18446744073709551615","name":"rangeIntervalEqual"}
{"args":["0","0"],"expected":"0","name":"rangeIntervalBreak"}
{"args":["0","1"],"expected":"1","name":"rangeIntervalBreak"}
{"args":["0","9223372036854775808"],"expected":"9223372036854775808","name":"rangeIntervalBreak"}
{"args":["0","18446744073709551615"],"expected":"18446744073709551615","name":"rangeIntervalBreak"}
{"args":["1","0"],"expected":"0","name":"rangeIntervalBreak"}
{"args":["1","1"],"expected":"1","name":"rangeIntervalBreak"}
{"args":["1","9223372036854775808"],"expected":"9223372036854775808","name":"rangeIntervalBreak"}
{"args":["1","18446744073709551615"],"expected":"18446744073709551615","name":"rangeIntervalBreak"}
{"args":["2","0"],"expected":"0","name":"rangeIntervalBreak"}
{"args":["2","1"],"expected":"1","name":"rangeIntervalBreak"}
{"args":["2","9223372036854775808"],"expected":"9223372036854775808","name":"rangeIntervalBreak"}
{"args":["2","18446744073709551615"],"expected":"18446744073709551615","name":"rangeIntervalBreak"}
{"args":["7","0"],"expected":"63","name":"rangeIntervalBreak"}
{"args":["7","1"],"expected":"72","name":"rangeIntervalBreak"}
{"args":["7","9223372036854775808"],"expected":"9223372036854775871","name":"rangeIntervalBreak"}
{"args":["7","18446744073709551615"],"expected":"54","name":"rangeIntervalBreak"}
{"args":["16","0"],"expected":"70","name":"rangeIntervalBreak"}
{"args":["16","1"],"expected":"79","name":"rangeIntervalBreak"}
{"args":["16","9223372036854775808"],"expected":"9223372036854775878","name":"rangeIntervalBreak"}
{"args":["16","18446744073709551615"],"expected":"61","name":"rangeIntervalBreak"}
{"args":["31","0"],"expected":"70","name":"rangeIntervalBreak"}
{"args":["31","1"],"expected":"79","name":"rangeIntervalBreak"}
{"args":["31","9223372036854775808"],"expected":"9223372036854775878","name":"rangeIntervalBreak"}
{"args":["31","18446744073709551615"],"expected":"61","name":"rangeIntervalBreak"}
{"args":["0","0"],"expected":"0","name":"rangeIntervalContinue"}
{"args":["0","1"],"expected":"1","name":"rangeIntervalContinue"}
{"args":["0","9223372036854775808"],"expected":"9223372036854775808","name":"rangeIntervalContinue"}
{"args":["0","18446744073709551615"],"expected":"18446744073709551615","name":"rangeIntervalContinue"}
{"args":["1","0"],"expected":"0","name":"rangeIntervalContinue"}
{"args":["1","1"],"expected":"1","name":"rangeIntervalContinue"}
{"args":["1","9223372036854775808"],"expected":"9223372036854775808","name":"rangeIntervalContinue"}
{"args":["1","18446744073709551615"],"expected":"18446744073709551615","name":"rangeIntervalContinue"}
{"args":["2","0"],"expected":"1","name":"rangeIntervalContinue"}
{"args":["2","1"],"expected":"2","name":"rangeIntervalContinue"}
{"args":["2","9223372036854775808"],"expected":"9223372036854775809","name":"rangeIntervalContinue"}
{"args":["2","18446744073709551615"],"expected":"0","name":"rangeIntervalContinue"}
{"args":["7","0"],"expected":"12","name":"rangeIntervalContinue"}
{"args":["7","1"],"expected":"13","name":"rangeIntervalContinue"}
{"args":["7","9223372036854775808"],"expected":"9223372036854775820","name":"rangeIntervalContinue"}
{"args":["7","18446744073709551615"],"expected":"11","name":"rangeIntervalContinue"}
{"args":["16","0"],"expected":"48","name":"rangeIntervalContinue"}
{"args":["16","1"],"expected":"49","name":"rangeIntervalContinue"}
{"args":["16","9223372036854775808"],"expected":"9223372036854775856","name":"rangeIntervalContinue"}
{"args":["16","18446744073709551615"],"expected":"47","name":"rangeIntervalContinue"}
{"args":["31","0"],"expected":"48","name":"rangeIntervalContinue"}
{"args":["31","1"],"expected":"49","name":"rangeIntervalContinue"}
{"args":["31","9223372036854775808"],"expected":"9223372036854775856","name":"rangeIntervalContinue"}
{"args":["31","18446744073709551615"],"expected":"47","name":"rangeIntervalContinue"}
{"args":["0","0"],"expected":"18446744073709551609","name":"rangeIntervalCapture"}
{"args":["0","1"],"expected":"18446744073709551611","name":"rangeIntervalCapture"}
{"args":["0","9223372036854775808"],"expected":"18446744073709551609","name":"rangeIntervalCapture"}
{"args":["0","18446744073709551615"],"expected":"18446744073709551607","name":"rangeIntervalCapture"}
{"args":["1","0"],"expected":"18446744073709551609","name":"rangeIntervalCapture"}
{"args":["1","1"],"expected":"18446744073709551611","name":"rangeIntervalCapture"}
{"args":["1","9223372036854775808"],"expected":"18446744073709551609","name":"rangeIntervalCapture"}
{"args":["1","18446744073709551615"],"expected":"18446744073709551607","name":"rangeIntervalCapture"}
{"args":["2","0"],"expected":"2","name":"rangeIntervalCapture"}
{"args":["2","1"],"expected":"5","name":"rangeIntervalCapture"}
{"args":["2","9223372036854775808"],"expected":"9223372036854775810","name":"rangeIntervalCapture"}
{"args":["2","18446744073709551615"],"expected":"18446744073709551615","name":"rangeIntervalCapture"}
{"args":["7","0"],"expected":"62","name":"rangeIntervalCapture"}
{"args":["7","1"],"expected":"70","name":"rangeIntervalCapture"}
{"args":["7","9223372036854775808"],"expected":"62","name":"rangeIntervalCapture"}
{"args":["7","18446744073709551615"],"expected":"54","name":"rangeIntervalCapture"}
{"args":["16","0"],"expected":"233","name":"rangeIntervalCapture"}
{"args":["16","1"],"expected":"250","name":"rangeIntervalCapture"}
{"args":["16","9223372036854775808"],"expected":"9223372036854776041","name":"rangeIntervalCapture"}
{"args":["16","18446744073709551615"],"expected":"216","name":"rangeIntervalCapture"}
{"args":["31","0"],"expected":"698","name":"rangeIntervalCapture"}
{"args":["31","1"],"expected":"730","name":"rangeIntervalCapture"}
{"args":["31","9223372036854775808"],"expected":"698","name":"rangeIntervalCapture"}
{"args":["31","18446744073709551615"],"expected":"666","name":"rangeIntervalCapture"}
{"args":["0","0"],"expected":"0","name":"rangeIntervalJoin"}
{"args":["0","1"],"expected":"1","name":"rangeIntervalJoin"}
{"args":["0","9223372036854775808"],"expected":"9223372036854775808","name":"rangeIntervalJoin"}
{"args":["0","18446744073709551615"],"expected":"18446744073709551615","name":"rangeIntervalJoin"}
{"args":["1","0"],"expected":"0","name":"rangeIntervalJoin"}
{"args":["1","1"],"expected":"1","name":"rangeIntervalJoin"}
{"args":["1","9223372036854775808"],"expected":"9223372036854775808","name":"rangeIntervalJoin"}
{"args":["1","18446744073709551615"],"expected":"18446744073709551615","name":"rangeIntervalJoin"}
{"args":["2","0"],"expected":"0","name":"rangeIntervalJoin"}
{"args":["2","1"],"expected":"1","name":"rangeIntervalJoin"}
{"args":["2","9223372036854775808"],"expected":"9223372036854775808","name":"rangeIntervalJoin"}
{"args":["2","18446744073709551615"],"expected":"18446744073709551615","name":"rangeIntervalJoin"}
{"args":["7","0"],"expected":"18","name":"rangeIntervalJoin"}
{"args":["7","1"],"expected":"19","name":"rangeIntervalJoin"}
{"args":["7","9223372036854775808"],"expected":"9223372036854775826","name":"rangeIntervalJoin"}
{"args":["7","18446744073709551615"],"expected":"17","name":"rangeIntervalJoin"}
{"args":["16","0"],"expected":"29","name":"rangeIntervalJoin"}
{"args":["16","1"],"expected":"30","name":"rangeIntervalJoin"}
{"args":["16","9223372036854775808"],"expected":"9223372036854775837","name":"rangeIntervalJoin"}
{"args":["16","18446744073709551615"],"expected":"28","name":"rangeIntervalJoin"}
{"args":["31","0"],"expected":"29","name":"rangeIntervalJoin"}
{"args":["31","1"],"expected":"30","name":"rangeIntervalJoin"}
{"args":["31","9223372036854775808"],"expected":"9223372036854775837","name":"rangeIntervalJoin"}
{"args":["31","18446744073709551615"],"expected":"28","name":"rangeIntervalJoin"}
{"args":["0","0"],"expected":"18446744073709551611","name":"rangeIntervalHigh"}
{"args":["0","1"],"expected":"18446744073709551612","name":"rangeIntervalHigh"}
{"args":["0","9223372036854775808"],"expected":"9223372036854775803","name":"rangeIntervalHigh"}
{"args":["0","18446744073709551615"],"expected":"18446744073709551610","name":"rangeIntervalHigh"}
{"args":["1","0"],"expected":"18446744073709551613","name":"rangeIntervalHigh"}
{"args":["1","1"],"expected":"18446744073709551614","name":"rangeIntervalHigh"}
{"args":["1","9223372036854775808"],"expected":"9223372036854775805","name":"rangeIntervalHigh"}
{"args":["1","18446744073709551615"],"expected":"18446744073709551612","name":"rangeIntervalHigh"}
{"args":["2","0"],"expected":"18446744073709551615","name":"rangeIntervalHigh"}
{"args":["2","1"],"expected":"0","name":"rangeIntervalHigh"}
{"args":["2","9223372036854775808"],"expected":"9223372036854775807","name":"rangeIntervalHigh"}
{"args":["2","18446744073709551615"],"expected":"18446744073709551614","name":"rangeIntervalHigh"}
{"args":["7","0"],"expected":"9","name":"rangeIntervalHigh"}
{"args":["7","1"],"expected":"10","name":"rangeIntervalHigh"}
{"args":["7","9223372036854775808"],"expected":"9223372036854775817","name":"rangeIntervalHigh"}
{"args":["7","18446744073709551615"],"expected":"8","name":"rangeIntervalHigh"}
{"args":["16","0"],"expected":"27","name":"rangeIntervalHigh"}
{"args":["16","1"],"expected":"28","name":"rangeIntervalHigh"}
{"args":["16","9223372036854775808"],"expected":"9223372036854775835","name":"rangeIntervalHigh"}
{"args":["16","18446744073709551615"],"expected":"26","name":"rangeIntervalHigh"}
{"args":["31","0"],"expected":"57","name":"rangeIntervalHigh"}
{"args":["31","1"],"expected":"58","name":"rangeIntervalHigh"}
{"args":["31","9223372036854775808"],"expected":"9223372036854775865","name":"rangeIntervalHigh"}
{"args":["31","18446744073709551615"],"expected":"56","name":"rangeIntervalHigh"}
{"args":["0","0"],"expected":"0","name":"rangeIntervalMaxEmpty"}
{"args":["0","1"],"expected":"1","name":"rangeIntervalMaxEmpty"}
{"args":["0","9223372036854775808"],"expected":"9223372036854775808","name":"rangeIntervalMaxEmpty"}
{"args":["0","18446744073709551615"],"expected":"18446744073709551615","name":"rangeIntervalMaxEmpty"}
{"args":["1","0"],"expected":"0","name":"rangeIntervalMaxEmpty"}
{"args":["1","1"],"expected":"1","name":"rangeIntervalMaxEmpty"}
{"args":["1","9223372036854775808"],"expected":"9223372036854775808","name":"rangeIntervalMaxEmpty"}
{"args":["1","18446744073709551615"],"expected":"18446744073709551615","name":"rangeIntervalMaxEmpty"}
{"args":["2","0"],"expected":"0","name":"rangeIntervalMaxEmpty"}
{"args":["2","1"],"expected":"1","name":"rangeIntervalMaxEmpty"}
{"args":["2","9223372036854775808"],"expected":"9223372036854775808","name":"rangeIntervalMaxEmpty"}
{"args":["2","18446744073709551615"],"expected":"18446744073709551615","name":"rangeIntervalMaxEmpty"}
{"args":["7","0"],"expected":"0","name":"rangeIntervalMaxEmpty"}
{"args":["7","1"],"expected":"1","name":"rangeIntervalMaxEmpty"}
{"args":["7","9223372036854775808"],"expected":"9223372036854775808","name":"rangeIntervalMaxEmpty"}
{"args":["7","18446744073709551615"],"expected":"18446744073709551615","name":"rangeIntervalMaxEmpty"}
{"args":["16","0"],"expected":"0","name":"rangeIntervalMaxEmpty"}
{"args":["16","1"],"expected":"1","name":"rangeIntervalMaxEmpty"}
{"args":["16","9223372036854775808"],"expected":"9223372036854775808","name":"rangeIntervalMaxEmpty"}
{"args":["16","18446744073709551615"],"expected":"18446744073709551615","name":"rangeIntervalMaxEmpty"}
{"args":["31","0"],"expected":"0","name":"rangeIntervalMaxEmpty"}
{"args":["31","1"],"expected":"1","name":"rangeIntervalMaxEmpty"}
{"args":["31","9223372036854775808"],"expected":"9223372036854775808","name":"rangeIntervalMaxEmpty"}
{"args":["31","18446744073709551615"],"expected":"18446744073709551615","name":"rangeIntervalMaxEmpty"}
{"args":["0","0"],"expected":"2","name":"rangeIntervalHugeBreak"}
{"args":["0","1"],"expected":"3","name":"rangeIntervalHugeBreak"}
{"args":["0","9223372036854775808"],"expected":"9223372036854775810","name":"rangeIntervalHugeBreak"}
{"args":["0","18446744073709551615"],"expected":"1","name":"rangeIntervalHugeBreak"}
{"args":["1","0"],"expected":"3","name":"rangeIntervalHugeBreak"}
{"args":["1","1"],"expected":"4","name":"rangeIntervalHugeBreak"}
{"args":["1","9223372036854775808"],"expected":"9223372036854775811","name":"rangeIntervalHugeBreak"}
{"args":["1","18446744073709551615"],"expected":"2","name":"rangeIntervalHugeBreak"}
{"args":["2","0"],"expected":"4","name":"rangeIntervalHugeBreak"}
{"args":["2","1"],"expected":"5","name":"rangeIntervalHugeBreak"}
{"args":["2","9223372036854775808"],"expected":"9223372036854775812","name":"rangeIntervalHugeBreak"}
{"args":["2","18446744073709551615"],"expected":"3","name":"rangeIntervalHugeBreak"}
{"args":["7","0"],"expected":"9","name":"rangeIntervalHugeBreak"}
{"args":["7","1"],"expected":"10","name":"rangeIntervalHugeBreak"}
{"args":["7","9223372036854775808"],"expected":"9223372036854775817","name":"rangeIntervalHugeBreak"}
{"args":["7","18446744073709551615"],"expected":"8","name":"rangeIntervalHugeBreak"}
{"args":["16","0"],"expected":"18","name":"rangeIntervalHugeBreak"}
{"args":["16","1"],"expected":"19","name":"rangeIntervalHugeBreak"}
{"args":["16","9223372036854775808"],"expected":"9223372036854775826","name":"rangeIntervalHugeBreak"}
{"args":["16","18446744073709551615"],"expected":"17","name":"rangeIntervalHugeBreak"}
{"args":["31","0"],"expected":"33","name":"rangeIntervalHugeBreak"}
{"args":["31","1"],"expected":"34","name":"rangeIntervalHugeBreak"}
{"args":["31","9223372036854775808"],"expected":"9223372036854775841","name":"rangeIntervalHugeBreak"}
{"args":["31","18446744073709551615"],"expected":"32","name":"rangeIntervalHugeBreak"}
{"args":["0","0"],"expected":"0","name":"rangeDynamicStart"}
{"args":["0","1"],"expected":"1","name":"rangeDynamicStart"}
{"args":["0","9223372036854775808"],"expected":"9223372036854775808","name":"rangeDynamicStart"}
{"args":["0","18446744073709551615"],"expected":"18446744073709551615","name":"rangeDynamicStart"}
{"args":["1","0"],"expected":"0","name":"rangeDynamicStart"}
{"args":["1","1"],"expected":"1","name":"rangeDynamicStart"}
{"args":["1","9223372036854775808"],"expected":"9223372036854775808","name":"rangeDynamicStart"}
{"args":["1","18446744073709551615"],"expected":"18446744073709551615","name":"rangeDynamicStart"}
{"args":["2","0"],"expected":"1","name":"rangeDynamicStart"}
{"args":["2","1"],"expected":"4","name":"rangeDynamicStart"}
{"args":["2","9223372036854775808"],"expected":"9223372036854775809","name":"rangeDynamicStart"}
{"args":["2","18446744073709551615"],"expected":"18446744073709551614","name":"rangeDynamicStart"}
{"args":["7","0"],"expected":"543","name":"rangeDynamicStart"}
{"args":["7","1"],"expected":"1272","name":"rangeDynamicStart"}
{"args":["7","9223372036854775808"],"expected":"9223372036854776351","name":"rangeDynamicStart"}
{"args":["7","18446744073709551615"],"expected":"18446744073709551430","name":"rangeDynamicStart"}
{"args":["16","0"],"expected":"10761672","name":"rangeDynamicStart"}
{"args":["16","1"],"expected":"25110579","name":"rangeDynamicStart"}
{"args":["16","9223372036854775808"],"expected":"9223372036865537480","name":"rangeDynamicStart"}
{"args":["16","18446744073709551615"],"expected":"18446744073705964381","name":"rangeDynamicStart"}
{"args":["31","0"],"expected":"154418349070971","name":"rangeDynamicStart"}
{"args":["31","1"],"expected":"360309481165620","name":"rangeDynamicStart"}
{"args":["31","9223372036854775808"],"expected":"9223526455203846779","name":"rangeDynamicStart"}
{"args":["31","18446744073709551615"],"expected":"18446692600926527938","name":"rangeDynamicStart"}
{"args":["0","0"],"expected":"28","name":"rangeDynamicLiteral"}
{"args":["0","1"],"expected":"29","name":"rangeDynamicLiteral"}
{"args":["0","9223372036854775808"],"expected":"9223372036854775836","name":"rangeDynamicLiteral"}
{"args":["0","18446744073709551615"],"expected":"27","name":"rangeDynamicLiteral"}
{"args":["1","0"],"expected":"28","name":"rangeDynamicLiteral"}
{"args":["1","1"],"expected":"29","name":"rangeDynamicLiteral"}
{"args":["1","9223372036854775808"],"expected":"9223372036854775836","name":"rangeDynamicLiteral"}
{"args":["1","18446744073709551615"],"expected":"27","name":"rangeDynamicLiteral"}
{"args":["2","0"],"expected":"27","name":"rangeDynamicLiteral"}
{"args":["2","1"],"expected":"28","name":"rangeDynamicLiteral"}
{"args":["2","9223372036854775808"],"expected":"9223372036854775835","name":"rangeDynamicLiteral"}
{"args":["2","18446744073709551615"],"expected":"26","name":"rangeDynamicLiteral"}
{"args":["7","0"],"expected":"7","name":"rangeDynamicLiteral"}
{"args":["7","1"],"expected":"8","name":"rangeDynamicLiteral"}
{"args":["7","9223372036854775808"],"expected":"9223372036854775815","name":"rangeDynamicLiteral"}
{"args":["7","18446744073709551615"],"expected":"6","name":"rangeDynamicLiteral"}
{"args":["16","0"],"expected":"0","name":"rangeDynamicLiteral"}
{"args":["16","1"],"expected":"1","name":"rangeDynamicLiteral"}
{"args":["16","9223372036854775808"],"expected":"9223372036854775808","name":"rangeDynamicLiteral"}
{"args":["16","18446744073709551615"],"expected":"18446744073709551615","name":"rangeDynamicLiteral"}
{"args":["31","0"],"expected":"0","name":"rangeDynamicLiteral"}
{"args":["31","1"],"expected":"1","name":"rangeDynamicLiteral"}
{"args":["31","9223372036854775808"],"expected":"9223372036854775808","name":"rangeDynamicLiteral"}
{"args":["31","18446744073709551615"],"expected":"18446744073709551615","name":"rangeDynamicLiteral"}
{"args":["0","0"],"expected":"0","name":"rangeDynamicComputed"}
{"args":["0","1"],"expected":"1","name":"rangeDynamicComputed"}
{"args":["0","9223372036854775808"],"expected":"9223372036854775809","name":"rangeDynamicComputed"}
{"args":["0","18446744073709551615"],"expected":"18446744073709551615","name":"rangeDynamicComputed"}
{"args":["1","0"],"expected":"0","name":"rangeDynamicComputed"}
{"args":["1","1"],"expected":"2","name":"rangeDynamicComputed"}
{"args":["1","9223372036854775808"],"expected":"9223372036854775811","name":"rangeDynamicComputed"}
{"args":["1","18446744073709551615"],"expected":"18446744073709551615","name":"rangeDynamicComputed"}
{"args":["2","0"],"expected":"1","name":"rangeDynamicComputed"}
{"args":["2","1"],"expected":"4","name":"rangeDynamicComputed"}
{"args":["2","9223372036854775808"],"expected":"9223372036854775814","name":"rangeDynamicComputed"}
{"args":["2","18446744073709551615"],"expected":"0","name":"rangeDynamicComputed"}
{"args":["7","0"],"expected":"18","name":"rangeDynamicComputed"}
{"args":["7","1"],"expected":"26","name":"rangeDynamicComputed"}
{"args":["7","9223372036854775808"],"expected":"9223372036854775841","name":"rangeDynamicComputed"}
{"args":["7","18446744073709551615"],"expected":"17","name":"rangeDynamicComputed"}
{"args":["16","0"],"expected":"92","name":"rangeDynamicComputed"}
{"args":["16","1"],"expected":"109","name":"rangeDynamicComputed"}
{"args":["16","9223372036854775808"],"expected":"9223372036854775933","name":"rangeDynamicComputed"}
{"args":["16","18446744073709551615"],"expected":"91","name":"rangeDynamicComputed"}
{"args":["31","0"],"expected":"360","name":"rangeDynamicComputed"}
{"args":["31","1"],"expected":"392","name":"rangeDynamicComputed"}
{"args":["31","9223372036854775808"],"expected":"9223372036854776231","name":"rangeDynamicComputed"}
{"args":["31","18446744073709551615"],"expected":"359","name":"rangeDynamicComputed"}
{"args":["0","0"],"expected":"0","name":"rangeDynamicCapture"}
{"args":["0","1"],"expected":"1","name":"rangeDynamicCapture"}
{"args":["0","9223372036854775808"],"expected":"9223372036854775808","name":"rangeDynamicCapture"}
{"args":["0","18446744073709551615"],"expected":"18446744073709551615","name":"rangeDynamicCapture"}
{"args":["1","0"],"expected":"7","name":"rangeDynamicCapture"}
{"args":["1","1"],"expected":"9","name":"rangeDynamicCapture"}
{"args":["1","9223372036854775808"],"expected":"7","name":"rangeDynamicCapture"}
{"args":["1","18446744073709551615"],"expected":"18446744073709551615","name":"rangeDynamicCapture"}
{"args":["2","0"],"expected":"15","name":"rangeDynamicCapture"}
{"args":["2","1"],"expected":"18","name":"rangeDynamicCapture"}
{"args":["2","9223372036854775808"],"expected":"9223372036854775823","name":"rangeDynamicCapture"}
{"args":["2","18446744073709551615"],"expected":"18446744073709551615","name":"rangeDynamicCapture"}
{"args":["7","0"],"expected":"70","name":"rangeDynamicCapture"}
{"args":["7","1"],"expected":"78","name":"rangeDynamicCapture"}
{"args":["7","9223372036854775808"],"expected":"70","name":"rangeDynamicCapture"}
{"args":["7","18446744073709551615"],"expected":"18446744073709551615","name":"rangeDynamicCapture"}
{"args":["16","0"],"expected":"232","name":"rangeDynamicCapture"}
{"args":["16","1"],"expected":"249","name":"rangeDynamicCapture"}
{"args":["16","9223372036854775808"],"expected":"9223372036854776040","name":"rangeDynamicCapture"}
{"args":["16","18446744073709551615"],"expected":"18446744073709551615","name":"rangeDynamicCapture"}
{"args":["31","0"],"expected":"682","name":"rangeDynamicCapture"}
{"args":["31","1"],"expected":"714","name":"rangeDynamicCapture"}
{"args":["31","9223372036854775808"],"expected":"682","name":"rangeDynamicCapture"}
{"args":["31","18446744073709551615"],"expected":"18446744073709551615","name":"rangeDynamicCapture"}
{"args":["0","0"],"expected":"0","name":"rangeDynamicHigh"}
{"args":["0","1"],"expected":"1","name":"rangeDynamicHigh"}
{"args":["0","9223372036854775808"],"expected":"9223372036854775808","name":"rangeDynamicHigh"}
{"args":["0","18446744073709551615"],"expected":"18446744073709551615","name":"rangeDynamicHigh"}
{"args":["1","0"],"expected":"18446744073709551614","name":"rangeDynamicHigh"}
{"args":["1","1"],"expected":"18446744073709551615","name":"rangeDynamicHigh"}
{"args":["1","9223372036854775808"],"expected":"9223372036854775806","name":"rangeDynamicHigh"}
{"args":["1","18446744073709551615"],"expected":"18446744073709551613","name":"rangeDynamicHigh"}
{"args":["2","0"],"expected":"18446744073709551611","name":"rangeDynamicHigh"}
{"args":["2","1"],"expected":"18446744073709551612","name":"rangeDynamicHigh"}
{"args":["2","9223372036854775808"],"expected":"9223372036854775803","name":"rangeDynamicHigh"}
{"args":["2","18446744073709551615"],"expected":"18446744073709551610","name":"rangeDynamicHigh"}
{"args":["7","0"],"expected":"18446744073709551581","name":"rangeDynamicHigh"}
{"args":["7","1"],"expected":"18446744073709551582","name":"rangeDynamicHigh"}
{"args":["7","9223372036854775808"],"expected":"9223372036854775773","name":"rangeDynamicHigh"}
{"args":["7","18446744073709551615"],"expected":"18446744073709551580","name":"rangeDynamicHigh"}
{"args":["16","0"],"expected":"18446744073709551464","name":"rangeDynamicHigh"}
{"args":["16","1"],"expected":"18446744073709551465","name":"rangeDynamicHigh"}
{"args":["16","9223372036854775808"],"expected":"9223372036854775656","name":"rangeDynamicHigh"}
{"args":["16","18446744073709551615"],"expected":"18446744073709551463","name":"rangeDynamicHigh"}
{"args":["31","0"],"expected":"18446744073709551089","name":"rangeDynamicHigh"}
{"args":["31","1"],"expected":"18446744073709551090","name":"rangeDynamicHigh"}
{"args":["31","9223372036854775808"],"expected":"9223372036854775281","name":"rangeDynamicHigh"}
{"args":["31","18446744073709551615"],"expected":"18446744073709551088","name":"rangeDynamicHigh"}
{"args":["0","0"],"expected":"0","name":"rangeDynamicEmpty"}
{"args":["0","1"],"expected":"1","name":"rangeDynamicEmpty"}
{"args":["0","9223372036854775808"],"expected":"9223372036854775808","name":"rangeDynamicEmpty"}
{"args":["0","18446744073709551615"],"expected":"18446744073709551615","name":"rangeDynamicEmpty"}
{"args":["1","0"],"expected":"0","name":"rangeDynamicEmpty"}
{"args":["1","1"],"expected":"1","name":"rangeDynamicEmpty"}
{"args":["1","9223372036854775808"],"expected":"9223372036854775808","name":"rangeDynamicEmpty"}
{"args":["1","18446744073709551615"],"expected":"18446744073709551615","name":"rangeDynamicEmpty"}
{"args":["2","0"],"expected":"0","name":"rangeDynamicEmpty"}
{"args":["2","1"],"expected":"1","name":"rangeDynamicEmpty"}
{"args":["2","9223372036854775808"],"expected":"9223372036854775808","name":"rangeDynamicEmpty"}
{"args":["2","18446744073709551615"],"expected":"18446744073709551615","name":"rangeDynamicEmpty"}
{"args":["7","0"],"expected":"0","name":"rangeDynamicEmpty"}
{"args":["7","1"],"expected":"1","name":"rangeDynamicEmpty"}
{"args":["7","9223372036854775808"],"expected":"9223372036854775808","name":"rangeDynamicEmpty"}
{"args":["7","18446744073709551615"],"expected":"18446744073709551615","name":"rangeDynamicEmpty"}
{"args":["16","0"],"expected":"0","name":"rangeDynamicEmpty"}
{"args":["16","1"],"expected":"1","name":"rangeDynamicEmpty"}
{"args":["16","9223372036854775808"],"expected":"9223372036854775808","name":"rangeDynamicEmpty"}
{"args":["16","18446744073709551615"],"expected":"18446744073709551615","name":"rangeDynamicEmpty"}
{"args":["31","0"],"expected":"0","name":"rangeDynamicEmpty"}
{"args":["31","1"],"expected":"1","name":"rangeDynamicEmpty"}
{"args":["31","9223372036854775808"],"expected":"9223372036854775808","name":"rangeDynamicEmpty"}
{"args":["31","18446744073709551615"],"expected":"18446744073709551615","name":"rangeDynamicEmpty"}
{"args":["0","0"],"expected":"0","name":"rangeDynamicEqual"}
{"args":["0","1"],"expected":"1","name":"rangeDynamicEqual"}
{"args":["0","9223372036854775808"],"expected":"9223372036854775808","name":"rangeDynamicEqual"}
{"args":["0","18446744073709551615"],"expected":"18446744073709551615","name":"rangeDynamicEqual"}
{"args":["1","0"],"expected":"0","name":"rangeDynamicEqual"}
{"args":["1","1"],"expected":"1","name":"rangeDynamicEqual"}
{"args":["1","9223372036854775808"],"expected":"9223372036854775808","name":"rangeDynamicEqual"}
{"args":["1","18446744073709551615"],"expected":"18446744073709551615","name":"rangeDynamicEqual"}
{"args":["2","0"],"expected":"0","name":"rangeDynamicEqual"}
{"args":["2","1"],"expected":"1","name":"rangeDynamicEqual"}
{"args":["2","9223372036854775808"],"expected":"9223372036854775808","name":"rangeDynamicEqual"}
{"args":["2","18446744073709551615"],"expected":"18446744073709551615","name":"rangeDynamicEqual"}
{"args":["7","0"],"expected":"0","name":"rangeDynamicEqual"}
{"args":["7","1"],"expected":"1","name":"rangeDynamicEqual"}
{"args":["7","9223372036854775808"],"expected":"9223372036854775808","name":"rangeDynamicEqual"}
{"args":["7","18446744073709551615"],"expected":"18446744073709551615","name":"rangeDynamicEqual"}
{"args":["16","0"],"expected":"0","name":"rangeDynamicEqual"}
{"args":["16","1"],"expected":"1","name":"rangeDynamicEqual"}
{"args":["16","9223372036854775808"],"expected":"9223372036854775808","name":"rangeDynamicEqual"}
{"args":["16","18446744073709551615"],"expected":"18446744073709551615","name":"rangeDynamicEqual"}
{"args":["31","0"],"expected":"0","name":"rangeDynamicEqual"}
{"args":["31","1"],"expected":"1","name":"rangeDynamicEqual"}
{"args":["31","9223372036854775808"],"expected":"9223372036854775808","name":"rangeDynamicEqual"}
{"args":["31","18446744073709551615"],"expected":"18446744073709551615","name":"rangeDynamicEqual"}
{"args":["0","0"],"expected":"0","name":"rangeDynamicHugeBreak"}
{"args":["0","1"],"expected":"2","name":"rangeDynamicHugeBreak"}
{"args":["0","9223372036854775808"],"expected":"9223372036854775809","name":"rangeDynamicHugeBreak"}
{"args":["0","18446744073709551615"],"expected":"0","name":"rangeDynamicHugeBreak"}
{"args":["1","0"],"expected":"1","name":"rangeDynamicHugeBreak"}
{"args":["1","1"],"expected":"3","name":"rangeDynamicHugeBreak"}
{"args":["1","9223372036854775808"],"expected":"9223372036854775810","name":"rangeDynamicHugeBreak"}
{"args":["1","18446744073709551615"],"expected":"1","name":"rangeDynamicHugeBreak"}
{"args":["2","0"],"expected":"2","name":"rangeDynamicHugeBreak"}
{"args":["2","1"],"expected":"4","name":"rangeDynamicHugeBreak"}
{"args":["2","9223372036854775808"],"expected":"9223372036854775811","name":"rangeDynamicHugeBreak"}
{"args":["2","18446744073709551615"],"expected":"2","name":"rangeDynamicHugeBreak"}
{"args":["7","0"],"expected":"7","name":"rangeDynamicHugeBreak"}
{"args":["7","1"],"expected":"9","name":"rangeDynamicHugeBreak"}
{"args":["7","9223372036854775808"],"expected":"9223372036854775816","name":"rangeDynamicHugeBreak"}
{"args":["7","18446744073709551615"],"expected":"7","name":"rangeDynamicHugeBreak"}
{"args":["16","0"],"expected":"16","name":"rangeDynamicHugeBreak"}
{"args":["16","1"],"expected":"18","name":"rangeDynamicHugeBreak"}
{"args":["16","9223372036854775808"],"expected":"9223372036854775825","name":"rangeDynamicHugeBreak"}
{"args":["16","18446744073709551615"],"expected":"16","name":"rangeDynamicHugeBreak"}
{"args":["31","0"],"expected":"31","name":"rangeDynamicHugeBreak"}
{"args":["31","1"],"expected":"33","name":"rangeDynamicHugeBreak"}
{"args":["31","9223372036854775808"],"expected":"9223372036854775840","name":"rangeDynamicHugeBreak"}
{"args":["31","18446744073709551615"],"expected":"31","name":"rangeDynamicHugeBreak"}
{"args":["0","0"],"expected":"0","name":"rangeDynamicContinue"}
{"args":["0","1"],"expected":"1","name":"rangeDynamicContinue"}
{"args":["0","9223372036854775808"],"expected":"9223372036854775808","name":"rangeDynamicContinue"}
{"args":["0","18446744073709551615"],"expected":"18446744073709551615","name":"rangeDynamicContinue"}
{"args":["1","0"],"expected":"0","name":"rangeDynamicContinue"}
{"args":["1","1"],"expected":"1","name":"rangeDynamicContinue"}
{"args":["1","9223372036854775808"],"expected":"9223372036854775808","name":"rangeDynamicContinue"}
{"args":["1","18446744073709551615"],"expected":"18446744073709551615","name":"rangeDynamicContinue"}
{"args":["2","0"],"expected":"1","name":"rangeDynamicContinue"}
{"args":["2","1"],"expected":"2","name":"rangeDynamicContinue"}
{"args":["2","9223372036854775808"],"expected":"9223372036854775808","name":"rangeDynamicContinue"}
{"args":["2","18446744073709551615"],"expected":"0","name":"rangeDynamicContinue"}
{"args":["7","0"],"expected":"12","name":"rangeDynamicContinue"}
{"args":["7","1"],"expected":"13","name":"rangeDynamicContinue"}
{"args":["7","9223372036854775808"],"expected":"9223372036854775817","name":"rangeDynamicContinue"}
{"args":["7","18446744073709551615"],"expected":"11","name":"rangeDynamicContinue"}
{"args":["16","0"],"expected":"48","name":"rangeDynamicContinue"}
{"args":["16","1"],"expected":"49","name":"rangeDynamicContinue"}
{"args":["16","9223372036854775808"],"expected":"9223372036854775853","name":"rangeDynamicContinue"}
{"args":["16","18446744073709551615"],"expected":"47","name":"rangeDynamicContinue"}
{"args":["31","0"],"expected":"48","name":"rangeDynamicContinue"}
{"args":["31","1"],"expected":"49","name":"rangeDynamicContinue"}
{"args":["31","9223372036854775808"],"expected":"9223372036854775853","name":"rangeDynamicContinue"}
{"args":["31","18446744073709551615"],"expected":"47","name":"rangeDynamicContinue"}
{"args":["0","0"],"expected":"0","name":"rangeDynamicJoin"}
{"args":["0","1"],"expected":"1","name":"rangeDynamicJoin"}
{"args":["0","9223372036854775808"],"expected":"9223372036854775808","name":"rangeDynamicJoin"}
{"args":["0","18446744073709551615"],"expected":"18446744073709551615","name":"rangeDynamicJoin"}
{"args":["1","0"],"expected":"0","name":"rangeDynamicJoin"}
{"args":["1","1"],"expected":"1","name":"rangeDynamicJoin"}
{"args":["1","9223372036854775808"],"expected":"9223372036854775808","name":"rangeDynamicJoin"}
{"args":["1","18446744073709551615"],"expected":"18446744073709551615","name":"rangeDynamicJoin"}
{"args":["2","0"],"expected":"1","name":"rangeDynamicJoin"}
{"args":["2","1"],"expected":"2","name":"rangeDynamicJoin"}
{"args":["2","9223372036854775808"],"expected":"9223372036854775808","name":"rangeDynamicJoin"}
{"args":["2","18446744073709551615"],"expected":"0","name":"rangeDynamicJoin"}
{"args":["7","0"],"expected":"21","name":"rangeDynamicJoin"}
{"args":["7","1"],"expected":"22","name":"rangeDynamicJoin"}
{"args":["7","9223372036854775808"],"expected":"9223372036854775826","name":"rangeDynamicJoin"}
{"args":["7","18446744073709551615"],"expected":"20","name":"rangeDynamicJoin"}
{"args":["16","0"],"expected":"32","name":"rangeDynamicJoin"}
{"args":["16","1"],"expected":"33","name":"rangeDynamicJoin"}
{"args":["16","9223372036854775808"],"expected":"9223372036854775837","name":"rangeDynamicJoin"}
{"args":["16","18446744073709551615"],"expected":"31","name":"rangeDynamicJoin"}
{"args":["31","0"],"expected":"32","name":"rangeDynamicJoin"}
{"args":["31","1"],"expected":"33","name":"rangeDynamicJoin"}
{"args":["31","9223372036854775808"],"expected":"9223372036854775837","name":"rangeDynamicJoin"}
{"args":["31","18446744073709551615"],"expected":"31","name":"rangeDynamicJoin"}
{"args":["0","0"],"expected":"0","name":"rangeDynamicChoice"}
{"args":["0","1"],"expected":"1","name":"rangeDynamicChoice"}
{"args":["0","9223372036854775808"],"expected":"9223372036854775808","name":"rangeDynamicChoice"}
{"args":["0","18446744073709551615"],"expected":"18446744073709551615","name":"rangeDynamicChoice"}
{"args":["1","0"],"expected":"0","name":"rangeDynamicChoice"}
{"args":["1","1"],"expected":"1","name":"rangeDynamicChoice"}
{"args":["1","9223372036854775808"],"expected":"9223372036854775808","name":"rangeDynamicChoice"}
{"args":["1","18446744073709551615"],"expected":"18446744073709551615","name":"rangeDynamicChoice"}
{"args":["2","0"],"expected":"1","name":"rangeDynamicChoice"}
{"args":["2","1"],"expected":"2","name":"rangeDynamicChoice"}
{"args":["2","9223372036854775808"],"expected":"9223372036854775809","name":"rangeDynamicChoice"}
{"args":["2","18446744073709551615"],"expected":"0","name":"rangeDynamicChoice"}
{"args":["7","0"],"expected":"21","name":"rangeDynamicChoice"}
{"args":["7","1"],"expected":"22","name":"rangeDynamicChoice"}
{"args":["7","9223372036854775808"],"expected":"9223372036854775826","name":"rangeDynamicChoice"}
{"args":["7","18446744073709551615"],"expected":"17","name":"rangeDynamicChoice"}
{"args":["16","0"],"expected":"120","name":"rangeDynamicChoice"}
{"args":["16","1"],"expected":"121","name":"rangeDynamicChoice"}
{"args":["16","9223372036854775808"],"expected":"9223372036854775900","name":"rangeDynamicChoice"}
{"args":["16","18446744073709551615"],"expected":"91","name":"rangeDynamicChoice"}
{"args":["31","0"],"expected":"465","name":"rangeDynamicChoice"}
{"args":["31","1"],"expected":"466","name":"rangeDynamicChoice"}
{"args":["31","9223372036854775808"],"expected":"9223372036854776168","name":"rangeDynamicChoice"}
{"args":["31","18446744073709551615"],"expected":"359","name":"rangeDynamicChoice"}
