step,time_before,dt,ratio,alpha,retries,max_cfl,min_density,min_pressure,max_component_velocity,min_energy_density_ratio,boundary_x_mass,boundary_x_momentum_x,boundary_x_momentum_y,boundary_x_energy,boundary_y_mass,boundary_y_momentum_x,boundary_y_momentum_y,boundary_y_energy
1,0,0.0009947764373384946,0.19099707596899096,2.0942728990518233,0,0.40036161804323545,0.138,0.028999999999999984,1.2060000000000002,1.9797983188405794,-50.21436672000006,27.190362207793928,-30.829389004799957,-122.55576935120558,-50.25270215719946,-30.81319873171179,27.297609333618265,-122.67619528805685
2,0.0009947764373384946,0.000993877926860679,0.19082456195725037,2.0961662162212136,0,0.40029712286204844,0.138,0.028999999999999984,1.2060000000000002,1.9584312714094305,-50.25270215719946,27.297609333618265,-30.81319873171179,-122.67619528805685,-50.291002968737544,-30.797023082140484,27.395135658572418,-122.79178798420779
3,0.0019886543641991737,0.0009931402152027879,0.19068292131893527,2.0977232634849456,0,0.40026859523885533,0.138,0.028999999999999984,1.2060000000000002,1.9416889867561284,-50.291002968737544,27.395135658572418,-30.797023082140484,-122.79178798420779,-50.32927535127604,-30.78085943903893,27.488991758426586,-122.90572732310756
4,0.0029817945794019616,0.0009924737808722102,0.19055496592746438,2.099131859687466,0,0.4002473589839837,0.138,0.028999999999999984,1.2060000000000002,1.933522194303966,-50.32927535127604,27.488991758426586,-30.78085943903893,-122.90572732310756,-50.367522051610514,-30.7647066423481,27.580715204657015,-123.0187481852068
5,0.003974268360274172,0.0009918604169097591,0.19043720004667375,2.1004299574976164,0,0.4002281528988405,0.138,0.028999999999999984,1.2060000000000002,1.9328164982915756,-50.367522051610514,27.580715204657015,-30.7647066423481,-123.0187481852068,-50.40574511489973,-30.748563828332436,27.67101597880612,-123.1311424430821
6,0.004966128777183931,0.00099129499984021,0.1903286399693203,2.1016280054566527,0,0.40021039914605117,0.138,0.028999999999999984,1.2060000000000002,1.9275919369453929,-50.40574511489973,27.67101597880612,-30.748563828332436,-123.1311424430821,-50.44394638886046,-30.732430216642467,27.76029845223143,-123.24307308571572
7,0.005957423777024141,0.0009907738549077038,0.19022858014227914,2.102733457300816,0,0.4001938577328654,0.138,0.028999999999999984,1.2060000000000002,1.9180643656267269,-50.44394638886046,27.76029845223143,-30.732430216642467,-123.24307308571572,-50.48212757959638,-30.7163050867364,27.84881417006474,-123.35464534017743
8,0.006948197631931845,0.000990293914574829,0.19013643159836718,2.103752535152948,0,0.40017834892544984,0.138,0.028999999999999984,1.2060000000000004,1.9033247444982324,-50.48212757959638,27.84881417006474,-30.7163050867364,-123.35464534017743,-50.520290274998274,-30.700187767997523,27.936729322815246,-123.465931914099
9,0.007938491546506674,0.000989852566720758,0.19005169281038556,2.10469054016309,0,0.40016372250962556,0.138,0.028999999999999984,1.2060000000000004,1.890698999386284,-50.520290274998274,27.936729322815246,-30.700187767997523,-123.465931914099,-50.558435962294325,-30.684077632322108,28.024159330951193,-123.57698529825058
10,0.008928344113227432,0.0009894475796185629,0.18997393528676407,2.1055520032061414,0,0.40014987466798824,0.138,0.028999999999999984,1.2060000000000004,1.8809387786846918,-50.558435962294325,28.024159330951193,-30.684077632322108,-123.57698529825058,-50.59656604270921,-30.667974087928428,28.1111877370884,-123.68784473182905
11,0.009917791692845995,0.0009890769856564627,0.18990278124604085,2.1063409254746728,0,0.40013674817922096,0.138,0.028999999999999984,1.2060000000000004,1.874613827302229,-50.59656604270921,28.1111877370884,-30.667974087928428,-123.68784473182905,-50.63468184164233,-30.651876575058264,28.197877111793524,-123.7985404226974
12,0.010906868678502457,0.0009887389650234833,0.1898378812845088,2.107061021190616,0,0.40012432036635254,0.138,0.028999999999999984,1.2060000000000002,1.8721385851639436,-50.63468184164233,28.197877111793524,-30.651876575058264,-123.7985404226974,-50.67278461436347,-30.635784563571278,28.284275685405316,-123.90909621275067
13,0.01189560764352594,0.0009884317595273361,0.18977889782924853,2.1077158976858197,0,0.40011258848995634,0.138,0.028999999999999984,1.2060000000000004,1.8725846038651233,-50.67278461436347,28.284275685405316,-30.635784563571278,-123.90909621275067,-50.710875548387435,-30.61969755194223,28.370421567561493,-124.01953131894197
14,0.012884039403053276,0.0009881536227167697,0.1897254955616198,2.108309159061263,0,0.40010155769330946,0.138,0.028999999999999984,1.2060000000000004,1.8711774444726796,-50.710875548387435,28.370421567561493,-30.61969755194223,-124.01953131894197,-50.748955763926475,-30.603615067069896,28.45634552563675,-124.12986150566722
15,0.013872193025770045,0.0009879027998928422,0.1896773375794257,2.1088444465987064,0,0.4001907059439655,0.138,0.028999999999999984,1.2060000000000002,1.8660888521182775,-50.748955763926475,28.45634552563675,-30.603615067069896,-124.12986150566722,-50.78702631357251,-30.58753666441129,28.542072868414596,-124.24009989674562
16,0.014860095825662887,0.0009874320270008149,0.18958694918415647,2.1098498695258687,0,0.40021277920691983,0.138,0.028999999999999984,1.2060000000000004,1.8623017960268062,-50.78702631357251,28.542072868414596,-30.58753666441129,-124.24009989674562,-50.825078721167756,-30.57146592371709,28.62760367833298,-124.35023021283376
17,0.015847527852663704,0.0009869070437556302,0.189486152401081,2.1109721999807625,0,0.4001906889784378,0.138,0.02899999999999997,1.2060000000000004,1.8531632707368069,-50.825078721167756,28.62760367833298,-30.57146592371709,-124.35023021283376,-50.86311089762216,-30.555403727276467,28.71294929148326,-124.46025321785248
18,0.016834434896419333,0.0009864367871975197,0.18939586314192378,2.111978547811575,0,0.40017029160866074,0.138,0.028999999999999984,1.2060000000000004,1.8435010324461774,-50.86311089762216,28.71294929148326,-30.555403727276467,-124.46025321785248,-50.901124951923606,-30.539349184396798,28.798127992042964,-124.57018066660373
19,0.017820871683616853,0.000986017011140035,0.18931526613888672,2.1128776783724845,0,0.40015142876778126,0.138,0.028999999999999984,1.2060000000000004,1.8360879068371512,-50.901124951923606,28.798127992042964,-30.539349184396798,-124.57018066660373,-50.93912282942584,-30.52330147349338,28.883155768466747,-124.68002292850703
20,0.018806888694756888,0.00098564387404674,0.18924362381697407,2.1136775545307556,0,0.4001339723941523,0.138,0.028999999999999984,1.2060000000000004,1.8314295233116216,-50.93912282942584,28.883155768466747,-30.52330147349338,-124.68002292850703,-50.97710632744231,-30.50725983550365,28.96804674354499,-124.78978921457474
21,0.019792532568803627,0.000985313861904063,0.1891802614855801,2.114385490636872,0,0.4001178169665948,0.138,0.028999999999999984,1.2060000000000004,1.8299831730772942,-50.97710632744231,28.96804674354499,-30.50725983550365,-124.78978921457474,-51.01507710786788,-30.491223568556613,29.052813472927387,-124.89948775418631
22,0.02077784643070769,0.0009850237306341448,0.1891245562817558,2.1150082668486694,0,0.40010287388594745,0.138,0.028999999999999984,1.2060000000000004,1.8307094765378527,-51.01507710786788,29.052813472927387,-30.491223568556613,-124.89948775418631,-51.05303670758124,-30.475192023579577,29.13746712168508,-125.00912593445852
23,0.021762870161341836,0.0009847704627234783,0.18907592884290783,2.1155522146467236,0,0.400089067305424,0.138,0.028999999999999984,1.2060000000000006,1.83398928513654,-51.05303670758124,29.13746712168508,-30.475192023579577,-125.00912593445852,-51.090986547175916,-30.459164600610734,29.222017715859913,-125.1187104113553
24,0.022747640624065313,0.0009845512344097264,0.18903383700666748,2.1160232809848294,0,0.4000762817188055,0.138,0.028999999999999984,1.2060000000000006,1.8287917703587089,-51.090986547175916,29.222017715859913,-30.459164600610734,-125.1187104113553,-51.12892793842688,-30.443140745645852,29.306474278025625,-125.22824721376813
25,0.02373219185847504,0.0009843635120581533,0.18899779431516545,2.1164268157170945,0,0.40006435387067746,0.138,0.028999999999999984,1.2060000000000004,1.8253859629811184,-51.12892793842688,29.306474278025625,-30.443140745645852,-125.22824721376813,-51.16686209547108,-30.427119945916346,29.390844955567328,-125.33774183366437
26,0.024716555370533196,0.0009842051685278145,0.1889673923573404,2.116767316361087,0,0.40005342591028337,0.138,0.02899999999999997,1.2060000000000004,1.8241350590671115,-51.16686209547108,29.390844955567328,-30.427119945916346,-125.33774183366437,-51.204790150472434,-30.411101723273376,29.47513719515219,-125.4471992519294
27,0.02570076053906101,0.0009840737309406609,0.1889421563406069,2.1170500419129237,0,0.40004344856222956,0.138,0.028999999999999984,1.2060000000000004,1.818820451651015,-51.204790150472434,29.47513719515219,-30.411101723273376,-125.4471992519294,-51.24271314029816,-30.395085639815022,29.559357746982275,-125.55662398261497
28,0.02668483427000167,0.0009839668510782586,0.18892163540702567,2.1172799988641464,0,0.40003437227718497,0.138,0.02899999999999997,1.2060000000000004,1.8106741396670152,-51.24271314029816,29.559357746982275,-30.395085639815022,-125.55662398261497,-51.280632011322794,-30.379071295857205,29.643512737644453,-125.66602011434794
29,0.02766880112107993,0.000983882305389963,0.1889054026348729,2.1174619382016444,0,0.4000261477670577,0.138,0.028999999999999984,1.2060000000000004,1.8050311147727718,-51.280632011322794,29.643512737644453,-30.379071295857205,-125.66602011434794,-51.31854762423255,-30.363058327904824,29.727607733242642,-125.77539134685617
30,0.028652683426469892,0.0009838179937806417,0.1888930548058832,2.1176003554554286,0,0.40001872620239415,0.138,0.028999999999999984,1.2060000000000004,1.802443635612656,-51.31854762423255,29.727607733242642,-30.363058327904824,-125.77539134685617,-51.356460758782795,-30.34704640664243,29.81164779444731,-125.88474102357266
31,0.029636501420250535,0.00098377193799959,0.18888421209592127,2.117699491987544,0,0.40001205929996986,0.138,0.028999999999999984,1.2060000000000004,1.8025692808552083,-51.356460758782795,29.81164779444731,-30.34704640664243,-125.88474102357266,-51.394372118493514,-30.331035234951123,29.895637525199074,-125.99407216105894
32,0.030620273358250124,0.0009837422798914743,0.18887851773916306,2.1177633369210938,0,0.40000609938592796,0.138,0.028999999999999984,1.2060000000000004,1.8054681906729988,-51.394372118493514,29.895637525199074,-30.331035234951123,-125.99407216105894,-51.432282335277584,-30.315024545954095,29.979581114566315,-126.10338747581038
33,0.0316040156381416,0.0009837272795606596,0.18887563767564663,2.117795629560834,0,0.40000079946752415,0.138,0.028999999999999984,1.2060000000000004,1.806425118352646,-51.432282335277584,29.979581114566315,-30.315024545954095,-126.10338747581038,-51.47019197399783,-30.299014101091736,30.063482381419952,-126.21268940886577
34,0.032587742917702264,0.0009837253134195576,0.18887526017655507,2.1177998623329053,0,0.39999999999999997,0.138,0.02899999999999996,1.2060000000000004,1.8021642818533996,-51.47019197399783,30.063482381419952,-30.299014101091736,-126.21268940886577,-51.508101536949454,-30.283003688228888,30.14734479922826,-126.32198014853553
35,0.03357146823112182,0.0009837348720612197,0.18887709543575418,2.117779284339209,0,0.39999999999999997,0.138,0.02899999999999997,1.2060000000000004,1.7998121526920874,-51.508101536949454,30.14734479922826,-30.283003688228888,-126.32198014853553,-51.54601146825989,-30.2669931197964,30.231171524476434,-126.43126165148885
36,0.034555203103183045,0.0009837545578884226,0.18888087511457716,2.117736905641483,0,0.4,0.138,0.02899999999999997,1.2060000000000004,1.8003076311668444,-51.54601146825989,30.231171524476434,-30.2669931197964,-126.43126165148885,-51.58392215819786,-30.25098223097143,30.314965431670053,-126.54053566238282
37,0.035538957661071464,0.0009837830824356024,0.18888635182763566,2.117675502383633,0,0.4,0.138,0.028999999999999984,1.2060000000000004,1.797824740442127,-51.58392215819786,30.314965431670053,-30.25098223097143,-126.54053566238282,-51.6218339473788,-30.234970877901226,30.39872913794074,-126.64980373217803
38,0.036522740743507066,0.0009838192633317116,0.18889329855968864,2.117597622837866,0,0.39999999999999997,0.138,0.028999999999999984,1.2060000000000004,1.7902951908169795,-51.6218339473788,30.39872913794074,-30.234970877901226,-126.64980373217803,-51.6597471308534,-30.218958935976506,30.482465025879005,-126.75906723525968
39,0.03750656000683878,0.00098386202086883,0.18890150800681535,2.117505594426321,0,0.39999999999999997,0.138,0.028999999999999984,1.2060000000000004,1.7858057065161603,-51.6597471308534,30.482465025879005,-30.218958935976506,-126.75906723525968,-51.697661962063904,-30.20294629816056,30.56617526466542,-126.8683273854565
40,0.03849042202770761,0.0009839103741610597,0.18891079183892348,2.1174015317296626,0,0.4,0.138,0.028999999999999984,1.2060000000000004,1.7850029046726419,-51.697661962063904,30.56617526466542,-30.20294629816056,-126.8683273854565,-51.7355786566525,-30.186932873380837,30.64986182957226,-126.97758525103622
41,0.03947433240186867,0.0009839634368991,0.18892097988462722,2.117287345451402,0,0.4000000000000001,0.138,0.028999999999999984,1.2060000000000004,1.7862621705880937,-51.7355786566525,30.64986182957226,-30.186932873380837,-126.97758525103622,-51.77349739610581,-30.170918584989778,30.733526519911564,-127.08684176873429
42,0.04045829583876777,0.0009840204127261982,0.18893191924343006,2.1171647522651718,0,0.4,0.138,0.028999999999999984,1.2060000000000004,1.7920014362170233,-51.77349739610581,30.733526519911564,-30.170918584989778,-127.08684176873429,-51.811418331221574,-30.15490336930072,30.817170975381874,-127.1960977570161
43,0.041442316251493964,0.0009840806696336402,0.18894348856965892,2.1170351147217734,0,0.39999999999999997,0.138,0.028999999999999984,1.2060000000000004,1.78833181072122,-51.811418331221574,30.817170975381874,-30.15490336930072,-127.1960977570161,-51.84934158844186,-30.13888717291315,30.900796698149527,-127.3053539367389
44,0.0424263969211276,0.0009841435490505444,0.18895556141770453,2.116899852001505,0,0.4,0.138,0.028999999999999984,1.2060000000000004,1.7851552564359536,-51.84934158844186,30.900796698149527,-30.13888717291315,-127.3053539367389,-51.88726726882966,-30.122869953144935,30.984405061090513,-127.41461093090226
45,0.043410540470178144,0.0009842084663990965,0.18896802554862654,2.1167602235282352,0,0.39999999999999997,0.138,0.028999999999999984,1.2060000000000004,1.7839754502011653,-51.88726726882966,30.984405061090513,-30.122869953144935,-127.41461093090226,-51.92519545092021,-30.106851676828175,31.067997309083683,-127.5238692792458
46,0.04439474893657724,0.0009842749299332142,0.18898078654717715,2.116617288499559,0,0.4000000000000001,0.138,0.028999999999999984,1.2060000000000004,1.7868099237686583,-51.92519545092021,31.067997309083683,-30.106851676828175,-127.5238692792458,-51.96312619429845,-30.090832318798252,31.15157458358399,-127.63312944222307
47,0.04537902386651045,0.0009842942663493923,0.18898449913908333,2.116575707649015,0,0.4000061393303078,0.138,0.02899999999999997,1.2060000000000006,1.7839484292586023,-51.96312619429845,31.15157458358399,-30.090832318798252,-127.63312944222307,-52.001057682839075,-30.07481264606258,31.235133861987297,-127.74238646350065
48,0.04636331813285984,0.000984279159312207,0.18898159858794378,2.116608193542492,0,0.40000132241254227,0.138,0.028999999999999984,1.2060000000000006,1.777313679889762,-52.001057682839075,31.235133861987297,-30.07481264606258,-127.74238646350065,-52.03898858920373,-30.05879321919829,31.31867313734955,-127.85163677679577
49,0.04734759729217205,0.0009842759052652017,0.18898097381091875,2.1166151911155473,0,0.4,0.138,0.028999999999999984,1.2060000000000006,1.7745996319275323,-52.03898858920373,31.31867313734955,-30.05879321919829,-127.85163677679577,-52.07691937016807,-30.04277384529456,31.402194255320104,-127.96088193375412
50,0.04833187319743725,0.0009842831700459524,0.18898236864882287,2.1165995688375636,0,0.39999999999999997,0.138,0.028999999999999984,1.2060000000000006,1.7750386307313368,-52.07691937016807,31.402194255320104,-30.04277384529456,-127.96088193375412,-52.11485043109335,-30.026754353154434,31.485698900867796,-128.07012332344178
51,0.049316156367483203,0.0009842997070785263,0.18898554375907706,2.1165640082499055,0,0.4000000000000001,0.138,0.02899999999999997,1.2060000000000006,1.7795428422903945,-52.11485043109335,31.485698900867796,-30.026754353154434,-128.0701233234418,-52.15278212930189,-30.010734591869323,31.56918860928219,-128.17936218315256
52,0.05030045607456173,0.0009843243599484174,0.18899027711009614,2.1165109979016554,0,0.39999999999999997,0.138,0.02899999999999997,1.2060000000000006,1.7819120871660028,-52.15278212930189,31.569188609282183,-30.010734591869323,-128.17936218315256,-52.190714777551605,-29.994714429351667,31.652664777057282,-128.2885996094085
53,0.05128478043451015,0.0009843560630145483,0.18899636409879328,2.116442831624579,0,0.4,0.138,0.028999999999999984,1.2060000000000006,1.7767029469999955,-52.190714777551605,31.652664777057243,-29.994714429351667,-128.28859960940855,-52.228648647533994,-29.978693750857463,31.736128672513928,-128.39783656894966
54,0.0522691364975247,0.0009843938405074176,0.1890036173774242,2.1163616101655554,0,0.39999999999999997,0.138,0.028999999999999984,1.2060000000000006,1.7749636056375926,-52.22864864753404,31.736128672513885,-29.978693750857463,-128.39783656894983,-52.26658397333772,-29.962672457523713,31.81958144784248,-128.50707390955574
55,0.05325353033803212,0.0009844368044421626,0.18901186645289522,2.116269245453361,0,0.4,0.138,0.028999999999999984,1.2060000000000006,1.7764268735251953,-52.26658397333782,31.81958144784234,-29.962672457523713,-128.5070739095562,-52.30452095483131,-29.946650464939506,31.903024145041208,-128.61631237057676
56,0.05423796714247429,0.000984484151599818,0.18902095710716507,2.1161674669397676,0,0.39999999999999997,0.138,0.02899999999999997,1.2060000000000006,1.7832568559576907,-52.30452095483161,31.903024145040842,-29.94665046493951,-128.6163123705778,-52.342459760930026,-29.930627701766696,31.98645770745446,-128.72555259307455
57,0.055222451294074104,0.000984535159781955,0.18903075067813535,2.116057829559616,0,0.4,0.138,0.02899999999999997,1.2060000000000006,1.7746593804064643,-52.34245976093075,31.986457707453607,-29.930627701766696,-128.72555259307708,-52.380400532718056,-29.914604108421017,32.06988298880391,-128.83479512949407
58,0.05620698645385606,0.0009845891835121672,0.1890411232343361,2.115941722924268,0,0.39999999999999997,0.138,0.028999999999999984,1.2060000000000006,1.7702219353135635,-52.380400532719676,32.06988298880198,-29.91460410842101,-128.8347951294998,-52.41834338640524,-29.898579635823545,32.15330076135395,-128.94404045280504
59,0.05719157563736822,0.000984645649335691,0.1890519646724527,2.1158203814122287,0,0.4,0.138,0.028999999999999984,1.2060000000000006,1.769981310317235,-52.41834338640885,32.15330076134966,-29.898579635823538,-128.94404045281775,-52.45628841610301,-29.882554244228558,32.236711723588186,-129.05328896506748
60,0.05817622128670391,0.0009847040508513456,0.18906317776345835,2.1156948948591667,0,0.39999999999999997,0.138,0.028999999999999984,1.2060000000000006,1.7736755825138044,-52.4562884161107,32.23671172357904,-29.882554244228547,-129.05328896509457,-52.494235696408765,-29.866527902132045,32.3201165073853,-129.16254100537682
61,0.05916092533755526,0.0009847639435953564,0.18907467717030843,2.1155662195826532,0,0.4,0.138,0.028999999999999984,1.2060000000000006,1.780602990730267,-52.494235696424745,32.320116507366365,-29.866527902131995,-129.16254100543287,-52.53218528479387,-29.85050058526386,32.403515684384814,-129.27179685754223
62,0.06014568928115061,0.0009848249626545872,0.18908639282968073,2.1154351405936405,0,0.39999999999999997,0.138,0.028999999999999984,1.2060000000000006,1.7736072695326346,-52.532185284826106,32.403515684346644,-29.850500585263777,-129.27179685765535,-52.570137224671036,-29.834472275292857,32.48690977372124,-129.38105675968058
63,0.0611305142438052,0.0009848868474578787,0.18909827471191273,2.115302218433202,0,0.4000000000000001,0.138,0.028999999999999984,1.2060000000000006,1.771412515980392,-52.57013722473429,32.486909773646275,-29.834472275292683,-129.38105675990258,-52.608091549418376,-29.818442958128756,32.57029925390002,-129.49032091417513
64,0.06211540109126308,0.000984949257551586,0.1891102574499045,2.1151681849196384,0,0.4,0.138,0.028999999999999984,1.2060000000000006,1.772022371278964,-52.608091549539665,32.570299253756325,-29.81844295812841,-129.4903209146007,-52.646048279306626,-29.802412625222257,32.65368455647553,-129.59958948060344
65,0.06310035034881467,0.000985011912576202,0.18912228721463079,2.115033642470962,0,0.4,0.138,0.02899999999999997,1.2060000000000006,1.7788095849255,-52.64604827953371,32.65368455620642,-29.802412625221613,-129.59958948140033,-52.68400742382373,-29.786381272586873,32.73706607054703,-129.7088625826838
66,0.06408536226139087,0.000985074582194101,0.18913431978126738,2.1148990858063064,0,0.39999999999999997,0.138,0.02899999999999997,1.2060000000000006,1.7757572375113224,-52.684007424239866,32.7370660700541,-29.78638127258586,-129.70886258414387,-52.72196898361778,-29.770348899985024,32.82044414927375,-129.81814031412895
67,0.06507043684358498,0.0009851370778538218,0.1891463189479338,2.114764919692187,0,0.39999999999999997,0.138,0.02899999999999996,1.2060000000000006,1.7701543904670676,-52.72196898436431,32.820444148389285,-29.770348899982963,-129.81814031674844,-52.75993295213069,-29.754315510247277,32.90381911420016,-129.9274227436161
68,0.06605557392143879,0.0009851992459859764,0.18915825522930746,2.1146314736044656,0,0.4,0.138,0.028999999999999984,1.2060000000000006,1.7695833001840189,-52.75993295344367,32.90381911264438,-29.75431551024371,-129.92742274822385,-52.79789931698403,-29.73828110870377,32.98719125895865,-130.03670991905153
69,0.06704077316742477,0.0009852609623383604,0.1891701047689652,2.1144990139352244,0,0.4,0.138,0.028999999999999984,1.2060000000000006,1.7733425726802805,-52.797899319250504,32.98719125627314,-29.738281108697596,-130.0367099270052,-52.835868061167254,-29.722245702706278,33.070560852433,-130.1460018712714
70,0.06802603412976313,0.000985322128497235,0.18918184867146914,2.114367751499432,0,0.4,0.138,0.02899999999999997,1.2060000000000006,1.7823228067382388,-52.83586806500994,33.07056084788007,-29.72224570269573,-130.1460018847564,-52.87383916412112,-29.70620930120759,33.15392814155822,-130.25529861744786
71,0.06901135625826037,0.000985382665816685,0.18919347183680352,2.114237854596993,0,0.4000000000000001,0.138,0.02899999999999997,1.2060000000000008,1.7741408132074634,-52.87383917052517,33.153928133970375,-29.706209301190157,-130.25529863992148,-52.91181260263116,-29.69017191443974,33.237293353512825,-130.36460016396524
72,0.06999673892407705,0.000985442511617134,0.18920496223048974,2.1141094571965793,0,0.39999999999999997,0.138,0.02899999999999997,1.2060000000000008,1.7715281535746041,-52.91181261313065,33.237293341072636,-29.69017191441129,-130.36460020081034,-52.949788351636776,-29.674133553653352,33.32065669748404,-130.473906509072
73,0.0709821814356942,0.0009855016178917115,0.1892163106352086,2.1139826617334414,0,0.39999999999999997,0.138,0.028999999999999984,1.2060000000000008,1.7725308845505316,-52.94978836858286,33.3206566774057,-29.674133553607643,-130.47390656853952,-52.98776638507597,-29.658094230878223,33.40401836655079,-130.58321764566918
74,0.0719676830535859,0.0009855599488241245,0.18922751017423192,2.113857544453756,0,0.4000000000000001,0.138,0.028999999999999984,1.2060000000000008,1.7804721195007718,-52.98776641201919,33.40401833462741,-29.658094230805837,-130.5832177402195,-53.025746676753506,-29.642053958723963,33.487378538159525,-130.69253356422115
75,0.07295324300241003,0.0009856174787042878,0.18923855591122327,2.1137341599015924,0,0.4,0.138,0.028999999999999984,1.2060000000000008,1.7788265973364208,-53.02574671897992,33.487378488128435,-29.642053958611008,-130.69253371240285,-53.06372920129005,-29.626012750214226,33.570737375014446,-130.80185425597972
76,0.07393886048111432,0.0009856741901762892,0.18924944451384754,2.1136125446895653,0,0.39999999999999997,0.138,0.028999999999999984,1.2060000000000006,1.7730654004585702,-53.06372926656073,33.570737297679784,-29.6260127500411,-130.80185448502866,-53.1017139352175,-29.60997061864955,33.654095025636124,-130.91117971675757
77,0.07492453467129061,0.0009857300727651953,0.18926017397091752,2.113492720668563,0,0.4,0.138,0.028999999999999984,1.2060000000000006,1.7727603036738373,-53.101714034779256,33.65409490767293,-29.609970618387518,-130.91118006614042,-53.13970085830251,-29.593927577491957,33.73745162371,-131.02050995206372
78,0.07591026474405581,0.0009857851216385426,0.1892707433546002,2.1133746975917824,0,0.4000000000000001,0.138,0.028999999999999984,1.2060000000000006,1.777984115296911,-53.13970100824639,33.73745144605359,-29.59392757710118,-131.02051047824565,-53.17768995518903,-29.577883640271246,33.82080728826577,-131.12984498173134
79,0.07689604986569436,0.0009858393421741105,0.18928115369742923,2.1132584633302174,0,0.4,0.138,0.028999999999999984,1.2060000000000006,1.7853357740693454,-53.17769017825613,33.82080702397299,-29.577883639696303,-131.1298457645129,-53.21568121768938,-29.56183882041449,33.90416212227155,-131.23918484840215
80,0.07788188920786847,0.0009858927408439686,0.18929140624204197,2.1131440034236446,0,0.4,0.138,0.028999999999999984,1.2060000000000004,1.7770104041741033,-53.215681545641196,33.90416173371226,-29.561838819579624,-131.23918599923584,-53.253674647322036,-29.5457931312236,33.987516210177446,-131.34852962657322
81,0.07886778194871244,0.0009859453247510045,0.18930150235219287,2.1130313020749587,0,0.39999999999999997,0.138,0.02899999999999997,1.2060000000000004,1.775235126028074,-53.25367512401424,33.98751564539328,-29.54579313002743,-131.3485312993494,-53.29167025857776,-29.529746585860046,34.070869614581014,-131.45787943415073
82,0.07985372727346345,0.000985997102082157,0.18931144359977414,2.112920341179403,0,0.4000000000000001,0.138,0.028999999999999984,1.2060000000000004,1.7773218500375862,-53.29167094390052,34.0708688026173,-29.529746584167807,-131.4578818390221,-53.32966808312627,-29.51369919731963,34.15422237186691,-131.56723444729298
83,0.0808397243755456,0.0009860480822559488,0.18932123179314217,2.1128111000093823,0,0.39999999999999997,0.138,0.028999999999999984,1.2060000000000004,1.787085667531305,-53.329669057997904,34.15422121685774,-29.513699194955937,-131.567237868194,-53.367668175152474,-29.497650978405822,34.237574486665224,-131.67659491921384
84,0.08182577245780155,0.00098609827589549,0.18933086897193407,2.112703555273361,0,0.39999999999999997,0.138,0.028999999999999984,1.2060000000000006,1.7826138617848288,-53.36766954777718,34.2375728604199,-29.4976509751452,-131.67659973581812,-53.405670618045725,-29.481601941701133,34.32092592405865,-131.78596120373146
85,0.08281187073369704,0.0009861476947086213,0.1893403573840553,2.112597681373579,0,0.4,0.138,0.028999999999999984,1.2060000000000006,1.7778516662042414,-53.405672531672394,34.32092365687173,-29.48160193725822,-131.78596791866906,-53.44367553269713,-29.46555209954046,34.40427660078336,-131.89533378444867
86,0.08379801842840566,0.000986196351325235,0.1893496994544451,2.1124934507553017,0,0.4,0.138,0.02899999999999997,1.2060000000000006,1.7779926509427455,-53.443678175135496,34.404273470162835,-29.46555209356169,-131.89534305669045,-53.48168308768552,-29.44950146398881,34.48762637382489,-132.00471331055988
87,0.0847842147797309,0.000986244259121616,0.18935889775135026,2.1123908342836124,0,0.4,0.138,0.028999999999999984,1.2060000000000006,1.78300653951616,-53.48168670285599,34.48762209081185,-29.449501456041858,-132.00472599593584,-53.51969351165869,-29.433450046819885,34.57097502646402,-132.11410064035869
88,0.08577045903885251,0.0009862914320488976,0.18936795495338835,2.11228980161114,0,0.4,0.138,0.028999999999999984,1.2060000000000006,1.7885591458428913,-53.519698413468184,34.570969219199185,-29.4334500363891,-132.11411784022798,-53.557707108237196,-29.41739785950389,34.65432225139798,-132.22349689359268
89,0.08675675047090141,0.000986337884474741,0.18937687381915028,2.112190321517236,0,0.4,0.138,0.028999999999999984,1.2060000000000006,1.7816350953176567,-53.55771369707815,34.654314445581846,-29.41739784598643,-132.22352001271466,-53.595724273778494,-29.40134491319912,34.73766763054874,-132.332903513854
90,0.08774308835537616,0.000986383631042429,0.18938565716014638,2.1120923622096477,0,0.4,0.138,0.028999999999999984,1.2060000000000006,1.7806063296861823,-53.59573305595073,34.737657226441385,-29.401344895910356,-132.3329343285083,-53.633745518346366,-29.38529121875569,34.82101061115462,-132.44232234223205
91,0.08872947198641859,0.0009864286865486423,0.18939430781733932,2.111995891586027,0,0.4,0.138,0.028999999999999984,1.2060000000000006,1.782800272163124,-53.633757128693354,34.820996856772254,-29.385291196943253,-132.44236307959974,-53.671771490228124,-29.369236786730607,34.9043504777443,-132.5517557034465
92,0.08971590067296724,0.0009864730658394872,0.18940282864118155,2.111900877456213,0,0.4,0.138,0.028999999999999984,1.2060000000000006,1.7896439839872604,-53.67178671825495,34.90433243793468,-29.369236759603986,-132.55180913319873,-53.709803004322254,-29.353181627421044,34.9876863196552,-132.66120650570585
93,0.09070237373880673,0.0009865167837234564,0.18941122247490363,2.111807287728153,0,0.4,0.138,0.028999999999999984,1.2060000000000006,1.7851424723195803,-53.70982282403507,34.9876628407715,-29.353181594201818,-132.66127604462662,-53.74784107469593,-29.337125750920706,35.07101699399858,-132.7706783545451
94,0.09168889052253018,0.0009865598549498706,0.18941949215037515,2.1117150904535764,0,0.39999999999999997,0.138,0.028999999999999984,1.2060000000000006,1.78160018120949,-53.747866678350924,35.07098666394843,-29.33712571091986,-132.77076818484883,-53.785886951566546,-29.32106916720469,35.15434108322789,-132.88017568296567
95,0.09267545037748005,0.0009866022945709176,0.18942764055761618,2.111624253052639,0,0.4,0.138,0.028999999999999984,1.2060000000000006,1.7824155960265475,-53.785919787459974,35.15430218674614,-29.321069119937363,-132.880290884762,-53.823942162919636,-29.305011886247772,35.237656847716046,-132.9897038975011
96,0.09366205267205097,0.0009866441175262488,0.18943567056503977,2.1115347432027924,0,0.4,0.138,0.028999999999999984,1.2060000000000006,1.7904559202895327,-53.823983977271915,35.23760731679984,-29.30501183159566,-132.98985059558282,-53.862008560854896,-29.288953918198498,35.32096217288206,-133.09926954085728
97,0.09464869678957721,0.0009866853384255952,0.1894435849777143,2.1114465293034606,0,0.4,0.138,0.028999999999999984,1.2060000000000006,1.7899521718891118,-53.862061443749845,35.320899532436826,-29.288953856632165,-133.09945506567354,-53.90008837269885,-29.272895273618982,35.40425451093443,-133.2088804712549
98,0.09563538212800281,0.0009867259714468946,0.18945138651780377,2.111359580693329,0,0.4,0.138,0.028999999999999984,1.2060000000000006,1.7838232406930914,-53.90015480793847,35.40417581980319,-29.272895206497623,-133.20911353355322,-53.93818425681784,-29.256835963805955,35.487530817353345,-133.31854605820985
99,0.0966221080994497,0.0009867660302997254,0.18945907781754728,2.111273867727825,0,0.4,0.138,0.028999999999999984,1.2060000000000006,1.7824854839925104,-53.93826717542596,35.4874326050441,-29.256835893770983,-133.31883693641626,-53.97629936293446,-29.240776001209163,35.57078748237235,-133.42827739406613
100,0.09760887412974942,0.00098680552822397,0.18946666141900226,2.11118936178121,0,0.39999999999999997,0.138,0.02899999999999997,1.2060000000000006,1.7849035620107772,-53.97640219992261,35.57066568195414,-29.240775932693357,-133.4286381330145,-54.01443739662527,-29.224715399968193,35.65402025787828,-133.53808752012014
101,0.09859567965797339,0.0009868444780060546,0.1894741397771625,2.1111060352111037,0,0.39999999999999997,0.138,0.02899999999999997,1.2060000000000006,1.7956382852392703,-54.01456415048458,35.65387013568029,-29.224715339845194,-133.53853213924455,-54.05260268752043,-29.208654176592905,35.737224180334515,-133.6479916656532
102,0.09958252413597944,0.0009868828920026806,0.18948151526451468,2.111023861307016,0,0.4,0.138,0.02899999999999996,1.2060000000000006,1.7879919773273192,-54.05275798176638,35.73704026325878,-29.208654134993164,-133.64853637424804,-54.09080026058198,-29.192592350814003,35.820393490422965,-133.75800749765335
103,0.10056940702798212,0.0009869207821665432,0.1894887901759763,2.110942814234679,0,0.4,0.138,0.02899999999999997,1.2060000000000006,1.785636388167752,-54.09098940652488,35.82016949185467,-29.192592342139573,-133.7586709142882,-54.12903590967075,-29.17652994663578,35.903521550334034,-133.8681553784509
104,0.10155632781014866,0.0009869581600712104,0.18949596673367242,2.110862868982225,0,0.4,0.138,0.02899999999999997,1.2060000000000006,1.7856683179781805,-54.1292649694433,35.903250295809904,-29.176529990807026,-133.8689587511011,-54.16731627245882,-29.16046699362581,35.986600760012216,-133.9784586279113
105,0.10254328597021987,0.0009869950369338835,0.18950304709130564,2.1107840013109316,0,0.4,0.138,0.028999999999999984,1.2060000000000006,1.7893685086589093,-54.167592121187255,35.98627411397369,-29.16046711759771,-133.97942605088042,-54.205648905583004,-29.144403528479025,36.069622473459866,-134.08894378629137
106,0.10353028100715375,0.0009870314236356196,0.18951003333803898,2.1107061877114393,0,0.4,0.138,0.028999999999999984,1.2060000000000006,1.7904778606817258,-54.205979291464295,36.06923126857268,-29.14440376806932,-134.0901024095377,-54.24404235879444,-29.1283395968991,36.15257691657211,-134.19964087343368
107,0.10451731243078938,0.0009870673307390367,0.18951692750189505,2.1106294053653873,0,0.39999999999999997,0.138,0.02899999999999997,1.2060000000000006,1.7856738883232202,-54.24443595972303,36.15211088723017,-29.128339998970638,-134.20102109951358,-54.28250624671931,-29.112275255840395,36.2354531083974,-134.31058363908434
108,0.10550437976152842,0.0009871027685037345,0.18952373155271704,2.1105536321119653,0,0.4,0.138,0.02899999999999996,1.2060000000000006,1.7858980683976058,-54.28297272201761,36.234900830139935,-29.11227588088632,-134.3122193025957,-54.321051316736394,-29.096210576159354,36.31823878726821,-134.42180979941176
109,0.10649148253003216,0.0009871377468997377,0.18953044740474964,2.1104788464187205,0,0.4,0.138,0.02899999999999996,1.2060000000000006,1.792531803971754,-54.32160135247361,36.31758762392188,-29.096211501339496,-134.42373832357492,-54.35968951138329,-29.080145645724713,36.40092034373403,-134.5333612540086
110,0.10747862027693189,0.000987172275639101,0.1895370769227074,2.110405027313567,0,0.39999999999999997,0.138,0.028999999999999984,1.2060000000000006,1.7956779372217433,-54.36033485772848,36.400156404137924,-29.08014696840571,-134.53562377889253,-54.398434023642174,-29.064080573039167,36.4834827623116,-134.6452842774265
111,0.108465792552571,0.000987206364202256,0.18954362192683316,2.1103321543280753,0,0.4,0.138,0.028999999999999984,1.2060000000000006,1.7877664399734876,-54.39918752269185,36.4825908684909,-29.064082414890944,-134.64792575429595,-54.437299343423206,-29.048015491426632,36.56590957397388,-134.7576296793441
112,0.10945299891677325,0.0009872400218424197,0.18955008419374458,2.110260207487687,0,0.39999999999999997,0.138,0.028999999999999984,1.2060000000000006,1.7851844236475183,-54.43817494597555,36.56487324259248,-29.048018003129027,-134.7606989257146,-54.47630129357129,-29.031950563837693,36.64818282117322,-134.87045292744736
113,0.11044023893861567,0.0009872732575817215,0.18955646545569052,2.110189167319652,0,0.39999999999999997,0.138,0.02899999999999997,1.2060000000000006,1.7864166457278632,-54.47731406338571,36.646984260015735,-29.0319539304516,-134.87400263768185,-54.51545705376277,-29.01588598833099,36.730283037472915,-134.98381422723358
114,0.11142751219619738,0.0009873060802058937,0.1895627673995316,2.1101190148640363,0,0.4000000000000001,0.138,0.028999999999999984,1.2060000000000006,1.7951855860340382,-54.51662315795369,36.72890315857438,-29.015890435385387,-134.9879009338795,-54.55478517074686,-28.99982200428185,36.81218924339484,-135.09777855324722
115,0.11241481827640327,0.0009873384982605864,0.18956899166603258,2.110049731681265,0,0.4,0.138,0.028999999999999984,1.2060000000000004,1.7919019523153674,-54.556121855107065,36.810607694266025,-28.999827804628403,-135.10246253485187,-54.59430555350971,-28.983758899370006,36.893878960125114,-135.21241562672196
116,0.11340215677466386,0.0009873705200503515,0.1895751398496675,2.109981299853972,0,0.4,0.138,0.028999999999999984,1.2060000000000004,1.7891305337350516,-54.59583110174601,36.892074174294194,-28.983766380853382,-135.21776075850468,-54.63403945210638,-28.967697017395555,36.97532824248132,-135.3277998351634
117,0.11438952729471422,0.0009874021536403288,0.18958121349894314,2.109913701983081,0,0.39999999999999997,0.138,0.028999999999999984,1.2060000000000006,1.787968327407346,-54.63577312819116,36.973277510311405,-28.967706571378905,-135.33387337972212,-54.6740094191105,-28.951636766963016,37.05651173229468,-135.44401009014587
118,0.11537692944835455,0.0009874334068602428,0.1895872141171666,2.1098469211789586,0,0.39999999999999997,0.138,0.02899999999999997,1.2060000000000006,1.7899607500013737,-54.67597139221069,37.05419129272765,-28.951648857750264,-135.45088242627168,-54.714239252874066,-28.935578631075582,37.13740273306661,-135.56112962044054
119,0.11636436285521479,0.0009874642873101609,0.1895931431635509,2.10978094104882,0,0.4,0.138,0.02899999999999996,1.2060000000000006,1.7939513582367335,-54.71645050460017,37.13478788660507,-28.93559380625625,-135.56887390912428,-54.754753922061774,-28.919523177666104,37.21797330643122,-135.67924569856618
120,0.11735182714252494,0.0009874948023674828,0.1895990020545567,2.109715745681514,0,0.39999999999999997,0.138,0.02899999999999997,1.2060000000000006,1.7886274179958037,-54.75723613608863,37.215038549302285,-28.919542079405236,-135.6879374863659,-54.795579471226276,-28.903471071088447,37.29819439059667,-135.7984492999246
121,0.11833932194489243,0.0009875249591947,0.18960479216538242,2.109651319630681,0,0.4,0.138,0.028999999999999984,1.2060000000000008,1.7884926352710515,-54.79835490566015,37.294913569651264,-28.903494448373817,-135.80816606101692,-54.83674290751331,-28.887423084577176,37.378035940511474,-135.91883469484307
122,0.11932684690408712,0.0009875547647475436,0.18961051483152838,2.1095876478970887,0,0.4,0.138,0.028999999999999984,1.2060000000000006,1.7953220497724138,-54.83983425071302,37.37438242801249,-28.887451806419765,-135.92965531426148,-54.87827206892216,-28.871380113678594,37.457467089322215,-136.04049897486536
123,0.12031440166883467,0.0009875842257832475,0.18961617135038353,2.10952471591074,0,0.4,0.138,0.028999999999999984,1.2060000000000008,1.7988087837865372,-54.8817022798159,37.45341397636986,-28.87141518325553,-136.05250317662222,-54.920195474889,-28.85534319063715,37.53645632981722,-136.16354151631566
124,0.12130198589461792,0.000987613348868711,0.18962176298279254,2.1094625095132065,0,0.39999999999999997,0.138,0.028999999999999984,1.2060000000000008,1.791142039639014,-54.923987609159,37.53197663676464,-28.8553857603476,-136.17680924127853,-54.96254216030521,-28.839313499707742,37.61497171464348,-136.28806338485992
125,0.12228959924348663,0.0009876421403888069,0.18962729095465092,2.109401014939666,0,0.4,0.138,0.02899999999999996,1.2060000000000008,1.7874818580420133,-54.9667191841263,37.61003861647117,-28.839364887098604,-136.30267412437527,-55.00534149441601,-28.82329239335202,37.69298107341759,-136.41416668625928
126,0.12327724138387544,0.0009876706065560235,0.18963275645875652,2.1093402187980987,0,0.4,0.138,0.02899999999999997,1.206000000000001,1.7880775771197468,-55.00992608772629,37.68756813768081,-28.823354097852608,-136.43019877856793,-55.048622986360094,-28.807281409254657,37.770452244539264,-136.54195386961337
127,0.12426491199043146,0.0009876987534194108,0.1896381606565269,2.109280108049988,0,0.4,0.138,0.02899999999999997,1.206000000000001,1.795185357382826,-55.05363733790536,37.76453367918512,-28.807355129641905,-136.5594837670401,-55.092416079403414,-28.7912822880803,37.84735331918057,-136.67152699041057
128,0.12525261074385088,0.0009877265868721886,0.18964350467946023,2.1092206699938876,0,0.4000000000000001,0.138,0.02899999999999996,1.206000000000001,1.7947614380643535,-55.09788167602351,37.84090422725008,-28.7913699405797,-136.6906285061274,-55.13674993617724,-28.77529699187444,37.92365289461986,-136.8029869416375
129,0.12624033733072307,0.000987754112658025,0.18964878963034082,2.1091618922518363,0,0.4000000000000001,0.138,0.02899999999999995,1.206000000000001,1.7926341469892122,-55.14268734898647,37.916649532628,-28.775400728779882,-136.8237304854683,-55.18165321745332,-28.759327722990967,37.99932033384889,-136.93643266198345
130,0.1272280914433811,0.0009877813363762323,0.1896540165842366,2.1091037627580973,0,0.4,0.138,0.028999999999999984,1.206000000000001,1.7901615264313002,-55.188081887703106,37.99174037046538,-28.759449951669517,-136.95888447520278,-55.227153857161504,-28.74337694340163,38.07432602815521,-137.07196033086535
131,0.12821587277975732,0.0009878082634861814,0.18965918658934683,2.109046269749572,0,0.4,0.138,0.02899999999999996,1.206000000000001,1.791450511004473,-55.23409188465786,38.066148799703456,-28.743520345529692,-137.09618173026954,-55.273278836482035,-28.72744739424227,38.14864165931109,-137.2096625603508
132,0.1292036810432435,0.0009878348993112014,0.18966430066775067,2.10898940175732,0,0.39999999999999997,0.138,0.02899999999999996,1.206000000000001,1.7967008661856623,-55.28074277346199,38.13984841856118,-28.727614945102257,-137.23570920198466,-55.320053959919484,-28.711542115414563,38.22224045786315,-137.3496275944114
133,0.1301915159425547,0.0009878612490421728,0.18966935981609717,2.108933147598741,0,0.4,0.138,0.028999999999999984,1.206000000000001,1.791186818055346,-55.328058613264325,38.212814612622935,-28.7117371030591,-137.3775487672662,-55.367503636281015,-28.69566446504673,38.29509745404211,-137.49193852600712
134,0.1311793771915969,0.0009878873177409599,0.1896743650062643,2.1088774963701042,0,0.39999999999999997,0.138,0.02899999999999997,1.206000000000001,1.7908434003921003,-55.37606188086578,38.28502479214176,-28.695890509126016,-137.52177648571754,-55.41565066744752,-28.679818138605324,38.367189717863965,-137.63667254234093
135,0.13216726450933786,0.0009879131103437758,0.18967931718600495,2.108822437439231,0,0.39999999999999997,0.138,0.02899999999999997,1.2060000000000013,1.797460409187678,-55.42477327329148,38.35645861529217,-28.680079208633465,-137.66846189445607,-55.464516047734165,-28.664007187429004,38.438496585093645,-137.78390020839717
136,0.13315517761968163,0.000987938631664532,0.18968421727959014,2.1087679604382124,0,0.4,0.138,0.02899999999999997,1.206000000000001,1.8008845792459895,-55.474211523432935,38.427098194262314,-28.664307620251506,-137.81766735012837,-55.51411877649262,-28.648236036441993,38.50899986605762,-137.9336847981561
137,0.13414311625134615,0.000987963886398194,0.18968906618845324,2.1087140552561214,0,0.4000000000000001,0.138,0.028999999999999984,1.206000000000001,1.7941474825051311,-55.52439323118252,38.49692828145325,-28.64858055265829,-137.96944742669808,-55.56447568641645,-28.632509500796136,38.57868403427666,-138.08608168254983
138,0.13513108013774433,0.0009879888791241489,0.18969386479183659,2.1086607120317042,0,0.39999999999999997,0.138,0.02899999999999997,1.206000000000001,1.7898436644717457,-55.57533271224983,38.5659364330816,-28.632903219875132,-138.1238483771013,-55.6156012897738,-28.616832801177285,38.647536392453645,-138.24113778202988
139,0.1361190690168685,0.0009880136143095776,0.18969861394743892,2.1086079211460698,0,0.4,0.138,0.02899999999999997,1.206000000000001,1.790041027748578,-55.62704186657565,38.634113148098685,-28.61728125500341,-138.28090766556147,-55.66750764451558,-28.60121157749943,38.7155472135586,-138.39889109090095
140,0.13710708263117807,0.0009880380963128098,0.1897033144920595,2.1085556732154145,0,0.39999999999999997,0.138,0.028999999999999984,1.2060000000000008,1.7959613155333771,-55.67953006795962,38.70145198057132,-28.601720722079296,-138.44065357647716,-55.720204241901705,-28.585651900724994,38.78270985518253,-138.55937027927487
141,0.1380951207274909,0.0009880623293867564,0.18970796724225725,2.1085039590835932,0,0.4,0.138,0.02899999999999996,1.2060000000000008,1.797256794894116,-55.73280407618539,38.76794962413189,-28.586228125781943,-138.60310490452292,-55.77369791695245,-28.57016028252947,38.8490208457217,-138.7225943774201
142,0.13908318305687764,0.0009880863176823852,0.18971257299501795,2.1084527698145994,0,0.39999999999999997,0.138,0.02899999999999996,1.2060000000000008,1.7959423430345882,-55.78686797258389,38.833605967505946,-28.5708104187218,-138.76827072937942,-55.82799278268305,-28.554743682540916,38.914479941395584,-138.88857254603198
143,0.14007126937456002,0.0009881100652521626,0.1897171325284152,2.108402096685123,0,0.39999999999999997,0.138,0.028999999999999984,1.2060000000000008,1.7926737300340618,-55.84172311961927,38.898424120580515,-28.55547500603883,-138.93615027729527,-55.88309018871889,-28.539409512887964,38.97909015354878,-139.05730393458967
144,0.14105937943981217,0.0009881335760533946,0.18972164660225177,2.1083519311773276,0,0.39999999999999997,0.138,0.028999999999999984,1.2060000000000008,1.7935445847796183,-55.89736814472234,38.96241041091127,-28.5402297470591,-139.1067328703099,-55.93898870452382,-28.524165639804167,39.04285774612524,-139.228777628704
145,0.14204751301586557,0.000988156853951414,0.18972611595867148,2.108302264971961,0,0.39999999999999997,0.138,0.02899999999999997,1.2060000000000008,1.7984495742316762,-55.9537989482453,39.02557435100216,-28.5250829537666,-139.2799979627684,-55.995684127117514,-28.509020382046657,39.10579220364428,-139.4029726860639
146,0.143035669869817,0.0009881799027225966,0.18973054132273856,2.108253089941832,0,0.4,0.138,0.02899999999999996,1.2060000000000008,1.7935618755112555,-56.01100873506823,39.08792857710392,-28.510043385868546,-139.45591526346837,-56.053169512810236,-28.493982505907127,39.16790617042411,-139.5798582593249
147,0.1440238497725396,0.000988202726057197,0.18973492340298184,2.1082043981456797,0,0.3999999999999999,0.138,0.02899999999999994,1.2060000000000008,1.79316214875795,-56.06898806906675,39.14948876067057,-28.49512024224968,-139.634444940656,-56.11143523215635,-28.479061216615097,39.229215362195404,-139.75939380310885
148,0.1450120524985968,0.0009882253275620165,0.18973926289190718,2.108156181822402,0,0.4,0.138,0.02899999999999996,1.2060000000000008,1.7995547455909127,-56.127724949347645,39.21027349397024,-28.480323148643226,-139.8155379059914,-56.17046904702238,-28.464266145951818,39.28973845160287,-139.94152936125047
149,0.14600027782615882,0.000988247710762908,0.18974356046647833,2.108108433385634,0,0.39999999999999997,0.138,0.028999999999999984,1.2060000000000008,1.8036058552265282,-56.187204906890024,39.27030415166816,-28.465662141359108,-139.9991361726822,-56.23025620839072,-28.449607335930196,39.349496929415686,-140.12620592937043
150,0.14698852553692174,0.000988269879107151,0.189747816788573,2.1080611454186116,0,0.4,0.138,0.02899999999999997,1.2060000000000008,1.796735528366014,-56.247411119990886,39.32960473047222,-28.45114764695946,-140.18517328204993,-56.290779573278726,-28.43509521842815,39.408514943592635,-140.3133558868992
151,0.1479767954160289,0.000988291835965698,0.18975203250541403,2.1080143106693057,0,0.4,0.138,0.028999999999999984,1.2060000000000008,1.7921730910227702,-56.30832454670898,39.388201669208186,-28.43679045780037,-140.37357479201668,-56.3520197389445,-28.420740590684854,39.46681911848826,-140.50290349215874
152,0.1489650872519946,0.0009883135846353224,0.1897562082499819,2.1079679220457765,0,0.4,0.138,0.028999999999999984,1.2060000000000006,1.7921620164881946,-56.36992407233699,39.446123651786685,-28.4226017033838,-140.5642588206008,-56.41395519238376,-28.406554586614952,39.52443835676227,-140.69476543332595
153,0.14995340083662992,0.0009883351283406742,0.18976034464140945,2.107921972611722,0,0.4,0.138,0.028999999999999984,1.2060000000000006,1.7973716929271137,-56.43218666980082,39.50340139574692,-28.408592817515604,-140.75713663686008,-56.47656247299022,-28.392548643933907,39.58140362667242,-140.888851427664
154,0.1509417359649706,0.0009883564702362585,0.18976444228536163,2.1078764555821947,0,0.4,0.138,0.028999999999999984,1.2060000000000006,1.7995883197242726,-56.49508757080019,39.56006742912995,-28.394775501298106,-140.95211329144752,-56.53981634616405,-28.378734467124524,39.637747737518346,-141.08506486109323
155,0.15193009243520686,0.000988377613408348,0.1897685017744028,2.1078313643194635,0,0.39999999999999997,0.138,0.028999999999999984,1.2060000000000008,1.7988591876442979,-56.55860044544981,39.61615585847295,-28.3811616820328,-141.14908827878668,-56.603689985598336,-28.36512398631865,39.69350510605594,-141.2833034599765
156,0.1529184700486152,0.0009883985608768345,0.18977252368835223,2.1077866923290065,0,0.39999999999999997,0.138,0.028999999999999984,1.2060000000000008,1.7952140101287286,-56.622697588169416,39.671702130722814,-28.3677634681443,-141.34795622279216,-56.66815516196116,-28.351729312207812,39.748711516704134,-141.48345998694685
157,0.15390686860949204,0.0009884193155970382,0.18977650859463135,2.107742433255597,0,0.4,0.138,0.02899999999999997,1.2060000000000008,1.7958814115036397,-56.687350107587264,39.72674279182829,-28.354593100285165,-141.54860757812312,-56.733182435708514,-28.33856268714333,39.80340387832158,-141.6854229526249
158,0.15489528792508908,0.0009884398804614705,0.18978045704860233,2.1076985808794895,0,0.4,0.138,0.02899999999999996,1.2060000000000008,1.7999252934937253,-56.75252811827829,39.78131524468409,-28.341662898820783,-141.7509293391193,-56.79874135181773,-28.32563643260975,39.85761998025594,-141.8890773353865
159,0.15588372780555054,0.0009884602583015566,0.18978436959389888,2.1076551291126933,0,0.4,0.138,0.02899999999999995,1.2060000000000006,1.7957396810659376,-56.81820093223581,39.83545750899273,-28.328985207920987,-141.95480574897311,-56.86480063431279,-28.312962893335246,39.9113982502366,-142.0943053013815
160,0.15687218806385209,0.0009884804518893167,0.1897882467627488,2.1076120719953404,0,0.39999999999999997,0.138,0.02899999999999996,1.2060000000000006,1.7954418575784024,-56.88433724808526,39.88920798544811,-28.316572336560984,-142.1601190018143,-56.93132837856106,-28.30055437829857,39.96477751654533,-142.3009869176341
161,0.1578606685157414,0.000988500463938998,0.1897920890762876,2.107569403692156,0,0.4,0.138,0.028999999999999984,1.2060000000000006,1.8019173367865702,-56.950905336175005,39.94260522648294,-28.304436496730716,-142.3667499311099,-56.99829223945023,-28.28842309895579,40.017796776721596,-142.50900085140586
162,0.1588491689796804,0.0009885202971086596,0.18979589704486266,2.1075271184890303,0,0.4000000000000001,0.138,0.028999999999999984,1.2060000000000008,1.8062666334245017,-57.01787321783178,39.99568771562472,-28.292589739209166,-142.5745786781462,-57.065659613707815,-28.276581105036875,40.07049497486418,-142.71822504952613
163,0.15983768927678907,0.0009885399540017067,0.1897996711683277,2.107485210789706,0,0.4,0.138,0.02899999999999996,1.2060000000000008,1.798821824694051,-57.08520883722317,40.04849365729641,-28.281043887289755,-142.78348533497638,-57.13339781478314,-28.26504021829783,40.1229107893755,-142.92853739199793
164,0.16082622923079076,0.0009885594371683753,0.18980341193632805,2.107443675112569,0,0.4,0.138,0.028999999999999984,1.2060000000000008,1.7943149371824842,-57.15288022445193,40.10106077866926,-28.269810468870393,-142.99335055682602,-57.201474238894676,-28.25381196464075,40.175082432800274,-143.13981631476398
165,0.16181478866795915,0.0009885787491071617,0.18980711982857504,2.1074025060875554,0,0.39999999999999997,0.138,0.028999999999999984,1.2060000000000006,1.7942682952236495,-57.22085564868101,40.15342614497721,-28.25890064734748,-143.20405613955043,-57.26985652102354,-28.242907505041433,40.227047465121885,-143.35194139723035
166,0.1628033674170663,0.000988597892266205,0.18981079531511139,2.1073616984531696,0,0.4000000000000001,0.138,0.028999999999999984,1.2060000000000006,1.799176400761142,-57.28910376027748,40.205625989411985,-28.24832515177701,-143.41548555845762,-57.33851267982371,-28.23233756574567,40.27884262170517,-143.56479391072878
167,0.16379196530933252,0.0009886168690446194,0.18981443885656693,2.1073212470536005,0,0.4,0.138,0.02899999999999997,1.2060000000000006,1.8018421649043723,-57.35759372115019,40.25769555854359,-28.23809420677993,-143.62752446539312,-57.407411250609485,-28.22211236821192,40.33050365680937,-143.77825732479604
168,0.16478058217837713,0.000988635681793779,0.1898180509044056,2.1072811468359474,0,0.4000000000000001,0.138,0.02899999999999997,1.2060000000000006,1.80127750899635,-57.42629532263942,40.309668973953066,-28.22821746268656,-143.8400611416537,-57.476521405765396,-28.212241559286994,40.38206520338431,-143.99221776883394
169,0.1657692178601709,0.0009886543328185581,0.18982163190116316,2.1072413928475395,0,0.4,0.138,0.028999999999999984,1.2060000000000006,1.7975835689351805,-57.49517909049941,40.361579110562275,-28.218703926411404,-144.05298690498228,-57.545813062109694,-28.20273414212497,40.43356064962133,-144.20656444723875
170,0.16675787219298946,0.0009886728243785278,0.18982518228067735,2.1072019802333504,0,0.4,0.138,0.028999999999999984,1.2060000000000006,1.7982012701811407,-57.56421637668962,40.413457491914635,-28.209561893575472,-144.26619646935757,-57.61525697491698,-28.193598408340982,40.48502203254129,-144.42119000683644
171,0.167746545017368,0.0009886911586891127,0.18982870246830966,2.1071629042334985,0,0.4000000000000001,0.138,0.028999999999999984,1.2060000000000006,1.8018212658140522,-57.633379437854195,40.465334202480506,-28.20079888236722,-144.47958825704345,-57.68482481847509,-28.184841871905743,40.53647994868747,-144.6359908559816
172,0.1687352361760571,0.000988709337922707,0.18983219288115974,2.107124160180835,0,0.4,0.138,0.028999999999999984,1.2060000000000006,1.7977135919387162,-57.70264150053274,40.51723781686634,-28.192421569638473,-144.69306466281662,-57.75448925321209,-28.176471205272108,40.58796348180644,-144.85086743524582
173,0.1697239455139798,0.0009887273642097574,0.18983565392827342,2.1070857434986054,0,0.39999999999999997,0.138,0.028999999999999984,1.2060000000000006,1.7975995469917097,-57.77197681328017,40.569195345638626,-28.184435729721155,-144.90653227080767,-57.82422397956914,-28.168492178219715,40.63950014722788,-145.0657244401258
174,0.17071267287818956,0.000988745239639811,0.18983908601084373,2.1070476496981856,0,0.39999999999999997,0.138,0.028999999999999984,1.2060000000000006,1.8044482462002216,-57.841360686016756,40.62123219731052,-28.17684617642989,-145.11990202487752,-57.89400377893798,-28.160909599881556,40.69111585248989,-145.28047099668763
175,0.17170141811782938,0.0009887629662625281,0.1898424895224054,2.107009874376893,0,0.39999999999999997,0.138,0.028999999999999984,1.2060000000000006,1.8088222911370009,-57.91076951705213,40.67337215588925,-28.16965670869684,-145.3330893538883,-57.96380454210656,-28.153727264399375,40.742834873606995,-145.49502079151472
176,0.1726901810840919,0.0009887805460886683,0.18984586484902433,2.106972413215856,0,0.4,0.138,0.028999999999999984,1.2060000000000006,1.8003811848851867,-57.980180808320924,40.725637373275504,-28.162870060261746,-145.5460142535618,-58.033603285750964,-28.146947900629534,40.79467984626927,-145.70929215765509
177,0.17367896163018057,0.0009887979810910448,0.1898492123694806,2.106935261977955,0,0.4,0.138,0.028999999999999984,1.2060000000000006,1.7961890636639533,-58.04957316946508,40.7780483756917,-28.15648785380615,-145.75860132695644,-58.103378157611246,-28.140573126289567,40.84667177114763,-145.9232081186176
178,0.17466775961127162,0.0009888152732054508,0.18985253245544656,2.1068984165058193,0,0.4,0.138,0.02899999999999997,1.2060000000000006,1.7962369078775797,-58.118926311504055,40.8306240831936,-28.150510559894123,-145.97077978598065,-58.17310843109373,-28.13460340690678,40.89883003237572,-146.136696392818
179,0.17565657488447708,0.000988832424331559,0.18985582547165936,2.1068618727198856,0,0.39999999999999997,0.138,0.028999999999999984,1.2060000000000008,1.8011905990719907,-58.188221030886496,40.88338184127873,-28.144937461041085,-146.18248341651997,-58.24277449009812,-28.12903801988746,40.95117242819364,-146.3496893611437
180,0.17664540730880865,0.0009888494363337955,0.18985909177608873,2.106825626616512,0,0.4,0.138,0.028999999999999984,1.2060000000000008,1.8039396381203938,-58.25743918469888,40.93633746360339,-28.139766621192848,-146.3936505097797,-58.312357804851295,-28.123875023998988,41.00371521278249,-146.56212400014078
181,0.17763425674514244,0.0009888663110421856,0.18986233172009964,2.106789674266148,0,0.4,0.138,0.028999999999999984,1.2060000000000006,1.8031660748365328,-58.326563657979996,40.98950528464199,-28.134994860864047,-146.60422376293317,-58.38184089969659,-28.119111234501755,41.056473148123935,-146.77394178403577
182,0.17862312305618464,0.0009888830502531797,0.18986554564861052,2.1067540118115544,0,0.4,0.138,0.028999999999999984,1.2060000000000008,1.7996662926867422,-58.39557832410657,41.04289822110559,-28.13061773813053,-146.8141501523481,-58.451207313812205,-28.114742204133382,41.109459564699584,-146.9850885588272
183,0.17961200610643782,0.0009888996557304516,0.18986873390024672,2.10671863546608,0,0.4,0.138,0.028999999999999984,1.2060000000000008,1.8003673110581067,-58.46446799908672,41.09652784109003,-28.126629535632784,-147.02338078217943,-58.52044155570615,-28.11076221010115,41.162686429979445,-147.19551439129384
184,0.18060090576216828,0.0009889161292056753,0.18987189680748967,2.1066835415119827,0,0.4000000000000001,0.138,0.028999999999999984,1.2060000000000008,1.8031281404731652,-58.53321839050074,41.15040444002875,-28.123023253703828,-147.23187071080088,-58.589529052230176,-28.107164247195133,41.21616442377564,-147.40517339540924
185,0.18158982189137396,0.0009889324723792792,0.18987503469682163,2.1066487262988014,0,0.4,0.138,0.028999999999999984,1.2060000000000006,1.799447957885165,-58.601816042580104,41.20453712164708,-28.11979060968037,-147.43957876018072,-58.658456093594424,-28.10394002708372,41.2699030187107,-147.61402354123192
186,0.18257875436375323,0.0009889486869211794,0.18987814788886645,2.106614186241776,0,0.4,0.138,0.02899999999999996,1.2060000000000006,1.799611937327809,-58.67024827810745,41.258933883099104,-28.11692204341854,-147.6464673105236,-58.72720977509907,-28.101079983810976,41.3239105649109,-147.82202644871904
187,0.1835677030506744,0.0009889647744714904,0.18988123669852616,2.10657991782031,0,0.4000000000000001,0.138,0.028999999999999984,1.2060000000000008,1.8070911877428881,-58.7385031372274,41.31360170405906,-28.114406728992524,-147.85250208046563,-58.79577793570533,-28.098573285475766,41.3781943786066,-148.02914716686254
188,0.1845566678251459,0.000988980736641216,0.1898843014351135,2.10654591757648,0,0.4000000000000001,0.138,0.02899999999999997,1.2060000000000008,1.8099378522122038,-58.80656931499019,41.36854663771184,-28.11223259250458,-148.05765189914464,-58.864149095151994,-28.09640785202224,41.432760832890864,-148.23535394407278
189,0.18554564856178712,0.0009889965750129203,0.1898873424024807,2.1065121821135895,0,0.39999999999999997,0.138,0.02899999999999997,1.2060000000000008,1.801458807002339,-58.874436099644925,41.42377390119916,-28.11038633587942,-148.2618884771509,-58.93231239176075,-28.094570379015604,41.487615447967656,-148.44061799725594
190,0.18653464513680004,0.000989012291141381,0.18989035989914516,2.1064787080947585,0,0.4,0.138,0.02899999999999997,1.2060000000000006,1.7977902204776406,-58.94209331005088,41.47928796735944,-28.108853466510652,-148.46518617076518,-59.000257519304434,-28.093046367269412,41.54276298263645,-148.64491327400697
191,0.18752365742794141,0.0009890278865542178,0.18989335421840983,2.1064454922415643,0,0.4,0.138,0.028999999999999984,1.206000000000001,1.7980407318373484,-59.00953123358507,41.535092656089404,-28.107618332564094,-148.6675217443235,-59.06797466429098,-28.091820158129448,41.59820752544571,-148.84821621266713
192,0.18851268531449564,0.000989043362752511,0.1898963256484821,2.106412531332711,0,0.39999999999999997,0.138,0.028999999999999984,1.206000000000001,1.803345644513824,-59.07674056551663,41.59119122412724,-28.106664163706792,-148.86887413417242,-59.13545444462593,-28.090874974187454,41.65395258435737,-149.05050550370052
193,0.18950172867724815,0.000989058721211396,0.18989927447258806,2.1063798222027437,0,0.4000000000000001,0.138,0.028999999999999984,1.2060000000000008,1.805432355803463,-59.14371235050395,41.64758645245816,-28.105973117003956,-149.06922421659058,-59.20268785034488,-28.0901929651625,41.7100011740616,-149.25176185486396
194,0.19049078739845954,0.0009890739633806435,0.18990220096908356,2.106347361740798,0,0.4,0.138,0.028999999999999984,1.2060000000000008,1.8045830018166065,-59.21043792688461,41.704280730494304,-28.105526327689862,-149.26855458214686,-59.269666187078336,-28.089755258658865,41.76635590012827,-149.45196776262117
195,0.19147986136184017,0.0009890890906852237,0.18990510541156297,2.1063151468893833,0,0.4000000000000001,0.138,0.028999999999999984,1.2060000000000008,1.801467152936505,-59.276908874293035,41.761276136358866,-28.10530396449703,-149.4668493184913,-59.33638102279944,-28.08954201548882,41.82301903933547,-149.6511072918556
196,0.1924689504525254,0.000989104104525853,0.18990798806896378,2.1062831746432003,0,0.4,0.138,0.02899999999999997,1.2060000000000006,1.8023515008935367,-59.343116965003716,41.818574512831965,-28.105285289216127,-149.66409380315517,-59.4028241382205,-28.08953248922211,41.87999261570607,-149.8491658653305
197,0.19345805455705126,0.0009891190062795278,0.18991084920566934,2.106251442047993,0,0.4,0.138,0.028999999999999984,1.2060000000000006,1.803684658526792,-59.40905411948279,41.876177538216,-28.105448720103436,-149.86027450819947,-59.4689874814178,-28.089705089594045,41.93727847149506,-150.04613006508876
198,0.19444717356333077,0.0009891337973000425,0.18991368908160816,2.1062199461994298,0,0.39999999999999997,0.138,0.02899999999999997,1.2060000000000006,1.800982104988377,-59.47471236636696,41.93408679197793,-28.10577189879229,-150.05537881768822,-59.53486312678692,-28.090037449413966,41.994878333035565,-150.2419874463656
199,0.1954363073606308,0.0009891484789184943,0.1899165079523509,2.106188684242014,0,0.39999999999999997,0.138,0.02899999999999997,1.2060000000000006,1.8014947534322074,-59.54008380723693,41.992303814534864,-28.106231760287645,-150.24939485949088,-59.60044323882511,-28.090506494568004,42.05279387074178,-150.43672636595412
200,0.1964254558395493,0.000989163052443774,0.18991930606920462,2.1061576533680264,0,0.3999999999999999,0.138,0.02899999999999997,1.2060000000000008,1.809859998039275,-59.60516058623782,42.050830161188834,-28.106804605674334,-150.44231135183182,-59.66572004071015,-28.091088516731084,42.11102675330391,-150.63033582516357
201,0.19741461889199308,0.0009891775191630456,0.18992208367930477,2.10612685081649,0,0.4,0.138,0.02899999999999997,1.2060000000000008,1.8099356954305394,-59.66993486483086,42.1096674497546,-28.10746617711862,-150.6341174658288,-59.73068578800347,-28.091759248383156,42.16957869563676,-150.82280532875438
202,0.19840379641115613,0.00098919188034221,0.18992484102570434,2.1060962738721694,0,0.4,0.138,0.02899999999999997,1.2060000000000006,1.8021299139807336,-59.734398801604506,42.16881740192594,-28.10819173475944,-150.82480270402448,-59.79533274742307,-28.09249393971461,42.22845150056836,-151.01412475991845
203,0.19939298829149835,0.0009892061372263612,0.18992757834746135,2.106065919864589,0,0.39999999999999997,0.138,0.028999999999999984,1.2060000000000006,1.799165430825329,-59.79854453721858,42.22828187826886,-28.108956135093038,-151.01435679544062,-59.85965318072687,-28.0932674370276,42.28764709421329,-151.2042842717205
204,0.2003821944287247,0.0009892202910402271,0.18993029587972363,2.1060357861670806,0,0.39999999999999997,0.138,0.028999999999999984,1.2060000000000006,1.799712952110163,-59.86236418447013,42.288062906769134,-28.10973391043455,-151.20276960737743,-59.92363933373523,-28.094054262221224,42.34716755493044,-151.3932741953451
205,0.20137141471976494,0.0009892343429886011,0.18993299385381143,2.1060058701958546,0,0.4000000000000001,0.138,0.028999999999999984,1.2060000000000006,1.8056445079524477,-59.92584982331225,42.348162705101466,-28.110499349066153,-151.39003107364977,-59.987283430316985,-28.09482869296374,42.40701513602267,-151.58108496483342
206,0.20236064906275353,0.0009892482942567603,0.18993567249729798,2.105976169409095,0,0.39999999999999997,0.138,0.028999999999999984,1.2060000000000006,1.8064448086767,-59.98899350071983,42.4085836966953,-28.11122657568187,-151.57613113915795,-60.050577671233405,-28.095564843165896,42.467192282274716,-151.76770705820647
207,0.20334989735701028,0.000989262146010875,0.189938332034088,2.1059466813060803,0,0.39999999999999997,0.138,0.028999999999999984,1.2060000000000006,1.805608583940333,-60.05178723522172,42.46932852077673,-28.11188963175578,-151.76105972042367,-60.11351423766489,-28.096236743379006,42.52770164048773,-151.9531309545974
208,0.20433915950302117,0.0009892758993984066,0.18994097268449409,2.1059174034263237,0,0.4000000000000001,0.138,0.028999999999999984,1.2060000000000006,1.8030365232462082,-60.114223025879944,42.53040003658136,-28.112462555457657,-151.94480668160563,-60.17608529921337,-28.096818420742835,42.588546064208856,-152.13734710696528
209,0.20532843540241957,0.0009892895555484941,0.18994359466531088,2.1058883333487395,0,0.4000000000000001,0.138,0.028999999999999984,1.2060000000000008,1.8041827954421288,-60.17629286543326,42.591801322045924,-28.112919460772645,-152.1273618252767,-60.23828302609224,-28.097283978137753,42.64972861295848,-152.32034592963618
210,0.20631772495796807,0.0009893031155723338,0.1899461981898881,2.105859468690826,0,0.4,0.138,0.02899999999999996,1.2060000000000008,1.803954026940669,-60.23798875732881,42.653535667261366,-28.113234615484533,-152.30871489720406,-60.300099605234486,-28.09760767220482,42.71125254623723,-152.50211779998077
211,0.2073070280735404,0.0009893165805635441,0.1899487834682005,2.105830807107877,0,0.4,0.138,0.02899999999999996,1.2060000000000008,1.8020280539413553,-60.29930273632717,42.71560656302119,-28.113382517708217,-152.48885560432396,-60.361527260007016,-28.097763989914647,42.77312131264155,-152.68265307339138
212,0.20829634465410393,0.0009893299515985267,0.18995135070691713,2.105802346292207,0,0.39999999999999997,0.138,0.028999999999999984,1.2060000000000006,1.8033967707285214,-60.360226892345665,42.77801768482833,-28.113337970669793,-152.66777364496423,-60.42255827319753,-28.09772772338564,42.83533853444793,-152.86194211062548
213,0.20928567460570247,0.0009893432297368133,0.18995390010946817,2.1057740839723995,0,0.4,0.138,0.028999999999999984,1.2060000000000006,1.812945498866665,-60.42075339718342,42.84077287274674,-28.11307615545357,-152.8454587502983,-60.48318501292017,-28.097474042668566,42.89790798804829,-153.03997531651078
214,0.21027501783543928,0.0009893564160214083,0.18995643187611042,2.105746017912571,0,0.4000000000000001,0.138,0.02899999999999997,1.2060000000000006,1.809512385892641,-60.4808745337618,42.90387610750164,-28.112572701455576,-153.02190073596907,-60.543399961075096,-28.096978566237837,42.9608335806352,-153.21674318895614
215,0.2112643742514607,0.000989369511479119,0.18995894620399084,2.1057181459116583,0,0.4,0.138,0.02899999999999997,1.2060000000000006,1.8024905006566239,-60.54058272750103,42.96733148324435,-28.11180375430168,-153.19708956276335,-60.60319574398548,-28.09621742894646,43.024119323550316,-153.3922363771505
216,0.21225374376293982,0.0009893825171208796,0.18996144328720888,2.105690465802721,0,0.4,0.138,0.02899999999999994,1.2060000000000006,1.8003993276831585,-60.599870579454134,43.0311431774077,-28.11074604101096,-153.3710154052005,-60.662565164832735,-28.095167347227846,43.0877693027206,-153.56644574783195
217,0.2132431262800607,0.0009893954339420677,0.189963923316877,2.105662975452259,0,0.4,0.138,0.02899999999999996,1.2060000000000006,1.8013525951143148,-60.65873090081388,43.09531541808083,-28.10937693220477,-153.5436687268735,-60.72150123750793,-28.093805681342033,43.15178764661043,-153.73936245844826
218,0.21423252171400278,0.0009894082629228118,0.18996638648117986,2.1056356727595507,0,0.39999999999999997,0.138,0.02899999999999996,1.2060000000000006,1.8081713690029406,-60.71715674841449,43.15985244933588,-28.107674501181254,-153.71504036136318,-60.779997221501056,-28.09211049448586,43.216178492121955,-153.91097803603407
219,0.2152219299769256,0.000989421005028292,0.18996883296543204,2.1056085556560036,0,0.39999999999999997,0.138,0.02899999999999997,1.2060000000000006,1.8074088003103717,-60.775141460857796,43.22475849493302,-28.10561757970456,-153.88512159761368,-60.8380466574571,-28.090060608614607,43.28094594886804,-154.08128446066894
220,0.2162113509819539,0.0009894336612090338,0.18997126295213448,2.105581622104522,0,0.4,0.138,0.028999999999999984,1.2060000000000006,1.8063429083393279,-60.83267869489674,43.29003772083177,-28.10318581036356,-154.05390426855791,-60.8956434030362,-28.087635656833726,43.34609406224281,-154.25027425236078
221,0.21720078464316295,0.000989446232401194,0.18997367662102924,2.1055548700988913,0,0.4,0.138,0.02899999999999997,1.2060000000000006,1.804460647845837,-60.88976246172431,43.35569419692113,-28.100359695382014,-154.22138084190215,-60.95278166871411,-28.084816132241166,43.41162677570853,-154.4179405602049
222,0.21819023087556413,0.0009894587195268406,0.1899760741491534,2.1055282976631746,0,0.4,0.138,0.02899999999999997,1.2060000000000006,1.8059305190352906,-60.94638716281787,43.42173185838006,-28.09712064178339,-154.38754451194617,-61.00945605318949,-28.08158343311751,43.477547892691675,-154.5842772527431
223,0.219179689595091,0.0009894711234942261,0.18997845571089142,2.105501902851125,0,0.4,0.138,0.02899999999999996,1.2060000000000006,1.8040855092557588,-61.0025476250135,43.48815446705548,-28.09345100282345,-154.55238929137622,-61.06566157805847,-28.077919904388416,43.543861038484366,-154.7492790084239
224,0.22016916071858522,0.0009894834451980527,0.1899808214780261,2.1054756837456114,0,0.39999999999999997,0.138,0.02899999999999996,1.2060000000000006,1.8026587466126942,-61.05823913452007,43.55496557320175,-28.089334115629935,-154.71591010208894,-61.12139372145877,-28.073808875288908,43.610569622501885,-154.91294140518912
225,0.22115864416378328,0.0009894956855197345,0.18998317161978903,2.105449638458058,0,0.4,0.138,0.028999999999999984,1.2060000000000006,1.80536962509617,-61.113457469582386,43.62216847793307,-28.084754335015173,-154.8781028640767,-61.176648450412124,-28.069234693191923,43.67767680121879,-155.0752610082877
226,0.222148139849303,0.000989507845327648,0.18998550630290845,2.1054237651279006,0,0.4,0.138,0.028999999999999984,1.2060000000000006,1.8152141443654297,-61.16819893151733,43.68976619671585,-28.07969706342591,-155.03896458145712,-61.231422251583474,-28.064182753586053,43.74518544211967,-155.2362354554053
227,0.22313764769463065,0.0009895199254773845,0.18998782569165784,2.1053980619220467,0,0.4000000000000001,0.138,0.028999999999999984,1.2060000000000008,1.8087844577793422,-61.22246037391087,43.757761424163604,-28.07414877701344,-155.1984934249328,-61.28571216021409,-28.058639526160245,43.813098088956565,-155.39586353824583
228,0.22412716762010804,0.0009895319268119873,0.18999012994790157,2.10537252703436,0,0.4,0.138,0.02899999999999997,1.2060000000000008,1.8026742755145255,-61.27623922972864,43.82615650043693,-28.06809704783319,-155.35668880983098,-61.33951578703529,-28.052592577019396,43.88141692855411,-155.55414527992937
229,0.22511669954692,0.000989543850162192,0.18999241923114088,2.1053471586851487,0,0.4,0.138,0.02899999999999997,1.2060000000000008,1.8016476757393947,-61.32953353615339,43.89495337948138,-28.06153056217939,-155.5135514691034,-61.392831342910924,-28.046030587031968,43.95014375946819,-155.71108200734122
230,0.2261062433970822,0.0009895556963466546,0.1899946936985577,2.1053219551206683,0,0.4,0.138,0.02899999999999995,1.2060000000000008,1.8030392584550015,-61.38234195698431,43.9641535993262,-28.054439135103788,-155.6690835206457,-61.44565766109436,-28.03894336635476,44.01927996265801,-155.86667641799897
231,0.22709579909342886,0.000989567466172179,0.18999695350505838,2.105296914612637,0,0.4,0.138,0.02899999999999995,1.2060000000000008,1.8090837656014114,-61.43466380245861,44.03375825462374,-28.046813721163776,-155.82328852844824,-61.497994216916666,-28.031321865193295,44.08882647440615,-156.02093264076777
232,0.22808536655960104,0.0009895791604339356,0.18999919880331564,2.1052720354577605,0,0.4,0.138,0.02899999999999996,1.206000000000001,1.808499601350745,-61.48649904631847,44.10376797165464,-28.038646421400042,-155.97617155696489,-61.54984114477178,-28.023158180780836,44.15878376165301,-156.17385628996624
233,0.22907494572003498,0.0009895907799156783,0.19000142974381024,2.105247315977268,0,0.39999999999999997,0.138,0.028999999999999984,1.206000000000001,1.806880596454774,-61.53784834006343,44.17418288589485,-28.029930486628565,-156.1277392184158,-61.60119925228217,-28.014445560675107,44.229151799912636,-156.32545451238016
234,0.23006453649995065,0.0009896023253899526,0.19000364647487092,2.105222754516463,0,0.4,0.138,0.028999999999999984,1.2060000000000008,1.8058279297059092,-61.58871302433792,44.245002622253,-28.0206603171971,-156.2779997127596,-61.652070031656685,-28.005178402519164,44.29993005380257,-156.47573602714436
235,0.2310541388253406,0.0009896137976183044,0.19000584914271446,2.105198349444273,0,0.4,0.138,0.028999999999999984,1.2060000000000008,1.8077086742731796,-61.639095137465844,44.316226278002254,-28.01083145931243,-156.42696286028047,-61.70245566819255,-27.995352250366178,44.37111746027225,-156.62471115821955
236,0.2320437526229589,0.000989625197351477,0.1900080378914836,2.105174099152826,0,0.39999999999999997,0.138,0.028999999999999984,1.2060000000000008,1.8041681383318116,-61.68899742107112,44.387852408502916,-28.000440598041127,-156.57464012650834,-61.75235904589332,-27.984963787685484,44.44271241460151,-156.7723918593042
237,0.2330333778203104,0.0009896365253296115,0.19001021286328543,2.1051500020570195,0,0.4,0.138,0.028999999999999984,1.2060000000000008,1.8033381422122048,-61.73842332241911,44.45987901608212,-27.989485546661058,-156.72104463842507,-61.80178374981788,-27.974010826692542,44.51471275953199,-156.91879173007683
238,0.23402301434564,0.000989647782282436,0.19001237419822772,2.1051260565941123,0,0.39999999999999997,0.138,0.028999999999999984,1.2060000000000008,1.8076178950128208,-61.78737699382376,44.532303541780244,-27.977965232852146,-156.8661911927981,-61.85073406551683,-27.962492294541327,44.58711577724608,-157.06392602462964
239,0.23501266212792243,0.000989658968929456,0.19001452203445557,2.105102261223316,0,0.4,0.138,0.02899999999999997,1.2060000000000008,1.815793496947066,-61.83586328938463,44.605122859767626,-27.96587968217149,-157.01009625726925,-61.899214975827334,-27.950408216803687,44.659918183986875,-157.2078116527535
240,0.2360023210968519,0.000989670085980136,0.1900166565081861,2.1050786144254023,0,0.4,0.138,0.02899999999999997,1.2060000000000006,1.8078472976183753,-61.88388775899655,44.67833327450397,-27.953229998779463,-157.15277796400522,-61.947232154942526,-27.937759698178127,44.733116127395796,-157.35046717380766
241,0.23699199118283204,0.0009896811341340796,0.1900187777537433,2.105055114702316,0,0.4,0.138,0.028999999999999984,1.2060000000000008,1.8027851882676873,-61.93145663960917,44.75193052065026,-27.940018343422796,-157.29425609580906,-61.994791959722996,-27.924548900459683,44.80670518661533,-157.4919127830186
242,0.23798167231696613,0.0009896921140812069,0.19002088590359173,2.105031760576795,0,0.4,0.138,0.028999999999999984,1.2060000000000008,1.802306239218281,-61.97857684235435,44.825909766968465,-27.926247907091703,-157.43455206092767,-62.04190141690061,-27.910779016190656,44.8806803763581,-157.63217028655146
243,0.23897136443104733,0.000989703026501924,0.1900229810883694,2.105008550592003,0,0.4,0.138,0.028999999999999984,1.2060000000000008,1.8049186886992654,-62.0252559376645,44.90026562237589,-27.911922882915555,-157.5736888622148,-62.088568208271994,-27.896454240526968,44.95503615311112,-157.7712630709447
244,0.23996106745754925,0.0009897138720672924,0.19002506343692016,2.104985483311164,0,0.4,0.138,0.028999999999999984,1.2060000000000008,1.8096701173173793,-62.07150213965958,44.97499214303069,-27.897048437900228,-157.71169106403755,-62.13480065520854,-27.881579742995086,45.0297664223277,-157.90921607041423
245,0.24095078132961653,0.0009897246514391936,0.19002713307632518,2.104962557317214,0,0.4,0.138,0.028999999999999984,1.2060000000000008,1.809841048697025,-62.11732428772471,45.05008284227223,-27.881630681959123,-157.84858475132364,-62.18060770029211,-27.866161636471528,45.10486454852732,-158.04605572612394
246,0.24194050598105574,0.0009897353652704888,0.19002919013193387,2.10493977121245,0,0.4,0.138,0.028999999999999984,1.2060000000000008,1.8073481419081927,-62.16273182540386,45.12553070330387,-27.865676634390354,-157.98439748108288,-62.225998886288615,-27.85020694362903,45.180323368128356,-158.1818099379874
247,0.24293024134632624,0.0009897460142051782,0.19003123472739422,2.1049171236181916,0,0.4,0.138,0.02899999999999996,1.2060000000000008,1.807277204136064,-62.207734768417005,45.201328201739216,-27.84919417794176,-158.11915820442792,-62.270984324300116,-27.83372355101237,45.25613521207538,-158.31650798710774
248,0.24391998736053142,0.0009897565988785525,0.1900332669846821,2.1048946131744533,0,0.4,0.138,0.028999999999999984,1.2060000000000008,1.8082857823720786,-62.252343683370846,45.277467319317914,-27.832192026447206,-158.25289721686923,-62.315574672657306,-27.816720176719183,45.332291919548794,-158.45018048664215
249,0.24490974395940998,0.0009897671199173461,0.19003528702413047,2.1048722385396164,0,0.4,0.138,0.02899999999999997,1.2060000000000006,1.8043772269640843,-62.296569668874035,45.35393955583205,-27.81467969603224,-158.38564611464412,-62.35978111805027,-27.79920634148058,45.40878485016223,-158.58285933826215
250,0.24589951107932734,0.0009897775779398835,0.19003729496445765,2.1048499983901126,0,0.4,0.138,0.02899999999999997,1.2060000000000006,1.8041987751898532,-62.340424324691206,45.4307359520389,-27.796667462511053,-158.51743771865094,-62.40361534488433,-27.781192326154116,45.48560490663801,-158.71457765669382
251,0.24688928865726723,0.000989787973556223,0.19003929092279484,2.104827891420115,0,0.4,0.138,0.02899999999999997,1.2060000000000006,1.8103102541649139,-62.3839197197981,45.50784711368824,-27.778166317959236,-158.64830599509992,-62.447089503262355,-27.762689128106047,45.56274255930388,-158.84536969023074
252,0.24787907663082345,0.0009897983073683,0.1900412750147136,2.1048059163412303,0,0.4,0.138,0.028999999999999984,1.2060000000000006,1.814867048812624,-62.427068359148244,45.58526323701042,-27.75918792632082,-158.7782859723357,-62.49021617593313,-27.743708416877183,45.64018787159309,-158.97527073811892
253,0.24886887493819176,0.0009898085799700637,0.19004324735425224,2.1047840718822046,0,0.4,0.138,0.028999999999999984,1.2060000000000006,1.8068167887927802,-62.469883149209,45.662974135983525,-27.739744578146507,-158.90741365396812,-62.53300834410957,-27.724262489033755,45.71793052697114,-159.10431706454662
254,0.24985868351816182,0.0009898187919476131,0.19004520805394173,2.1047623567886307,0,0.4000000000000001,0.138,0.02899999999999997,1.2060000000000006,1.8029602499237614,-62.512377362954126,45.740969270138606,-27.71984914501804,-159.03572593024785,-62.575479352418114,-27.7043642224574,45.79595985693798,-159.23254580996175
255,0.2508485023101094,0.0009898289438793303,0.19004715722483143,2.1047407698226612,0,0.4,0.138,0.028999999999999984,1.2060000000000008,1.8030627176713843,-62.55456460403676,45.8192377734601,-27.699515033487405,-159.16326048688455,-62.61764287304889,-27.6840270301711,45.874264870318854,-159.35999489987788
256,0.25183833125398875,0.0009898390363360095,0.19004909497651382,2.1047193097627317,0,0.3999999999999999,0.138,0.028999999999999984,1.2060000000000008,1.8071331930157943,-62.5964587704039,45.89776848410633,-27.678756138733686,-159.29005571204982,-62.65951286962314,-27.66326481408871,45.95283428276508,-159.4867029526444
257,0.2528281702903247,0.0009898490698809859,0.1900510214171493,2.1046979754032824,0,0.4,0.138,0.028999999999999984,1.2060000000000006,1.8095987167522953,-62.63807401753687,45.976549974794985,-27.657586798126715,-159.41615060205265,-62.701103560534115,-27.64209191855335,46.03165654716171,-159.61270918546214
258,0.2538180193602057,0.0009898590450702577,0.1900529366534895,2.104676765554497,0,0.3999999999999999,0.138,0.028999999999999984,1.2060000000000006,1.8109505929060523,-62.67942472149632,46.055570583623286,-27.63602174484526,-159.54158466620555,-62.742429382061474,-27.620523083921235,46.11071988452867,-159.73805331948188
259,0.25480787840527597,0.0009898689624526116,0.19005484079090143,2.104655679042032,0,0.39999999999999997,0.138,0.028999999999999984,1.2060000000000006,1.8078454057475382,-62.72052544184343,46.134818445377704,-27.61407606165151,-159.66639783103915,-62.78350495143786,-27.598573400341813,46.19001231524154,-159.8627754844815
260,0.2557977473677286,0.0009898788225697393,0.19005673393338995,2.1046347147067666,0,0.4,0.138,0.028999999999999984,1.2060000000000006,1.8087925834341763,-62.7613908847723,46.21428152282093,-27.59176513505802,-159.79063034484986,-62.82434503001211,-27.57625826187473,46.26952169043594,-159.98691612352636
261,0.2567876261902983,0.0009898886259563568,0.19005861618362052,2.1046138714045446,0,0.4,0.138,0.028999999999999984,1.2060000000000006,1.807059135807891,-62.80203586644127,46.29394763809691,-27.569104609942023,-159.91432268251492,-62.86496448665611,-27.553593321082108,46.34923572345207,-160.11051589802423
262,0.25777751481625466,0.000989898373140318,0.19006048764294106,2.104593148005933,0,0.4,0.138,0.028999999999999984,1.2060000000000006,1.8048626462702622,-62.842475276680595,46.37380450406226,-27.546110344763434,-160.03751545105908,-62.90537826155996,-27.530594444229386,46.42914202117805,-160.23361559357613
263,0.258767413189395,0.0009899080646427276,0.1900623484114037,2.104572543395976,0,0.4,0.138,0.02899999999999997,1.2060000000000006,1.8054521720702355,-62.88272404322851,46.45383975537617,-27.522798367523016,-160.1602492964196,-62.9456013305521,-27.507277667225647,46.50922811515358,-160.35625602701518
264,0.2597573212540377,0.0009899177009780517,0.19006419858778595,2.1045520564739597,0,0.39999999999999997,0.138,0.02899999999999997,1.2060000000000006,1.81364371718423,-62.92279709662512,46.53404097923953,-27.499184832586707,-160.2825648117648,-62.98564867010702,-27.483659152440506,46.589481492267296,-160.47847795509517
265,0.2607472389550158,0.0009899272826542256,0.19006603826961133,2.10453168615318,0,0.4,0.138,0.02899999999999996,1.2060000000000008,1.8128007959815902,-62.96270933589902,46.61439574562699,-27.4752859784922,-160.40450244776068,-63.025535223100874,-27.459755146486845,46.66988962499234,-160.6003219849868
266,0.26173716623767,0.000989936810172759,0.19006786755316973,2.1045114313607147,0,0.39999999999999997,0.138,0.02899999999999997,1.2060000000000008,1.8058295840419836,-63.00247559516296,46.6948916368993,-27.451118086852237,-160.5261024251079,-63.06527586547806,-27.435581939102338,46.750440000991354,-160.72182848705685
267,0.26272710304784275,0.000989946284028841,0.19006968653353748,2.104491291037199,0,0.4,0.138,0.02899999999999996,1.2060000000000006,1.8033556540555846,-63.04211061131231,46.77551627659008,-27.42669744248484,-160.64740464993685,-63.104885373921924,-27.41115582323086,46.831120152000686,-160.84303751018214
268,0.26371704933187157,0.0009899557047114405,0.19007149530459658,2.1044712641366097,0,0.4,0.138,0.02899999999999996,1.2060000000000006,1.8041173270302022,-63.08162899270921,46.85625735751174,-27.402040294793753,-160.76844863164823,-63.14437839463422,-27.38649305640122,46.91191768189038,-160.96398869989562
269,0.264707005036583,0.0009899650727034069,0.19007329395905412,2.104451349626048,0,0.4,0.138,0.028999999999999984,1.2060000000000006,1.8098934264976227,-63.12104518906026,46.93710266894946,-27.37716282053363,-160.88927340382017,-63.18376941331569,-27.36160982349518,46.99282029380846,-161.08472121962356
270,0.2656969701092864,0.0009899743884815677,0.190075082588461,2.104431546485531,0,0.4,0.138,0.028999999999999984,1.2060000000000006,1.8096597652023272,-63.160373462641935,47.018040122789216,-27.352081088073604,-161.00991744864493,-63.22307272643282,-27.336522200986117,47.073815816325116,-161.20527367525193
271,0.266686944497768,0.000989983652516824,0.19007686128323023,2.1044118537077847,0,0.39999999999999997,0.138,0.028999999999999984,1.2060000000000006,1.8104954657906547,-63.19962786086923,47.09905777859325,-27.32681102319691,-161.1304186248547,-63.26230241400963,-27.31124612277754,47.154892228270995,-161.32568404375888
272,0.2676769281502848,0.000989992865274245,0.19007863013265502,2.1043922702980433,0,0.39999999999999997,0.138,0.028999999999999984,1.2060000000000006,1.8084853443295115,-63.238822190294556,47.18014386753175,-27.301368376510677,-161.25081409938483,-63.30147231362625,-27.285797347555317,47.236037682803115,-161.44598960488557
273,0.26866692101555906,0.0009900020272131597,0.19008038922492668,2.1043727952738482,0,0.4,0.138,0.028999999999999984,1.2060000000000006,1.8099974509495358,-63.27796999235429,47.2612868147829,-27.275768692603997,-161.37114028377619,-63.340595995837035,-27.260191427814075,47.317240530233946,-161.56622687648795
274,0.2696569230427722,0.0009900111387872474,0.1900821386471515,2.104353427664858,0,0.4,0.138,0.02899999999999997,1.2060000000000006,1.8060673724040663,-63.31708452025451,47.34247526117375,-27.250027280774333,-161.49143277338055,-63.37968674127001,-27.234443680649587,47.398489339419584,-161.6864315543964
275,0.2706469341815595,0.0009900202004446263,0.19008387848536826,2.104334166512654,0,0.4,0.138,0.02899999999999997,1.2060000000000006,1.8047354202307708,-63.35617871736722,47.42369808360414,-27.224159187516047,-161.61172629050145,-63.418757519253276,-27.20856916029333,47.479772917908974,-161.80663845628644
276,0.27163695438200414,0.0009900292126279406,0.1900856088245646,2.1043150108705566,0,0.4,0.138,0.02899999999999997,1.2060000000000006,1.8072874932750993,-63.39526519748583,47.50494441373276,-27.19817917088918,-161.73205463259808,-63.457820968041126,-27.182582632437157,47.56108033074249,-161.92688146979418
277,0.27262698359463206,0.0009900381757744462,0.19008732974869366,2.104295959803438,0,0.39999999999999997,0.138,0.028999999999999984,1.2060000000000006,1.8175407642984798,-63.43435622662584,47.58620365542714,-27.172101676670014,-161.85245062455803,-63.496889377036155,-27.156498550499336,47.642400917262314,-162.04719350612638
278,0.2736170217704065,0.0009900470903160933,0.19008904134068993,2.1042770123875476,0,0.4,0.138,0.02899999999999997,1.2060000000000006,1.8107351359623978,-63.47346370657675,47.667465500624225,-27.145940816369844,-161.9729460756933,-63.535974669991475,-27.130331033445774,47.72372430780186,-162.1676064559891
279,0.27460706886072256,0.0009900559566796093,0.190090743682485,2.1042581677103307,0,0.39999999999999997,0.138,0.02899999999999997,1.2060000000000006,1.8050204081725085,-63.51259916042417,47.748719943405554,-27.11971034716673,-162.09357174218584,-63.5750883899649,-27.10409384555323,47.80504043834833,-162.2881511502182
280,0.2755971248174022,0.0009900647752865788,0.19009243685502314,2.1042394248702596,0,0.4,0.138,0.02899999999999997,1.2060000000000006,1.8041404454651333,-63.55177371847191,47.82995729443576,-27.093423653263613,-162.21435728999128,-63.614241686137014,-27.077800378073384,47.88633956360043,-162.40885732550177
281,0.27658718959268874,0.0009900735465535235,0.19009412093827652,2.1042207829766593,0,0.39999999999999997,0.138,0.02899999999999997,1.2060000000000006,1.8056219613911868,-63.590998106797116,47.91116819229838,-27.06709372945636,-162.3353312652549,-63.65344530218256,-27.051463632697985,47.96761226873463,-162.5297535942248
282,0.27757726313924225,0.0009900822708919783,0.19009579601125984,2.1042022411495465,0,0.39999999999999997,0.138,0.02899999999999996,1.2060000000000006,1.8106609176432398,-63.63028263718884,47.99234361389237,-27.040733166419074,-162.45652106833123,-63.692709566402456,-27.025096206894023,48.048849479406186,-162.65086741910014
283,0.2785673454101342,0.0009900909487085688,0.19009746215204523,2.104183798519461,0,0.4,0.138,0.02899999999999997,1.2060000000000006,1.810310135370166,-63.66963719870276,48.07347488335544,-27.014354137790008,-162.57795293214835,-63.73204438371371,-26.99871028109076,48.130042470295486,-162.77222509291718
284,0.2795574363588428,0.0009900995804050846,0.19009911943777624,2.1041654542273096,0,0.4,0.138,0.028999999999999984,1.2060000000000006,1.8101677715019497,-63.70907125147927,48.154553678466854,-26.987968389262736,-162.69965190697602,-63.77145922795254,-26.97231760716732,48.211182874069465,-162.89385171858564
285,0.28054753593924786,0.0009901081663785535,0.19010076794468228,2.1041472074242047,0,0.39999999999999997,0.138,0.028999999999999984,1.2060000000000006,1.8094202808615452,-63.74859382031082,48.23557203903576,-26.9615872286922,-162.8216418437624,-63.810963136722364,-26.945929499112584,48.29226268704051,-163.01577119641047
286,0.28153764410562643,0.0009901167070213138,0.19010240774809226,2.1041290572713125,0,0.4,0.138,0.028999999999999984,1.2060000000000006,1.8101296126712796,-63.78821349094344,48.31652237109183,-26.935221518462,-162.94394538529792,-63.85056470749481,-26.919556825261793,48.373274274103814,-163.13800621464623
287,0.28252776081264774,0.000990125202721083,0.19010403892244795,2.1041110029397014,0,0.4,0.138,0.028999999999999984,1.2060000000000008,1.805505291327519,-63.82793840757173,48.397397450585146,-26.908881669365783,-163.0665839604937,-63.89027209514215,-26.89321000217059,48.45421037238995,-163.2605782438946
288,0.2835178860153688,0.00099013365386103,0.19010566154131778,2.1040930436101903,0,0.4,0.138,0.02899999999999997,1.2060000000000008,1.804997341039569,-63.8677762717142,48.478190425842556,-26.882577636073474,-163.18957778237555,-63.93009301160203,-26.86689899039002,48.535064092032485,-163.38350753754818
289,0.28450801966922984,0.00099014206081984,0.19010727567740926,2.104075178473207,0,0.4,0.138,0.02899999999999997,1.2060000000000008,1.8099319926935102,-63.90773434306961,48.558894817372284,-26.856318914399452,-163.31294585167197,-63.970034725238875,-26.84063329099256,48.61582891994409,-163.50681313083652
290,0.28549816173004966,0.0009901504239717826,0.19010888140258225,2.104057406728641,0,0.3999999999999999,0.138,0.028999999999999984,1.2060000000000006,1.816943239643926,-63.94781944041799,48.639504519931045,-26.830114539439478,-163.43670596010452,-64.01010406235588,-26.81442194408833,48.69649871907813,-163.63051284593197
291,0.28648831215402143,0.0009901587436867791,0.1901104787878616,2.1040397275857035,0,0.4,0.138,0.028999999999999984,1.2060000000000008,1.8087747941252172,-63.98803794400297,48.720013801357936,-26.803973085358408,-163.5608746977089,-64.05030740997015,-26.788273528737143,48.777067727250035,-163.75462330049783
292,0.2874784708977082,0.0009901670203304642,0.19011206790344914,2.1040221402627903,0,0.4,0.138,0.028999999999999984,1.2060000000000008,1.804516741493996,-64.0283957994962,48.800417300204145,-26.77790266668714,-163.68546746459185,-64.09065071965681,-26.762196164167182,48.857530555015,-163.87915991909682
293,0.2884686379180387,0.00099017525426425,0.19011364881873602,2.104004643987346,0,0.39999999999999997,0.138,0.028999999999999984,1.2060000000000008,1.8044705914354862,-64.06889852288141,48.88071002267248,-26.751910940817172,-163.8104984851217,-64.13113951291243,-26.73619751248414,48.9378821814615,-164.00413694885492
294,0.28945881317230293,0.0009901834458453892,0.19011522160231473,2.1039872379957285,0,0.4,0.138,0.028999999999999984,1.2060000000000006,1.8077687628522716,-64.10955120678419,48.96088733755184,-26.72600511190763,-163.93598082616558,-64.17177888684536,-26.710284782167893,49.0181179510194,-164.12956747583002
295,0.2904489966181483,0.0009901915954270346,0.19011678632199064,2.1039699215330803,0,0.4,0.138,0.028999999999999984,1.2060000000000006,1.8104691287864074,-64.15035852713824,49.040944972074115,-26.700191935548023,-164.0619264160955,-64.21257352087473,-26.684464732812394,49.09823356929056,-164.25546344407348
296,0.29143918821357534,0.0009901997033582995,0.19011834304479353,2.1039526938531994,0,0.4,0.138,0.028999999999999984,1.2060000000000006,1.811805596043111,-64.1913247506161,49.12087900716763,-26.674477724500143,-164.18834606575936,-64.25352768419269,-26.658743680908497,49.17822509700053,-164.38183567668423
297,0.2924293879169336,0.0009902077699843177,0.19011989183698902,2.103935554218412,0,0.4,0.138,0.028999999999999984,1.2060000000000006,1.8100740740263244,-64.23245374291771,49.200685870619026,-26.648868355493015,-164.3152494917556,-64.29464524451798,-26.63312750681731,49.258088943257306,-164.50869390050633
298,0.29341959568691794,0.0009902157956462993,0.19012143276408947,2.1039185018994493,0,0.39999999999999997,0.138,0.028999999999999984,1.2060000000000006,1.810769876864206,-64.27374897820285,49.28036232971429,-26.623369277093246,-164.4426453429266,-64.33592967730684,-26.607621662522327,49.33782185840662,-164.63604677196108
299,0.29440981148256423,0.0009902237806815883,0.19012296589086497,2.1039015361753264,0,0.39999999999999997,0.138,0.02899999999999997,1.2060000000000006,1.8080732760526312,-64.31521354896596,49.35990548343864,-26.59798551830687,-164.5705412279626,-64.37738407686281,-26.58223118086281,49.41742092348564,-164.76390190836307
300,0.2954000352632458,0.0009902317254237194,0.19012449128135414,2.10388465633322,0,0.4000000000000001,0.138,0.02899999999999997,1.2060000000000006,1.805541159618193,-64.35685017767229,49.439312751536605,-26.57272169854118,-164.6989437481022,-64.41901116462252,-26.556960683571653,49.496883546988094,-164.89226591071628
301,0.29639026698866955,0.0009902396302024702,0.1901260089988743,2.1038678616683546,0,0.4,0.138,0.02899999999999997,1.2060000000000006,1.8059641727114608,-64.39866122555547,49.51858187078826,-26.547582036344295,-164.82785852127301,-64.46081330191915,-26.531814392334695,49.576207452795416,-165.02114439955258
302,0.297380506618872,0.0009902474953439183,0.19012751910603232,2.1038511514838825,0,0.39999999999999997,0.138,0.028999999999999984,1.2060000000000006,1.8135691990378537,-64.44064870576076,49.59771088253286,-26.522570361044377,-164.9572902189134,-64.50279250051312,-26.50679613893325,49.65539067177465,-165.15054204405078
303,0.29837075411421593,0.0009902553211704917,0.19012902166473442,2.103834525090774,0,0.4,0.138,0.02899999999999997,1.2060000000000006,1.8139962817149817,-64.48281429429255,49.676698123904984,-26.497690123459876,-165.08724259618978,-64.54495043481704,-26.48190937662553,49.73443153163257,-165.280462596073
304,0.2993610094353864,0.0009902631080010214,0.19013051673619613,2.103817981807704,0,0.4,0.138,0.02899999999999997,1.2060000000000006,1.8070831432524646,-64.52515934256364,49.75554221738039,-26.47294440775765,-165.21771852688198,-64.58728845446406,-26.457157192036444,49.81332864584171,-165.41090892511278
305,0.30035127254338745,0.0009902708561507934,0.19013200438095235,2.1038015209609418,0,0.39999999999999997,0.138,0.028999999999999984,1.2060000000000006,1.8045178260312278,-64.56768489028497,49.83424205923398,-26.448335943794294,-165.34872003917283,-64.62980759697734,-26.43254231727106,49.89208090301484,-165.5418830535158
306,0.3013415433995382,0.0009902785659315972,0.19013348465886667,2.1037851418842464,0,0.4,0.138,0.028999999999999984,1.2060000000000006,1.805275902990756,-64.61039167798138,49.91279680955551,-26.42386711934694,-165.48024835034437,-64.67250859903471,-26.40806714144468,49.970687459343296,-165.67338618748752
307,0.3023318219654698,0.000990286237651777,0.1901349576291412,2.103768843918756,0,0.4,0.138,0.028999999999999984,1.2060000000000006,1.8107526357160317,-64.65328015883071,49.991205883635836,-26.399539992205717,-165.61230389938464,-64.71539191105283,-26.383733724443267,50.049147724913354,-165.8054187577409
308,0.3033221082031216,0.0009902938716162784,0.19013642335032546,2.1037526264128883,0,0.4,0.138,0.02899999999999997,1.2060000000000006,1.810101271380463,-64.69635051299747,50.06946893869588,-26.375356303936467,-165.74488638684963,-64.7584577090634,-26.35954380918477,50.12746135384003,-165.9379804521842
309,0.30431240207473786,0.000990301468126698,0.19013788188032604,2.1037364887222343,0,0.4,0.138,0.02899999999999996,1.2060000000000006,1.812285242334723,-64.73960265967338,50.147585863843915,-26.351317492382357,-165.87799480797943,-64.80170590793752,-26.335498834825557,50.20562823296952,-166.07107025250642
310,0.30530270354286454,0.0009903090274813284,0.19013933327641505,2.1037204302094614,0,0.4,0.138,0.02899999999999996,1.2060000000000006,1.8103527403749702,-64.78303627030976,50.22555676875764,-26.327424704979894,-166.01162748926708,-64.84513617539508,-26.311599950547382,50.28364846866151,-166.20468647303127
311,0.30629301257034586,0.0009903165499752051,0.1901407775952394,2.1037044502442117,0,0.4,0.138,0.028999999999999984,1.2060000000000006,1.8119704405125767,-64.82665078269221,50.303381970166946,-26.303678812680882,-166.14578212746986,-64.88874794399254,-26.287848028031302,50.36152237806294,-166.33882679374625
312,0.3072833291203211,0.000990324035900152,0.1901422148928292,2.1036885482030065,0,0.39999999999999997,0.138,0.028999999999999984,1.2060000000000006,1.80654049567383,-64.87044541227594,50.38106198442246,-26.280080422053192,-166.28045582073096,-64.93254042357786,-26.26424367445396,50.43925047879021,-166.47348829456757
313,0.30827365315622124,0.0009903314855448262,0.19014364522460664,2.1036727234691495,0,0.39999999999999997,0.138,0.02899999999999996,1.2060000000000008,1.8052962352030855,-64.91441916517611,50.458597515960314,-26.256629888699113,-166.41564510435708,-64.97651261566668,-26.240787246694037,50.51683347566428,-166.60866749521693
314,0.3092639846417661,0.00099033889919476,0.19014506864539393,2.103656975432634,0,0.4,0.138,0.02899999999999996,1.2060000000000008,1.8079360345238347,-64.95857085198818,50.5359894447905,-26.23332733110645,-166.55134598908597,-65.02066332493943,-26.217478863689344,50.59427225094394,-166.74436038676984
315,0.31025432354096083,0.0009903462771324065,0.19014648520942204,2.1036413034900496,0,0.4,0.138,0.02899999999999997,1.2060000000000008,1.817907963832667,-65.00289909913485,50.61323881685335,-26.210172642922544,-166.68755399218782,-65.06499117175274,-26.19431841948876,50.67156785346127,-166.88056246612064
316,0.31124466981809323,0.0009903536196371795,0.19014789497033846,2.103625707044492,0,0.4,0.138,0.028999999999999984,1.2060000000000006,1.8112377743444215,-65.04740236117942,50.69034683332224,-26.18716550586453,-166.8242641713573,-65.10949460561639,-26.17130559692271,50.74872148533376,-167.01726877326357
317,0.3122350234377304,0.000990360926985497,0.19014929798121544,2.1036101855054725,0,0.39999999999999997,0.138,0.028999999999999984,1.2060000000000006,1.805819448136616,-65.09207893427569,50.76731483706066,-26.16430540334769,-166.96147116192114,-65.15417191556801,-26.148439878948054,50.825734495378676,-167.15447391980118
318,0.3132253843647159,0.0009903681994508223,0.1901506942945579,2.103594738288831,0,0.4,0.138,0.028999999999999984,1.2060000000000006,1.8052057666081514,-65.13692696552249,50.84414430777241,-26.141591631082974,-167.0991692024241,-65.19902124223792,-26.125720561410443,50.90260836790041,-167.2921721221328
319,0.31421575256416673,0.0009903754373037012,0.19015208396231065,2.1035793648166514,0,0.4,0.138,0.028999999999999984,1.2060000000000004,1.8068494868036076,-65.18194446544503,50.92083684959644,-26.119023310128522,-167.23735216898697,-65.24404059019147,-26.10314676582851,50.97934471145763,-167.43035723553538
320,0.3152061280014704,0.0009903826408118061,0.19015346703586677,2.103564064517172,0,0.4,0.138,0.028999999999999984,1.2060000000000004,1.810923227677481,-65.2271293198839,50.997394180535274,-26.09659939927078,-167.37601360812045,-65.28922783854215,-26.0807174508727,51.05594524958912,-167.56902278334599
321,0.3161965106422822,0.0009903898102399714,0.1901548435660745,2.103548836824706,0,0.39999999999999997,0.138,0.028999999999999984,1.2060000000000004,1.8107759617408155,-65.27247929995765,51.073818123800535,-26.0743187059991,-167.51514676405006,-65.33458075148839,-26.058431423788733,51.132411811569064,-167.7081619858926
322,0.3171869004525222,0.000990396945850234,0.19015621360324494,2.1035336811795573,0,0.4,0.138,0.02899999999999997,1.2060000000000006,1.811567988332074,-65.31799207251893,51.15011059846366,-26.0521798978097,-167.65474460741828,-65.38009698982782,-26.036287352484425,51.20874632069501,-167.84776779221042
323,0.3181772973983724,0.0009904040479018694,0.19015757719715892,2.10351859702794,0,0.39999999999999997,0.138,0.02899999999999997,1.2060000000000006,1.8111730450885728,-65.36366521111005,51.226273608603385,-26.03018151379174,-167.79479986543134,-65.42577411940371,-26.01428377503749,51.284950789551594,-167.9878329032073
324,0.31916770144627427,0.0009904111166514301,0.1901589343970746,2.1035035838219,0,0.4,0.138,0.02899999999999997,1.2060000000000006,1.8098691547525014,-65.40949620407491,51.30230923872077,-26.008321973826895,-167.93530504407838,-65.47160962164277,-25.992419110993893,51.36102730955511,-168.1283498005953
325,0.3201581125629257,0.000990418152352782,0.19016028525173415,2.1034886410192333,0,0.4,0.138,0.02899999999999996,1.2060000000000008,1.8058025565777687,-65.45548246483447,51.378219643366684,-25.986599589629154,-168.07625245631803,-65.51760090324836,-25.970691671837834,51.436978042232944,-168.26931077351333
326,0.3211485307152785,0.0009904251552571392,0.19016162980937074,2.103473768083412,0,0.39999999999999997,0.138,0.02899999999999997,1.2060000000000008,1.8055849723943749,-65.5016213412092,51.454007038850285,-25.96501257483749,-168.21763424766664,-65.56374530523343,-25.949099670842624,51.512805211193374,-168.41070794332148
327,0.32213895587053565,0.0009904321256131005,0.1901629681177153,2.1034589644835093,0,0.4,0.138,0.028999999999999984,1.2060000000000006,1.811185748020311,-65.54791012378205,51.529673695840444,-25.94355905428967,-168.35944241910258,-65.6100401109556,-25.92764123212973,51.588511095034384,-168.55253328557617
328,0.32312938799614876,0.0009904390636666838,0.1901643002240033,2.1034442296941203,0,0.4,0.138,0.02899999999999997,1.2060000000000006,1.8164622296153117,-65.59434605384145,51.605221932137674,-25.92223707293064,-168.50166884878095,-65.65648255532754,-25.90631440056941,51.66409801772948,-168.6947786553201
329,0.32411982705981546,0.0009904459696613603,0.19016562617498117,2.103429563195293,0,0.4,0.138,0.02899999999999997,1.2060000000000006,1.8088076615286368,-65.64092633185267,51.680654104305646,-25.90104460502617,-168.6443053152682,-65.70306983088398,-25.88511714896971,51.73956834572333,-168.8374358036438
330,0.3251102730294768,0.0009904528438380881,0.19016694601691292,2.1034149644724542,0,0.4,0.138,0.028999999999999984,1.2060000000000006,1.8051542035420325,-65.68764812344526,51.75597260432427,-25.87997956123973,-168.78734351386768,-65.74979909641685,-25.864047387390606,51.81492447901658,-168.98049640139558
331,0.3261007258733149,0.0009904596864353458,0.1901682597955864,2.1034004330163385,0,0.4,0.138,0.028999999999999984,1.2060000000000006,1.8054546337141142,-65.73450856757512,51.831179851219446,-25.859039797482676,-168.9307750790062,-65.79666748395749,-25.843102971015618,51.89016884487315,-169.1239520582855
332,0.32709118555975025,0.0009904664976891648,0.19016956755631964,2.103385968322918,0,0.39999999999999997,0.138,0.028999999999999984,1.2060000000000006,1.809458504397641,-65.78150478317725,51.90627828509367,-25.83822312243458,-169.0745916024195,-65.84367210607931,-25.822281708133755,51.96530389118965,-169.26779434293073
333,0.32808165205743944,0.000990473277833161,0.1901708693439669,2.1033715698933353,0,0.4,0.138,0.02899999999999997,1.2060000000000006,1.810359791091528,-65.82863387585432,51.98127036107209,-25.817527304961686,-169.21878465147384,-65.89081006127446,-25.801581366576222,52.040332081730284,-169.41201479747204
334,0.3290721253352726,0.0009904800270985668,0.19017216520292485,2.1033572372338325,0,0.39999999999999997,0.138,0.02899999999999996,1.2060000000000006,1.8128101119955076,-65.87589294312185,52.05615854448827,-25.796950080374476,-169.3633457834159,-65.93807844067676,-25.78099968118662,52.115255888949214,-169.55660495593915
335,0.33006260536237114,0.000990486745714263,0.1901734551771385,2.103342969855688,0,0.4,0.138,0.02899999999999996,1.2060000000000008,1.8113137464942761,-65.92327908052741,52.130945304682115,-25.77648915729879,-169.50826656207187,-65.98547433234826,-25.76053435902829,52.190077792080864,-169.70155635591942
336,0.3310530921080854,0.000990493433906808,0.19017473931010712,2.103328767275147,0,0.4,0.138,0.028999999999999984,1.2060000000000008,1.812612786402841,-65.97078938575699,52.20563311291601,-25.75614222268882,-169.65353856899372,-66.03299482723088,-25.740183086109592,52.26480027090836,-169.84686055476118
337,0.3320435855419922,0.0009905000919004684,0.19017601764488995,2.1033146290133606,0,0.4,0.138,0.028999999999999984,1.2060000000000008,1.807571408872877,-66.0184209642515,52.28022443647791,-25.73590694819391,-169.799153418737,-66.08063702433599,-25.719943533256696,52.33942580098835,-169.9925091437399
338,0.3330340856338927,0.0009905067199172497,0.19017729022411195,2.1033005545963204,0,0.4,0.138,0.02899999999999996,1.2060000000000008,1.8058160635018705,-66.06617093401208,52.35472173429917,-25.715780995635065,-169.94510277195627,-66.12839803547097,-25.69981336157302,52.413956849353575,-170.13849376091332
339,0.33402459235380993,0.0009905133181769242,0.19017855708996945,2.1032865435547947,0,0.4,0.138,0.02899999999999996,1.2060000000000006,1.8069936692809838,-66.11403643005833,52.4291274528997,-25.69576202216898,-170.0913783475149,-66.17627498933206,-25.679790227290916,52.488395870797035,-170.28480610222576
340,0.33501510567198683,0.00099051988689706,0.19017981828423552,2.1032725954242695,0,0.39999999999999997,0.138,0.02899999999999996,1.2060000000000008,1.8158805146019354,-66.16201460802692,52.503444023064425,-25.67584768467369,-170.23797193220707,-66.2242650355112,-25.65987178656747,52.56274530344385,-170.43143793234103
341,0.3360056255588839,0.00099052642629305,0.1901810738482656,2.1032587097448863,0,0.4,0.138,0.02899999999999996,1.2060000000000008,1.813041932274107,-66.21010264796139,52.57767385573269,-25.656035644284227,-170.3848753909893,-66.27236534719879,-25.640055698969537,52.637007567610866,-170.57838109192096
342,0.33699615198517696,0.0009905329365781383,0.19018232382300257,2.1032448860613826,0,0.4,0.138,0.02899999999999996,1.2060000000000006,1.80691885768183,-66.2582977566323,52.651819341263526,-25.636323569490326,-170.53208067319872,-66.32057312496286,-25.620339631937465,52.711185061851445,-170.72562750785735
343,0.3379866849217551,0.0009905394179634498,0.19018356824898236,2.103231123923033,0,0.39999999999999997,0.138,0.02899999999999996,1.2060000000000006,1.8053435131982312,-66.30659717122737,52.72588284536242,-25.61670914047286,-170.679579822531,-66.36888559993102,-25.600721264622067,52.78528015991855,-170.87316920187388
344,0.33897722433971855,0.000990545870658015,0.1901848071663389,2.103217422883591,0,0.4,0.138,0.02899999999999996,1.2060000000000006,1.8065837158427802,-66.35499816216397,52.79986670647359,-25.597190052558084,-170.82736498462415,-66.4173000367604,-25.58119829143487,52.859295207988524,-171.02099829857193
345,0.33996777021037655,0.0009905522948687982,0.19018604061480926,2.1032037825012333,0,0.4,0.138,0.028999999999999984,1.2060000000000006,1.8110873247511183,-66.40349803587856,52.873773233163384,-25.577764019544396,-170.97542841461237,-66.46581373657,-25.56176842551235,52.93323252191217,-171.16910703338348
346,0.3409583225052453,0.000990558690800722,0.19018726863373864,2.103190202338503,0,0.39999999999999997,0.138,0.028999999999999984,1.2060000000000006,1.8103928557611357,-66.45209413733663,52.94760470177115,-25.558428776764995,-171.1237624838922,-66.51442403883692,-25.54242940132915,53.00709438495822,-171.31748775758973
347,0.34194888119604605,0.0009905650586566946,0.19018849126208537,2.1031766819622546,0,0.39999999999999997,0.138,0.028999999999999984,1.2060000000000006,1.8127445868354704,-66.5007838518418,53.02136335409852,-25.53918208358382,-171.2723596848948,-66.5631283228744,-25.52317897680854,53.08088304719586,-171.46613294220995
348,0.34293944625470274,0.0009905713986376346,0.19018970853842584,2.103163220943599,0,0.39999999999999997,0.138,0.028999999999999984,1.2060000000000006,1.8117017718019068,-66.54956460601457,53.09505139764259,-25.520021724994155,-171.42121263360482,-66.61192400972693,-25.504014935832068,53.15460072360214,-171.61503518301072
349,0.34393001765334036,0.0009905777109424953,0.1901909205009591,2.1031498188578506,0,0.39999999999999997,0.138,0.028999999999999984,1.2060000000000008,1.8111822117265675,-66.59843386980201,53.168671003208026,-25.500945514217037,-171.57031407487432,-66.66080856392037,-25.484935090551858,53.22824959227842,-171.76418720512348
350,0.3449205953642829,0.0009905839957682896,0.1901921271875116,2.1031364752844763,0,0.39999999999999997,0.138,0.028999999999999984,1.2060000000000008,1.806189095341425,-66.64738915791348,53.24222430354069,-25.481951294670264,-171.71965688618315,-66.70977949494332,-25.46593728337039,53.30183179304106,-171.91358186694688
351,0.34591117936005117,0.0009905902533101148,0.19019332863554206,2.103123189807041,0,0.4,0.138,0.028999999999999984,1.2060000000000008,1.8055758661632917,-66.69642803110112,53.31571339210323,-25.46303694173251,-171.8692340809838,-66.75883435869888,-25.447019388836647,53.375349426024414,-172.06321216398575
352,0.3469017696133613,0.0009905964837611753,0.19019452488214567,2.103109962013158,0,0.39999999999999997,0.138,0.028999999999999984,1.2060000000000008,1.8099475944986398,-66.74554809751385,53.3891403217645,-25.444200364501977,-172.01903881227514,-66.80797075887017,-25.428179315430558,53.44880455006043,-172.21307123245776
353,0.34789236609712243,0.0009906026873128069,0.19019571596405893,2.103096791494439,0,0.4,0.138,0.028999999999999984,1.2060000000000008,1.817316139147162,-66.79474701376755,53.46250710336174,-25.4254395073006,-172.16906437538336,-66.85718634712549,-25.409415006308485,53.522199182780376,-172.3631523496794
354,0.34888296878443525,0.0009906088641544986,0.19019690191766375,2.103083677846446,0,0.4,0.138,0.028999999999999984,1.2060000000000008,1.8100270411347923,-66.84402248488054,53.535815706342035,-25.40675235012413,-172.31930420761404,-66.90647882363398,-25.390724440337216,53.595535300232505,-172.51344893529438
355,0.34987357764858973,0.0009906150144739169,0.19019808277899206,2.103070620668639,0,0.39999999999999997,0.138,0.02899999999999997,1.2060000000000008,1.8057501421468767,-66.89337226487396,53.609068058011786,-25.38813690974421,-172.46975188970112,-66.95584593775591,-25.372105633257764,53.66881483600995,-172.66395455298547
356,0.3508641926630636,0.0009906211384569264,0.19019925858372988,2.1030576195643333,0,0.4000000000000001,0.138,0.02899999999999996,1.2060000000000008,1.8057753406429529,-66.94279415724158,53.68226604296304,-25.369591240626836,-172.62040114691828,-67.00528548845348,-25.353556638531273,53.74203968080327,-172.8146629114351
357,0.35185481380152056,0.0009906272362876127,0.19020042936722165,2.103044674140648,0,0.39999999999999997,0.138,0.02899999999999996,1.2060000000000008,1.8089356107227041,-66.99228601523052,53.75541150274566,-25.351113435630673,-172.77124584968553,-67.05479532461274,-25.335075548055737,53.815211682027,-172.96556786505676
358,0.3528454410378082,0.000990633308148304,0.19020159516447438,2.103031784008463,0,0.4,0.138,0.028999999999999984,1.2060000000000008,1.8106994563227872,-67.04184574205125,53.82850623559683,-25.332701626589316,-172.92228001399195,-67.10437334555218,-25.316660493002374,53.88833264312342,-173.1166634152504
359,0.3538360743459565,0.0009906393542195913,0.19020275601016154,2.1030189487823723,0,0.39999999999999997,0.138,0.028999999999999984,1.2060000000000008,1.8120125322805207,-67.09147129138015,53.90155199567516,-25.314353985112575,-173.07349780264093,-67.15401750111647,-25.29830964419868,53.961404323403954,-173.26794371054
360,0.3548267137001761,0.000990645374680351,0.1902039119386274,2.1030061680806384,0,0.4,0.138,0.028999999999999984,1.2060000000000006,1.8120850745671764,-67.14116066705205,53.97455049349391,-25.296068722574997,-173.22489352428428,-67.20372579114445,-25.280021211994804,54.03442843880091,-173.4194030449396
361,0.35581735907485645,0.0009906513697077633,0.19020506298389056,2.1029934415251503,0,0.39999999999999997,0.138,0.028999999999999984,1.2060000000000008,1.8129291703338837,-67.19091192266465,54.047503396336246,-25.27784409010622,-173.37646163215805,-67.25349626539673,-25.26179344659255,54.10740666170288,-173.57103585755155
362,0.3568080104445642,0.0009906573394773345,0.19020620917964823,2.102980768741378,0,0.4,0.138,0.02899999999999997,1.2060000000000008,1.808302090820844,-67.24072316136724,54.12041232828764,-25.2596783787614,-173.52819672330133,-67.30332702326297,-25.243624638121542,54.18034062118154,-173.7228367315656
363,0.35779866778404157,0.000990663284162915,0.19020735055927968,2.102968149358333,0,0.4000000000000001,0.138,0.02899999999999997,1.2060000000000008,1.8060486509019773,-67.29059253549329,54.193278870531394,-25.241569919504876,-173.6800935373493,-67.35321621343051,-25.225513116642574,54.25323190324665,-173.87480039316125
364,0.3587893310682045,0.00099066920393672,0.19020848715585023,2.102955583008522,0,0.4,0.138,0.028999999999999984,1.2060000000000008,1.8066458265475356,-67.34051824615845,54.26610456166976,-25.22351708312586,-173.8321469552478,-67.4031620335103,-25.20745725208469,54.32608205110117,-174.02692171030068
365,0.3597800002721412,0.000990675098969349,0.19020961900211503,2.1029430693279094,0,0.4,0.138,0.028999999999999984,1.2060000000000008,1.8146204475885965,-67.390498542879,54.33889089793356,-25.20551828015298,-173.98435199802543,-67.45316272996415,-25.189455454415125,54.398892564955844,-174.17919569237972
366,0.3607706753711105,0.0009906809694298039,0.19021074613052236,2.102930607955875,0,0.4,0.138,0.02899999999999997,1.2060000000000008,1.8141403105655414,-67.4405317232878,54.41163933334411,-25.187571960792127,-174.13670382587813,-67.50321659720507,-25.171506172947637,54.47166490317079,-174.33161748765133
367,0.3617613563405403,0.000990686815485507,0.19021186857321734,2.1029181985351766,0,0.39999999999999997,0.138,0.028999999999999984,1.2060000000000008,1.807656661871559,-67.49061613233067,54.48435128061656,-25.169676614321908,-174.2891977358559,-67.55332197719207,-25.153607896207006,54.54440048236819,-174.48418238196797
368,0.3627520431560258,0.0009906926373023216,0.19021298636204576,2.1029058407119052,0,0.39999999999999997,0.138,0.028999999999999984,1.2060000000000008,1.8055860102964072,-67.54075016174416,54.55702811143383,-25.151830768836543,-174.44182916028353,-67.60347725871036,-25.135759151500018,54.61710067803639,-174.63688579665111
369,0.36374273579332816,0.0009906984350445674,0.19021409952855695,2.1028935341354535,0,0.4,0.138,0.02899999999999997,1.2060000000000006,1.8066421033949827,-67.5909322492986,54.62967115708563,-25.13403299076777,-174.59459366452663,-67.65368087662985,-25.1179585044596,54.68976682515665,-174.78972328629314
370,0.36473343422837273,0.0009907042088750403,0.19021520810400774,2.1028812784584714,0,0.39999999999999997,0.138,0.02899999999999997,1.2060000000000006,1.811296718106655,-67.64116087802346,54.702281709126204,-25.116281884383337,-174.74748694470946,-67.70393131115168,-25.100204558560858,54.7624002188424,-174.942690536527
371,0.36572413843724777,0.0009907099589550284,0.19021631211936546,2.1028690733368336,0,0.39999999999999997,0.138,0.02899999999999996,1.2060000000000008,1.8103044937634,-67.69143457543188,54.77486102002635,-25.098576091267564,-174.9005048254258,-67.75422708718668,-25.082495954742754,54.8350021146955,-175.09578336216347
372,0.3667148483962028,0.0009907156854443305,0.19021741160531147,2.1028569184295995,0,0.4,0.138,0.028999999999999984,1.2060000000000008,1.8135242045018114,-67.74175191290782,54.847410303512916,-25.080914289936754,-175.0536432579065,-67.80456677351802,-25.064831370764477,54.907573729764245,-175.2489977047485
373,0.3677055640816471,0.0009907213885012713,0.1902185065922441,2.102844813398979,0,0.39999999999999997,0.138,0.02899999999999997,1.2060000000000006,1.8121809950097414,-67.79211150473202,54.919930735723064,-25.063295195047402,-175.20689831720748,-67.85494898197722,-25.04720952056855,54.980116243186934,-175.40232963016788
374,0.3686962854701484,0.0009907270682827198,0.19021959711028222,2.1028327579102957,0,0.4000000000000001,0.138,0.028999999999999984,1.2060000000000006,1.8119149540762953,-67.8425120073697,54.9924234556604,-25.045717556857586,-175.3602662001259,-67.9053723668599,-25.02962915383114,55.052630796637004,-175.55577532691976
375,0.3696870125384311,0.0009907327249441037,0.1902206831892679,2.102820751631953,0,0.39999999999999997,0.138,0.028999999999999984,1.2060000000000008,1.8064838537455044,-67.89295211880759,55.06488956574616,-25.028180160695165,-175.5137432232567,-67.95583562399707,-25.012089055243873,55.12511849514491,-175.70933110341116
376,0.3706777452633752,0.0009907383586394284,0.19022176485877026,2.1028087942353975,0,0.4,0.138,0.02899999999999997,1.2060000000000008,1.805686731805058,-67.94343057761401,55.137330132651606,-25.01068182622159,-175.66732582026262,-68.00633748982527,-24.994588043803205,55.19758040792548,-175.86299338524196
377,0.37166848362201466,0.0009907439695212897,0.19022284214808763,2.102796885395087,0,0.39999999999999997,0.138,0.02899999999999997,1.2060000000000008,1.809500372763147,-67.99394616200273,55.209746188132904,-24.993221406705082,-175.8210105391424,-68.05687674049292,-24.97712497213531,55.270017569111104,-176.01675871258837
378,0.37265922759153597,0.0009907495577408916,0.1902239150862512,2.1027850247884565,0,0.39999999999999997,0.138,0.02899999999999995,1.2060000000000008,1.8174881950868436,-68.04449768895056,55.282138729726086,-24.975797788349738,-175.97479403965062,-68.10745219100228,-24.95969872583494,55.342430978529265,-176.17062373769576
379,0.37364997714927684,0.0009907551234480609,0.1902249837020277,2.1027732120958844,0,0.4,0.138,0.02899999999999996,1.2060000000000008,1.8106852047835564,-68.09508401331254,55.354508721628875,-24.958409889589916,-176.12867309072368,-68.15806269425434,-24.94230822267554,55.41482160262998,-176.3245852221261
380,0.3746407322727249,0.0009907606667912616,0.19022604802392223,2.1027614470006615,0,0.4,0.138,0.028999999999999984,1.206000000000001,1.8061530080688917,-68.1457040268717,55.42685709554678,-24.941056660302873,-176.2826445677469,-68.20870714016316,-24.924952411895127,55.487190375190075,-176.47864003420716
381,0.37563149293951614,0.0009907661879176117,0.19022710808018145,2.102749729188957,0,0.39999999999999997,0.138,0.028999999999999984,1.206000000000001,1.8060709341762575,-68.19635665746621,55.4991847514107,-24.92373708109905,-176.43670545004065,-68.25938445491965,-24.907630273567214,55.55953819792457,-176.63278514692277
382,0.37662225912743375,0.0009907716869728966,0.19022816389879615,2.1027380583497886,0,0.39999999999999997,0.138,0.028999999999999984,1.206000000000001,1.8089035467475572,-68.2470408682806,55.57149255796085,-24.90645016270312,-176.59085281882932,-68.31009360022455,-24.89034081793691,55.63186594113197,-176.78701763571172
383,0.37761303081440667,0.0009907771641015839,0.1902292155075041,2.102726434174991,0,0.4,0.138,0.02899999999999996,1.206000000000001,1.8109099535663997,-68.29775565704831,55.643781353423776,-24.889194945262116,-176.74508385496324,-68.36083357232984,-24.873083084625872,55.70417444453773,-176.9413346757196
384,0.37860380797850823,0.000990782619446837,0.19023026293379272,2.102714856359185,0,0.39999999999999997,0.138,0.028999999999999984,1.2060000000000008,1.811782213326892,-68.34850005510972,55.71605194632255,-24.871970497562927,-176.89939583621572,-68.4116034011439,-24.8558561419147,55.776464518000374,-177.09573353920308
385,0.3795945905979551,0.0009907880531505315,0.19023130620490206,2.1027033245997466,0,0.39999999999999997,0.138,0.02899999999999997,1.2060000000000008,1.8125879922952357,-68.399273126504,55.7883051162501,-24.854775916292322,-177.0537861346511,-68.46240214927755,-24.838659085944094,55.848736942538345,-177.2502115927724
386,0.3805853786511056,0.0009907934653532664,0.19023234534782715,2.1026918385967788,0,0.4000000000000001,0.138,0.02899999999999997,1.206000000000001,1.813265045418792,-68.45007396706235,55.86054161479897,-24.837610325280743,-177.2082522140125,-68.51322891113726,-24.82149103997449,55.92099247107619,-177.40476629475853
387,0.38157617211645883,0.0009907988561943793,0.19023338038932083,2.1026803980530797,0,0.4000000000000001,0.138,0.02899999999999997,1.206000000000001,1.8086375249745732,-68.5009017034819,55.932762166343245,-24.820472874732456,-177.36279162703485,-68.56408281206558,-24.804351153665632,55.9932318292207,-177.5593951927175
388,0.3825669709726532,0.0009908042258119597,0.19023441135589628,2.1026690026741166,0,0.4000000000000001,0.138,0.02899999999999997,1.206000000000001,1.8061422467385235,-68.55175549249778,56.00496746878456,-24.803362740532208,-177.51740201304085,-68.61496300751637,-24.787238602382725,56.065455716002226,-177.7140959210375
389,0.3835577751984651,0.0009908095743428624,0.19023543827382958,2.102657652167995,0,0.4,0.138,0.028999999999999984,1.206000000000001,1.8066631192493179,-68.6026345200736,56.07715819427955,-24.78627912355846,-177.67208109559365,-68.66586868240043,-24.770152586603306,56.13766480443917,-177.86886619904834
390,0.384548584772808,0.0009908149019227212,0.19023646116916249,2.1026463462454297,0,0.4000000000000001,0.138,0.028999999999999984,1.206000000000001,1.8143987595291642,-68.65353800078013,56.14933498977123,-24.769221249111084,-177.82682668070726,-68.71679905033072,-24.753092331253402,56.20985974216359,-178.0237038288577
391,0.3855393996747307,0.0009908202086859608,0.19023748006770447,2.1026350846197195,0,0.39999999999999997,0.138,0.028999999999999984,1.2060000000000008,1.8145575151589808,-68.70446517703151,56.221498477612606,-24.752188366241917,-177.9816366546546,-68.76775335273939,-24.736057084954698,56.28204115223995,-178.17860669281828
392,0.3865302198834167,0.000990825494765811,0.19023849499503573,2.102623867006717,0,0.4,0.138,0.028999999999999984,1.2060000000000008,1.8079916679086552,-68.7554153182049,56.29364925642305,-24.735179746998956,-178.13650898144803,-68.81873085803663,-24.719046119323508,56.35420963395275,-178.33357275110797
393,0.3875210453781825,0.0009908307602943189,0.19023950597650924,2.1026126931248026,0,0.4000000000000001,0.138,0.028999999999999984,1.2060000000000008,1.8058207413025837,-68.8063877198204,56.36578790181775,-24.71819468574389,-178.2914417004804,-68.86973086074424,-24.702058728247746,56.42636576355657,-178.48860003924344
394,0.3885118761384768,0.000990836005402361,0.1902405130372533,2.1026015626948564,0,0.4,0.138,0.028999999999999984,1.2060000000000008,1.8068593895602896,-68.85738170269921,56.437914967147435,-24.701232498448654,-178.44643292410916,-68.92075268070103,-24.685094227232693,56.49851009498779,-178.6436866657889
395,0.38950271214387916,0.0009908412302196566,0.19024151620217408,2.102590475440233,0,0.4,0.138,0.028999999999999984,1.2060000000000006,1.811400785617794,-68.90839661219074,56.5100309841896,-24.684292522054726,-178.60148083542904,-68.97179566231972,-24.668151952774153,56.57064316052655,-178.7988308102163
396,0.3904935533740988,0.0009908464348747804,0.19024251549595783,2.102579431086733,0,0.3999999999999999,0.138,0.028999999999999984,1.2060000000000006,1.8103599921942684,-68.95943181744725,56.58213646379295,-24.66737411385945,-178.75658368618767,-69.02285917386531,-24.65123126174487,56.64276547144168,-178.9540307208257
397,0.3914843998089736,0.0009908516194951735,0.19024351094307332,2.1025684293625777,0,0.4,0.138,0.028999999999999984,1.2060000000000006,1.8138960006067864,-69.01048671072421,56.65423189649392,-24.65047665091934,-178.91173979476724,-69.07394260694629,-24.63433153092794,56.71487751837536,-179.1092847132739
398,0.3924752514284688,0.0009908567842071563,0.190244502567774,2.102557469998384,0,0.4,0.138,0.028999999999999984,1.2060000000000006,1.8125424378697652,-69.06156070689883,56.72631775289638,-24.633599529597145,-179.0669475448002,-69.12504537578702,-24.6174521563618,56.78697977208419,-179.26459116849125
399,0.39346610821267597,0.0009908619291359405,0.19024549039410057,2.102546552727138,0,0.4,0.138,0.028999999999999984,1.2060000000000008,1.8120643470812423,-69.11265324274896,56.79839448438806,-24.616742164918456,-179.22220538309958,-69.17616691649516,-24.600592552725804,56.859072684077844,-179.41994853055746
400,0.3944569701418119,0.0009908670544056411,0.1902464744458831,2.102535677284168,0,0.39999999999999997,0.138,0.028999999999999984,1.2060000000000008,1.8066140922711083,-69.16376377621842,56.87046252378607,-24.599903989952377,-179.37751181753657,-69.2273066863039,-24.583752152708833,56.9311566873227,-179.5753553045029
401,0.39544783719621757,0.0009908721601392875,0.1902474547467432,2.102524843407123,0,0.39999999999999997,0.138,0.02899999999999997,1.2060000000000008,1.8058274971789963,-69.21489178569065,56.94252228601254,-24.583084455208084,-179.5328654149277,-69.27846416286722,-24.566930406434935,57.00323219689835,-179.73081005424697
402,0.39643870935635683,0.0009908772464588364,0.1902484313200966,2.1025140508359432,0,0.4000000000000001,0.138,0.02899999999999997,1.2060000000000008,1.8096835514573775,-69.26603676930371,57.01457416873186,-24.566283028074828,-179.68826479903768,-69.32963884358236,-24.55012678090998,57.07529961062395,-179.88631140063546
403,0.3974295866028157,0.0009908823134851816,0.19024940418915487,2.102503299312839,0,0.39999999999999997,0.138,0.028999999999999984,1.2060000000000008,1.81754272609283,-69.31719824429415,57.08661855295617,-24.54949919228675,-179.84370864866966,-69.38083024497037,-24.533340759508384,57.14735930960931,-180.04185801963624
404,0.3984204689163009,0.0009908873613381675,0.19025037337692816,2.1024925885822645,0,0.4,0.138,0.028999999999999984,1.2060000000000006,1.8108016401181377,-69.36837574640131,57.15865580356781,-24.532732447426564,-179.99919569593365,-69.43203790207673,-24.516571841469705,57.21941165879068,-180.19744864060922
405,0.3994113562776391,0.0009908923901365988,0.19025133890622697,2.102481918390893,0,0.4000000000000001,0.138,0.028999999999999984,1.2060000000000006,1.8063296291181485,-69.41956882927971,57.23068626986152,-24.5159823084285,-180.1547247245557,-69.48326136806232,-24.499819541518516,57.29145700730278,-180.35308204513333
406,0.4004022486677757,0.0009908973999982528,0.19025230079966454,2.102471288487594,0,0.39999999999999997,0.138,0.02899999999999996,1.2060000000000008,1.8062944250146293,-69.47077706412897,57.3027102858594,-24.499248305227873,-180.31029456881788,-69.53450021359461,-24.48308338932899,57.363495688998235,-180.50875706527702
407,0.40139314606777393,0.0009909023910398902,0.19025325907965893,2.1024606986234082,0,0.39999999999999997,0.138,0.02899999999999996,1.2060000000000008,1.8092584114187986,-69.52200003907481,57.37472817084793,-24.482529982218544,-180.46590411179466,-69.58575402622056,-24.466362929004006,57.43552802301394,-180.6644725817959
408,0.4023840484588138,0.0009909073633772663,0.19025421376843513,2.102450148551525,0,0.4,0.138,0.028999999999999984,1.2060000000000006,1.810945040742755,-69.57323735856059,57.44674022992531,-24.465826897748826,-180.62155228361794,-69.6370224097555,-24.449657718583214,57.5075543143307,-180.82022752236622
409,0.4033749558221911,0.000990912317125142,0.19025516488802727,2.1024396380272563,0,0.4,0.138,0.028999999999999984,1.2060000000000006,1.8120001019640801,-69.62448864275585,57.51874675454365,-24.449138623645776,-180.77723805975776,-69.6883049836966,-24.43296732957736,57.57957485431713,-180.9760208598713
410,0.4043658681393162,0.0009909172523972943,0.1902561124602805,2.1024291668080175,0,0.4,0.138,0.028999999999999984,1.2060000000000008,1.8128247925210417,-69.67575352698779,57.59074802303449,-24.432464744764047,-180.93296045936586,-69.73960138266948,-24.416291346534233,57.6515899212311,-181.13185161077723
411,0.4053567853917135,0.000990922169306528,0.19025705650685337,2.1024187346532996,0,0.4,0.138,0.028999999999999984,1.2060000000000008,1.8136514123210727,-69.7270316612097,57.66274430108449,-24.41580485856973,-181.08871854371134,-69.79091125590833,-24.399629366618193,57.72359978072836,-181.28771883360446
412,0.40634770756102,0.000990927067964686,0.1902579970492197,2.1024083413246495,0,0.4,0.138,0.02899999999999997,1.2060000000000006,1.8085884753740773,-69.77832270949584,57.73473584224303,-24.39915857472724,-181.24451141469945,-69.84223426676782,-24.382980999212588,57.7956046863218,-181.44362162749064
413,0.4073386346289847,0.000990931948482659,0.19025893410867054,2.102397986585646,0,0.4,0.138,0.02899999999999997,1.2060000000000008,1.806317980995015,-69.82962634957774,57.80672288834293,-24.38252551472163,-181.4003382135057,-69.89357009240072,-24.366345865629217,57.86760487966057,-181.59955913123815
414,0.40832956657746733,0.0009909368109703982,0.19025986770631648,2.102387670201877,0,0.3999999999999999,0.138,0.02899999999999997,1.2060000000000008,1.806957639023309,-69.88094227254054,57.878705669765196,-24.36590531157997,-181.55619811968,-69.94491842327363,-24.349723598693974,57.93960059097432,-181.7555305219121
415,0.40932050338843773,0.0009909416555369246,0.19026079786308953,2.1023773919409163,0,0.4,0.138,0.028999999999999984,1.2060000000000006,1.8150704835628513,-69.93227018234106,57.95068440588155,-24.349297609460667,-181.7120903497507,-69.99627896265686,-24.33311384233562,58.01159203954572,-181.91153501335583
416,0.41031144504397465,0.0009909464822903378,0.19026172459974486,2.102367151572305,0,0.39999999999999997,0.138,0.028999999999999984,1.2060000000000006,1.8143550612367347,-69.98360979531053,58.022659305514026,-24.33270206325455,-181.86801415577924,-70.04765142612055,-24.316516251195694,58.08357943417582,-182.06757185472205
417,0.41130239152626497,0.0009909512913378296,0.1902626479368633,2.102356948867525,0,0.39999999999999997,0.138,0.028999999999999984,1.2060000000000006,1.8079539384213683,-70.03496083966799,58.094630567381074,-24.316118338209275,-182.02396882393992,-70.09903554105969,-24.29993049027119,58.15556297360246,-182.22364032908342
418,0.41229334281760277,0.0009909560827856918,0.19026356789485283,2.1023467835999785,0,0.39999999999999997,0.138,0.028999999999999984,1.2060000000000008,1.80603866828037,-70.08632305505917,58.16659838050959,-24.29954610958177,-182.1799536731718,-70.15043104622647,-24.2833562345597,58.227542846959196,-182.37973975206774
419,0.4132842989003885,0.0009909608567393268,0.19026448449395075,2.1023366555449687,0,0.39999999999999997,0.138,0.02899999999999997,1.2060000000000008,1.8072094876511424,-70.13769619210616,58.23856292467003,-24.282985062297165,-182.33596805386463,-70.20183769130342,-24.266793168733447,58.299519234149074,-182.53586947061189
420,0.4142752597571278,0.0009909656133032588,0.19026539775422568,2.1023265644796743,0,0.4,0.138,0.02899999999999997,1.2060000000000008,1.8114035309131526,-70.18908001199634,58.31052437073436,-24.266434890633345,-182.49201134666123,-70.25325523650685,-24.250240986832356,58.37149230620224,-182.69202886180327
421,0.41526622537043106,0.0009909703525811415,0.19026630769557917,2.1023165101831323,0,0.4,0.138,0.028999999999999984,1.2060000000000008,1.8105465725799053,-70.24047428610761,58.38248288101299,-24.249895297930692,-182.64808296136076,-70.30468345234738,-24.233699392063826,58.44346222547864,-182.8482173321688
422,0.41625719572301223,0.0009909750746757698,0.1902672143377478,2.1023064924362145,0,0.39999999999999997,0.138,0.028999999999999984,1.2060000000000008,1.8139026590020888,-70.2918787957827,58.45443860944146,-24.233365996399883,-182.8041823362534,-70.35612211924814,-24.21716809648485,58.51542914601445,-183.00443431656714
423,0.417248170797688,0.0009909797796890897,0.19026811770030522,2.1022965110216063,0,0.39999999999999997,0.138,0.028999999999999984,1.2060000000000008,1.8128013332411088,-70.34329333194832,58.526391701927466,-24.216846706806127,-182.96030893701177,-70.407571027132,-24.200646820682113,58.587393213908385,-183.1606792769711
424,0.4182391505773771,0.0009909844677222061,0.1902690178026636,2.1022865657237886,0,0.4,0.138,0.028999999999999984,1.2060000000000008,1.8116902445679894,-70.39471769471348,58.598342296722855,-24.200337158160202,-183.11646225550808,-70.4590299750139,-24.184135293474636,58.65935456770562,-183.31695170124917
425,0.4192301350450993,0.0009909891388753943,0.19026991466407572,2.1022766563290145,0,0.4,0.138,0.02899999999999997,1.2060000000000008,1.8066073737309565,-70.44615169297282,58.67029052480267,-24.183837087429854,-183.27264180863202,-70.51049877059302,-24.16763325161725,58.731313338807624,-183.4732511019528
426,0.4202211241839747,0.0009909937932481082,0.19027080830363677,2.102266782625291,0,0.39999999999999997,0.138,0.028999999999999984,1.2060000000000008,1.806011937978129,-70.49759514401255,58.74223651025617,-24.167346239252918,-183.42884713710887,-70.56197722987243,-24.151140439531197,58.803269651830334,-183.62957701517215
427,0.42121211797722286,0.0009909984309389899,0.19027169874028607,2.102256944402359,0,0.4,0.138,0.028999999999999984,1.2060000000000008,1.8104650666063993,-70.54904787314315,58.81418037063182,-24.150864365680718,-183.58507780439894,-70.61346517680933,-24.13465660905813,58.875223624934605,-183.78592899948856
428,0.4222031164081618,0.0009910030520458794,0.19027258599280886,2.102247141451673,0,0.4,0.138,0.028999999999999984,1.2060000000000006,1.8175152847694889,-70.60050971336501,58.88612221725319,-24.134391225940142,-183.74133339569343,-70.664962442996,-24.118181519229,58.94717537011992,-183.94230663502404
429,0.4231941194602077,0.0009910076566658232,0.19027347007983805,2.10223737356638,0,0.39999999999999997,0.138,0.028999999999999984,1.2060000000000006,1.8104429194382714,-70.65198050506177,58.958062155498006,-24.1179265862128,-183.89761351700417,-70.71646886747055,-24.101714936121645,59.01912499337974,-184.09870952287488
430,0.4241851271168735,0.0009910122448950833,0.190274351019856,2.1022276405413054,0,0.39999999999999997,0.138,0.028999999999999984,1.2060000000000008,1.806324478299053,-70.70346009583422,59.03000028493089,-24.10147021950795,-184.05391779465967,-70.76798429643098,-24.08525663263092,59.09107259494331,-184.25513728428402
431,0.42517613936176857,0.0009910168168291466,0.19027522883119616,2.1022179421729272,0,0.4,0.138,0.028999999999999984,1.2060000000000006,1.8064792109199024,-70.75494834020466,59.10193669955144,-24.08502190542635,-184.2102458744573,-70.81950858290561,-24.068806388225642,59.16301826956659,-184.41158955968487
432,0.42616715617859774,0.000991021372562733,0.19027610353204474,2.1022082782593627,0,0.4,0.138,0.028999999999999984,1.2060000000000006,1.809999425416127,-70.80644509929382,59.173871488084124,-24.068581429921988,-184.3665974207253,-70.87104158640139,-24.052363988697888,59.23496210686013,-184.56806600766748
433,0.4271581775511605,0.0009910259121898044,0.19027697514044245,2.1021986486003477,0,0.4000000000000001,0.138,0.028999999999999984,1.2060000000000006,1.8108623396047456,-70.85795024048032,59.24580473428933,-24.052148585062803,-184.52297211532053,-70.92258317257502,-24.035929225943818,59.30690419158725,-184.72456630400126
434,0.4281492034633503,0.0009910304358035726,0.19027784367428596,2.1021890529972187,0,0.4,0.138,0.028999999999999984,1.2060000000000006,1.812692459596322,-70.90946363708356,59.317736517251916,-24.035723168819942,-184.6793696566836,-70.97413321291924,-24.019501897757685,59.37884460395952,-184.88109014069028
435,0.42914023389915384,0.0009910349434965094,0.19027870915132983,2.1021794912528944,0,0.4,0.138,0.02899999999999997,1.2060000000000008,1.812848960644702,-70.96098516805931,59.389666911665714,-24.019304984869798,-184.83578975892402,-71.02569158447079,-24.00308180764145,59.450783419914345,-185.03763722508845
436,0.43013126884265035,0.0009910394353603528,0.19027957158918773,2.1021699631718596,0,0.4,0.138,0.02899999999999996,1.2060000000000008,1.814121476941899,-71.01251471772073,59.46159598809841,-24.002893842411524,-184.99223215097018,-71.07725816955319,-23.986668764632256,59.52272071136044,-185.1942072791108
437,0.4311223082780107,0.000991043911486116,0.1902804310053343,2.102160468560146,0,0.4,0.138,0.02899999999999996,1.2060000000000008,1.8082341341790074,-71.06405217548856,59.53352381322748,-23.986489556000222,-185.14869657580797,-71.12883285562332,-23.970262583202235,59.59465654631468,-185.3508000387473
438,0.4321133521894968,0.000991048371964096,0.19028128741710645,2.102151007225315,0,0.4,0.138,0.02899999999999996,1.2060000000000008,1.8064457766845237,-71.11559743576339,59.605450449950425,-23.97009194546547,-185.30518279006554,-71.18041553506963,-23.95386308310168,59.666590989086494,-185.50741525345188
439,0.43310440056146093,0.0009910528168838805,0.19028214084170506,2.102141578976444,0,0.4,0.138,0.028999999999999984,1.2060000000000008,1.8075873543343866,-71.16715039770557,59.677375957589526,-23.953700835738307,-185.46169056335387,-71.23200610493801,-23.937470089158417,59.73852410053521,-185.6640526853265
440,0.4340954533783448,0.000991057246334356,0.19028299129619636,2.1021321836241063,0,0.4000000000000001,0.138,0.028999999999999984,1.2060000000000008,1.8166522166857288,-71.21871096496996,59.749300392136725,-23.937316056662347,-185.61821967747545,-71.28360446665111,-23.921083431093447,59.81045593832683,-185.82071210828022
441,0.4350865106246792,0.0009910616604037153,0.19028383879751334,2.1021228209803557,0,0.4,0.138,0.028999999999999984,1.2060000000000006,1.8136213402072083,-71.27027904543357,59.82122380650357,-23.920937442814587,-185.77476992560543,-71.33521052573424,-23.90470294334646,59.882386557185136,-185.9773933072074
442,0.43607757228508287,0.0009910660591794663,0.19028468336245755,2.1021134908587107,0,0.4000000000000001,0.138,0.02899999999999996,1.2060000000000008,1.8076253382970064,-71.32185455092876,59.89314625076397,-23.90456483333878,-185.93134111149263,-71.38682419155444,-23.8883284649167,59.95431600912603,-186.13409607720743
443,0.43706863834426235,0.0009910704427484366,0.19028552500769982,2.1021041930741404,0,0.4,0.138,0.02899999999999996,1.2060000000000008,1.8063057017733526,-71.37343739699064,59.96506777237969,-23.888198071791358,-186.08793304870315,-71.43844537707609,-23.871959839214643,60.02624434367422,-186.29082022285266
444,0.4380597087870108,0.0009910748111967836,0.19028636374978244,2.102094927443046,0,0.4,0.138,0.028999999999999984,1.2060000000000008,1.8077536576639202,-71.42502750262213,60.036988416407304,-23.87183700599995,-186.24454555991656,-71.49007399865772,-23.855596913937315,60.098171608033816,-186.44756555758053
445,0.43905078359820754,0.0009910791646099996,0.19028719960511994,2.1020856937832484,0,0.4,0.138,0.028999999999999984,1.2060000000000008,1.8114099161040425,-71.47662479009817,60.1089082256594,-23.855481487945212,-186.40117847633923,-71.54170997591504,-23.839239540986025,60.170097847199635,-186.60433190327396
446,0.44004186276281754,0.00099108350307292,0.19028803259000063,2.1020764919139716,0,0.4,0.138,0.028999999999999984,1.2060000000000008,1.8109534200141484,-71.52822918484557,60.18082724080065,-23.839131373687895,-186.55783163733497,-71.59335323159507,-23.822887576370007,60.24202310405335,-186.76111908988372
447,0.44103294626589046,0.0009910878266697289,0.19028886272058795,2.102067321655829,0,0.4,0.138,0.02899999999999997,1.2060000000000008,1.8136231271846137,-71.57984061530532,60.25274550045349,-23.822786523265318,-186.7145048900153,-71.64500369136546,-23.806540880057742,60.313947419549905,-186.91792695479742
448,0.4420240340925602,0.0009910921354839672,0.1902896900129217,2.1020581828308083,0,0.4,0.138,0.02899999999999997,1.206000000000001,1.8130288161038068,-71.63145901272499,60.32466304138076,-23.806446800546205,-186.87119808861837,-71.6966612835838,-23.790199315826023,60.38587083293209,-187.07475534214714
449,0.4430151262280442,0.000991096429598538,0.1902905144829193,2.1020490752622587,0,0.39999999999999997,0.138,0.028999999999999984,1.206000000000001,1.8109066574232633,-71.68308431093278,60.39657989869703,-23.79011207308706,-187.02791109382204,-71.74832593906996,-23.77386275112304,60.457793381948676,-187.23160410210463
450,0.4440062226576427,0.0009911007090957138,0.19029133614637705,2.1020399987748766,0,0.4000000000000001,0.138,0.02899999999999997,1.2060000000000008,1.8065719264269158,-71.73471644611645,60.46849610607917,-23.773782211999308,-187.18464377206234,-71.79999759089172,-23.757531056942824,60.52971510306041,-187.3884730902151
451,0.4449973233667384,0.0009911049740571423,0.19029215501897132,2.10203095319469,0,0.39999999999999997,0.138,0.02899999999999997,1.2060000000000008,1.8063375828339954,-71.78635535661513,60.54041169596591,-23.7574570918294,-187.3413959948848,-71.85167617416694,-23.74120410771354,60.601636031625276,-187.54536216678196
452,0.44598842834079555,0.000991109224563853,0.19029297111625978,2.1020219383490493,0,0.4,0.138,0.02899999999999996,1.2060000000000008,1.8119170464523935,-71.83800098272668,60.61232669973668,-23.741136590451095,-187.49816763834284,-71.90336162589135,-23.724881781194423,60.67355620205677,-187.70227119633566
453,0.4469795375653594,0.0009911134606962627,0.19029378445368245,2.1020129540666113,0,0.4,0.138,0.02899999999999996,1.2060000000000008,1.817292011238814,-71.88965326654171,60.684241147865286,-23.72482058896645,-187.65495858248576,-71.9550538848312,-23.708563958417013,60.745475647908016,-187.85920004729775
454,0.44797065102605566,0.000991117682534182,0.19029459504656296,2.1020040001773275,0,0.39999999999999997,0.138,0.02899999999999996,1.2060000000000008,1.8097164512697446,-71.94131215184987,60.75615506998778,-23.708508971656467,-187.8117687110668,-72.00675289144654,-23.692250523630214,60.81739440191428,-188.01614859174933
455,0.44896176870858984,0.0009911218901568213,0.19029540291010968,2.1019950765124316,0,0.4,0.138,0.02899999999999996,1.2060000000000008,1.8062441127513273,-71.99297758405854,60.828068494949214,-23.69220162592234,-187.96859791129617,-72.05845858773803,-23.675941364188393,60.88931249610841,-188.17311670499015
456,0.44995289059874666,0.0009911260836427955,0.19029620805941674,2.101986182904427,0,0.4,0.138,0.02899999999999997,1.2060000000000008,1.806724594684587,-72.04464951003722,60.8999814509217,-23.675898442174155,-188.12544607339404,-72.11017091706806,-23.659636370433663,60.96122996196514,-188.33010426501735
457,0.4509440166823894,0.0009911302630701308,0.19029701050946513,2.1019773191870743,0,0.4,0.138,0.028999999999999984,1.2060000000000008,1.8112098615219914,-72.09632787794031,60.97189396554797,-23.65959931371662,-188.28231309006935,-72.1618898239791,-23.643335435586323,61.0331468305529,-188.48711115198523
458,0.45193514694545955,0.0009911344285162692,0.19029781027512369,2.1019684851953824,0,0.4,0.138,0.028999999999999984,1.2060000000000008,1.8108083544506632,-72.14801263702753,61.04380606609053,-23.643304136643003,-188.43919885598837,-72.21361525402068,-23.627038455645057,61.105063132680066,-188.64413724768562
459,0.45292628137397584,0.0009911385800580746,0.19029860737115034,2.1019596807655927,0,0.4,0.138,0.028999999999999984,1.2060000000000008,1.8139888634060863,-72.19970373749464,61.11571777957406,-23.627012809739238,-188.59610326726184,-72.26534715358686,-23.610745329294062,61.17697889904149,-188.80118243504856
460,0.4539174199540339,0.0009911427177718376,0.19029940181219282,2.1019509057351713,0,0.4,0.138,0.02899999999999997,1.2060000000000008,1.8127575842796257,-72.25140113031377,61.18762913293059,-23.610725234393467,-188.75302622095646,-72.31708546977978,-23.59445595782504,61.248894160340136,-188.95824659771748
461,0.45490856267180574,0.0009911468417332808,0.1903001936127899,2.1019421599427965,0,0.39999999999999997,0.138,0.028999999999999984,1.2060000000000008,1.8143414864275935,-72.30310476710301,61.25954015311301,-23.594441314523532,-188.9099676146857,-72.36883015032468,-23.578170245090558,61.32080894735852,-189.11532961976985
462,0.45589970951353903,0.0009911509520175643,0.19030098278737234,2.101933443228347,0,0.39999999999999997,0.138,0.028999999999999984,1.2060000000000008,1.8077159823870668,-72.3548146000515,61.33145086715744,-23.578160956537744,-189.06692734636022,-72.42058114353321,-23.561888097479038,61.3927232909793,-189.2724313855864
463,0.4568908604655566,0.0009911550486992906,0.1903017693502638,2.101924755432893,0,0.4000000000000001,0.138,0.02899999999999997,1.2060000000000008,1.8063432770118746,-72.4065305818783,61.40336130220742,-23.56188406930582,-189.22390531404395,-72.47233839820427,-23.54560942383326,61.46463722226498,-189.42955177954926
464,0.4578820155142559,0.0009911591318525084,0.19030255331568163,2.1019160963986843,0,0.4,0.138,0.02899999999999996,1.2060000000000008,1.8086990551571627,-72.45825266573007,61.47527148559724,-23.545610564077318,-189.38090141564325,-72.5241018634929,-23.529334135358187,61.53655077256842,-189.5866906856481
465,0.4588731746461084,0.0009911632015507188,0.19030333469773802,2.101907465969142,0,0.4000000000000001,0.138,0.02899999999999997,1.2060000000000006,1.8185863418398902,-72.50998080504964,61.547181444963115,-23.529340354392247,-189.5379155485112,-72.57587148876782,-23.513062145530572,61.60846397365125,-189.7438479870539
466,0.4598643378476591,0.0009911672578668798,0.19030411351044094,2.101898863988845,0,0.4,0.138,0.02899999999999997,1.2060000000000008,1.8124722665818742,-72.56171495343528,61.61909120836062,-23.513073355992848,-189.6949476090226,-72.62764722347393,-23.496793370015304,61.68037685779782,-189.9010235657083
467,0.460855505105526,0.00099117130087341,0.19030488976769475,2.101890290303524,0,0.4,0.138,0.02899999999999996,1.2060000000000008,1.807133819189817,-72.6134550645043,61.69100080437803,-23.4968094867431,-189.85199749216957,-72.67942901700772,-23.480527726593447,61.752289457911125,-190.05821730195177
468,0.46184667640639937,0.000991175330642195,0.19030566348330144,2.101881744760047,0,0.4,0.138,0.028999999999999984,1.2060000000000008,1.806668993296277,-72.66520109177179,61.76291026222836,-23.480548666559134,-190.00906509119883,-72.73121681860889,-23.46426513509834,61.824201807589255,-190.21542907421082
469,0.46283785173704156,0.0009911793472445892,0.19030643467096114,2.101873227206416,0,0.4,0.138,0.02899999999999997,1.2060000000000008,1.8086352674273596,-72.71695298854634,61.83481961182308,-23.464290817349795,-190.16615029730667,-72.78301057729453,-23.448005517373787,61.89611394116002,-190.37265875880516
470,0.46382903108428614,0.0009911833507514234,0.1903072033442733,2.1018647374917494,0,0.4,0.138,0.028999999999999984,1.2060000000000008,1.8116308410349797,-72.76871070787152,61.90672888379879,-23.448035862981403,-190.32325299946712,-72.83481024185959,-23.43174879727412,61.968025893648495,-190.5299062299481
471,0.46482021443503757,0.0009911873412330068,0.1903079695167373,2.1018562754662806,0,0.39999999999999997,0.138,0.02899999999999997,1.2060000000000008,1.811764256086247,-72.82047420252259,61.97863810948918,-23.43178372927403,-190.48037308442127,-72.88661576082698,-23.41549490060819,62.03993770079587,-190.687171359608
472,0.46581140177627056,0.0009911913187591326,0.19030873320175345,2.1018478409813435,0,0.4,0.138,0.02899999999999997,1.2060000000000008,1.8131720743562456,-72.87224342495175,62.050547320948965,-23.415534343944316,-190.63751043652613,-72.93842708235807,-23.399243755064624,62.11184939912407,-190.84445401725011
473,0.4668025930950297,0.0009911952833990812,0.1903094944126236,2.101839433889365,0,0.4,0.138,0.02899999999999997,1.2060000000000008,1.8133478486219285,-72.92401832719811,62.12245655102013,-23.399287636533618,-190.79466493748808,-72.99024415414652,-23.38299529013586,62.18376102602775,-191.00175406951442
474,0.4677937883784288,0.000991199235221626,0.19031025316255218,2.1018310540438554,0,0.4,0.138,0.028999999999999984,1.2060000000000006,1.809871535407325,-72.97579886078127,62.19436583342447,-23.383043538331506,-190.95183646604912,-73.04206692331535,-23.36674943704943,62.25567261986509,-191.15907137989853
475,0.4687849876136504,0.0009912031742950356,0.19031100946464685,2.1018227012994015,0,0.4,0.138,0.02899999999999997,1.2060000000000006,1.8066825592835052,-73.02758497660056,62.26627520285328,-23.36680198231204,-191.1090248976694,-73.09389533632474,-23.350506128708755,62.3275842200395,-191.31640580847133
476,0.4697761907879454,0.00099120710068708,0.19031176333191938,2.101814375511655,0,0.4,0.138,0.02899999999999997,1.2060000000000008,1.8069691996931512,-73.07937662484387,62.338184695048554,-23.350562903075545,-191.26623010424186,-73.14572933889139,-23.334265299640073,62.39949586706774,-191.47375721162004
477,0.4707673978886325,0.000991211014465033,0.19031251477728633,2.1018060765373257,0,0.4,0.138,0.02899999999999996,1.2060000000000008,1.8141923537717048,-73.13117375490788,62.41009434687065,-23.33432623679831,-191.42345195384362,-73.19756887593839,-23.31802688595389,62.47140760261112,-191.6311254419002
478,0.4717586089030975,0.0009912149156956773,0.19031326381357005,2.1017978042341707,0,0.4,0.138,0.02899999999999996,1.2060000000000008,1.8157105921951027,-73.18297631535481,62.48200419632333,-23.318091921199127,-191.5806903106031,-73.24941389162628,-23.301790825360982,62.543319469419274,-191.78851034812433
479,0.4727498238187932,0.000991218804445308,0.19031401045349913,2.101789558460989,0,0.4,0.138,0.02899999999999996,1.2060000000000008,1.8087678072845497,-73.23478425394316,62.55391428249871,-23.301859895554717,-191.73794503478896,-73.30126432934495,-23.2855570571358,62.615231511302014,-191.94591177536094
480,0.4737410426232385,0.0009912226807797363,0.19031475470970938,2.1017813390776108,0,0.4,0.138,0.02899999999999996,1.206000000000001,1.806254527760664,-73.2865975176162,62.625824645551866,-23.28563010066216,-191.8952159827985,-73.35312013166484,-23.269325522058338,62.687143773141734,-192.10332956482037
481,0.47473226530401824,0.0009912265447642949,0.19031549659474462,2.101773145944888,0,0.39999999999999997,0.138,0.02899999999999997,1.206000000000001,1.8071784538312041,-73.33841605244952,62.69773532671962,-23.269402478779824,-192.0525030070319,-73.40498124026753,-23.253096162350694,62.75905630092963,-192.26076355367164
482,0.47572349184878254,0.0009912303964638395,0.1903162361210572,2.1017649789246895,0,0.4,0.138,0.028999999999999984,1.2060000000000008,1.8121981572802741,-73.39023980357987,62.76964636835832,-23.253176973565825,-192.20980595570308,-73.4568475958731,-23.236868921619067,62.83096914180806,-192.41821357484713
483,0.47671472224524636,0.0009912342359427553,0.19031697330100902,2.101756837879889,0,0.39999999999999997,0.138,0.028999999999999984,1.2060000000000008,1.8110216930788212,-73.44206871513258,62.841557813987826,-23.236953530021324,-192.3671246726421,-73.50871913817628,-23.220643744802615,62.90288234411085,-192.575679456864
484,0.47770595648118913,0.000991238063264959,0.19031770814687213,2.101748722674359,0,0.39999999999999997,0.138,0.028999999999999984,1.2060000000000008,1.8141508249824125,-73.49390273015906,62.91346970833142,-23.22073209444194,-192.52445899711893,-73.56059580579361,-23.20442057813058,62.97479595739839,-192.7331610236698
485,0.4786971945444541,0.0009912418784939038,0.19031844067082954,2.1017406331729616,0,0.39999999999999997,0.138,0.02899999999999997,1.2060000000000008,1.812682306831579,-73.54574179058417,62.9853820973512,-23.204512614376096,-192.6818087636926,-73.6124775362338,-23.188199369088874,63.04671003247326,-192.89065809455616
486,0.479688436422948,0.000991245681692582,0.19031917088497574,2.101732569241541,0,0.39999999999999997,0.138,0.02899999999999997,1.2060000000000008,1.8128099000801376,-73.59758583717984,63.05729502826171,-23.18829503859407,-192.8391738021298,-73.66436426593383,-23.171980066430805,63.1186246213327,-193.04817048425366
487,0.48067968210464057,0.0009912494729235296,0.1903198988013177,2.101724530746916,0,0.39999999999999997,0.138,0.02899999999999997,1.206000000000001,1.8072479035333462,-73.64943480960847,63.129208549475386,-23.172079317104217,-192.99655393752604,-73.71625593028853,-23.15576262016225,63.19053977712401,-193.20569800303153
488,0.4816709315775641,0.000991253252248831,0.19032062443177558,2.1017165175568686,0,0.4000000000000001,0.138,0.02899999999999996,1.206000000000001,1.8064414268878615,-73.701288646446,63.20112271056542,-23.155865401133894,-193.15394899038117,-73.76815246364609,-23.139546981501514,63.26245555413217,-193.36324045669605
489,0.48266218482981293,0.0009912570197301207,0.1903213477881832,2.1017085295401396,0,0.4,0.138,0.02899999999999997,1.206000000000001,1.8105241530706269,-73.7531472851733,63.27303756225881,-23.139653243088453,-193.3113587765847,-73.82005379927496,-23.123333102828138,63.33437200779543,-193.52079764650634
490,0.48365344184954306,0.0009912607754285886,0.19032206888228903,2.1017005665664197,0,0.4,0.138,0.028999999999999984,1.2060000000000013,1.8182569109244235,-73.8050106621404,63.344953156455965,-23.123442796500044,-193.4687831073248,-73.8719598693203,-23.107120937631816,63.40628919472859,-193.67836936906392
491,0.48464470262497167,0.0009912645194049834,0.1903227877257568,2.1016926285063398,0,0.39999999999999997,0.138,0.028999999999999984,1.206000000000001,1.8110369496281902,-73.85687871252277,63.416869546255576,-23.107234015979742,-193.62622178897,-73.92387060476608,-23.090910440468686,63.4782071727381,-193.835955416219
492,0.4856359671443767,0.0009912682517196163,0.19032350433016634,2.1016847152314644,0,0.4,0.138,0.02899999999999997,1.206000000000001,1.8066363669676637,-73.9087513702845,63.48878678596971,-23.091026857173137,-193.78367462298831,-73.97578593540612,-23.074701566923697,63.550126000825344,-193.99355557500948
493,0.4866272353960963,0.0009912719724323642,0.19032421870701394,2.101676826614284,0,0.4,0.138,0.02899999999999997,1.206000000000001,1.80664789610815,-73.96062856814989,63.560704931127056,-23.07482127672508,-193.94114140588295,-74.02770578983092,-23.058494273581104,63.622045739171966,-194.15116962764867
494,0.4876185073685287,0.0009912756816026743,0.19032493086771346,2.1016689625282066,0,0.39999999999999997,0.138,0.028999999999999984,1.206000000000001,1.8100410380265664,-74.01251023759298,63.63262403845706,-23.058617232252637,-194.0986219291875,-74.07963009546657,-23.04228851802627,63.693966449074225,-194.3087973516646
495,0.48860978305013136,0.0009912793792895675,0.19032564082359696,2.1016611228475486,0,0.4,0.138,0.028999999999999984,1.206000000000001,1.8115654665940804,-74.0643963088835,63.704544165818355,-23.042414682352202,-194.25611597962322,-74.13155877863669,-23.026084258852123,63.765888192854284,-194.46643852010985
496,0.4896010624294209,0.0009912830655516415,0.19032634858591518,2.1016533074475294,0,0.4000000000000001,0.138,0.028999999999999984,1.206000000000001,1.8132382301793926,-74.1162867111428,63.77646537211607,-23.026213586601415,-194.41362333929538,-74.18349176459508,-23.00988145563364,63.8378110338023,-194.62409290169109
497,0.49059234549497255,0.000991286740447075,0.19032705416583842,2.101645516204262,0,0.4,0.138,0.02899999999999997,1.206000000000001,1.8126790323032222,-74.1681813723733,63.848387717249665,-23.010013905532116,-194.57114378580903,-74.2354289775239,-22.993680068885258,63.90973503616173,-194.78176026078833
498,0.4915836322354196,0.0009912904040336318,0.1903277575744573,2.101637748994745,0,0.39999999999999997,0.138,0.02899999999999996,1.206000000000001,1.8139071610342725,-74.22008021945344,63.92031126210156,-22.99381560058845,-194.7286770922812,-74.28737034051488,-22.97748006001635,63.981660265138686,-194.93944035741583
499,0.49257492263945324,0.0009912940563686638,0.19032845882278346,2.1016300056968547,0,0.39999999999999997,0.138,0.02899999999999997,1.206000000000001,1.8087768081647528,-74.27198317811954,63.992236068548195,-22.977618634083605,-194.88622302729945,-74.33931577555218,-22.961281391291294,64.05358678691371,-195.09713294717983
500,0.4935662166958219,0.0009912976975091142,0.19032915792174993,2.10162228618934,0,0.4,0.138,0.02899999999999997,1.206000000000001,1.806941108367992,-74.32389017294912,64.06416219947224,-22.96142296916129,-195.04378135488275,-74.39126520350356,-22.945084025796824,64.12551466864645,-195.25483778126184
501,0.494557514393331,0.0009913013275115222,0.19032985488221227,2.10161459035181,0,0.4,0.138,0.02899999999999997,1.206000000000001,1.8081564844444646,-74.37580112735297,64.13608971876761,-22.945228569764456,-195.20135183446533,-74.44321854412058,-22.928887927414767,64.19744397846974,-195.41255460642967
502,0.49554881572084253,0.0009913049464320264,0.1903305497149491,2.10160691806473,0,0.4,0.138,0.02899999999999996,1.206000000000001,1.8175333673204208,-74.42771596357699,64.20801869133318,-22.929035400609575,-195.3589342209132,-74.49517571607733,-22.91269306081518,64.26937478543877,-195.57028316517184
503,0.49654012066727454,0.0009913085543263676,0.19033124243066257,2.1015992692094123,0,0.39999999999999986,0.138,0.028999999999999984,1.206000000000001,1.8138113417664998,-74.47963460274804,64.27994918301577,-22.91284342718556,-195.5165282646784,-74.54713663705787,-22.89649939148019,64.34130715942639,-195.72802319597645
504,0.49753142922160093,0.0009913121512498937,0.1903319330399796,2.101591643668008,0,0.4,0.138,0.02899999999999996,1.206000000000001,1.8077589524601392,-74.53155696495713,64.35188126051018,-22.896652615772144,-195.67413371206797,-74.59910122382021,-22.880306885690413,64.41324117103095,-195.88577443356732
505,0.4985227413728508,0.0009913157372575612,0.19033262155345176,2.1015840413235027,0,0.39999999999999997,0.138,0.02899999999999997,1.206000000000001,1.8065421023661006,-74.58348296931965,64.4238149912726,-22.88046293342568,-195.83175030546755,-74.65106939222083,-22.864115510490006,64.48517689152419,-196.0435366090293
506,0.4995140571101084,0.0009913193124039415,0.1903333079815568,2.1015764620597035,0,0.4,0.138,0.02899999999999996,1.2060000000000013,1.808054553962502,-74.63541253399634,64.49575044347336,-22.864274347944807,-195.98937778345277,-74.7030410572164,-22.847925233647015,64.55711439282543,-196.2013094498535
507,0.5005053764225124,0.0009913228767432223,0.1903339923346987,2.1015689057612352,0,0.4000000000000001,0.138,0.028999999999999984,1.2060000000000013,1.812107788436766,-74.68734557619541,64.56768768597261,-22.8480868278313,-196.1470158808356,-74.75501613286283,-22.831736023617417,64.62905374748219,-196.3590926799748
508,0.5014966992992556,0.0009913264303292113,0.19033467462320858,2.101561372313533,0,0.4,0.138,0.02899999999999997,1.2060000000000013,1.8117845045763787,-74.73928201217134,64.63962678830231,-22.83190034225631,-196.30466432869676,-74.80699453232086,-22.81554784951525,64.70099502865152,-196.5168860198165
509,0.5024880257295847,0.0009913299732153412,0.1903353548573455,2.101553861602833,0,0.4,0.138,0.02899999999999997,1.2060000000000013,1.8132254196226585,-74.79122175723214,64.7115678206469,-22.8157148610298,-196.46232285444285,-74.85897616787032,-22.799360681088846,64.77293831007836,-196.67468918635507
510,0.5034793557028001,0.0009913335054546719,0.19033603304729702,2.101546373516165,0,0.39999999999999997,0.138,0.028999999999999984,1.2060000000000013,1.8127938309630616,-74.84316472575384,64.78351085382218,-22.799530354578476,-196.61999118187074,-74.91096095094468,-22.783174488706923,64.8448836660575,-196.83250189324278
511,0.5044706892082548,0.0009913370270998943,0.19033670920317972,2.101538907941347,0,0.4000000000000001,0.138,0.028999999999999984,1.206000000000001,1.8111000542341134,-74.89511083121809,64.855455959236,-22.783346793933656,-196.77766903129483,-74.96294879223586,-22.766989243391187,64.91683117132843,-196.99032385112773
512,0.5054620262353546,0.0009913405382033335,0.19033738333504005,2.1015314647669756,0,0.4,0.138,0.02899999999999997,1.206000000000001,1.807070193841446,-74.94705998632324,64.92740320877797,-22.767164150769148,-196.93535611988665,-75.01493960176504,-22.75080491680663,64.9887809010006,-197.14815476788837
513,0.506453366773558,0.0009913440388169526,0.1903380554528549,2.1015240438824203,0,0.39999999999999997,0.138,0.02899999999999997,1.206000000000001,1.8069871109341942,-74.99901210304954,64.99935267475104,-22.750982397385894,-197.0930521618939,-75.0669332889361,-22.7346214812403,65.0607329304956,-197.3059943488211
514,0.507444710812375,0.0009913475289923556,0.19033872556653228,2.1015166451778162,0,0.39999999999999997,0.138,0.02899999999999996,1.2060000000000013,1.8133041154838532,-75.05096709270784,65.07130442981861,-22.734801506689443,-197.25075686881496,-75.1189297625597,-22.71843890956901,65.13268733551536,-197.4638422967459
515,0.5084360583413673,0.0009913510087807918,0.19033939368591202,2.1015092685440555,0,0.39999999999999997,0.138,0.02899999999999996,1.2060000000000013,1.8169768029413087,-75.10292486596191,65.14325854697765,-22.718621452157592,-197.40846994949425,-75.17092893086765,-22.702257175226446,65.20464419202033,-197.62169831207808
516,0.5094274093501481,0.0009913544782331576,0.19034005982076627,2.1015019138727813,0,0.39999999999999997,0.138,0.02899999999999995,1.2060000000000013,1.8094917639011754,-75.15488533284159,65.21521509953858,-22.7024422078086,-197.56619111019407,-75.22293070152821,-22.68607625217582,65.27660357620205,-197.77956209291324
517,0.5104187638283813,0.0009913579374000016,0.19034072398080032,2.10149458105638,0,0.4,0.138,0.02899999999999996,1.2060000000000013,1.8063445614692093,-75.20684840275948,65.2871741610981,-22.68626374817495,-197.72392005468066,-75.27493498166932,-22.66989611488823,65.3485655644462,-197.9374333351349
518,0.5114101217657813,0.0009913613863315259,0.19034138617565297,2.1014872699879756,0,0.39999999999999997,0.138,0.028999999999999984,1.2060000000000013,1.8069703859281288,-75.25881398453492,65.35913580550282,-22.670086048282943,-197.88165648433343,-75.32694167791492,-22.653716738328157,65.420530233282,-198.09531173256147
519,0.5124014831521128,0.000991364825077591,0.1903420464148975,2.1014799805614217,0,0.4,0.138,0.02899999999999996,1.2060000000000013,1.8122004730171393,-75.3107819864327,65.43110010679676,-22.653909083639725,-198.0394000983003,-75.37895069647473,-22.637538097973763,65.49249765927745,-198.25319697725004
520,0.5133928479771903,0.000991368253687719,0.19034270470804204,2.101472712671293,0,0.39999999999999997,0.138,0.02899999999999997,1.2060000000000013,1.8115157981349708,-75.36275231625952,65.50306713911161,-22.637732830258265,-198.19715059382023,-75.43096194323383,-22.62136016982543,65.56446791893737,-198.41108875979896
521,0.514384216230878,0.0009913716722110947,0.1903433610645302,2.1014654662128827,0,0.4,0.138,0.02899999999999997,1.2060000000000013,1.814245122158824,-75.4147248814491,65.57503697656828,-22.621557264660108,-198.3549076665176,-75.48297532382779,-22.60518293039336,65.63644108861634,-198.56898676962055
522,0.5153755879030891,0.0009913750806965717,0.19034401549374177,2.1014582410821916,0,0.4,0.138,0.028999999999999984,1.2060000000000013,1.812313229772706,-75.46669958913296,65.64700969319782,-22.60538236386387,-198.5126710106529,-75.53499074368143,-22.58900635667195,65.70841724447801,-198.72689069508746
523,0.5163669629837857,0.0009913784791926736,0.19034466800499333,2.101451037175923,0,0.4,0.138,0.02899999999999997,1.206000000000001,1.814020842814395,-75.518676346178,65.71898536290193,-22.58920810535822,-198.67044031926972,-75.58700810803113,-22.572830426109196,65.78039646247784,-198.88480022362293
524,0.5173583414629784,0.0009913818677475977,0.19034531860753875,2.1014438543914773,0,0.4,0.138,0.02899999999999997,1.206000000000001,1.8078897345570952,-75.57065505920829,65.79096405943797,-22.573034467073267,-198.8282152842781,-75.63902732194546,-22.556655116580735,65.85237881835057,-199.04271504178087
525,0.518349723330726,0.0009913852464092177,0.1903459673105698,2.101436692626943,0,0.4,0.138,0.02899999999999997,1.206000000000001,1.8067949331173312,-75.62263563462714,65.86294585640489,-22.55686142735394,-198.98599559654826,-75.69104829035196,-22.540480406369785,65.92436438759263,-199.20063483534406
526,0.5193411085771352,0.0009913886152250872,0.19034661412321674,2.101429551781093,0,0.39999999999999997,0.138,0.02899999999999997,1.206000000000001,1.8102321648841282,-75.67461797864492,65.93493082722655,-22.540688964941147,-199.14378094600715,-75.74307091806982,-22.5243062741518,65.99635324543694,-199.35855928944144
527,0.5203324971923603,0.0009913919742424436,0.19034725905454916,2.1014224317533734,0,0.4,0.138,0.028999999999999984,1.206000000000001,1.819062496581886,-75.72660199731351,66.00691904512534,-22.524517058957883,-199.3015710217604,-75.79509510988314,-22.508132699002054,66.0683454667815,-199.51648808878892
528,0.5213238891666028,0.000991395323508208,0.19034790211357594,2.1014153324439047,0,0.4,0.138,0.02899999999999996,1.206000000000001,1.811756809816956,-75.77858759660697,66.07891058304432,-22.508345688922144,-199.459365512355,-75.84712077064067,-22.491959660418708,66.14034112608469,-199.67442091801982
529,0.522315284490111,0.0009913986630689913,0.19034854330924633,2.1014082537534695,0,0.4,0.138,0.02899999999999997,1.206000000000001,1.8068924106656172,-75.83057468251765,66.1509055135461,-22.492174834765425,-199.61716410610072,-75.89914780534583,-22.47578713832256,66.21234029726249,-199.83235746199938
530,0.52330668315318,0.0009914019929710965,0.19034918265045053,2.101401195583507,0,0.4000000000000001,0.138,0.02899999999999997,1.2060000000000013,1.8066566184548216,-75.88256316114354,66.22290390871457,-22.476004476830592,-199.77496649137575,-75.95117611920571,-22.45961511303489,66.28434305362649,-199.99029740602307
531,0.5242980851461511,0.0009914053132605194,0.19034982014601973,2.1013941578361095,0,0.4,0.138,0.02899999999999996,1.2060000000000013,1.809604759224543,-75.93455293873441,66.29490584009605,-22.45983459584978,-199.93277235681748,-76.00320561765729,-22.443443565249645,66.35634946784735,-200.14824043594245
532,0.5252894904594115,0.0009914086239829543,0.19035045580472723,2.1013871404140145,0,0.4,0.138,0.02899999999999997,1.2060000000000013,1.8123168007959558,-75.98654392171866,66.36691137866366,-22.443665172916965,-200.0905813914489,-76.05523620638839,-22.427272476008227,66.42835961192857,-200.3061862382681
533,0.5262808990833945,0.0009914119251837948,0.1903510896352886,2.1013801432205996,0,0.39999999999999997,0.138,0.02899999999999997,1.206000000000001,1.813402116027921,-76.03853601672486,66.43892059479103,-22.427496189463692,-200.2483932847832,-76.10726779136262,-22.411101826679946,66.50037355718233,-200.4641345002763
534,0.5272723110085783,0.0009914152169081378,0.19035172164636247,2.101373166159876,0,0.4000000000000001,0.138,0.02899999999999997,1.206000000000001,1.8123897890052247,-76.09052913060843,66.51093355822739,-22.4113276272405,-200.406207726935,-76.15930027885045,-22.3949315989477,66.5723913742054,-200.6220849101236
535,0.5282637262254865,0.0009914184992007842,0.19035235184655058,2.101366209136483,0,0.39999999999999997,0.138,0.02899999999999997,1.206000000000001,1.8132909609200374,-76.14252317048405,66.58295033807278,-22.395159468303387,-200.56402440874095,-76.21133357547696,-22.378761774803746,66.64441313284333,-200.78003715700655
536,0.5292551447246873,0.000991421772106245,0.19035298024439903,2.101359272055682,0,0.39999999999999997,0.138,0.02899999999999997,1.206000000000001,1.809506189661144,-76.19451804378058,66.65497100273508,-22.37899169501272,-200.721843021942,-76.263367588338,-22.362592336588992,66.71643890208743,-200.93799093152074
537,0.5302465664967935,0.0009914250356687405,0.1903536068483982,2.1013523548233515,0,0.39999999999999997,0.138,0.02899999999999997,1.206000000000001,1.807457137467245,-76.24651365835322,66.72699561983245,-22.36282429007022,-200.87966325952647,-76.31540222507122,-22.346423266985802,66.78846875001413,-201.0959459258953
538,0.5312379915324622,0.0009914282899322047,0.19035423166698331,2.1013454573459818,0,0.4,0.138,0.02899999999999997,1.2060000000000013,1.8082748775659778,-76.29850992255852,66.79902425612829,-22.34665723651346,-201.03748481597876,-76.36743739391984,-22.33025454900851,66.86050274373007,-201.25390183420896
539,0.5322294198223944,0.0009914315349402872,0.19035485470853516,2.101338579530668,0,0.39999999999999997,0.138,0.028999999999999984,1.2060000000000013,1.817324759475405,-76.35050674531395,66.87105697748204,-22.330490517704092,-201.19530738747926,-76.41947300376667,-22.314086165981198,66.93254094934512,-201.41185835251963
540,0.5332208513573347,0.0009914347707363563,0.19035547598138042,2.1013317212851073,0,0.4,0.138,0.02899999999999997,1.206000000000001,1.8144368816163332,-76.40250403613013,66.9430938488243,-22.314324117304313,-201.35313067203575,-76.47150896415488,-22.29791810151443,67.00458343195673,-201.56981517895773
541,0.534212286128071,0.0009914379973635012,0.19035609549379223,2.1013248825175896,0,0.4,0.138,0.02899999999999997,1.2060000000000013,1.8080504204489691,-76.45450170513199,67.01513493414107,-22.29815801925357,-201.51095436957618,-76.52354518530922,-22.28175033948626,67.07663025562935,-201.72777201382317
542,0.5352037241254345,0.000991441214864534,0.19035671325399053,2.1013180631369965,0,0.4,0.138,0.028999999999999984,1.2060000000000013,1.80652083851502,-76.50649966308147,67.08718029645253,-22.281992207751344,-201.66877818204907,-76.57558157816182,-22.265582864028755,67.1486814833679,-201.885728559697
543,0.536195165340299,0.0009914444232819925,0.19035732927014257,2.1013112630527946,0,0.39999999999999997,0.138,0.02899999999999997,1.206000000000001,1.8078891135774102,-76.55849782140473,67.15922999778618,-22.26582666724391,-201.82660181353862,-76.62761805438737,-22.249415659519997,67.22073717708082,-202.04368452158212
544,0.537186609763581,0.0009914476226581435,0.19035794355036356,2.1013044821750286,0,0.4,0.138,0.02899999999999997,1.206000000000001,1.8127342091741474,-76.6104960922306,67.2312840991363,-22.249661382418065,-201.98442497041637,-76.67965452649128,-22.233248710611004,67.29279739749131,-202.20163960719592
545,0.5381780573862391,0.0009914508130349827,0.19035855610271668,2.10129772041432,0,0.39999999999999997,0.138,0.02899999999999997,1.206000000000001,1.8122726744679913,-76.6624943884855,67.30334266036866,-22.233496338232243,-202.14224736165338,-76.73169090788664,-22.217082002235006,67.36486220405953,-202.35959352723327
546,0.5391695081992741,0.0009914539944542394,0.19035916693521399,2.101290977681859,0,0.4,0.138,0.02899999999999997,1.2060000000000013,1.812934560775871,-76.71449262396727,67.37540574014629,-22.217331519921117,-202.3000686990754,-76.78372711296605,-22.20091551960611,67.4369316549148,-202.51754599561178
547,0.5401609621937283,0.0009914571669573785,0.1903597760558167,2.1012842538894,0,0.4,0.138,0.02899999999999997,1.2060000000000013,1.8122858203539167,-76.76649071341382,67.44747339586493,-22.20116691299275,-202.45788869760003,-76.83576305713684,-22.184749248201356,67.50900580683032,-202.67549672960376
548,0.5411524193606857,0.0009914603305856008,0.19036038347243536,2.101277548949259,0,0.4,0.138,0.02899999999999997,1.2060000000000013,1.8117978164244157,-76.81848857253726,67.51954568362933,-22.18500250321017,-202.6157070753647,-76.8877986568371,-22.16858317373772,67.58108471522401,-202.83344544989998
549,0.5421438796912713,0.0009914634853798467,0.19036098919293057,2.1012708627743084,0,0.4,0.138,0.02899999999999997,1.206000000000001,1.8075162722840148,-76.87048611804137,67.59162265825348,-22.16883827656932,-202.77352355379378,-76.93983382954944,-22.152417282153372,67.65316843416498,-202.99139188066133
550,0.5431353431766511,0.0009914666313807995,0.1903615932251135,2.101264195277968,0,0.4,0.138,0.028999999999999984,1.206000000000001,1.8073137665830885,-76.92248326763624,67.66370437326606,-22.15267421928107,-202.93133785765426,-76.99186849381773,-22.13625155959518,67.72525701637784,-203.14933574957243
551,0.544126809808032,0.0009914697686288847,0.19036219557674589,2.101257546374207,0,0.4,0.138,0.028999999999999984,1.206000000000001,1.8135171617574781,-76.97447994005728,67.73579088091238,-22.136510317758056,-203.08914971512073,-77.04390256926928,-22.12008599240665,67.79735051323763,-203.30727678792897
552,0.5451182795766608,0.0009914728971642745,0.1903627962555407,2.1012509159775363,0,0.4,0.138,0.02899999999999996,1.206000000000001,1.8174578810651372,-77.02647605508838,67.80788223214934,-22.12034655860594,-203.24695885785604,-77.0959359766722,-22.10392056714222,67.86944897472505,-203.46521473081822
553,0.5461097524738251,0.0009914760170268886,0.19036339526916263,2.101244304003002,0,0.4,0.138,0.02899999999999996,1.2060000000000013,1.8097373798574858,-77.07847153362789,67.87997847659211,-22.10418292864131,-203.4047650212219,-77.14796863801475,-22.087755270591334,67.94155244935308,-203.62314931737725
554,0.547101228490852,0.0009914791282563968,0.19036399262522818,2.101237710366186,0,0.4,0.138,0.028999999999999984,1.2060000000000013,1.806407511464667,-77.13046629776366,67.95207966244459,-22.088019414911766,-203.56256794452125,-77.20000047657572,-22.071590089782912,68.01366098409463,-203.781080291038
555,0.5480927076191083,0.0009914822308922206,0.19036458833130637,2.1012311349831974,0,0.4,0.138,0.02899999999999997,1.206000000000001,1.80692598054315,-77.18246027084501,68.02418583642465,-22.07185600469886,-203.7203673712596,-77.25203141695927,-22.055425011972186,68.0857746243442,-203.93900739967148
556,0.5490841898500005,0.000991485324973536,0.19036518239491892,2.1012245777706697,0,0.4,0.138,0.02899999999999997,1.2060000000000013,1.8121341801290711,-77.2344533775152,68.09629704372914,-22.05569268550428,-203.87816304927628,-77.30406138510693,-22.039260024619516,68.15789341390611,-204.09693039565803
557,0.550075675174974,0.0009914884105392745,0.1903657748235407,2.101218038645757,0,0.4,0.138,0.02899999999999996,1.2060000000000013,1.8121389822512188,-77.28644554372194,68.16841332802358,-22.039529445029007,-204.03595473081035,-77.35609030830071,-22.023095115371504,68.23001739499566,-204.2548490359243
558,0.5510671635855133,0.000991491487628125,0.19036636562460002,2.1012115175261306,0,0.4,0.138,0.028999999999999984,1.206000000000001,1.8138947158175498,-77.33843669672171,68.24053473144257,-22.023366271154515,-204.1937421725411,-77.40811811516896,-22.006930272046667,68.30214660824382,-204.41276308197916
559,0.5520586550731414,0.0009914945562785372,0.19036695480547916,2.101205014329972,0,0.39999999999999997,0.138,0.02899999999999997,1.206000000000001,1.8118325137626918,-77.39042676508694,68.31266129459291,-22.007203151929453,-204.35152513562727,-77.46014473569622,-21.990765482626223,68.37428109270327,-204.57067229995334
560,0.55305014962942,0.000991497616528722,0.19036754237351464,2.1011985289759725,0,0.4000000000000001,0.138,0.02899999999999997,1.2060000000000013,1.8134437168651383,-77.442415678717,68.38479305655869,-21.991040075560832,-204.50930338575185,-77.51217010124647,-21.974600735252046,68.44642088584592,-204.72857646067172
561,0.5540416472459487,0.000991500668416653,0.19036812833599737,2.1011920613833266,0,0.39999999999999997,0.138,0.02899999999999997,1.2060000000000013,1.808347887217341,-77.4944033688691,68.4569300548912,-21.974877030416273,-204.66707669321576,-77.56419414465029,-21.958436018269314,68.51856602349842,-204.88647533990795
562,0.5550331479143654,0.0009915037119800703,0.1903687127001735,2.1011856114717293,0,0.4,0.138,0.02899999999999997,1.2060000000000013,1.8072012674351658,-77.54638976824063,68.52907232554792,-21.958714005062234,-204.82484483318004,-77.6162168002461,-21.942271320221707,68.59071653981863,-205.04436871851655
563,0.5560246516263455,0.0009915067472564803,0.19036929547324422,2.101179179161372,0,0.39999999999999997,0.138,0.028999999999999984,1.2060000000000013,1.8107128200420517,-77.59837481101542,68.60121990286501,-21.942550988261164,-204.98260758581281,-77.66823800392187,-21.92610662984861,68.66287246727148,-205.20225638256588
564,0.557016158373602,0.0009915097742831582,0.19036987666236638,2.10117276437294,0,0.4,0.138,0.02899999999999997,1.206000000000001,1.819742302508498,-77.65035843290102,68.67337281953616,-21.926387968966804,-205.14036473641085,-77.72025769312452,-21.909941936070368,68.73503383663278,-205.36013812337774
565,0.5580076681478852,0.0009915127930971504,0.19037045627465288,2.1011663670276053,0,0.39999999999999997,0.138,0.02899999999999996,1.206000000000001,1.8118850286901433,-77.70234057113721,68.74553110661816,-21.91022493630714,-205.298116075439,-77.77227580685563,-21.893777227967888,68.80720067700416,-205.51801373753764
566,0.5589991809409823,0.0009915158037352757,0.19037103431717295,2.101159987047026,0,0.4,0.138,0.02899999999999997,1.206000000000001,1.8069366867687577,-77.75432116449136,68.81769479354632,-21.894061879566756,-205.4558613985316,-77.8242922856651,-21.877612494768865,68.87937301582677,-205.67588302689055
567,0.5599906967447176,0.0009915188062341264,0.19037161079695228,2.1011536243533415,0,0.4,0.138,0.02899999999999997,1.206000000000001,1.806641889449552,-77.80630015325342,68.88986390814642,-21.877898788172935,-205.61360050649654,-77.87630707164864,-21.861447725838165,68.95155087888857,-205.83374579855166
568,0.5609822155509517,0.0009915218006300711,0.19037218572097367,2.1011472788691696,0,0.4,0.138,0.02899999999999996,1.206000000000001,1.8096989766961626,-77.85827747923429,68.96203847664165,-21.861735651687574,-205.77133320532383,-77.92832010845076,-21.84528291067298,69.02373429032568,-205.9916018649351
569,0.5619737373515818,0.0009915247869592557,0.1903727590961771,2.101140950517602,0,0.3999999999999999,0.138,0.02899999999999997,1.206000000000001,1.8129202353366605,-77.91025308577267,69.03421852364858,-21.845572459800955,-205.92905930623493,-77.98033134131803,-21.829118038930545,69.09592327257397,-206.14945104392373
570,0.5629652621385411,0.0009915277652576056,0.1903733309294603,2.1011346392222,0,0.4000000000000001,0.138,0.02899999999999997,1.2060000000000013,1.8141803786558817,-77.96222691779353,69.10640407212338,-21.829409202364793,-206.0867786258655,-78.03234071713973,-21.812953100438882,69.16811784633461,-206.30729315900714
571,0.5639567899037987,0.000991530735560826,0.1903739012276786,2.1011283449069946,0,0.4,0.138,0.02899999999999997,1.2060000000000013,1.8118681575096982,-78.01419892184693,69.17859514332903,-21.813245869398745,-206.24449098639536,-78.08434818448968,-21.796788085201843,69.24031803054115,-206.46512803941658
572,0.5649483206393595,0.0009915336979044057,0.1903744699976459,2.1011220674964783,0,0.4,0.138,0.02899999999999997,1.2060000000000013,1.812827820824276,-78.06616904614512,69.25079175680646,-21.797082451093473,-206.40219621567502,-78.13635369363105,-21.780622983385857,69.3125238423702,-206.62295552014783
573,0.5659398543372639,0.0009915366523236167,0.19037503724613442,2.1011158069156046,0,0.4,0.138,0.02899999999999997,1.2060000000000013,1.8098628464600155,-78.11813724056752,69.32299393038525,-21.780918937797008,-206.55989414724513,-78.18835719650103,-21.764457785301456,69.38473529727781,-206.78077544191288
574,0.5669313909895876,0.000991539598853517,0.19037560297987527,2.1011095630897847,0,0.4,0.138,0.02899999999999997,1.2060000000000013,1.8078314789197623,-78.17010345664514,69.39520168021994,-21.76475531999708,-206.71758462028833,-78.24035864669153,-21.748292481388052,69.45695240904296,-206.93858765107476
575,0.5679229305884411,0.0009915425375289515,0.1903761672055587,2.101103335944882,0,0.39999999999999997,0.138,0.028999999999999984,1.2060000000000013,1.8088628161254179,-78.22206764754267,69.46741502083165,-21.748591588306336,-206.87526747956858,-78.2923579994321,-21.732127062203194,69.52917518980806,-207.0963919995866
576,0.5689144731259701,0.0009915454683845544,0.19037672992983445,2.1010971254072106,0,0.4,0.138,0.02899999999999997,1.2060000000000013,1.8183381894281294,-78.27402976804328,69.53963396514644,-21.73242773345243,-207.03294257537655,-78.34435521157693,-21.715961518416016,69.60140365011263,-207.25418834494684
577,0.5699060185943546,0.0009915483914547493,0.19037729115931187,2.101090931403532,0,0.4,0.138,0.02899999999999996,1.2060000000000013,1.8144028287351845,-78.32598977453716,69.61185852452725,-21.716263746271956,-207.19060976348766,-78.39635024162165,-21.69979584081994,69.67363779889125,-207.41197655024533
578,0.5708975669858094,0.0009915513067737516,0.1903778509005603,2.101084753861053,0,0.39999999999999997,0.138,0.02899999999999997,1.2060000000000013,1.808002212603004,-78.37794762504629,69.68408870876293,-21.70009961772771,-207.34826890523416,-78.44834304974569,-21.683630020360592,69.74587764344017,-207.56975648428758
579,0.5718891182925832,0.0009915542143755717,0.19037840916010978,2.101078592707416,0,0.4000000000000001,0.138,0.02899999999999997,1.2060000000000013,1.8066199723389043,-78.42990327926051,69.75632452603988,-21.68393533892922,-207.5059198676156,-78.50033359784031,-21.66746404813791,69.8181231893881,-207.72752802170425
580,0.5728806725069587,0.0009915571142940123,0.19037896594445036,2.1010724478707057,0,0.4,0.138,0.02899999999999997,1.2060000000000013,1.8080358209214862,-78.48185669857126,69.82856598290762,-21.66777090114085,-207.66356252341754,-78.55232184951255,-21.651297915400296,69.89037444069191,-207.88529104297788
581,0.5738722296212527,0.0009915600065626739,0.19037952126003338,2.1010663192794388,0,0.39999999999999997,0.138,0.02899999999999997,1.2060000000000013,1.8134035290759627,-78.53380784607195,69.90081308427727,-21.651606295772396,-207.82119675123002,-78.60430777006422,-21.635131613528422,69.96263139965856,-208.04304543439608
582,0.5748637896278154,0.000991562891214955,0.19038007511327137,2.1010602068625617,0,0.39999999999999997,0.138,0.02899999999999997,1.2060000000000013,1.813081375885178,-78.58575668653476,69.97306583344562,-21.635441514362217,-207.97882243539544,-78.65629132646126,-21.618965134019465,70.03489406698218,-208.2007910879686
583,0.5758553525190303,0.0009915657682840523,0.19038062751053805,2.101054110549452,0,0.4,0.138,0.02899999999999997,1.2060000000000013,1.8123227864308296,-78.63770318638123,70.04532423212996,-21.61927654856025,-208.13643946593177,-78.7082724873039,-21.602798468475378,70.10716244178508,-208.3585279013355
584,0.5768469182873144,0.000991568637802964,0.1903811784581691,2.101048030269908,0,0.4,0.138,0.02899999999999997,1.206000000000001,1.8118014873722381,-78.689647313653,70.11758828050843,-21.60311139011793,-208.29404773844294,-78.76025122280018,-21.586631608595578,70.17943652166161,-208.5162557776807
585,0.5778384869251173,0.0009915714998044898,0.19038172796246206,2.101041965954153,0,0.4,0.138,0.02899999999999997,1.206000000000001,1.8119852019645732,-78.74158903798742,70.18985797726094,-21.58694603088129,-208.45164715403524,-78.81222750475047,-21.570464546176055,70.25171630271439,-208.67397462566973
586,0.5788300584249217,0.0009915743543212332,0.19038227602967678,2.1010359175328275,0,0.39999999999999997,0.138,0.02899999999999997,1.206000000000001,1.8079597057291519,-78.79352833060709,70.2621333196006,-21.570780462792875,-208.609237619273,-78.8642013065911,-21.554297273149253,70.32400177953406,-208.83168435955403
587,0.5798216327792429,0.000991577201385603,0.1903828226660358,2.1010298849369873,0,0.4,0.138,0.02899999999999997,1.206000000000001,1.80787150026134,-78.8454651643646,70.3344143032503,-21.554614677930886,-208.76681904628546,-78.91617260339778,-21.538129781582242,70.39629294521396,-208.98938489917117
588,0.5808132099806286,0.0009915800410298134,0.19038336787772417,2.101023868098102,0,0.39999999999999997,0.138,0.02899999999999997,1.206000000000001,1.814659313769999,-78.89739951374742,70.40670092245604,-21.5384486685068,-208.92439135277402,-78.96814137189449,-21.521962063678906,70.46858979135705,-209.14707616996262
589,0.5818047900216584,0.0009915828732858874,0.1903839116708904,2.1010178669480495,0,0.39999999999999997,0.138,0.02899999999999996,1.2060000000000013,1.8172342130151742,-78.94933135488405,70.47899316999577,-21.52228242686543,-209.0819544620203,-79.02010759043115,-21.50579411176771,70.54089230811034,-209.30475810290235
590,0.5827963728949443,0.0009915856981856565,0.19038445405164606,2.101011881419115,0,0.39999999999999997,0.138,0.02899999999999997,1.2060000000000013,1.8095427575432967,-79.00126066552035,70.55129103721474,-21.50611594547185,-209.23950830281242,-79.07207123894548,-21.489625918285757,70.61320048421204,-209.46243063438217
591,0.58378795859313,0.0009915885157607627,0.19038499502606646,2.101005911443989,0,0.4000000000000001,0.138,0.02899999999999997,1.2060000000000013,1.8064245233207683,-79.05318742498224,70.62359451407104,-21.48994921689636,-209.39705280933416,-79.12403229892253,-21.473457475767173,70.68551430703715,-209.620093706089
592,0.5847795471088908,0.0009915913260426599,0.1903855346001907,2.10099995695576,0,0.39999999999999997,0.138,0.02899999999999996,1.2060000000000013,1.8070279484658824,-79.10511161413775,70.6959035891784,-21.473782233802222,-209.55458792104915,-79.17599075335838,-21.45728877683373,70.75783376263605,-209.77774726490202
593,0.5857711384349334,0.0009915941290626158,0.19038607278002223,2.1009940178879156,0,0.4,0.138,0.02899999999999996,1.2060000000000013,1.8127845342179796,-79.15703321536164,70.7682182498431,-21.457614988938264,-209.71211358260027,-79.22794658672734,-21.44111981419025,70.83015883576927,-209.9353912627968
594,0.586762732563996,0.000991596924851711,0.19038660957152853,2.100988094174341,0,0.4,0.138,0.02899999999999997,1.2060000000000013,1.8128515590218615,-79.2089522125063,70.84053848209466,-21.441447475135263,-209.86962974372454,-79.27989978499592,-21.424950580650336,70.90248950989655,-210.09302565688049
595,0.5877543294888478,0.000991599713440844,0.19038714498064208,2.1009821857493094,0,0.4,0.138,0.02899999999999997,1.206000000000001,1.8131542046985223,-79.2608685909225,70.91286427066788,-21.42527968533666,-210.02713635930502,-79.33185033562847,-21.40878106914891,70.97482576717599,-210.2506504094052
596,0.5887459292022886,0.0009916024948607288,0.19038767901325995,2.1009762925474877,0,0.4,0.138,0.02899999999999997,1.206000000000001,1.811261269354841,-79.31278233746265,70.98519559900161,-21.409111612603997,-210.18463338938827,-79.38379822759948,-21.392611272751314,71.04716758845801,-210.40826548779992
597,0.5897375316971494,0.000991605269141899,0.19038821167524464,2.1009704145039265,0,0.4,0.138,0.02899999999999997,1.2060000000000013,1.8129180333017623,-79.36469344049097,71.05753244923558,-21.392943250125587,-210.34212079920582,-79.43574345137012,-21.376441184643006,71.1195149533219,-210.56587086458848
598,0.5907291369662913,0.0009916080363147073,0.1903887429724238,2.1009645515540623,0,0.4,0.138,0.02899999999999997,1.2060000000000013,1.8086440968272002,-79.41660188985952,71.12987480224623,-21.37677459120615,-210.49959855909256,-79.48768599884484,-21.360270798113643,71.1918678401369,-210.72346651724425
599,0.591720745002606,0.000991610796409328,0.190389272910591,2.1009587036337107,0,0.4,0.138,0.02899999999999997,1.206000000000001,1.8076528280363249,-79.46850767686554,71.20222263770725,-21.360605629250998,-210.65706664434038,-79.53962586332258,-21.34410010654298,71.26422622613086,-210.88105242802067
600,0.5927123557990153,0.0009916135494557573,0.1903898014955054,2.100952870679068,0,0.39999999999999997,0.138,0.02899999999999997,1.206000000000001,1.811879103755108,-79.52041079420454,71.27457593415512,-21.3444363577526,-210.81452503503834,-79.59156303945146,-21.327929103391266,71.33659008745494,-211.0386285837925
601,0.593703969348471,0.0009916162954838154,0.19039032873289258,2.1009470526267044,0,0.4,0.138,0.02899999999999996,1.206000000000001,1.8203025813134135,-79.57231123592743,71.34693466905141,-21.328266770281783,-210.97197371591892,-79.64349752318748,-21.311757782193766,71.40895939924108,-211.19619497591214
602,0.5946955856439549,0.0009916190345231474,0.1903908546284443,2.100941249413564,0,0.4,0.138,0.02899999999999996,1.206000000000001,1.8115054317478114,-79.6242089974008,71.4192988188368,-21.312096860482566,-211.12941267622094,-79.69542931177781,-21.295586136570076,71.4813341356279,-211.35375160014326
603,0.595687204678478,0.000991621766603224,0.19039137918781904,2.1009354609769613,0,0.4,0.138,0.02899999999999997,1.206000000000001,1.8068169137231467,-79.6761040752986,71.49166835894954,-21.295926622085883,-211.28684190964807,-79.7473584037776,-21.27941416025367,71.55371426974773,-211.51129845669982
604,0.5966788264450813,0.000991624491753344,0.19039190241664206,2.1009296872545784,0,0.4,0.138,0.02899999999999997,1.2060000000000013,1.806630143792237,-79.7279964676132,71.56404326381562,-21.279756048933244,-211.4442614143924,-79.79928479904606,-21.263241847095266,71.6260997737261,-211.66883555023614
605,0.5976704509368347,0.0009916272100026348,0.19039242432050588,2.1009239281844616,0,0.4,0.138,0.02899999999999996,1.2060000000000013,1.810299729103069,-79.77988617365766,71.6364235068419,-21.263585134982886,-211.60167119314553,-79.85120849873236,-21.247069191059854,71.69849061868968,-211.82636288981303
606,0.5986620781468374,0.000991629921380053,0.19039294490497016,2.1009181837050206,0,0.39999999999999997,0.138,0.02899999999999997,1.2060000000000013,1.813416713376808,-79.83177319404793,71.70880906042711,-21.247413874304723,-211.7590712530524,-79.90312950523571,-21.230896186213133,71.77088677480138,-211.98388048878468
607,0.5996537080682174,0.0009916326259143873,0.19039346417556235,2.1009124537550243,0,0.4,0.138,0.02899999999999997,1.2060000000000013,1.8143204850873316,-79.88365753066182,71.78119989599895,-21.231242261066743,-211.9164616055912,-79.95504782215478,-21.214722826707742,71.84328821131253,-212.14138836464147
608,0.6006453406941318,0.0009916353236342577,0.19039398213777747,2.1009067382735993,0,0.4,0.138,0.02899999999999997,1.2060000000000013,1.811176945725658,-79.93553918658806,71.85359598406461,-21.215070289521787,-212.07384226641733,-80.00696345423762,-21.198549106772454,71.91569489661852,-212.2988865388488
609,0.601636976017766,0.0009916380145681186,0.1903944987970788,2.100901037200226,0,0.39999999999999997,0.138,0.02899999999999996,1.2060000000000015,1.8121924883652554,-79.98741816607863,71.92599729426425,-21.198897953995008,-212.2312132552125,-80.0588764073359,-21.1823750207056,71.98810679831665,-212.4563750366901
610,0.6026286140323341,0.0009916406987442589,0.1903950141588977,2.1008953504747376,0,0.4,0.138,0.02899999999999996,1.2060000000000015,1.8099355492891982,-80.03929447450378,71.99840379542678,-21.182725248878924,-212.38857459553049,-80.11078668836781,-21.166200562873495,72.06052388325861,-212.61385388713043
611,0.6036202547310784,0.000991643376190803,0.1903955282286342,2.100889678037316,0,0.4,0.138,0.02899999999999997,1.2060000000000015,1.8081039728130297,-80.09116811831798,72.07081545561934,-21.166552168632833,-212.54592631466755,-80.16269430533592,-21.15002572774541,72.13294611754937,-212.77132312283666
612,0.6046118981072692,0.0009916460469357128,0.19039604101165686,2.1008840198284915,0,0.39999999999999997,0.138,0.02899999999999997,1.2060000000000013,1.8099301513673145,-80.14303910508417,72.14323224213905,-21.150378707821844,-212.70326844370229,-80.21459926731366,-21.133850509894614,72.20537346657426,-212.9287827801144
613,0.6056035441542049,0.0009916487110067883,0.19039655251330337,2.1008783757891374,0,0.39999999999999997,0.138,0.02899999999999997,1.2060000000000013,1.8205105271086155,-80.19490744345687,72.21565412154193,-21.134204861113552,-212.86060101742598,-80.26650158444227,-21.117674904004396,72.27780589501012,-213.08623289888357
614,0.6065951928652117,0.0009916513684316696,0.19039706273888057,2.1008727458604692,0,0.4000000000000001,0.138,0.02899999999999997,1.2060000000000013,1.813812594345214,-80.24677314317677,72.28808105965686,-21.118030623282202,-213.0179240743075,-80.31840126789727,-21.101498904857653,72.35024336686438,-213.2436735225658
615,0.6075868442336434,0.0009916540192378362,0.19039757169366456,2.1008671299840427,0,0.4000000000000001,0.138,0.02899999999999997,1.206000000000001,1.8076989602762799,-80.29863621503554,72.36051302162552,-21.10185598919822,-213.17523765637984,-80.37029832983802,-21.08532250732266,72.4226858455269,-213.40110469792666
616,0.6085784982528812,0.00099165666345261,0.19039807938290113,2.1008615281017504,0,0.4,0.138,0.02899999999999997,1.206000000000001,1.8067930840926227,-80.35049667082623,72.43294997195275,-21.085680953814265,-213.33254180908216,-80.42219278335608,-21.06914570634065,72.49513329381928,-213.55852647491605
617,0.6095701549163338,0.0009916593011031556,0.19039858581180588,2.10085594015582,0,0.4,0.138,0.02899999999999997,1.206000000000001,1.8085341188641861,-80.40235452329269,72.5053918745553,-21.069505512153608,-213.48983658110396,-80.47408464242696,-21.052968496919473,72.56758567403901,-213.71593890651678
618,0.6105618142174369,0.0009916619322164824,0.19039909098556462,2.1008503660888094,0,0.39999999999999997,0.138,0.02899999999999997,1.2060000000000013,1.8141849679714965,-80.45420978608217,72.57783869280324,-21.05332965930294,-213.64712202424036,-80.52597392186712,-21.036790874126826,72.6400429479972,-213.873342048619
619,0.6115534761496534,0.0009916645568194438,0.19039959490933323,2.100844805843609,0,0.39999999999999997,0.138,0.02899999999999997,1.2060000000000013,1.814253439526909,-80.50606247370345,72.6502903895575,-21.03715339040836,-213.80439819326168,-80.57786063732927,-21.020612833111286,72.71250507701937,-214.0307359599941
620,0.6125451407064728,0.0009916671749387403,0.19040009758823814,2.1008392593634353,0,0.4,0.138,0.02899999999999996,1.2060000000000013,1.811476398006182,-80.55791260152884,72.72274692716324,-21.020976700700633,-213.96166514590982,-80.62974480529927,-21.004434369117067,72.78497202194802,-214.1881207022735
621,0.6135368078814115,0.0009916697866009189,0.19040059902737644,2.10083372659183,0,0.4,0.138,0.02899999999999997,1.2060000000000013,1.8114118832099275,-80.60976018578731,72.7952082674553,-21.00479958550448,-214.11892294286778,-80.68162644310027,-20.988255477494167,72.85744374313879,-214.3454963399506
622,0.6145284776680124,0.0009916723918323763,0.19040109923181625,2.1008282074726568,0,0.39999999999999997,0.138,0.02899999999999997,1.2060000000000013,1.811778625120337,-80.66160524356873,72.86767437175294,-20.988622040248462,-214.27617164776552,-80.73350556886693,-20.972076153691145,72.92992020049233,-214.50286294028916
623,0.6155201500598448,0.0009916749906593576,0.19040159820659666,2.1008227019501016,0,0.4,0.138,0.02899999999999996,1.2060000000000013,1.8084870790083862,-80.71344779279546,72.94014520089509,-20.972444060456894,-214.43341132707684,-80.78538220149953,-20.955896393240973,73.00240135351126,-214.66022057316422
624,0.6165118250505042,0.000991677583107959,0.19040209595672816,2.1008172099686666,0,0.4,0.138,0.02899999999999997,1.2060000000000015,1.8087554224923559,-80.76528785217428,73.01262071529837,-20.95626564173577,-214.5906420499555,-80.83725636061196,-20.939716191747557,73.07488716136444,-214.81756931088216
625,0.6175035026336121,0.0009916801692041288,0.19040259248719274,2.100811731473171,0,0.39999999999999997,0.138,0.02899999999999997,1.2060000000000015,1.8167699465726597,-80.81712544114482,73.08510087502202,-20.940086779759284,-214.74786388805387,-80.8891280664823,-20.92353554487642,73.14737758294852,-214.97490922800748
626,0.6184951828028162,0.0009916827489736674,0.19040308780294415,2.1008062664087475,0,0.4,0.138,0.02899999999999996,1.2060000000000013,1.8164182294902365,-80.86896057983044,73.15758563982794,-20.923907470261412,-214.90507691535166,-80.94099734000888,-20.907354448348975,73.21987257693988,-215.13224040120926
627,0.6194868655517899,0.0009916853224422291,0.190403581908908,2.1008008147208392,0,0.39999999999999997,0.138,0.02899999999999997,1.2060000000000013,1.8090183679687728,-80.92079328899453,73.23007496923239,-20.907727709030468,-215.06228120800236,-80.99286420268315,-20.891172897947467,73.29237210182424,-215.2895629091646
628,0.6204785508742321,0.0009916878896353242,0.19040407480998225,2.1007953763551983,0,0.4,0.138,0.02899999999999997,1.2060000000000013,1.806496570202945,-80.97262359001931,73.30256882252901,-20.891547491918235,-215.2194768442544,-81.04472867660706,-20.87499088954722,73.36487611587545,-215.4468768325963
629,0.6214702387638674,0.0009916904505783172,0.1904045665110369,2.100789951257885,0,0.39999999999999997,0.138,0.02899999999999996,1.2060000000000013,1.807372543217913,-81.02445150491722,73.37506715877375,-20.875366814866975,-215.37666390447114,-81.09659078448063,-20.858808419116844,73.43738457715672,-215.6041822542374
630,0.6224619292144458,0.0009916930052964311,0.1904050570169148,2.100784539375263,0,0.4,0.138,0.02899999999999996,1.2060000000000013,1.8142186806738783,-81.07627705632247,73.4475699367806,-20.859185673911888,-215.53384247110998,-81.14845054959336,-20.842625482719363,73.5098974435167,-215.76147925881108
631,0.6234536222197422,0.000991695553814746,0.19040554633243123,2.100779140653999,0,0.4,0.138,0.02899999999999997,1.2060000000000013,1.8137593603184716,-81.1281002674782,73.5200771151226,-20.843004065180455,-215.69101262868645,-81.20030799578848,-20.826442076500722,73.5824146726133,-215.91876793293102
632,0.6244453177735569,0.0009916980961582013,0.19040603446237464,2.100773755041059,0,0.4,0.138,0.02899999999999997,1.2060000000000013,1.812127166443062,-81.17992116219773,73.59258865215922,-20.82682198488144,-215.8481744636627,-81.2521631474159,-20.810258196676976,73.65493622195568,-216.07604836495335
633,0.6254370158697151,0.000991700632351596,0.19040652141150646,2.1007683824837082,0,0.39999999999999997,0.138,0.02899999999999997,1.2060000000000013,1.8107052494678662,-81.23173976481624,73.66510450607873,-20.810639429292017,-216.00532806429683,-81.30401602928441,-20.794073839523715,73.72746204895182,-216.2333206448226
634,0.6264287165020667,0.0009917031624195917,0.1904070071845616,2.100763022929507,0,0.39999999999999997,0.138,0.02899999999999997,1.2060000000000013,1.8125360091036136,-81.28355610014344,73.73762463494509,-20.794456394745872,-216.16247352049274,-81.35586666661835,-20.777889001369484,73.79999211095698,-216.39058486392253
635,0.6274204196644863,0.0009917056863867097,0.19040749178624827,2.1007576763263107,0,0.4,0.138,0.028999999999999984,1.2060000000000013,1.8089101718659373,-81.33537019341985,73.810148996747,-20.77827287762775,-216.31961092364756,-81.40771508502039,-20.761703678592593,73.87252636532077,-216.5478411149397
636,0.628412125350873,0.0009917082042773361,0.19040797522124855,2.1007523426222647,0,0.4,0.138,0.02899999999999997,1.2060000000000013,1.8082691317329405,-81.38718207028096,73.88267754944312,-20.76208887437168,-216.47674036651944,-81.45956131048459,-20.74551786765053,73.94506476938463,-216.70508949187044
637,0.6294038335551503,0.0009917107161157201,0.19040845749421828,2.1007470217658053,0,0.39999999999999997,0.138,0.02899999999999997,1.206000000000001,1.8138156478750214,-81.43899175677464,73.95521025095482,-20.745904381494043,-216.63386194324656,-81.51140536938671,-20.72933156508395,74.01760728049854,-216.86233008997118
638,0.630395544271266,0.0009917132219259767,0.19040893860978753,2.1007417137056557,0,0.4,0.138,0.02899999999999997,1.2060000000000013,1.8192857468455288,-81.49079927934793,74.02774705918655,-20.729719395593406,-216.79097574928738,-81.56324728848962,-20.713144767525485,74.09015385601802,-217.01956300575847
639,0.6313872574931919,0.0009917157217320858,0.19040941857256047,2.1007364183908246,0,0.4,0.138,0.02899999999999997,1.2060000000000013,1.810739673391699,-81.5426046648481,74.10028793202667,-20.713533913357768,-216.94808188140732,-81.61508709491739,-20.69695747169119,74.16270445332832,-217.1767883369236
640,0.632378973214924,0.0009917182155578946,0.19040989738711578,2.1007311357706047,0,0.4,0.138,0.02899999999999997,1.2060000000000013,1.8066532787333356,-81.59440794049458,74.17283282737414,-20.697347931555772,-217.10518043758702,-81.66692481611271,-20.680769674366864,74.23525902988219,-217.334006182199
641,0.6333706914304819,0.0009917207034271184,0.19041037505800673,2.10072586579457,0,0.39999999999999997,0.138,0.02899999999999996,1.2060000000000013,1.8067461777917302,-81.64620913383479,74.24538170317723,-20.681161447023104,-217.26227151688414,-81.71876047979023,-20.664581372396125,74.30781754323706,-217.49121664121873
642,0.634362412133909,0.0009917231853633416,0.1904108515897616,2.1007206084125727,0,0.4000000000000001,0.138,0.02899999999999997,1.2060000000000013,1.8115435104176971,-81.69800827269846,74.3179345174706,-20.66497445665094,-217.41935521929437,-81.7705941138949,-20.648392562672473,74.38037995108695,-217.64841981439082
643,0.6353541353192723,0.000991725661390017,0.19041132698688326,2.1007153635747446,0,0.4000000000000001,0.138,0.02899999999999997,1.2060000000000013,1.8139795193978088,-81.74980538515544,74.39049122840697,-20.64878695737848,-217.57643164562526,-81.82242574656483,-20.63220324213309,74.45294621128834,-217.8056158027894
644,0.6363458609806624,0.0009917281315304691,0.19041180125385007,2.1007101312314913,0,0.39999999999999997,0.138,0.02899999999999997,1.2060000000000013,1.8131070264620437,-81.80160049947875,74.46305179428339,-20.632598946189002,-217.7335008973826,-81.87425540612351,-20.616013407773774,74.5255162818599,-217.96280470812357
645,0.6373375891121928,0.0009917305958078938,0.19041227439511563,2.1007049113334926,0,0.4,0.138,0.02899999999999997,1.2060000000000013,1.8104298128194292,-81.85339364414287,74.53561617353485,-20.616410420128602,-217.89056307675597,-81.92608312108825,-20.599823056668438,74.59809012096844,-218.11998663275136
646,0.6383293197080008,0.0009917330542453596,0.19041274641510905,2.1006997038316992,0,0.4,0.138,0.02899999999999997,1.2060000000000013,1.8116316222775772,-81.90518484782527,74.60818432472591,-20.60022137631803,-218.04761828662203,-81.97790892017325,-20.583632185974626,74.67066768692222,-218.27716167968174
647,0.6393210527622462,0.0009917355068658075,0.19041321731823505,2.100694508677333,0,0.4,0.138,0.02899999999999997,1.2060000000000013,1.8098914034380238,-81.95697413941356,74.68075620653994,-20.584031811962504,-218.20466663055197,-82.02973283227882,-20.567440792931084,74.74324893818346,-218.43432995252823
648,0.640312788269112,0.000991737953692054,0.19041368710887438,2.1006893258218815,0,0.3999999999999999,0.138,0.02899999999999997,1.2060000000000013,1.8084268299925992,-82.00876154798948,74.75333177779709,-20.567841724346703,-218.36170821275184,-82.0815548864578,-20.551248874845793,74.81583383340698,-218.59149155539288
649,0.641304526222804,0.0009917403947467898,0.19041415579138365,2.1006841552171,0,0.4,0.138,0.02899999999999997,1.2060000000000013,1.8116240605007232,-82.06054710279282,74.82591099749584,-20.551651110822203,-218.51874313793672,-82.1333751118746,-20.53505642908291,74.88842233148972,-218.74864659272166
650,0.6422962666175508,0.000991742830052582,0.19041462337009576,2.1006789968150064,0,0.4,0.138,0.02899999999999997,1.2060000000000013,1.8214185768945363,-82.11233083317944,74.89849382486334,-20.535459968794584,-218.67577151118235,-82.18519353776523,-20.518863453053417,74.96101439161616,-218.90579516916438
651,0.6432880094476033,0.0009917452596318744,0.1904150898493199,2.100673850567882,0,0.39999999999999997,0.138,0.02899999999999997,1.2060000000000015,1.812798252848544,-82.16411276858044,74.97108021940153,-20.519268295714518,-218.8327934377847,-82.23701019340217,-20.502669944209124,75.03360997329678,-219.06293738945445
652,0.6442797547072352,0.000991747683506989,0.1904155552333419,2.1006687164282667,0,0.4,0.138,0.02899999999999997,1.2060000000000013,1.8072831632393418,-82.21589293846814,75.04367014092553,-20.503076089072223,-218.98980902313826,-82.2888251080695,-20.48647590004248,75.1062090363904,-219.2200733583223
653,0.6452715023907422,0.000991750101700126,0.1904160195264242,2.10066359434896,0,0.4000000000000001,0.138,0.02899999999999997,1.2060000000000013,1.806647980236242,-82.26767137233553,75.11626354958034,-20.486883346401292,-219.14681837266568,-82.34063831109128,-20.470281318122645,75.17881154106745,-219.3772031805701
654,0.6462632524924423,0.0009917525142333647,0.19041648273280604,2.100658484283019,0,0.3999999999999999,0.138,0.02899999999999997,1.2060000000000013,1.8095254594098331,-82.31944809971982,75.1888604058094,-20.470690065309,-219.303821591878,-82.39244983182252,-20.45408619608997,75.25141744780399,-219.53432696105318
655,0.6472550050066757,0.000991754921128666,0.19041694485670388,2.1006533861837533,0,0.39999999999999997,0.138,0.02899999999999997,1.2060000000000013,1.8148678338588542,-82.37122315019626,75.26146067034482,-20.454496243474722,-219.4608187863657,-82.44425969965509,-20.437890531661417,75.32402671735835,-219.69144480470982
656,0.6482467599278043,0.0009917573224078708,0.1904174059023112,2.1006483000047265,0,0.4,0.138,0.02899999999999997,1.2060000000000013,1.8143584241930577,-82.42299655338141,75.33406430418866,-20.438301878654194,-219.61781006181252,-82.4960679439972,-20.421694322622322,75.3966393107776,-219.84855681650475
657,0.6492385172502122,0.000991759718092702,0.1904178658737988,2.1006432256997547,0,0.39999999999999997,0.138,0.02899999999999997,1.2060000000000013,1.8105240364737072,-82.4747683389086,75.40667126862178,-20.422106968669667,-219.7747955239334,-82.54787459423748,-20.40549756681347,75.46925518942365,-220.00566310132345
658,0.6502302769683049,0.0009917621082047663,0.19041832477531515,2.100638163222902,0,0.4,0.138,0.02899999999999997,1.2060000000000013,1.8111289845410716,-82.52653853639315,75.47928152522955,-20.405911511395928,-219.931775278372,-82.59967967970961,-20.389300262120276,75.54187431500578,-220.16276376385767
659,0.6512220390765097,0.0009917644927655528,0.19041878261098613,2.100633112528481,0,0.39999999999999997,0.138,0.02899999999999996,1.2060000000000013,1.8113659625380647,-82.57830717539572,75.55189503593516,-20.38971550475089,-220.0887494305822,-82.65148322965968,-20.373102406465957,75.61449664961492,-220.3198589084953
660,0.6522138035692752,0.000991766871796436,0.19041923938491573,2.100628073571049,0,0.39999999999999997,0.138,0.02899999999999997,1.2060000000000013,1.8091318896964892,-82.63007428539068,75.62451176303335,-20.37351894668914,-220.24571808571915,-82.70328527321925,-20.356903997807667,75.6871221557573,-220.47694863921794
661,0.6532055704410716,0.000991769245318675,0.19041969510118562,2.1006230463054107,0,0.4,0.138,0.02899999999999996,1.2060000000000013,1.8101312318061495,-82.68183989573929,75.69713166922436,-20.35732183519843,-220.402681348537,-82.75508583941993,-20.34070503415938,75.75975079634749,-220.63403305962058
662,0.6541973396863903,0.0009917716133534152,0.1904201497638557,2.1006180306866105,0,0.4,0.138,0.02899999999999996,1.2060000000000015,1.8199801552045436,-82.73360403571043,75.76975471759985,-20.341124168326765,-220.55963932342686,-82.80688495719546,-20.32450551359829,75.83238253471073,-220.79111227289903
663,0.6551891112997437,0.0009917739759216883,0.19042060337696418,2.100613026669935,0,0.4,0.138,0.02899999999999997,1.2060000000000015,1.815146020737297,-82.78536673447991,75.84238087164852,-20.32492594418537,-220.71659211439726,-82.8586826554025,-20.308305434276537,75.90501733456122,-220.9481863819031
664,0.6561808852756653,0.000991776333044415,0.19042105594452768,2.10060803421091,0,0.4,0.138,0.02899999999999997,1.2060000000000013,1.8083227016710983,-82.83712802114832,75.91501009523648,-20.30872716095893,-220.87353982511834,-82.91047896281013,-20.29210479441465,75.9776551600072,-221.10525548910238
665,0.6571726616087097,0.0009917786847424026,0.1904215074705413,2.1006030532652993,0,0.4,0.138,0.02899999999999997,1.2060000000000015,1.806824931142663,-82.88888792472852,75.98764235261541,-20.29252781689809,-221.03048255888092,-82.96227390807222,-20.275903592289705,76.05029597557039,-221.26231969650192
666,0.6581644402934521,0.0009917810310363481,0.19042195795897884,2.1005980837891025,0,0.4,0.138,0.02899999999999997,1.2060000000000015,1.808109280444008,-82.94064647411653,76.06027760844282,-20.27632791030672,-221.1874204185122,-83.01406751969415,-20.259701826220343,76.12293974620665,-221.41937910555558
667,0.6591562213244885,0.0009917833719468394,0.19042240741379318,2.100593125738553,0,0.4,0.138,0.02899999999999997,1.2060000000000013,1.815343503984091,-82.99240369805871,76.13291582780279,-20.260127439529754,-221.3443535062823,-83.06585982600309,-20.243499494559202,76.19558643732199,-221.57643381707982
668,0.6601480046964353,0.0009917857074943537,0.1904228558389159,2.100588179070118,0,0.39999999999999997,0.138,0.02899999999999997,1.2060000000000013,1.8150777323248664,-83.04415962512235,76.20555697622282,-20.243926402946705,-221.5012819238182,-83.11765085512316,-20.227296595688433,76.26823601478495,-221.73348393118428
669,0.6611397904039297,0.0009917880376992608,0.19042330323825807,2.1005832437404948,0,0.39999999999999997,0.138,0.02899999999999997,1.2060000000000013,1.8109541149536172,-83.09591428367189,76.27820101968415,-20.22772479896467,-221.6582057720425,-83.16944063497213,-20.21109312802756,76.34088844492018,-221.8905295472598
670,0.662131578441629,0.0009917903625818211,0.19042374961570965,2.100578319706612,0,0.39999999999999997,0.138,0.02899999999999997,1.2060000000000013,1.8103238946194145,-83.14766770187018,76.35084792460998,-20.211522626031076,-221.81512515117691,-83.22122919328594,-20.19488909005755,76.41354369447635,-222.0475707640483
671,0.6631233688042107,0.0009917926821621896,0.1904241949751404,2.100573406925624,0,0.39999999999999997,0.138,0.02899999999999997,1.2060000000000013,1.8124500890310364,-83.19941990769874,76.42349765783862,-20.195319882652914,-221.97204016079542,-83.27301655762702,-20.178684480321877,76.48620173061366,-222.20460767966387
672,0.664115161486373,0.0009917949964604136,0.1904246393203994,2.1005685053549144,0,0.4,0.138,0.02899999999999997,1.2060000000000013,1.8093376782391277,-83.25117092896981,76.49615018660724,-20.179116567400744,-222.1289508998568,-83.32480275539258,-20.16247929742866,76.5588625208957,-222.36164039160914
673,0.6651069564828334,0.0009917973054964354,0.1904250826553156,2.1005636149520885,0,0.4,0.138,0.02899999999999996,1.2060000000000015,1.8092825080741781,-83.30292079333007,76.56880547854729,-20.162912678908494,-222.28585746671092,-83.37658781379963,-20.146273540040806,76.63152603330802,-222.5186689967193
674,0.6660987537883298,0.0009917996092900921,0.1904255249836977,2.100558735674978,0,0.4,0.138,0.02899999999999997,1.2060000000000015,1.8167375362810947,-83.35466952824399,76.64146350170624,-20.146708215862866,-222.44275995903365,-83.42837175985818,-20.13006720686363,76.70419223629031,-222.67569359106864
675,0.6670905533976199,0.0009918019078611166,0.1904259663093344,2.1005538674816355,0,0.39999999999999997,0.138,0.02899999999999997,1.2060000000000015,1.817751777293454,-83.40641716096626,76.71412422458003,-20.130503176990928,-222.59965847373198,-83.48015462034527,-20.113860296634986,76.77686109876664,-222.83271426987872
676,0.668082355305481,0.0009918042012291384,0.19042640663599458,2.100549010330333,0,0.39999999999999997,0.138,0.02899999999999997,1.2060000000000015,1.8097413460577039,-83.458163718516,76.78678761614376,-20.11429756105117,-222.75655310685383,-83.53193642178302,-20.09765280812029,76.8495325901685,-222.98973112744147
677,0.6690741595067101,0.000991806489413684,0.19042684596742734,2.1005441641795626,0,0.39999999999999997,0.138,0.02899999999999997,1.2060000000000015,1.8066377392246062,-83.5099092276556,76.85945364587342,-20.09809136682745,-222.91344395351268,-83.58371719042259,-20.0814447401086,76.92220668044557,-223.1467442570713
678,0.6700659659961238,0.0009918087724341779,0.19042728430736217,2.1005393289880336,0,0.4,0.138,0.02899999999999997,1.2060000000000017,1.807199257685048,-83.56165371487587,76.93212228375589,-20.081884593127587,-223.0703311078433,-83.63549695227883,-20.06523609144259,76.99488334002142,-223.30375375120587
679,0.671057774768558,0.000991811050309943,0.19042772165950908,2.1005345047146706,0,0.4000000000000001,0.138,0.02899999999999997,1.2060000000000017,1.8136538911651243,-83.61339720643568,77.00479350024052,-20.0656772388181,-223.22721466311134,-83.68727573313336,-20.04902686101743,77.0675625397748,-223.46075970142812
680,0.672049585818868,0.0009918133230602014,0.1904281580275587,2.100529691318614,0,0.4000000000000001,0.138,0.02899999999999997,1.2060000000000017,1.814854988177529,-83.66513972836151,77.0774672662223,-20.04946930281749,-223.38409471173188,-83.73905355855834,-20.03281704779001,77.14024425099765,-223.61776219855014
681,0.6730413991419282,0.0009918155907040751,0.19042859341518242,2.1005248887592156,0,0.39999999999999997,0.138,0.02899999999999997,1.2060000000000017,1.8116911604118644,-83.71688130646822,77.1501435530038,-20.03326078410319,-223.54097134534533,-83.79083045391124,-20.01660665077162,77.21292844538532,-223.77476133261177
682,0.6740332147326322,0.0009918178532605873,0.19042902782603277,2.1005200969960405,0,0.4,0.138,0.02899999999999997,1.2060000000000017,1.8097808013258487,-83.76862196635216,77.22282233228687,-20.017051681704935,-223.69784465480743,-83.84260644431406,-20.000395669015592,77.28561509504713,-223.93175719282453
683,0.6750250325858929,0.0009918201107486611,0.19042946126374294,2.100515315988863,0,0.39999999999999997,0.138,0.02899999999999997,1.2060000000000017,1.8113110645422368,-83.82036173336971,77.29550357618473,-20.000841994692443,-223.85471473013342,-83.89438155462992,-19.98418410160613,77.35830417252659,-224.0887498674999
684,0.6760168526966415,0.0009918223631871228,0.1904298937319276,2.1005105456976674,0,0.4,0.138,0.02899999999999997,1.2060000000000017,1.8099223596850402,-83.87210063261405,77.36818725724144,-19.984631722165,-224.01158166042404,-83.94615580944209,-19.96797194765095,77.43099565082362,-224.24573944397804
685,0.6770086750598286,0.000991824610594701,0.1904303252341826,2.1005057860826426,0,0.4,0.138,0.02899999999999997,1.2060000000000017,1.8090202211199553,-83.92383868889507,77.44087334845425,-19.96842086324453,-224.168445533798,-83.99792923303812,-19.951759206276947,77.50368950341694,-224.402726008565
686,0.6780004996704233,0.0009918268529900266,0.1904307557740851,2.1005010371041872,0,0.39999999999999997,0.138,0.02899999999999997,1.2060000000000015,1.8141678984518446,-83.97557592672418,77.51356182329471,-19.952209417071803,-224.32530643733082,-84.04970184942549,-19.935545876646422,77.57638570425598,-224.55970964656098
687,0.6789923265234133,0.0009918290903916356,0.19043118535519404,2.100496298722902,0,0.4,0.138,0.02899999999999997,1.2060000000000015,1.8203301875222309,-84.02731237033548,77.58625265569536,-19.93599738282643,-224.48216445709915,-84.10147368235071,-19.919331957970382,77.649084227746,-224.71669044230143
688,0.679984155613805,0.0009918313228179675,0.19043161398104977,2.1004915708995924,0,0.4,0.138,0.02899999999999996,1.2060000000000015,1.8115090558158806,-84.07904804369902,77.65894582004037,-19.919784759734203,-224.63901967820718,-84.15324475532188,-19.903117449514763,77.72178504872495,-224.8736684792217
689,0.680975986936623,0.0009918335502873672,0.19043204165517452,2.100486853595265,0,0.4,0.138,0.02899999999999997,1.2060000000000015,1.8069336766864283,-84.13078297054759,77.73164129113825,-19.903571547076773,-224.79587218486319,-84.20501509161649,-19.88690235059724,77.79448814244874,-225.0306438398866
690,0.6819678204869103,0.000991835772818086,0.1904324683810725,2.100482146771127,0,0.39999999999999997,0.138,0.02899999999999996,1.2060000000000015,1.8067555271361446,-84.18251717437991,77.80433904421227,-19.887357744188463,-224.9527220603887,-84.25678471426905,-19.870686660577537,77.86719348459452,-225.18761660595908
691,0.6829596562597284,0.0009918379904282808,0.19043289416222992,2.1004774503885852,0,0.39999999999999997,0.138,0.02899999999999996,1.2060000000000015,1.8112796883104543,-84.23425067844599,77.87703905490685,-19.871143350443724,-225.10956938718562,-84.30855364604983,-19.854470378845658,77.93990105126916,-225.34458685814707
692,0.6839514942501567,0.0009918402031360155,0.190433319002115,2.1004727644092447,0,0.4,0.138,0.02899999999999996,1.2060000000000015,1.8152352911642207,-84.28598350572535,77.9497412992952,-19.854928365244707,-225.2664142466834,-84.36032190944601,-19.838253504813103,78.01261081901518,-225.50155467615858
693,0.6849433344532927,0.0009918424109592618,0.19043374290417828,2.100468088794907,0,0.4000000000000001,0.138,0.02899999999999997,1.2060000000000015,1.8127263621260088,-84.33771567890776,78.02244575388701,-19.83871278801372,-225.42325671928978,-84.41208952664545,-19.82203603790752,78.08532276481348,-225.65852013866248
694,0.685935176864252,0.0009918446139158994,0.1904341658718527,2.100463423507569,0,0.39999999999999997,0.138,0.02899999999999997,1.2060000000000015,1.809625591115979,-84.38944722037775,78.09515239563052,-19.822496618188435,-225.58009688435396,-84.46385651953358,-19.805817977574943,78.15803686607772,-225.81548332328535
695,0.6869270214781679,0.0009918468120237178,0.19043458790855383,2.1004587685094207,0,0.4,0.138,0.02899999999999996,1.2060000000000015,1.8105448903670511,-84.44117815221664,78.16786120190191,-19.806279855227775,-225.7369348201773,-84.51562290973087,-19.789599323308032,78.2307531006117,-225.97244430671665
696,0.6879188682901916,0.0009918490053004143,0.19043500901767957,2.100454123762847,0,0.4,0.138,0.02899999999999996,1.2060000000000015,1.8109942607565106,-84.4929084962344,78.24057215046766,-19.790062498635546,-225.89377060410453,-84.56738871860107,-19.773380074643022,78.30347144659783,-226.12940316473643
697,0.6889107172954919,0.0009918511937635972,0.19043542920261067,2.1004494892304235,0,0.4000000000000001,0.138,0.02899999999999997,1.2060000000000015,1.8093153794746886,-84.54463827398219,78.3132852194695,-19.773844547960277,-226.05060431256285,-84.6191539672729,-19.757160231166132,78.37619188257695,-226.28635997227408
698,0.6899025684892555,0.0009918533774307852,0.19043584846671077,2.1004448648749148,0,0.4000000000000001,0.138,0.02899999999999997,1.2060000000000015,1.812259390273523,-84.59636750677039,78.38600038740775,-19.757626002799327,-226.20743602110926,-84.67091867663666,-19.740939792506484,78.44891438745616,-226.44331480338712
699,0.6908944218666863,0.0009918555563194081,0.19043626681332637,2.100440250659276,0,0.39999999999999997,0.138,0.02899999999999997,1.2060000000000017,1.819735789802233,-84.64809621566293,78.45871763315144,-19.74140686279029,-226.36426580440562,-84.7226828673261,-19.724718758323636,78.52163894053322,-226.60026773120035
700,0.6918862774230057,0.000991857730446808,0.19043668424578714,2.1004356465466496,0,0.4000000000000001,0.138,0.02899999999999996,1.2060000000000017,1.8135674647496831,-84.69982442145901,78.53143693596296,-19.72518712759944,-226.5210937361549,-84.77444655970012,-19.708497128296177,78.59436552151867,-226.75721882784427
701,0.6928781351534525,0.000991859899830238,0.1904371007674057,2.100431052500365,0,0.39999999999999997,0.138,0.02899999999999996,1.2060000000000015,1.8076445837452533,-84.75155214467482,78.60415827552224,-19.708966796913643,-226.6779198890326,-84.82620977382689,-19.692274902116782,78.66709411055338,-226.91416816439911
702,0.6938699950532827,0.0009918620644868653,0.19043751638147816,2.1004264684839367,0,0.4,0.138,0.02899999999999996,1.2060000000000015,1.8067695066621334,-84.80327940552763,78.67688163194151,-19.692745870432375,-226.83474433463923,-84.87797252947206,-19.676052079488418,78.73982468821539,-227.0711158108616
703,0.6948618571177696,0.0009918642244337705,0.19043793109128393,2.1004218944610633,0,0.4,0.138,0.02899999999999996,1.2060000000000015,1.8094694255412567,-84.85500622392527,78.74960698577378,-19.67652434786421,-226.99156714346844,-84.92973484612841,-19.65982866014797,78.81255723548196,-227.22806183623408
704,0.6958537213422034,0.000991866379687947,0.19043834490008582,2.1004173303956275,0,0.4,0.138,0.02899999999999996,1.2060000000000015,1.8161967959383272,-84.90673261950063,78.82233431796796,-19.660302228955302,-227.14838838501154,-84.98149674302488,-19.64360464386805,78.88529173370631,-227.3850063085668
705,0.6968455877218913,0.0009918685302663039,0.19043875781113034,2.1004127762516926,0,0.4,0.138,0.02899999999999997,1.2060000000000015,1.8139999213265736,-84.95845861161928,78.8950636098478,-19.644079513487682,-227.30520812779352,-85.03325823915905,-19.62738003046903,78.95802816456835,-227.5419492950688
706,0.6978374562521577,0.0009918706761856656,0.1904391698276478,2.100408231993502,0,0.4,0.138,0.02899999999999997,1.2060000000000015,1.809792596648986,-85.01018421940881,78.96779484306629,-19.62785620129015,-227.46202643947802,-85.08501935330024,-19.61115481981367,79.0307665100588,-227.69889086213365
707,0.6988293269283433,0.0009918728174627713,0.1904395809528521,2.1004036975854805,0,0.4,0.138,0.02899999999999997,1.2060000000000015,1.8101406218871223,-85.06190946175995,79.04052799959054,-19.611632292232116,-227.61884338688455,-85.13678010397518,-19.59492901179546,79.10350675248398,-227.8558310753059
708,0.6998211997458061,0.0009918749541142767,0.19043999118994115,2.1003991729922302,0,0.4,0.138,0.02899999999999997,1.2060000000000015,1.812488647392656,-85.11363435731165,79.11326306170913,-19.59540778621213,-227.77565903595365,-85.18854050944914,-19.578702606327578,79.1762488744837,-228.01276999922317
709,0.7008130746999204,0.0009918770861567549,0.19044040054209693,2.10039465817853,0,0.4,0.138,0.02899999999999997,1.2060000000000015,1.81008996911578,-85.16535892443245,79.18600001204906,-19.579182683147124,-227.93247345168945,-85.24030058770836,-19.562475603336615,79.24899285905255,-228.16970769755326
710,0.7018049517860772,0.000991879213606695,0.19044080901248545,2.1003901531093354,0,0.4,0.138,0.02899999999999996,1.2060000000000015,1.8109601005199107,-85.21708318120336,79.25873883359655,-19.562956982965026,-228.08928669810115,-85.2920603564473,-19.546248002755384,79.32173868956015,-228.32664423294858
711,0.7027968309996838,0.0009918813364805047,0.19044121660425692,2.1003856577497775,0,0.4,0.138,0.02899999999999996,1.2060000000000015,1.819389686922128,-85.26880714540594,79.33147950971718,-19.546730685600625,-228.24609883815558,-85.34381983307634,-19.53001980453239,79.3944863497522,-228.48357966705302
712,0.7037887123361644,0.0009918834547945105,0.190441623320546,2.100381172065159,0,0.39999999999999997,0.138,0.02899999999999997,1.2060000000000015,1.8158806277340829,-85.32053083453584,79.40422202415168,-19.530503791010577,-228.4029099337947,-85.39557903475001,-19.513791008651303,79.46723582372938,-228.64051406057
713,0.7047805957909589,0.0009918855685649567,0.1904420291644717,2.100376696020958,0,0.39999999999999997,0.138,0.02899999999999996,1.2060000000000015,1.808715436403493,-85.37225426582562,79.47696636099853,-19.514276299183265,-228.55972004600065,-85.44733797838305,-19.497561615132796,79.53998709593154,-228.79744747330813
714,0.7057724813595239,0.0009918876778080077,0.1904424341391375,2.100372229582822,0,0.4,0.138,0.02899999999999997,1.2060000000000015,1.8070449459134619,-85.42397745626556,79.5497125046941,-19.498048210145292,-228.7165292348527,-85.49909668066732,-19.48133162403767,79.61274015111515,-228.9543799642372
715,0.7067643690373319,0.0009918897825397473,0.1904428382476315,2.100367772716571,0,0.39999999999999997,0.138,0.02899999999999997,1.2060000000000015,1.8082069277104682,-85.47570042261694,79.62246043999474,-19.481819523962518,-228.87333755956965,-85.5508551580663,-19.46510103545831,79.68549497435144,-229.11131159148127
716,0.7077562588198716,0.0009918918827761805,0.19044324149302666,2.100363325388192,0,0.4,0.138,0.02899999999999997,1.2060000000000015,1.8166184471142437,-85.52742318140471,79.69521015197495,-19.465590240730624,-229.03014507849943,-85.60261342679803,-19.448869849507346,79.75825155103034,-229.2682424122801
717,0.7087481507026477,0.0009918939785332319,0.19044364387838053,2.1003588875638433,0,0.4000000000000001,0.138,0.02899999999999997,1.2060000000000017,1.8154977261990135,-85.57914574890076,79.76796162603371,-19.44936036056428,-229.18695184908063,-85.65437150281849,-19.432638066308726,79.83100986686631,-229.42517248295286
718,0.709740044681181,0.0009918960698267485,0.1904440454067357,2.1003544592098473,0,0.39999999999999997,0.138,0.02899999999999997,1.2060000000000017,1.810261976808999,-85.63086814110713,79.84071484789855,-19.43312988358855,-229.343757927806,-85.70612940180725,-19.41640568599232,79.90376990790077,-229.5821018588661
719,0.7107319407510078,0.0009918981566724987,0.19044444608111977,2.1003500402926956,0,0.39999999999999997,0.138,0.02899999999999997,1.2060000000000017,1.8094652537967177,-85.68259037374364,79.91346980362766,-19.416898809933635,-229.5005633701948,-85.75788713915875,-19.400172708691183,79.97653166050485,-229.73903059441264
720,0.7117238389076802,0.0009919002390861742,0.19044484590454547,2.1003456307790422,0,0.4,0.138,0.02899999999999996,1.2060000000000017,1.811434442664011,-85.73431246224276,79.98622647960767,-19.400667139735088,-229.6573682307848,-85.8096447300215,-19.383939134573854,80.04929511133639,-229.89595874311937
721,0.7127157391467663,0.0009919023170833882,0.19044524488001055,2.1003412306357077,0,0.4000000000000001,0.138,0.02899999999999997,1.2060000000000015,1.8103111162735255,-85.78603442178758,80.05898486251266,-19.384434873161396,-229.814172563241,-85.86140218930267,-19.36770496383436,80.12206024733614,-230.05288635767252
722,0.7137076414638497,0.0009919043906796781,0.1904456430104982,2.100336839829674,0,0.4,0.138,0.02899999999999997,1.2060000000000015,1.8102224915185965,-85.83775626731887,80.13174493929758,-19.368202010410972,-229.97097642037602,-85.91315953169605,-19.35147019670462,80.19482705570245,-230.20981348998956
723,0.7146995458545293,0.000991906459890505,0.190446040298977,2.1003324583280856,0,0.4,0.138,0.02899999999999996,1.2060000000000015,1.8179051517438636,-85.88947801356069,80.2045066971758,-19.35196855172024,-230.1277798542201,-85.96491677168368,-19.335234833448947,80.26759552389638,-230.3667401912162
724,0.7156914523144199,0.0009919085247312547,0.1904464367484009,2.1003280860982487,0,0.4,0.138,0.02899999999999996,1.2060000000000017,1.8184291241383643,-85.94119967502051,80.27727012362512,-19.33573449735461,-230.2845829160216,-86.01667392352158,-19.318998874352594,80.34036563966303,-230.52366651167637
725,0.7166833608391512,0.0009919105852172366,0.19044683236170942,2.100323723107629,0,0.39999999999999997,0.138,0.02899999999999997,1.2060000000000017,1.8101268595046567,-85.99292126597517,80.35003520640953,-19.319499847599165,-230.44138565619124,-86.06843100122262,-19.302762319712045,80.41313739105482,-230.68059250081188
726,0.7176752714243684,0.0009919126413636863,0.19044722714182777,2.1003193693238513,0,0.39999999999999997,0.138,0.02899999999999997,1.2060000000000015,1.8069183347420847,-86.04464280045462,80.42280193360116,-19.3032646027493,-230.59818812424646,-86.12018801854136,-19.286525169828,80.48591076644735,-230.83751820713513
727,0.718667184065732,0.0009919146931857657,0.19044762109166702,2.1003150247146976,0,0.39999999999999997,0.138,0.02899999999999996,1.2060000000000015,1.807385097076752,-86.09636429222829,80.49557029359568,-19.28702876310408,-230.75499036876715,-86.17194498896366,-19.270287425001495,80.55868575454768,-230.99444367819967
728,0.7196590987589178,0.0009919167406985615,0.19044801421412383,2.1003106892481087,0,0.4,0.138,0.02899999999999996,1.2060000000000015,1.8141071677971223,-86.14808575479567,80.56834027511854,-19.27079232896305,-230.91179243737008,-86.22370192572552,-19.25404908555008,80.631462344367,-231.15136896065974
729,0.7206510154996163,0.0009919187839170882,0.19044840651208095,2.1003063628921796,0,0.4,0.138,0.02899999999999997,1.2060000000000015,1.8161568923865312,-86.19980720141143,80.64111186719201,-19.25455530064566,-231.06859437678773,-86.27545884183074,-19.23781015181636,80.70424052519147,-231.308294100338
730,0.7216429342835334,0.0009919208228562862,0.19044879798840697,2.1003020456151624,0,0.39999999999999997,0.138,0.02899999999999997,1.2060000000000015,1.8110130446739239,-86.25152864509829,80.71388505911021,-19.238317678495267,-231.22539623292207,-86.3272157500757,-19.221570624177016,80.77702028654284,-231.46521914230954
731,0.7226348551063897,0.0009919228575310253,0.19044918864595686,2.100297737385461,0,0.4,0.138,0.02899999999999997,1.2060000000000015,1.8089780745773203,-86.3032500986764,80.78665984039534,-19.22207946288897,-231.38219805094676,-86.37897266306096,-19.205330503040155,80.84980161815471,-231.62214413095873
732,0.7236267779639207,0.0009919248879561012,0.19044957848757144,2.1002934381716347,0,0.4,0.138,0.02899999999999997,1.2060000000000015,1.810369162986732,-86.35497157477191,80.85943620077694,-19.20584065423517,-231.53899987534984,-86.4307295931847,-19.189089788835293,80.92258450997349,-231.7790691099682
733,0.7246187028518768,0.0009919269141462396,0.190449967516078,2.1002891479423935,0,0.4,0.138,0.02899999999999997,1.2060000000000015,1.810895294381426,-86.4066930858086,80.93221413019435,-19.18960125296591,-231.69580174991128,-86.48248655262636,-19.172848482003854,80.99536895217321,-231.93599412227044
734,0.7256106297660231,0.0009919289361160946,0.19045035573429017,2.100284866666599,0,0.4,0.138,0.02899999999999997,1.2060000000000015,1.8099826091537392,-86.45841464399233,81.00499361881239,-19.173361259521997,-231.852603717668,-86.5342435533327,-19.1566065829913,81.06815493517604,-232.09291920999638
735,0.7266025587021392,0.0009919309538802493,0.19045074314500787,2.1002805943132645,0,0.4,0.138,0.02899999999999997,1.2060000000000015,1.8154747253295973,-86.51013626129676,81.07777465704017,-19.15712067434689,-232.0094058208605,-86.58600060700573,-19.140364092242287,81.14094244967319,-232.2498444144298
736,0.7275944896560195,0.0009919329674532174,0.19045112975101774,2.1002763308515497,0,0.39999999999999997,0.138,0.02899999999999997,1.2060000000000015,1.8185163651666147,-86.5618579494539,81.15055723555145,-19.140879497882814,-232.16620810088978,-86.6377577251042,-19.124121010203773,81.21373148663362,-232.4067697759959
737,0.7285864226234727,0.0009919349768494421,0.1904515155550929,2.100272076250766,0,0.4,0.138,0.02899999999999997,1.2060000000000015,1.8118489609322106,-86.61357971995929,81.22334134528793,-19.124637730577234,-232.32301059832247,-86.68951491887675,-19.10787733734792,81.28652203727891,-232.5636953343464
738,0.7295783576003222,0.0009919369820832972,0.19045190055999306,2.1002678304803712,0,0.4,0.138,0.02899999999999997,1.2060000000000015,1.807208344020999,-86.66530158410285,81.2961269774379,-19.108395372901764,-232.47981335296512,-86.7412721993724,-19.091633074170364,81.35931409307416,-232.7206211283915
739,0.7305702945824055,0.0009919389831690882,0.19045228476846493,2.1002635935099687,0,0.4,0.138,0.02899999999999995,1.2060000000000013,1.8069800506867157,-86.71702355298275,81.36891412342243,-19.09215242535275,-232.63661640390904,-86.7930295774659,-19.07538822119714,81.43210764569929,-232.87754719637937
740,0.7315622335655746,0.0009919409801210513,0.19045266818324186,2.100259365309309,0,0.39999999999999997,0.138,0.02899999999999996,1.2060000000000013,1.8118520626969463,-86.76874563752808,81.44170277486958,-19.07590888845639,-232.79341978960176,-86.84478706385778,-19.059142778979275,81.50490268703965,-233.0344735759073
741,0.7325541745456956,0.0009919429729533557,0.1904530508070443,2.100255145848287,0,0.4,0.138,0.02899999999999996,1.2060000000000015,1.8165071685393241,-86.82046784849759,81.5144929236072,-19.05966476276185,-232.95022354785627,-86.89654466906141,-19.04289674808328,81.57769920918858,-233.1914003038952
742,0.733546117518649,0.0009919449616801015,0.1904534326425795,2.100250935096942,0,0.4000000000000001,0.138,0.02899999999999997,1.2060000000000015,1.8120339113167587,-86.87219019646764,81.58728456166436,-19.04342004883063,-233.1070277158273,-86.94830240338926,-19.026650129077392,81.65049720445073,-233.34832741656788
743,0.734538062480329,0.0009919469463153228,0.190453813692542,2.1002467330254553,0,0.4,0.138,0.02899999999999996,1.2060000000000015,1.8088375938651413,-86.92391269181752,81.6600776812745,-19.027174747229708,-233.26383232998037,-87.0000602769403,-19.010402922528304,81.72329666534365,-233.505254949424
744,0.7355300094266444,0.0009919489268729858,0.19045419395961327,2.100242539604152,0,0.39999999999999997,0.138,0.02899999999999997,1.2060000000000015,1.8096415056686717,-86.97563534471945,81.73287227487647,-19.010928858524192,-233.42063742607647,-87.05181829959305,-18.994155128998017,81.79609758460037,-233.66218293722034
745,0.7365219583535173,0.0009919509033669916,0.19045457344646238,2.1002383548034973,0,0.4,0.138,0.02899999999999996,1.2060000000000015,1.8119109322605975,-87.02735816513098,81.80566833511647,-18.994682383272632,-233.57744303915888,-87.1035764810348,-18.977906749066314,81.86889995513832,-233.81911141405888
746,0.7375139092568843,0.0009919528758111742,0.19045495215574546,2.100234178594097,0,0.4000000000000001,0.138,0.02899999999999997,1.2060000000000015,1.8102571984106035,-87.07908116283143,81.87846585480999,-18.97843532205506,-233.7342492036554,-87.15533483077091,-18.961657783329834,81.94170377005312,-233.97604041340958
747,0.7385058621326955,0.0009919548442193019,0.19045533009010596,2.1002300109466967,0,0.39999999999999997,0.138,0.02899999999999997,1.2060000000000017,1.8136477458786926,-87.13080434742693,81.95126482694003,-18.962187675468286,-233.8910559533926,-87.20709335815633,-18.94540823241391,82.01450902259167,-234.13296996820088
748,0.7394978169769149,0.0009919568086050783,0.19045570725217503,2.100225851832182,0,0.4,0.138,0.02899999999999996,1.2060000000000017,1.8178236902407738,-87.18252772838287,82.02406524462857,-18.945939444138002,-234.04786332168806,-87.25885207240417,-18.929158096969232,82.0873157061508,-234.28990011083732
749,0.74048977378552,0.0009919587689821417,0.1904560836445712,2.1002217012215754,0,0.39999999999999997,0.138,0.02899999999999996,1.2060000000000017,1.8138425849339415,-87.23425131502992,82.0968671011382,-18.929690628714358,-234.20467134135978,-87.31061098257659,-18.912907377662126,82.16012381429466,-234.44683087316648
750,0.7414817325545021,0.0009919607253640664,0.19045645926990076,2.100217559086036,0,0.4,0.138,0.02899999999999997,1.2060000000000017,1.8078899302314284,-87.28597511655377,82.16967038989148,-18.913441229861725,-234.36148004469038,-87.36237009757075,-18.896656075164312,82.23293334077441,-234.60376228643034
751,0.7424736932798662,0.0009919626777643627,0.19045683413075765,2.100213425396859,0,0.39999999999999997,0.138,0.02899999999999996,1.2060000000000017,1.8069808809601289,-87.33769914198068,82.24247510448978,-18.897191248249012,-234.51828946337656,-87.41412942610575,-18.880404190149275,82.30574427954245,-234.7606943812173
752,0.7434656559576306,0.0009919646261964765,0.1904572082297235,2.100209300125478,0,0.4,0.138,0.02899999999999996,1.2060000000000017,1.8100766029355841,-87.38942340016533,82.31528123872863,-18.880940684542715,-234.67509962849155,-87.46588897671323,-18.864151723281292,82.37855662475988,-234.9176271874535
753,0.744457620583827,0.0009919665706737916,0.19045758156936798,2.1002051832434563,0,0.4,0.138,0.02899999999999996,1.2060000000000017,1.8173509508392383,-87.44114789978187,82.38808878660328,-18.864689539404367,-234.8319105704589,-87.51764875774869,-18.84789867522768,82.45137037077826,-235.0745607344347
754,0.7454495871545008,0.0009919685112096273,0.19045795415224845,2.1002010747224955,0,0.39999999999999997,0.138,0.02899999999999997,1.2060000000000017,1.8132844256350413,-87.49287264933952,82.46089774228592,-18.84843781350363,-234.98872231910627,-87.56940877741566,-18.83164504667366,82.52418551210373,-235.23149505091178
755,0.7464415556657105,0.0009919704478172416,0.1904583259809104,2.1001969745344287,0,0.39999999999999997,0.138,0.02899999999999997,1.2060000000000017,1.8090013943547043,-87.54459765720298,82.53370810009501,-18.832185507524276,-235.14553490374578,-87.62116904378323,-18.81539083832458,82.59700204336727,-235.38843016515867
756,0.7474335261135278,0.00099197238050983,0.19045869705788737,2.1001928826512204,0,0.39999999999999997,0.138,0.02899999999999997,1.2060000000000017,1.8092354567665767,-87.59632293161258,82.60651985446127,-18.81593262217151,-235.30234835324708,-87.67292956480631,-18.799136050910487,82.66981995929353,-235.54536610504755
757,0.7484254984940376,0.0009919743093005264,0.1904590673857011,2.1001887990449672,0,0.4000000000000001,0.138,0.02899999999999997,1.2060000000000017,1.8122600453133906,-87.64804848070203,82.67933299990062,-18.79967915817492,-235.4591626961024,-87.7246903483244,-18.782880685179098,82.74263925469702,-235.70230289805417
758,0.7494174728033381,0.0009919762342024028,0.19045943696686135,2.1001847236878963,0,0.4,0.138,0.02899999999999997,1.2060000000000017,1.810956148687644,-87.69977431249445,82.75214753101221,-18.783425116280476,-235.61597796042608,-87.77645140204908,-18.766624741885835,82.81545992449573,-235.8592405712209
759,0.7504094490375406,0.0009919781552284704,0.19045980580386632,2.1001806565523653,0,0.39999999999999997,0.138,0.02899999999999997,1.2060000000000017,1.8123389678193949,-87.75150043488942,82.82496344249296,-18.767170497240688,-235.77279417391387,-87.82821273355026,-18.75036822178533,82.88828196373119,-236.0161791511093
760,0.751401427192769,0.0009919800723916803,0.1904601738992026,2.1001765976108597,0,0.4,0.138,0.02899999999999997,1.206000000000002,1.8173658317927412,-87.8032268556492,82.89778072915816,-18.750915301806792,-235.92961136379637,-87.87997435024606,-18.734111125626438,82.96110536758904,-236.1731186637579
761,0.7523934072651607,0.0009919819857049223,0.1904605412553451,2.100172546835994,0,0.4,0.138,0.02899999999999997,1.206000000000002,1.8160656200711511,-87.85495358238882,82.97059938596115,-18.73465953072376,-236.08642955679642,-87.93173625939602,-18.717853454153246,83.03393013141606,-236.33005913464325
762,0.7533853892508656,0.0009919838951810266,0.1904609078747571,2.100168504200511,0,0.4,0.138,0.02899999999999996,1.2060000000000017,1.8088995623382405,-87.90668062257313,83.0434194080083,-18.71840318473137,-236.24324877910703,-87.98349846813812,-18.701595208126356,83.1067562506934,-236.48700058878376
763,0.7543773731460467,0.0009919858008327642,0.19046127375989072,2.100164469677279,0,0.39999999999999997,0.138,0.02899999999999996,1.2060000000000017,1.8073647395989496,-87.95840798354955,83.11624079053398,-18.702146264587753,-236.40006905647408,-88.03526098349148,-18.685336388317754,83.17958372103551,-236.64394305074939
764,0.7553693589468795,0.0009919877026728463,0.1904616389131865,2.1001604432392935,0,0.4,0.138,0.02899999999999996,1.2060000000000017,1.8088007757480744,-88.01013567255455,83.18906352889654,-18.68588877106779,-236.55689041420985,-88.08702381238652,-18.669076995522985,83.25241253815669,-236.80088654475142
765,0.7563613466495523,0.0009919896007139256,0.19046200333707372,2.100156424859674,0,0.4,0.138,0.02899999999999996,1.2060000000000017,1.8179848026403227,-88.06186369673989,83.26188761854958,-18.669630704966195,-236.71371287729036,-88.13878696166906,-18.65281703055729,83.32524269785843,-236.95783109466834
766,0.7573533362502662,0.000991991494968596,0.19046236703397046,2.100152414511665,0,0.4,0.138,0.02899999999999997,1.2060000000000015,1.8147396712676604,-88.11359206317495,83.33471305503122,-18.653372067096143,-236.8705364703669,-88.19055043808947,-18.63655649424562,83.39807419603042,-237.11477672402788
767,0.7583453277452349,0.0009919933854493936,0.19046273000628358,2.1001484121686356,0,0.4,0.138,0.02899999999999997,1.2060000000000015,1.809439404756409,-88.16532077883444,83.40753983396603,-18.63711285827947,-237.0273612177429,-88.24231424828787,-18.620295387413336,83.47090702865451,-237.27172345597765
768,0.7593373211306843,0.000991995272168796,0.19046309225640884,2.1001444178040773,0,0.3999999999999999,0.138,0.02899999999999997,1.2060000000000015,1.808863574180025,-88.21704985058358,83.4803679510693,-18.620853079337756,-237.18418714334513,-88.2940783987807,-18.60403371087997,83.54374119180915,-237.4286713132555
769,0.7603293164028531,0.0009919971551392238,0.190463453786731,2.100140431391604,0,0.39999999999999997,0.138,0.02899999999999997,1.2060000000000015,1.810841020960903,-88.26877928516495,83.55319740215242,-18.604592731086406,-237.34101427069285,-88.3458428959519,-18.58777146545544,83.61657668167489,-237.58562031816737
770,0.7613213135579923,0.0009919990343730406,0.1904638145996238,2.1001364529049504,0,0.4,0.138,0.02899999999999997,1.2060000000000015,1.8114192446713027,-88.32050908918917,83.62602818312702,-18.58833181433128,-237.49784262287676,-88.39760774607002,-18.57150865195521,83.68941349451727,-237.7425704926373
771,0.7623133125923653,0.0009920009098825522,0.19046417469745003,2.1001324823179743,0,0.4,0.138,0.02899999999999996,1.2060000000000015,1.8115597262402894,-88.37223926915695,83.69886028998458,-18.57207032988708,-237.65467222262095,-88.44937295530218,-18.555245271209312,83.76225162667649,-237.89952185823722
772,0.763305313502248,0.0009920027816800088,0.1904645340825617,2.1001285196046515,0,0.39999999999999997,0.138,0.02899999999999996,1.2060000000000017,1.817129951140416,-88.42396983146794,83.77169371879123,-18.555808278579217,-237.81150309230395,-88.5011385297355,-18.538981324064675,83.83509107455436,-238.05647443625074
773,0.7642973162839279,0.0009920046497776042,0.19046489275730002,2.1001245647390787,0,0.4,0.138,0.02899999999999996,1.206000000000002,1.8174970698051789,-88.47570078244465,83.8445284656705,-18.53954566125288,-237.9683352540222,-88.55290447539033,-18.522716811386058,83.90793183460883,-238.21342824770787
774,0.7652893209337055,0.0009920065141874762,0.19046525072399542,2.1001206176954708,0,0.3999999999999999,0.138,0.02899999999999997,1.206000000000002,1.8102166955560777,-88.52743212834245,83.9173645268011,-18.523282478776334,-238.1251687296061,-88.60467079821551,-18.50645173405063,83.9807739033669,-238.3703833133573
775,0.766281327447893,0.0009920083749217076,0.19046560798496787,2.1001166784481597,0,0.4,0.138,0.02899999999999997,1.206000000000002,1.807370101750795,-88.57916387534199,83.99020189843517,-18.507018732024598,-238.2820035406028,-88.65643750407314,-18.490186092938096,84.0536172774456,-238.52733965361793
776,0.7672733358228148,0.000992010231992325,0.19046596454252643,2.100112746971597,0,0.4,0.138,0.02899999999999996,1.2060000000000017,1.807956221169407,-88.63089602953315,84.06304057691878,-18.490754421874406,-238.43883970821693,-88.70820459872475,-18.47391988892361,84.12646195356777,-238.68429728853383
777,0.7682653460548071,0.000992012085411301,0.19046632039896982,2.10010882324035,0,0.4,0.138,0.02899999999999997,1.2060000000000017,1.8155837369297994,-88.68262859690095,84.13588055870822,-18.474489549197035,-238.59567725326403,-88.75997208781928,-18.457653122872888,84.19930792857112,-238.8412562377439
778,0.7692573581402185,0.0009920139351905534,0.19046667555658625,2.1001049072291016,0,0.39999999999999997,0.138,0.02899999999999997,1.2060000000000017,1.8163898554481497,-88.73436158331378,84.20872184037972,-18.458224114853984,-238.75251619613996,-88.81173997689257,-18.441385795645544,84.27215519940218,-238.99821652048612
779,0.770249372075409,0.0009920157813419462,0.19046703001765367,2.1001009989126493,0,0.4,0.138,0.02899999999999997,1.2060000000000017,1.8101398079398112,-88.78609499452644,84.28156441861856,-18.441958119703486,-238.9093565568369,-88.86350827139395,-18.425117908114157,84.34500376307983,-239.15517815568649
780,0.7712413878567509,0.0009920176238772884,0.19046738378443936,2.1000970982659073,0,0.4,0.138,0.02899999999999996,1.2060000000000015,1.8083443450956576,-88.83782883620282,84.35440829018759,-18.425691564615814,-239.06619835501996,-88.91527697669261,-18.40884946116231,84.41785361667756,-239.31214116199476
781,0.7722334054806281,0.0009920194628083362,0.19046773685920054,2.1000932052639025,0,0.4,0.138,0.02899999999999997,1.2060000000000015,1.8097625307673035,-88.8895631139251,84.42725345190598,-18.4094244504734,-239.22304161007085,-88.96704609810126,-18.392580455695704,84.49070475728993,-239.46910555785882
782,0.7732254249434365,0.0009920212981467922,0.19046808924418412,2.100089319881776,0,0.4,0.138,0.02899999999999997,1.2060000000000017,1.8118639743968903,-88.94129783321405,84.50009990062024,-18.393156778177413,-239.37988634115868,-89.01881564087553,-18.376310892633935,84.56355718203007,-239.62607136153923
783,0.7742174462415833,0.000992023129904307,0.19046844094162696,2.1000854420947794,0,0.4,0.138,0.02899999999999997,1.2060000000000017,1.8112222237185869,-88.99303299952663,84.5729476332021,-18.37688854864292,-239.53673256724176,-89.0705856102016,-18.360040772899392,84.63641088804519,-239.78303859107288
784,0.7752094693714876,0.000992024958092477,0.1904687919537556,2.1000815718782793,0,0.4,0.138,0.02899999999999997,1.2060000000000017,1.8171124731440444,-89.04476861824253,84.64579664656407,-18.360619762793327,-239.6935803070152,-89.12235601117965,-18.343770097411074,84.70926587253959,-239.94000726421152
785,0.7762014943295801,0.000992026782722847,0.19046914228278664,2.1000777092077523,0,0.39999999999999997,0.138,0.02899999999999997,1.2060000000000017,1.816523160847348,-89.09650469464809,84.71864693768532,-18.344350421543343,-239.85042957887347,-89.17412684881066,-18.327498867079168,84.78212213279915,-240.09697739836955
786,0.7771935211123029,0.00099202860380691,0.19046949193092672,2.1000738540587855,0,0.4,0.138,0.02899999999999997,1.2060000000000017,1.811821790145064,-89.14824123392312,84.79149850363453,-18.328080525798313,-240.0072804008487,-89.22589812798614,-18.311227082801615,84.85497966621315,-240.25394901057865
787,0.7781855497161098,0.0009920304213561066,0.19046984090037247,2.1000700064070763,0,0.4,0.138,0.02899999999999997,1.2060000000000017,1.8075614524019064,-89.19997824113084,84.86435134159169,-18.311810076451646,-240.1641327905666,-89.27766985351181,-18.294954745484617,84.92783847025933,-240.4109221175445
788,0.7791775801374659,0.0009920322353818266,0.1904701891933107,2.1000661662284315,0,0.4,0.138,0.02899999999999997,1.2060000000000015,1.8074803256013632,-89.25171572124697,84.9372054488282,-18.295539074408243,-240.3209867653175,-89.32944203011083,-18.27868185604091,85.00069854250461,-240.56789673565356
789,0.7801696123728477,0.0009920340458954078,0.1904705368119183,2.100062333498767,0,0.39999999999999997,0.138,0.02899999999999997,1.2060000000000017,1.8133190858717825,-89.30345367915795,85.0100608227117,-18.279267520578593,-240.47784234204966,-89.38121466244891,-18.262408415399698,85.07355988057655,-240.72487288105177
790,0.7811616464187431,0.0009920358529081378,0.19047088375836246,2.100058508194108,0,0.4,0.138,0.02899999999999997,1.2060000000000017,1.8178445570779556,-89.35519211968862,85.08291746067462,-18.26299541589103,-240.63469953745772,-89.43298775514106,-18.24613442450566,85.14642248214803,-240.88185056967774
791,0.7821536822716513,0.0009920376564312538,0.19047123003480074,2.100054690290584,0,0.4,0.138,0.02899999999999997,1.2060000000000017,1.8110879999435545,-89.40693104760672,85.15577536020253,-18.24672276128882,-240.79155836800405,-89.48476131274295,-18.229859884314656,85.21928634493469,-241.03882981724342
792,0.7831457199280826,0.0009920394564759416,0.1904715756433808,2.100050879764435,0,0.39999999999999997,0.138,0.02899999999999997,1.2060000000000017,1.808134123997409,-89.45867046761154,85.22863451883447,-18.23044955772207,-240.9484188499028,-89.53653533973524,-18.213584795780452,85.29215146670217,-241.1958106392099
793,0.7841377593845585,0.0009920412530533384,0.190471920586241,2.1000470765920056,0,0.4,0.138,0.02899999999999996,1.2060000000000017,1.8089900356359974,-89.51041038431823,85.30149493416916,-18.21417580613908,-241.1052809990827,-89.58830984050894,-18.197309159846032,85.36501784527348,-241.35279305075517
794,0.7851298006376118,0.0009920430461745305,0.19047226486550986,2.1000432807497464,0,0.39999999999999997,0.138,0.02899999999999997,1.2060000000000017,1.8127088295907738,-89.56215080224264,85.37435660387001,-18.197901507483685,-241.26214483114543,-89.64008481935302,-18.18103297744243,85.43788547853649,-241.5097770667386
795,0.7861218436837863,0.0009920448358505557,0.19047260848330672,2.100039492214213,0,0.4000000000000001,0.138,0.02899999999999997,1.2060000000000017,1.8113106439312412,-89.61389172579027,85.44721952567744,-18.181626662682298,-241.41901036135428,-89.69186028046111,-18.16475624949698,85.5107543644393,-241.6667627017154
796,0.7871138885196369,0.0009920466220924018,0.19047295144174115,2.100035710962066,0,0.39999999999999997,0.138,0.02899999999999997,1.2060000000000015,1.815826088378829,-89.66563315926712,85.52008369739679,-18.1653512726605,-241.57587760465213,-89.74363622794895,-18.14847897694519,85.58362450097898,-241.8237499699807
797,0.7881059351417293,0.0009920484049110085,0.19047329374291364,2.10003193697007,0,0.4,0.138,0.02899999999999997,1.2060000000000013,1.8157933997051272,-89.71737510689286,85.59294911689156,-18.149075338351015,-241.73274657569382,-89.79541266586523,-18.132201160732276,85.65649588619817,-241.98073888559387
798,0.7890979835466403,0.0009920501843172663,0.19047363538891512,2.100028170215092,0,0.39999999999999997,0.138,0.02899999999999997,1.2060000000000013,1.8136839792342727,-89.76911757281579,85.66581578207588,-18.132798860697505,-241.88961728888248,-89.84718959821015,-18.115922801819064,85.72936851817529,-242.13772946242443
799,0.7900900337309575,0.0009920519603220177,0.19047397638182742,2.100024410674102,0,0.39999999999999997,0.138,0.02899999999999997,1.2060000000000013,1.8080983494166505,-89.82086056112834,85.73868369090785,-18.11652184065887,-242.04648975840615,-89.89896702893267,-18.099643901176666,85.80224239503558,-242.2947217141366
800,0.7910820856912796,0.000992053732936057,0.19047431672372295,2.1000206583241745,0,0.39999999999999997,0.138,0.02899999999999997,1.2060000000000013,1.8073689139512845,-89.8726040758629,85.81155284140185,-18.100244279203267,-242.2033639982188,-89.95074496191768,-18.083364459777652,85.87511751496959,-242.45171565414364
801,0.7920741394242157,0.0009920555021701314,0.19047465641666522,2.1000169131424813,0,0.4,0.138,0.02899999999999997,1.2060000000000013,1.8114718806302879,-89.9243481209788,85.88442323164726,-18.083966177299185,-242.36024002199386,-90.00252340097018,-18.067084478592143,85.94799387624795,-242.60871129555625
802,0.7930661949263859,0.0009920572680349393,0.19047499546270835,2.100013175106299,0,0.4,0.138,0.02899999999999996,1.2060000000000013,1.818460842934953,-89.97609270034762,85.95729485982473,-18.067687535908473,-242.51711784308043,-90.05430234980375,-18.05080395857772,86.0208714772333,-242.76570865115806
803,0.7940582521944208,0.0009920590305411326,0.19047533386389745,2.1000094441930033,0,0.4,0.138,0.02899999999999997,1.206000000000001,1.812272105211344,-90.027837817741,86.03016772421391,-18.05140835598257,-242.67399747447033,-90.10608181203217,-18.034522900676706,86.0937503163804,-242.92270773339473
804,0.795050311224962,0.0009920607896993167,0.1904756716222688,2.100005720380069,0,0.4,0.138,0.02899999999999996,1.206000000000001,1.808228525214462,-90.07958347682667,86.10304182318966,-18.03512863846608,-242.8308789287886,-90.15786179119752,-18.018241305840693,86.16663039219885,-243.07970855445808
805,0.7960423720146612,0.0009920625455200494,0.1904760087398495,2.1000020036450713,0,0.4,0.138,0.02899999999999996,1.206000000000001,1.8085164503616513,-90.13132968119423,86.17591715519073,-18.018848384307283,-242.98776221839324,-90.20964229076885,-18.001959175024545,86.23951170324354,-243.2367111262982
806,0.7970344345601813,0.0009920642980138425,0.19047634521865778,2.099998293965684,0,0.4,0.138,0.02899999999999997,1.206000000000001,1.8123424908192476,-90.18307643435742,86.24879371870452,-18.002567594459336,-243.1446473553914,-90.26142331417005,-17.985676509198395,86.3123942480781,-243.39371546071712
807,0.7980264988581951,0.0009920660471911618,0.19047668106070306,2.099994591319679,0,0.4,0.138,0.02899999999999996,1.206000000000001,1.8118318588814561,-90.23482373978007,86.32167151223251,-17.986286269890577,-243.3015343517238,-90.31320486478357,-17.96939330934482,86.38527802526855,-243.55072156938567
808,0.7990185649053863,0.0009814350946137917,0.18843553816584802,2.0999908956849263,0,0.39571291457177027,0.138,0.02899999999999996,1.206000000000001,1.8145269094450711,-90.2865716008778,86.39455053428534,-17.970004411580906,-243.45842321917982,-90.36457639983324,-17.953292404990954,86.45722357634453,-243.7065336910811
