0,code,3005,3016,3009,3006
0,0,7,3009
0,1,6,3011
0,2,5,3013
0,3,4,3015
seq,0,3009,7,false,3016,end,3016
at,0,0,7,3009
at,0,1,6,3011
at,0,2,5,3013
at,0,3,4,3015
1,code,3016,3045,3020,3017
1,0,25,3020
1,1,24,3022
1,2,23,3024
1,3,22,3026
1,4,21,3028
1,5,20,3030
1,6,19,3032
1,7,18,3034
1,8,17,3036
1,9,16,3038
1,10,15,3040
1,11,14,3042
1,12,13,3044
seq,1,3020,25,false,3045,end,3045
at,1,0,25,3020
at,1,1,24,3022
at,1,2,23,3024
at,1,3,22,3026
at,1,4,21,3028
at,1,5,20,3030
at,1,6,19,3032
at,1,7,18,3034
at,1,8,17,3036
at,1,9,16,3038
at,1,10,15,3040
at,1,11,14,3042
at,1,12,13,3044
2,code,3045,3056,3049,3046
2,0,7,3049
2,1,6,3051
2,2,5,3053
2,3,4,3055
seq,2,3049,7,false,3056,end,3056
at,2,0,7,3049
at,2,1,6,3051
at,2,2,5,3053
at,2,3,4,3055
3,code,3056,5845,3061,3058
3,0,2784,3061
3,1,2783,3063
3,2,2782,3065
3,3,2781,3067
3,4,2780,3068
3,5,2779,3071
3,6,2778,3073
3,7,2777,3075
3,8,2776,3077
3,9,2775,3079
3,10,2774,3080
3,11,2773,3082
3,12,2772,3083
3,13,2771,3084
3,14,2770,3086
3,15,2769,3087
3,16,2768,3089
3,17,2767,3090
3,18,2766,3092
3,19,2765,3093
3,20,2764,3095
3,21,2763,3097
3,22,2762,3099
3,23,2761,3100
3,24,2760,3107
3,25,2759,3109
3,26,2758,3111
3,27,2757,3113
3,28,2756,3115
3,29,2755,3117
3,30,2754,3119
3,31,2753,3283
3,32,2752,3285
3,33,2751,3287
3,34,2750,3288
3,35,2749,3434
3,36,2748,3436
3,37,2747,3438
3,38,2746,3439
3,39,2745,3441
3,40,2744,3443
3,41,2743,3445
3,42,2742,3447
3,43,2741,3448
3,44,2740,3450
3,45,2739,3453
3,46,2738,3455
3,47,2737,3457
3,48,2736,3639
3,49,2735,3641
3,50,2734,3643
3,51,2733,3645
3,52,2732,3647
3,53,2731,3649
3,54,2730,3651
3,55,2729,3653
3,56,2728,3654
3,57,2727,3657
3,58,2726,3659
3,59,2725,3661
3,60,2724,3663
3,61,2723,3665
3,62,2722,3666
3,63,2721,3668
3,64,2720,3669
3,65,2719,3670
3,66,2718,3672
3,67,2717,3673
3,68,2716,3675
3,69,2715,3676
3,70,2714,3678
3,71,2713,3679
3,72,2712,3681
3,73,2711,3683
3,74,2710,3685
3,75,2709,3686
3,76,2708,3693
3,77,2707,3695
3,78,2706,3697
3,79,2705,3699
3,80,2704,3701
3,81,2703,3703
3,82,2702,3705
3,83,2701,3869
3,84,2700,3871
3,85,2699,3873
3,86,2698,3874
3,87,2697,4020
3,88,2696,4022
3,89,2695,4024
3,90,2694,4025
3,91,2693,4027
3,92,2692,4029
3,93,2691,4031
3,94,2690,4033
3,95,2689,4034
3,96,2688,4036
3,97,2687,4039
3,98,2686,4041
3,99,2685,4043
3,100,2684,4225
3,101,2683,4227
3,102,2682,4229
3,103,2681,4231
3,104,2680,4233
3,105,2679,4235
3,106,2678,4237
3,107,2677,4239
3,108,2676,4241
3,109,2675,4243
3,110,2674,4244
3,111,2673,4247
3,112,2672,4249
3,113,2671,4251
3,114,2670,4252
3,115,2669,4255
3,116,2668,4257
3,117,2667,4259
3,118,2666,4261
3,119,2665,4262
3,120,2664,4264
3,121,2663,4266
3,122,2662,4268
3,123,2661,4269
3,124,2660,4271
3,125,2659,4273
3,126,2658,4275
3,127,2657,4276
3,128,2656,4278
3,129,2655,4280
3,130,2654,4282
3,131,2653,4284
3,132,2652,4285
3,133,2651,4287
3,134,2650,4288
3,135,2649,4289
3,136,2648,4291
3,137,2647,4292
3,138,2646,4294
3,139,2645,4295
3,140,2644,4297
3,141,2643,4298
3,142,2642,4300
3,143,2641,4302
3,144,2640,4304
3,145,2639,4305
3,146,2638,4312
3,147,2637,4314
3,148,2636,4316
3,149,2635,4318
3,150,2634,4320
3,151,2633,4322
3,152,2632,4324
3,153,2631,4488
3,154,2630,4490
3,155,2629,4492
3,156,2628,4493
3,157,2627,4639
3,158,2626,4641
3,159,2625,4643
3,160,2624,4644
3,161,2623,4646
3,162,2622,4648
3,163,2621,4650
3,164,2620,4652
3,165,2619,4653
3,166,2618,4655
3,167,2617,4658
3,168,2616,4660
3,169,2615,4662
3,170,2614,4714
3,171,2613,4716
3,172,2612,4718
3,173,2611,4773
3,174,2610,4775
3,175,2609,4777
3,176,2608,4779
3,177,2607,4781
3,178,2606,4783
3,179,2605,4786
3,180,2604,4788
3,181,2603,4790
3,182,2602,4792
3,183,2601,4795
3,184,2600,4797
3,185,2599,4799
3,186,2598,4801
3,187,2597,4803
3,188,2596,4805
3,189,2595,4806
3,190,2594,4808
3,191,2593,4809
3,192,2592,4810
3,193,2591,4812
3,194,2590,4813
3,195,2589,4815
3,196,2588,4816
3,197,2587,4818
3,198,2586,4819
3,199,2585,4821
3,200,2584,4823
3,201,2583,4825
3,202,2582,4826
3,203,2581,4833
3,204,2580,4835
3,205,2579,4837
3,206,2578,4839
3,207,2577,4841
3,208,2576,4843
3,209,2575,4845
3,210,2574,5009
3,211,2573,5011
3,212,2572,5013
3,213,2571,5014
3,214,2570,5160
3,215,2569,5162
3,216,2568,5164
3,217,2567,5165
3,218,2566,5167
3,219,2565,5169
3,220,2564,5171
3,221,2563,5173
3,222,2562,5174
3,223,2561,5176
3,224,2560,5179
3,225,2559,5181
3,226,2558,5183
3,227,2557,5185
3,228,2556,5187
3,229,2555,5189
3,230,2554,5190
3,231,2553,5192
3,232,2552,5193
3,233,2551,5195
3,234,2550,5196
3,235,2549,5197
3,236,2548,5198
3,237,2547,5200
3,238,2546,5203
3,239,2545,5205
3,240,2544,5207
3,241,2543,5209
3,242,2542,5211
3,243,2541,5213
3,244,2540,5214
3,245,2539,5216
3,246,2538,5217
3,247,2537,5219
3,248,2536,5220
3,249,2535,5221
3,250,2534,5222
3,251,2533,5224
3,252,2532,5227
3,253,2531,5229
3,254,2530,5231
3,255,2529,5233
3,256,2528,5235
3,257,2527,5237
3,258,2526,5238
3,259,2525,5240
3,260,2524,5241
3,261,2523,5243
3,262,2522,5244
3,263,2521,5245
3,264,2520,5246
3,265,2519,5248
3,266,2518,5251
3,267,2517,5253
3,268,2516,5255
3,269,2515,5257
3,270,2514,5259
3,271,2513,5261
3,272,2512,5262
3,273,2511,5264
3,274,2510,5265
3,275,2509,5267
3,276,2508,5268
3,277,2507,5269
3,278,2506,5270
3,279,2505,5272
3,280,2504,5275
3,281,2503,5277
3,282,2502,5279
3,283,2501,5281
3,284,2500,5283
3,285,2499,5285
3,286,2498,5286
3,287,2497,5289
3,288,2496,5291
3,289,2495,5293
3,290,2494,5294
3,291,2493,5297
3,292,2492,5299
3,293,2491,5301
3,294,2490,5303
3,295,2489,5304
3,296,2488,5306
3,297,2487,5308
3,298,2486,5310
3,299,2485,5311
3,300,2484,5313
3,301,2483,5315
3,302,2482,5317
3,303,2481,5318
3,304,2480,5320
3,305,2479,5322
3,306,2478,5324
3,307,2477,5326
3,308,2476,5327
3,309,2475,5329
3,310,2474,5330
3,311,2473,5331
3,312,2472,5333
3,313,2471,5334
3,314,2470,5336
3,315,2469,5337
3,316,2468,5339
3,317,2467,5340
3,318,2466,5342
3,319,2465,5344
3,320,2464,5346
3,321,2463,5347
3,322,2462,5354
3,323,2461,5356
3,324,2460,5358
3,325,2459,5360
3,326,2458,5362
3,327,2457,5364
3,328,2456,5366
3,329,2455,5530
3,330,2454,5532
3,331,2453,5534
3,332,2452,5535
3,333,2451,5681
3,334,2450,5683
3,335,2449,5685
3,336,2448,5686
3,337,2447,5688
3,338,2446,5690
3,339,2445,5692
3,340,2444,5694
3,341,2443,5695
3,342,2442,5697
3,343,2441,5700
3,344,2440,5702
3,345,2439,5704
3,346,2438,5756
3,347,2437,5758
3,348,2436,5760
3,349,2435,5815
3,350,2434,5817
3,351,2433,5819
3,352,2432,5821
3,353,2431,5823
3,354,2430,5825
3,355,2429,5828
3,356,2428,5830
3,357,2427,5832
3,358,2426,5834
3,359,2425,5836
3,360,2424,5838
3,361,2423,5840
3,362,2422,5842
3,363,2421,5844
seq,3,3061,2784,false,5845,end,5845
at,3,0,2784,3061
at,3,1,2783,3063
at,3,2,2782,3065
at,3,3,2781,3067
at,3,4,2780,3068
at,3,5,2779,3071
at,3,6,2778,3073
at,3,7,2777,3075
at,3,8,2776,3077
at,3,9,2775,3079
at,3,10,2774,3080
at,3,11,2773,3082
at,3,12,2772,3083
at,3,13,2771,3084
at,3,14,2770,3086
at,3,15,2769,3087
at,3,16,2768,3089
at,3,17,2767,3090
at,3,18,2766,3092
at,3,19,2765,3093
at,3,20,2764,3095
at,3,21,2763,3097
at,3,22,2762,3099
at,3,23,2761,3100
seq,3.23.t,3102,2759,true,3107,end,5845
at,3.23.t,0,2759,3102
at,3.23.t,1,2758,3104
at,3.23.t,2,2757,3106
at,3,24,2760,3107
at,3,25,2759,3109
at,3,26,2758,3111
at,3,27,2757,3113
at,3,28,2756,3115
at,3,29,2755,3117
at,3,30,2754,3119
seq,3.30.t,3121,2752,false,3283,end,5845
at,3.30.t,0,2752,3121
seq,3.30.t.0.t,3123,2750,false,3282,end,5845
at,3.30.t.0.t,0,2750,3123
at,3.30.t.0.t,1,2749,3125
at,3.30.t.0.t,2,2748,3127
at,3.30.t.0.t,3,2747,3128
at,3.30.t.0.t,4,2746,3130
at,3.30.t.0.t,5,2745,3132
at,3.30.t.0.t,6,2744,3134
at,3.30.t.0.t,7,2743,3135
at,3.30.t.0.t,8,2742,3137
at,3.30.t.0.t,9,2741,3139
at,3.30.t.0.t,10,2740,3141
at,3.30.t.0.t,11,2739,3142
at,3.30.t.0.t,12,2738,3143
at,3.30.t.0.t,13,2737,3146
at,3.30.t.0.t,14,2736,3148
at,3.30.t.0.t,15,2735,3150
at,3.30.t.0.t,16,2734,3152
at,3.30.t.0.t,17,2733,3153
at,3.30.t.0.t,18,2732,3154
at,3.30.t.0.t,19,2731,3157
at,3.30.t.0.t,20,2730,3159
at,3.30.t.0.t,21,2729,3161
at,3.30.t.0.t,22,2728,3163
at,3.30.t.0.t,23,2727,3164
seq,3.30.t.0.t.23.t,3166,2725,true,3270,otherwise,5845
at,3.30.t.0.t.23.t,0,2725,3166
at,3.30.t.0.t.23.t,1,2724,3168
at,3.30.t.0.t.23.t,2,2723,3170
at,3.30.t.0.t.23.t,3,2722,3171
seq,3.30.t.0.t.23.t.3.t,3173,2720,true,3178,otherwise,5845
at,3.30.t.0.t.23.t.3.t,0,2720,3173
at,3.30.t.0.t.23.t.3.t,1,2719,3175
at,3.30.t.0.t.23.t.3.t,2,2718,3177
seq,3.30.t.0.t.23.t.3.e,3178,2720,false,3190,end,5845
at,3.30.t.0.t.23.t.3.e,0,2720,3178
at,3.30.t.0.t.23.t.3.e,1,2719,3180
at,3.30.t.0.t.23.t.3.e,2,2718,3182
at,3.30.t.0.t.23.t.3.e,3,2717,3183
at,3.30.t.0.t.23.t.3.e,4,2716,3184
at,3.30.t.0.t.23.t.3.e,5,2715,3186
at,3.30.t.0.t.23.t.3.e,6,2714,3189
at,3.30.t.0.t.23.t,4,2721,3190
at,3.30.t.0.t.23.t,5,2720,3192
at,3.30.t.0.t.23.t,6,2719,3194
at,3.30.t.0.t.23.t,7,2718,3195
at,3.30.t.0.t.23.t,8,2717,3196
at,3.30.t.0.t.23.t,9,2716,3207
at,3.30.t.0.t.23.t,10,2715,3210
at,3.30.t.0.t.23.t,11,2714,3212
at,3.30.t.0.t.23.t,12,2713,3214
at,3.30.t.0.t.23.t,13,2712,3215
at,3.30.t.0.t.23.t,14,2711,3216
at,3.30.t.0.t.23.t,15,2710,3218
at,3.30.t.0.t.23.t,16,2709,3221
at,3.30.t.0.t.23.t,17,2708,3223
at,3.30.t.0.t.23.t,18,2707,3225
at,3.30.t.0.t.23.t,19,2706,3226
at,3.30.t.0.t.23.t,20,2705,3227
at,3.30.t.0.t.23.t,21,2704,3229
at,3.30.t.0.t.23.t,22,2703,3232
at,3.30.t.0.t.23.t,23,2702,3234
at,3.30.t.0.t.23.t,24,2701,3236
at,3.30.t.0.t.23.t,25,2700,3237
at,3.30.t.0.t.23.t,26,2699,3238
at,3.30.t.0.t.23.t,27,2698,3240
at,3.30.t.0.t.23.t,28,2697,3243
at,3.30.t.0.t.23.t,29,2696,3245
at,3.30.t.0.t.23.t,30,2695,3247
at,3.30.t.0.t.23.t,31,2694,3248
at,3.30.t.0.t.23.t,32,2693,3249
at,3.30.t.0.t.23.t,33,2692,3251
at,3.30.t.0.t.23.t,34,2691,3254
at,3.30.t.0.t.23.t,35,2690,3256
at,3.30.t.0.t.23.t,36,2689,3258
at,3.30.t.0.t.23.t,37,2688,3259
at,3.30.t.0.t.23.t,38,2687,3260
at,3.30.t.0.t.23.t,39,2686,3262
at,3.30.t.0.t.23.t,40,2685,3265
at,3.30.t.0.t.23.t,41,2684,3267
at,3.30.t.0.t.23.t,42,2683,3269
seq,3.30.t.0.t.23.e,3270,2725,false,3279,end,5845
at,3.30.t.0.t.23.e,0,2725,3270
at,3.30.t.0.t.23.e,1,2724,3272
at,3.30.t.0.t.23.e,2,2723,3274
at,3.30.t.0.t.23.e,3,2722,3276
at,3.30.t.0.t.23.e,4,2721,3278
at,3.30.t.0.t,24,2726,3279
at,3.30.t.0.t,25,2725,3281
at,3.30.t,1,2751,3282
at,3,31,2753,3283
at,3,32,2752,3285
at,3,33,2751,3287
at,3,34,2750,3288
seq,3.34.t,3290,2748,true,3434,end,5845
at,3.34.t,0,2748,3290
at,3.34.t,1,2747,3292
at,3.34.t,2,2746,3294
at,3.34.t,3,2745,3295
at,3.34.t,4,2744,3297
at,3.34.t,5,2743,3298
at,3.34.t,6,2742,3300
at,3.34.t,7,2741,3302
at,3.34.t,8,2740,3303
seq,3.34.t.8.t,3305,2738,true,3307,end,5845
at,3.34.t.8.t,0,2738,3305
at,3.34.t.8.t,1,2737,3306
at,3.34.t,9,2739,3307
at,3.34.t,10,2738,3309
at,3.34.t,11,2737,3311
at,3.34.t,12,2736,3312
at,3.34.t,13,2735,3316
at,3.34.t,14,2734,3317
at,3.34.t,15,2733,3319
at,3.34.t,16,2732,3320
at,3.34.t,17,2731,3322
at,3.34.t,18,2730,3324
at,3.34.t,19,2729,3325
at,3.34.t,20,2728,3327
at,3.34.t,21,2727,3328
seq,3.34.t.21.t,3330,2725,true,3347,end,5845
at,3.34.t.21.t,0,2725,3330
at,3.34.t.21.t,1,2724,3332
at,3.34.t.21.t,2,2723,3334
at,3.34.t.21.t,3,2722,3335
at,3.34.t.21.t,4,2721,3336
at,3.34.t.21.t,5,2720,3337
at,3.34.t.21.t,6,2719,3339
at,3.34.t.21.t,7,2718,3341
at,3.34.t.21.t,8,2717,3342
seq,3.34.t.21.t.8.t,3344,2715,true,3346,end,5845
at,3.34.t.21.t.8.t,0,2715,3344
at,3.34.t.21.t.8.t,1,2714,3345
at,3.34.t.21.t,9,2716,3346
at,3.34.t,22,2726,3347
at,3.34.t,23,2725,3349
at,3.34.t,24,2724,3351
at,3.34.t,25,2723,3352
at,3.34.t,26,2722,3354
at,3.34.t,27,2721,3356
at,3.34.t,28,2720,3358
at,3.34.t,29,2719,3360
at,3.34.t,30,2718,3362
at,3.34.t,31,2717,3363
at,3.34.t,32,2716,3364
at,3.34.t,33,2715,3375
at,3.34.t,34,2714,3378
at,3.34.t,35,2713,3380
at,3.34.t,36,2712,3382
at,3.34.t,37,2711,3383
at,3.34.t,38,2710,3384
at,3.34.t,39,2709,3386
at,3.34.t,40,2708,3389
at,3.34.t,41,2707,3391
at,3.34.t,42,2706,3393
at,3.34.t,43,2705,3394
at,3.34.t,44,2704,3395
at,3.34.t,45,2703,3397
at,3.34.t,46,2702,3400
at,3.34.t,47,2701,3402
at,3.34.t,48,2700,3404
at,3.34.t,49,2699,3405
at,3.34.t,50,2698,3406
at,3.34.t,51,2697,3408
at,3.34.t,52,2696,3411
at,3.34.t,53,2695,3413
at,3.34.t,54,2694,3415
at,3.34.t,55,2693,3416
at,3.34.t,56,2692,3417
at,3.34.t,57,2691,3419
at,3.34.t,58,2690,3422
at,3.34.t,59,2689,3424
at,3.34.t,60,2688,3426
at,3.34.t,61,2687,3427
at,3.34.t,62,2686,3428
at,3.34.t,63,2685,3430
at,3.34.t,64,2684,3433
at,3,35,2749,3434
at,3,36,2748,3436
at,3,37,2747,3438
at,3,38,2746,3439
at,3,39,2745,3441
at,3,40,2744,3443
at,3,41,2743,3445
at,3,42,2742,3447
at,3,43,2741,3448
at,3,44,2740,3450
at,3,45,2739,3453
at,3,46,2738,3455
at,3,47,2737,3457
seq,3.47.t,3459,2735,false,3639,end,5845
at,3.47.t,0,2735,3459
seq,3.47.t.0.t,3461,2733,false,3638,end,5845
at,3.47.t.0.t,0,2733,3461
at,3.47.t.0.t,1,2732,3463
at,3.47.t.0.t,2,2731,3465
at,3.47.t.0.t,3,2730,3466
at,3.47.t.0.t,4,2729,3468
at,3.47.t.0.t,5,2728,3470
at,3.47.t.0.t,6,2727,3472
at,3.47.t.0.t,7,2726,3474
at,3.47.t.0.t,8,2725,3475
at,3.47.t.0.t,9,2724,3477
at,3.47.t.0.t,10,2723,3478
at,3.47.t.0.t,11,2722,3480
at,3.47.t.0.t,12,2721,3481
at,3.47.t.0.t,13,2720,3482
at,3.47.t.0.t,14,2719,3483
at,3.47.t.0.t,15,2718,3486
at,3.47.t.0.t,16,2717,3488
at,3.47.t.0.t,17,2716,3490
at,3.47.t.0.t,18,2715,3492
at,3.47.t.0.t,19,2714,3494
at,3.47.t.0.t,20,2713,3495
at,3.47.t.0.t,21,2712,3497
at,3.47.t.0.t,22,2711,3498
at,3.47.t.0.t,23,2710,3500
at,3.47.t.0.t,24,2709,3501
at,3.47.t.0.t,25,2708,3502
at,3.47.t.0.t,26,2707,3503
at,3.47.t.0.t,27,2706,3506
at,3.47.t.0.t,28,2705,3508
at,3.47.t.0.t,29,2704,3510
at,3.47.t.0.t,30,2703,3512
at,3.47.t.0.t,31,2702,3514
at,3.47.t.0.t,32,2701,3515
at,3.47.t.0.t,33,2700,3517
at,3.47.t.0.t,34,2699,3518
at,3.47.t.0.t,35,2698,3520
at,3.47.t.0.t,36,2697,3521
at,3.47.t.0.t,37,2696,3522
at,3.47.t.0.t,38,2695,3523
at,3.47.t.0.t,39,2694,3526
at,3.47.t.0.t,40,2693,3528
at,3.47.t.0.t,41,2692,3530
at,3.47.t.0.t,42,2691,3532
at,3.47.t.0.t,43,2690,3534
at,3.47.t.0.t,44,2689,3535
at,3.47.t.0.t,45,2688,3537
at,3.47.t.0.t,46,2687,3538
at,3.47.t.0.t,47,2686,3540
at,3.47.t.0.t,48,2685,3541
at,3.47.t.0.t,49,2684,3542
at,3.47.t.0.t,50,2683,3543
at,3.47.t.0.t,51,2682,3546
at,3.47.t.0.t,52,2681,3548
at,3.47.t.0.t,53,2680,3550
at,3.47.t.0.t,54,2679,3552
at,3.47.t.0.t,55,2678,3554
at,3.47.t.0.t,56,2677,3555
at,3.47.t.0.t,57,2676,3557
at,3.47.t.0.t,58,2675,3558
at,3.47.t.0.t,59,2674,3560
at,3.47.t.0.t,60,2673,3561
at,3.47.t.0.t,61,2672,3562
at,3.47.t.0.t,62,2671,3563
at,3.47.t.0.t,63,2670,3566
at,3.47.t.0.t,64,2669,3568
at,3.47.t.0.t,65,2668,3570
at,3.47.t.0.t,66,2667,3572
at,3.47.t.0.t,67,2666,3574
at,3.47.t.0.t,68,2665,3575
at,3.47.t.0.t,69,2664,3577
at,3.47.t.0.t,70,2663,3578
at,3.47.t.0.t,71,2662,3580
at,3.47.t.0.t,72,2661,3581
at,3.47.t.0.t,73,2660,3582
at,3.47.t.0.t,74,2659,3583
at,3.47.t.0.t,75,2658,3586
at,3.47.t.0.t,76,2657,3588
at,3.47.t.0.t,77,2656,3590
at,3.47.t.0.t,78,2655,3592
at,3.47.t.0.t,79,2654,3594
at,3.47.t.0.t,80,2653,3595
at,3.47.t.0.t,81,2652,3597
at,3.47.t.0.t,82,2651,3598
at,3.47.t.0.t,83,2650,3600
at,3.47.t.0.t,84,2649,3601
at,3.47.t.0.t,85,2648,3602
at,3.47.t.0.t,86,2647,3603
at,3.47.t.0.t,87,2646,3606
at,3.47.t.0.t,88,2645,3608
at,3.47.t.0.t,89,2644,3610
at,3.47.t.0.t,90,2643,3612
at,3.47.t.0.t,91,2642,3614
at,3.47.t.0.t,92,2641,3615
at,3.47.t.0.t,93,2640,3617
at,3.47.t.0.t,94,2639,3618
at,3.47.t.0.t,95,2638,3620
at,3.47.t.0.t,96,2637,3621
at,3.47.t.0.t,97,2636,3622
at,3.47.t.0.t,98,2635,3623
at,3.47.t.0.t,99,2634,3625
at,3.47.t.0.t,100,2633,3628
at,3.47.t.0.t,101,2632,3630
at,3.47.t.0.t,102,2631,3632
at,3.47.t.0.t,103,2630,3633
at,3.47.t.0.t,104,2629,3635
at,3.47.t.0.t,105,2628,3637
at,3.47.t,1,2734,3638
at,3,48,2736,3639
at,3,49,2735,3641
at,3,50,2734,3643
at,3,51,2733,3645
at,3,52,2732,3647
at,3,53,2731,3649
at,3,54,2730,3651
at,3,55,2729,3653
at,3,56,2728,3654
at,3,57,2727,3657
at,3,58,2726,3659
at,3,59,2725,3661
at,3,60,2724,3663
at,3,61,2723,3665
at,3,62,2722,3666
at,3,63,2721,3668
at,3,64,2720,3669
at,3,65,2719,3670
at,3,66,2718,3672
at,3,67,2717,3673
at,3,68,2716,3675
at,3,69,2715,3676
at,3,70,2714,3678
at,3,71,2713,3679
at,3,72,2712,3681
at,3,73,2711,3683
at,3,74,2710,3685
at,3,75,2709,3686
seq,3.75.t,3688,2707,true,3693,end,5845
at,3.75.t,0,2707,3688
at,3.75.t,1,2706,3690
at,3.75.t,2,2705,3692
at,3,76,2708,3693
at,3,77,2707,3695
at,3,78,2706,3697
at,3,79,2705,3699
at,3,80,2704,3701
at,3,81,2703,3703
at,3,82,2702,3705
seq,3.82.t,3707,2700,false,3869,end,5845
at,3.82.t,0,2700,3707
seq,3.82.t.0.t,3709,2698,false,3868,end,5845
at,3.82.t.0.t,0,2698,3709
at,3.82.t.0.t,1,2697,3711
at,3.82.t.0.t,2,2696,3713
at,3.82.t.0.t,3,2695,3714
at,3.82.t.0.t,4,2694,3716
at,3.82.t.0.t,5,2693,3718
at,3.82.t.0.t,6,2692,3720
at,3.82.t.0.t,7,2691,3721
at,3.82.t.0.t,8,2690,3723
at,3.82.t.0.t,9,2689,3725
at,3.82.t.0.t,10,2688,3727
at,3.82.t.0.t,11,2687,3728
at,3.82.t.0.t,12,2686,3729
at,3.82.t.0.t,13,2685,3732
at,3.82.t.0.t,14,2684,3734
at,3.82.t.0.t,15,2683,3736
at,3.82.t.0.t,16,2682,3738
at,3.82.t.0.t,17,2681,3739
at,3.82.t.0.t,18,2680,3740
at,3.82.t.0.t,19,2679,3743
at,3.82.t.0.t,20,2678,3745
at,3.82.t.0.t,21,2677,3747
at,3.82.t.0.t,22,2676,3749
at,3.82.t.0.t,23,2675,3750
seq,3.82.t.0.t.23.t,3752,2673,true,3856,otherwise,5845
at,3.82.t.0.t.23.t,0,2673,3752
at,3.82.t.0.t.23.t,1,2672,3754
at,3.82.t.0.t.23.t,2,2671,3756
at,3.82.t.0.t.23.t,3,2670,3757
seq,3.82.t.0.t.23.t.3.t,3759,2668,true,3764,otherwise,5845
at,3.82.t.0.t.23.t.3.t,0,2668,3759
at,3.82.t.0.t.23.t.3.t,1,2667,3761
at,3.82.t.0.t.23.t.3.t,2,2666,3763
seq,3.82.t.0.t.23.t.3.e,3764,2668,false,3776,end,5845
at,3.82.t.0.t.23.t.3.e,0,2668,3764
at,3.82.t.0.t.23.t.3.e,1,2667,3766
at,3.82.t.0.t.23.t.3.e,2,2666,3768
at,3.82.t.0.t.23.t.3.e,3,2665,3769
at,3.82.t.0.t.23.t.3.e,4,2664,3770
at,3.82.t.0.t.23.t.3.e,5,2663,3772
at,3.82.t.0.t.23.t.3.e,6,2662,3775
at,3.82.t.0.t.23.t,4,2669,3776
at,3.82.t.0.t.23.t,5,2668,3778
at,3.82.t.0.t.23.t,6,2667,3780
at,3.82.t.0.t.23.t,7,2666,3781
at,3.82.t.0.t.23.t,8,2665,3782
at,3.82.t.0.t.23.t,9,2664,3793
at,3.82.t.0.t.23.t,10,2663,3796
at,3.82.t.0.t.23.t,11,2662,3798
at,3.82.t.0.t.23.t,12,2661,3800
at,3.82.t.0.t.23.t,13,2660,3801
at,3.82.t.0.t.23.t,14,2659,3802
at,3.82.t.0.t.23.t,15,2658,3804
at,3.82.t.0.t.23.t,16,2657,3807
at,3.82.t.0.t.23.t,17,2656,3809
at,3.82.t.0.t.23.t,18,2655,3811
at,3.82.t.0.t.23.t,19,2654,3812
at,3.82.t.0.t.23.t,20,2653,3813
at,3.82.t.0.t.23.t,21,2652,3815
at,3.82.t.0.t.23.t,22,2651,3818
at,3.82.t.0.t.23.t,23,2650,3820
at,3.82.t.0.t.23.t,24,2649,3822
at,3.82.t.0.t.23.t,25,2648,3823
at,3.82.t.0.t.23.t,26,2647,3824
at,3.82.t.0.t.23.t,27,2646,3826
at,3.82.t.0.t.23.t,28,2645,3829
at,3.82.t.0.t.23.t,29,2644,3831
at,3.82.t.0.t.23.t,30,2643,3833
at,3.82.t.0.t.23.t,31,2642,3834
at,3.82.t.0.t.23.t,32,2641,3835
at,3.82.t.0.t.23.t,33,2640,3837
at,3.82.t.0.t.23.t,34,2639,3840
at,3.82.t.0.t.23.t,35,2638,3842
at,3.82.t.0.t.23.t,36,2637,3844
at,3.82.t.0.t.23.t,37,2636,3845
at,3.82.t.0.t.23.t,38,2635,3846
at,3.82.t.0.t.23.t,39,2634,3848
at,3.82.t.0.t.23.t,40,2633,3851
at,3.82.t.0.t.23.t,41,2632,3853
at,3.82.t.0.t.23.t,42,2631,3855
seq,3.82.t.0.t.23.e,3856,2673,false,3865,end,5845
at,3.82.t.0.t.23.e,0,2673,3856
at,3.82.t.0.t.23.e,1,2672,3858
at,3.82.t.0.t.23.e,2,2671,3860
at,3.82.t.0.t.23.e,3,2670,3862
at,3.82.t.0.t.23.e,4,2669,3864
at,3.82.t.0.t,24,2674,3865
at,3.82.t.0.t,25,2673,3867
at,3.82.t,1,2699,3868
at,3,83,2701,3869
at,3,84,2700,3871
at,3,85,2699,3873
at,3,86,2698,3874
seq,3.86.t,3876,2696,true,4020,end,5845
at,3.86.t,0,2696,3876
at,3.86.t,1,2695,3878
at,3.86.t,2,2694,3880
at,3.86.t,3,2693,3881
at,3.86.t,4,2692,3883
at,3.86.t,5,2691,3884
at,3.86.t,6,2690,3886
at,3.86.t,7,2689,3888
at,3.86.t,8,2688,3889
seq,3.86.t.8.t,3891,2686,true,3893,end,5845
at,3.86.t.8.t,0,2686,3891
at,3.86.t.8.t,1,2685,3892
at,3.86.t,9,2687,3893
at,3.86.t,10,2686,3895
at,3.86.t,11,2685,3897
at,3.86.t,12,2684,3898
at,3.86.t,13,2683,3902
at,3.86.t,14,2682,3903
at,3.86.t,15,2681,3905
at,3.86.t,16,2680,3906
at,3.86.t,17,2679,3908
at,3.86.t,18,2678,3910
at,3.86.t,19,2677,3911
at,3.86.t,20,2676,3913
at,3.86.t,21,2675,3914
seq,3.86.t.21.t,3916,2673,true,3933,end,5845
at,3.86.t.21.t,0,2673,3916
at,3.86.t.21.t,1,2672,3918
at,3.86.t.21.t,2,2671,3920
at,3.86.t.21.t,3,2670,3921
at,3.86.t.21.t,4,2669,3922
at,3.86.t.21.t,5,2668,3923
at,3.86.t.21.t,6,2667,3925
at,3.86.t.21.t,7,2666,3927
at,3.86.t.21.t,8,2665,3928
seq,3.86.t.21.t.8.t,3930,2663,true,3932,end,5845
at,3.86.t.21.t.8.t,0,2663,3930
at,3.86.t.21.t.8.t,1,2662,3931
at,3.86.t.21.t,9,2664,3932
at,3.86.t,22,2674,3933
at,3.86.t,23,2673,3935
at,3.86.t,24,2672,3937
at,3.86.t,25,2671,3938
at,3.86.t,26,2670,3940
at,3.86.t,27,2669,3942
at,3.86.t,28,2668,3944
at,3.86.t,29,2667,3946
at,3.86.t,30,2666,3948
at,3.86.t,31,2665,3949
at,3.86.t,32,2664,3950
at,3.86.t,33,2663,3961
at,3.86.t,34,2662,3964
at,3.86.t,35,2661,3966
at,3.86.t,36,2660,3968
at,3.86.t,37,2659,3969
at,3.86.t,38,2658,3970
at,3.86.t,39,2657,3972
at,3.86.t,40,2656,3975
at,3.86.t,41,2655,3977
at,3.86.t,42,2654,3979
at,3.86.t,43,2653,3980
at,3.86.t,44,2652,3981
at,3.86.t,45,2651,3983
at,3.86.t,46,2650,3986
at,3.86.t,47,2649,3988
at,3.86.t,48,2648,3990
at,3.86.t,49,2647,3991
at,3.86.t,50,2646,3992
at,3.86.t,51,2645,3994
at,3.86.t,52,2644,3997
at,3.86.t,53,2643,3999
at,3.86.t,54,2642,4001
at,3.86.t,55,2641,4002
at,3.86.t,56,2640,4003
at,3.86.t,57,2639,4005
at,3.86.t,58,2638,4008
at,3.86.t,59,2637,4010
at,3.86.t,60,2636,4012
at,3.86.t,61,2635,4013
at,3.86.t,62,2634,4014
at,3.86.t,63,2633,4016
at,3.86.t,64,2632,4019
at,3,87,2697,4020
at,3,88,2696,4022
at,3,89,2695,4024
at,3,90,2694,4025
at,3,91,2693,4027
at,3,92,2692,4029
at,3,93,2691,4031
at,3,94,2690,4033
at,3,95,2689,4034
at,3,96,2688,4036
at,3,97,2687,4039
at,3,98,2686,4041
at,3,99,2685,4043
seq,3.99.t,4045,2683,false,4225,end,5845
at,3.99.t,0,2683,4045
seq,3.99.t.0.t,4047,2681,false,4224,end,5845
at,3.99.t.0.t,0,2681,4047
at,3.99.t.0.t,1,2680,4049
at,3.99.t.0.t,2,2679,4051
at,3.99.t.0.t,3,2678,4052
at,3.99.t.0.t,4,2677,4054
at,3.99.t.0.t,5,2676,4056
at,3.99.t.0.t,6,2675,4058
at,3.99.t.0.t,7,2674,4060
at,3.99.t.0.t,8,2673,4061
at,3.99.t.0.t,9,2672,4063
at,3.99.t.0.t,10,2671,4064
at,3.99.t.0.t,11,2670,4066
at,3.99.t.0.t,12,2669,4067
at,3.99.t.0.t,13,2668,4068
at,3.99.t.0.t,14,2667,4069
at,3.99.t.0.t,15,2666,4072
at,3.99.t.0.t,16,2665,4074
at,3.99.t.0.t,17,2664,4076
at,3.99.t.0.t,18,2663,4078
at,3.99.t.0.t,19,2662,4080
at,3.99.t.0.t,20,2661,4081
at,3.99.t.0.t,21,2660,4083
at,3.99.t.0.t,22,2659,4084
at,3.99.t.0.t,23,2658,4086
at,3.99.t.0.t,24,2657,4087
at,3.99.t.0.t,25,2656,4088
at,3.99.t.0.t,26,2655,4089
at,3.99.t.0.t,27,2654,4092
at,3.99.t.0.t,28,2653,4094
at,3.99.t.0.t,29,2652,4096
at,3.99.t.0.t,30,2651,4098
at,3.99.t.0.t,31,2650,4100
at,3.99.t.0.t,32,2649,4101
at,3.99.t.0.t,33,2648,4103
at,3.99.t.0.t,34,2647,4104
at,3.99.t.0.t,35,2646,4106
at,3.99.t.0.t,36,2645,4107
at,3.99.t.0.t,37,2644,4108
at,3.99.t.0.t,38,2643,4109
at,3.99.t.0.t,39,2642,4112
at,3.99.t.0.t,40,2641,4114
at,3.99.t.0.t,41,2640,4116
at,3.99.t.0.t,42,2639,4118
at,3.99.t.0.t,43,2638,4120
at,3.99.t.0.t,44,2637,4121
at,3.99.t.0.t,45,2636,4123
at,3.99.t.0.t,46,2635,4124
at,3.99.t.0.t,47,2634,4126
at,3.99.t.0.t,48,2633,4127
at,3.99.t.0.t,49,2632,4128
at,3.99.t.0.t,50,2631,4129
at,3.99.t.0.t,51,2630,4132
at,3.99.t.0.t,52,2629,4134
at,3.99.t.0.t,53,2628,4136
at,3.99.t.0.t,54,2627,4138
at,3.99.t.0.t,55,2626,4140
at,3.99.t.0.t,56,2625,4141
at,3.99.t.0.t,57,2624,4143
at,3.99.t.0.t,58,2623,4144
at,3.99.t.0.t,59,2622,4146
at,3.99.t.0.t,60,2621,4147
at,3.99.t.0.t,61,2620,4148
at,3.99.t.0.t,62,2619,4149
at,3.99.t.0.t,63,2618,4152
at,3.99.t.0.t,64,2617,4154
at,3.99.t.0.t,65,2616,4156
at,3.99.t.0.t,66,2615,4158
at,3.99.t.0.t,67,2614,4160
at,3.99.t.0.t,68,2613,4161
at,3.99.t.0.t,69,2612,4163
at,3.99.t.0.t,70,2611,4164
at,3.99.t.0.t,71,2610,4166
at,3.99.t.0.t,72,2609,4167
at,3.99.t.0.t,73,2608,4168
at,3.99.t.0.t,74,2607,4169
at,3.99.t.0.t,75,2606,4172
at,3.99.t.0.t,76,2605,4174
at,3.99.t.0.t,77,2604,4176
at,3.99.t.0.t,78,2603,4178
at,3.99.t.0.t,79,2602,4180
at,3.99.t.0.t,80,2601,4181
at,3.99.t.0.t,81,2600,4183
at,3.99.t.0.t,82,2599,4184
at,3.99.t.0.t,83,2598,4186
at,3.99.t.0.t,84,2597,4187
at,3.99.t.0.t,85,2596,4188
at,3.99.t.0.t,86,2595,4189
at,3.99.t.0.t,87,2594,4192
at,3.99.t.0.t,88,2593,4194
at,3.99.t.0.t,89,2592,4196
at,3.99.t.0.t,90,2591,4198
at,3.99.t.0.t,91,2590,4200
at,3.99.t.0.t,92,2589,4201
at,3.99.t.0.t,93,2588,4203
at,3.99.t.0.t,94,2587,4204
at,3.99.t.0.t,95,2586,4206
at,3.99.t.0.t,96,2585,4207
at,3.99.t.0.t,97,2584,4208
at,3.99.t.0.t,98,2583,4209
at,3.99.t.0.t,99,2582,4211
at,3.99.t.0.t,100,2581,4214
at,3.99.t.0.t,101,2580,4216
at,3.99.t.0.t,102,2579,4218
at,3.99.t.0.t,103,2578,4219
at,3.99.t.0.t,104,2577,4221
at,3.99.t.0.t,105,2576,4223
at,3.99.t,1,2682,4224
at,3,100,2684,4225
at,3,101,2683,4227
at,3,102,2682,4229
at,3,103,2681,4231
at,3,104,2680,4233
at,3,105,2679,4235
at,3,106,2678,4237
at,3,107,2677,4239
at,3,108,2676,4241
at,3,109,2675,4243
at,3,110,2674,4244
at,3,111,2673,4247
at,3,112,2672,4249
at,3,113,2671,4251
at,3,114,2670,4252
at,3,115,2669,4255
at,3,116,2668,4257
at,3,117,2667,4259
at,3,118,2666,4261
at,3,119,2665,4262
at,3,120,2664,4264
at,3,121,2663,4266
at,3,122,2662,4268
at,3,123,2661,4269
at,3,124,2660,4271
at,3,125,2659,4273
at,3,126,2658,4275
at,3,127,2657,4276
at,3,128,2656,4278
at,3,129,2655,4280
at,3,130,2654,4282
at,3,131,2653,4284
at,3,132,2652,4285
at,3,133,2651,4287
at,3,134,2650,4288
at,3,135,2649,4289
at,3,136,2648,4291
at,3,137,2647,4292
at,3,138,2646,4294
at,3,139,2645,4295
at,3,140,2644,4297
at,3,141,2643,4298
at,3,142,2642,4300
at,3,143,2641,4302
at,3,144,2640,4304
at,3,145,2639,4305
seq,3.145.t,4307,2637,true,4312,end,5845
at,3.145.t,0,2637,4307
at,3.145.t,1,2636,4309
at,3.145.t,2,2635,4311
at,3,146,2638,4312
at,3,147,2637,4314
at,3,148,2636,4316
at,3,149,2635,4318
at,3,150,2634,4320
at,3,151,2633,4322
at,3,152,2632,4324
seq,3.152.t,4326,2630,false,4488,end,5845
at,3.152.t,0,2630,4326
seq,3.152.t.0.t,4328,2628,false,4487,end,5845
at,3.152.t.0.t,0,2628,4328
at,3.152.t.0.t,1,2627,4330
at,3.152.t.0.t,2,2626,4332
at,3.152.t.0.t,3,2625,4333
at,3.152.t.0.t,4,2624,4335
at,3.152.t.0.t,5,2623,4337
at,3.152.t.0.t,6,2622,4339
at,3.152.t.0.t,7,2621,4340
at,3.152.t.0.t,8,2620,4342
at,3.152.t.0.t,9,2619,4344
at,3.152.t.0.t,10,2618,4346
at,3.152.t.0.t,11,2617,4347
at,3.152.t.0.t,12,2616,4348
at,3.152.t.0.t,13,2615,4351
at,3.152.t.0.t,14,2614,4353
at,3.152.t.0.t,15,2613,4355
at,3.152.t.0.t,16,2612,4357
at,3.152.t.0.t,17,2611,4358
at,3.152.t.0.t,18,2610,4359
at,3.152.t.0.t,19,2609,4362
at,3.152.t.0.t,20,2608,4364
at,3.152.t.0.t,21,2607,4366
at,3.152.t.0.t,22,2606,4368
at,3.152.t.0.t,23,2605,4369
seq,3.152.t.0.t.23.t,4371,2603,true,4475,otherwise,5845
at,3.152.t.0.t.23.t,0,2603,4371
at,3.152.t.0.t.23.t,1,2602,4373
at,3.152.t.0.t.23.t,2,2601,4375
at,3.152.t.0.t.23.t,3,2600,4376
seq,3.152.t.0.t.23.t.3.t,4378,2598,true,4383,otherwise,5845
at,3.152.t.0.t.23.t.3.t,0,2598,4378
at,3.152.t.0.t.23.t.3.t,1,2597,4380
at,3.152.t.0.t.23.t.3.t,2,2596,4382
seq,3.152.t.0.t.23.t.3.e,4383,2598,false,4395,end,5845
at,3.152.t.0.t.23.t.3.e,0,2598,4383
at,3.152.t.0.t.23.t.3.e,1,2597,4385
at,3.152.t.0.t.23.t.3.e,2,2596,4387
at,3.152.t.0.t.23.t.3.e,3,2595,4388
at,3.152.t.0.t.23.t.3.e,4,2594,4389
at,3.152.t.0.t.23.t.3.e,5,2593,4391
at,3.152.t.0.t.23.t.3.e,6,2592,4394
at,3.152.t.0.t.23.t,4,2599,4395
at,3.152.t.0.t.23.t,5,2598,4397
at,3.152.t.0.t.23.t,6,2597,4399
at,3.152.t.0.t.23.t,7,2596,4400
at,3.152.t.0.t.23.t,8,2595,4401
at,3.152.t.0.t.23.t,9,2594,4412
at,3.152.t.0.t.23.t,10,2593,4415
at,3.152.t.0.t.23.t,11,2592,4417
at,3.152.t.0.t.23.t,12,2591,4419
at,3.152.t.0.t.23.t,13,2590,4420
at,3.152.t.0.t.23.t,14,2589,4421
at,3.152.t.0.t.23.t,15,2588,4423
at,3.152.t.0.t.23.t,16,2587,4426
at,3.152.t.0.t.23.t,17,2586,4428
at,3.152.t.0.t.23.t,18,2585,4430
at,3.152.t.0.t.23.t,19,2584,4431
at,3.152.t.0.t.23.t,20,2583,4432
at,3.152.t.0.t.23.t,21,2582,4434
at,3.152.t.0.t.23.t,22,2581,4437
at,3.152.t.0.t.23.t,23,2580,4439
at,3.152.t.0.t.23.t,24,2579,4441
at,3.152.t.0.t.23.t,25,2578,4442
at,3.152.t.0.t.23.t,26,2577,4443
at,3.152.t.0.t.23.t,27,2576,4445
at,3.152.t.0.t.23.t,28,2575,4448
at,3.152.t.0.t.23.t,29,2574,4450
at,3.152.t.0.t.23.t,30,2573,4452
at,3.152.t.0.t.23.t,31,2572,4453
at,3.152.t.0.t.23.t,32,2571,4454
at,3.152.t.0.t.23.t,33,2570,4456
at,3.152.t.0.t.23.t,34,2569,4459
at,3.152.t.0.t.23.t,35,2568,4461
at,3.152.t.0.t.23.t,36,2567,4463
at,3.152.t.0.t.23.t,37,2566,4464
at,3.152.t.0.t.23.t,38,2565,4465
at,3.152.t.0.t.23.t,39,2564,4467
at,3.152.t.0.t.23.t,40,2563,4470
at,3.152.t.0.t.23.t,41,2562,4472
at,3.152.t.0.t.23.t,42,2561,4474
seq,3.152.t.0.t.23.e,4475,2603,false,4484,end,5845
at,3.152.t.0.t.23.e,0,2603,4475
at,3.152.t.0.t.23.e,1,2602,4477
at,3.152.t.0.t.23.e,2,2601,4479
at,3.152.t.0.t.23.e,3,2600,4481
at,3.152.t.0.t.23.e,4,2599,4483
at,3.152.t.0.t,24,2604,4484
at,3.152.t.0.t,25,2603,4486
at,3.152.t,1,2629,4487
at,3,153,2631,4488
at,3,154,2630,4490
at,3,155,2629,4492
at,3,156,2628,4493
seq,3.156.t,4495,2626,true,4639,end,5845
at,3.156.t,0,2626,4495
at,3.156.t,1,2625,4497
at,3.156.t,2,2624,4499
at,3.156.t,3,2623,4500
at,3.156.t,4,2622,4502
at,3.156.t,5,2621,4503
at,3.156.t,6,2620,4505
at,3.156.t,7,2619,4507
at,3.156.t,8,2618,4508
seq,3.156.t.8.t,4510,2616,true,4512,end,5845
at,3.156.t.8.t,0,2616,4510
at,3.156.t.8.t,1,2615,4511
at,3.156.t,9,2617,4512
at,3.156.t,10,2616,4514
at,3.156.t,11,2615,4516
at,3.156.t,12,2614,4517
at,3.156.t,13,2613,4521
at,3.156.t,14,2612,4522
at,3.156.t,15,2611,4524
at,3.156.t,16,2610,4525
at,3.156.t,17,2609,4527
at,3.156.t,18,2608,4529
at,3.156.t,19,2607,4530
at,3.156.t,20,2606,4532
at,3.156.t,21,2605,4533
seq,3.156.t.21.t,4535,2603,true,4552,end,5845
at,3.156.t.21.t,0,2603,4535
at,3.156.t.21.t,1,2602,4537
at,3.156.t.21.t,2,2601,4539
at,3.156.t.21.t,3,2600,4540
at,3.156.t.21.t,4,2599,4541
at,3.156.t.21.t,5,2598,4542
at,3.156.t.21.t,6,2597,4544
at,3.156.t.21.t,7,2596,4546
at,3.156.t.21.t,8,2595,4547
seq,3.156.t.21.t.8.t,4549,2593,true,4551,end,5845
at,3.156.t.21.t.8.t,0,2593,4549
at,3.156.t.21.t.8.t,1,2592,4550
at,3.156.t.21.t,9,2594,4551
at,3.156.t,22,2604,4552
at,3.156.t,23,2603,4554
at,3.156.t,24,2602,4556
at,3.156.t,25,2601,4557
at,3.156.t,26,2600,4559
at,3.156.t,27,2599,4561
at,3.156.t,28,2598,4563
at,3.156.t,29,2597,4565
at,3.156.t,30,2596,4567
at,3.156.t,31,2595,4568
at,3.156.t,32,2594,4569
at,3.156.t,33,2593,4580
at,3.156.t,34,2592,4583
at,3.156.t,35,2591,4585
at,3.156.t,36,2590,4587
at,3.156.t,37,2589,4588
at,3.156.t,38,2588,4589
at,3.156.t,39,2587,4591
at,3.156.t,40,2586,4594
at,3.156.t,41,2585,4596
at,3.156.t,42,2584,4598
at,3.156.t,43,2583,4599
at,3.156.t,44,2582,4600
at,3.156.t,45,2581,4602
at,3.156.t,46,2580,4605
at,3.156.t,47,2579,4607
at,3.156.t,48,2578,4609
at,3.156.t,49,2577,4610
at,3.156.t,50,2576,4611
at,3.156.t,51,2575,4613
at,3.156.t,52,2574,4616
at,3.156.t,53,2573,4618
at,3.156.t,54,2572,4620
at,3.156.t,55,2571,4621
at,3.156.t,56,2570,4622
at,3.156.t,57,2569,4624
at,3.156.t,58,2568,4627
at,3.156.t,59,2567,4629
at,3.156.t,60,2566,4631
at,3.156.t,61,2565,4632
at,3.156.t,62,2564,4633
at,3.156.t,63,2563,4635
at,3.156.t,64,2562,4638
at,3,157,2627,4639
at,3,158,2626,4641
at,3,159,2625,4643
at,3,160,2624,4644
at,3,161,2623,4646
at,3,162,2622,4648
at,3,163,2621,4650
at,3,164,2620,4652
at,3,165,2619,4653
at,3,166,2618,4655
at,3,167,2617,4658
at,3,168,2616,4660
at,3,169,2615,4662
seq,3.169.t,4664,2613,false,4714,end,5845
at,3.169.t,0,2613,4664
seq,3.169.t.0.t,4666,2611,false,4713,end,5845
at,3.169.t.0.t,0,2611,4666
at,3.169.t.0.t,1,2610,4668
at,3.169.t.0.t,2,2609,4670
at,3.169.t.0.t,3,2608,4671
at,3.169.t.0.t,4,2607,4673
at,3.169.t.0.t,5,2606,4675
at,3.169.t.0.t,6,2605,4677
at,3.169.t.0.t,7,2604,4679
at,3.169.t.0.t,8,2603,4680
at,3.169.t.0.t,9,2602,4682
at,3.169.t.0.t,10,2601,4683
at,3.169.t.0.t,11,2600,4684
at,3.169.t.0.t,12,2599,4685
at,3.169.t.0.t,13,2598,4687
at,3.169.t.0.t,14,2597,4689
at,3.169.t.0.t,15,2596,4691
at,3.169.t.0.t,16,2595,4692
at,3.169.t.0.t,17,2594,4694
at,3.169.t.0.t,18,2593,4695
at,3.169.t.0.t,19,2592,4696
at,3.169.t.0.t,20,2591,4697
at,3.169.t.0.t,21,2590,4700
at,3.169.t.0.t,22,2589,4703
at,3.169.t.0.t,23,2588,4705
at,3.169.t.0.t,24,2587,4707
at,3.169.t.0.t,25,2586,4708
at,3.169.t.0.t,26,2585,4710
at,3.169.t.0.t,27,2584,4712
at,3.169.t,1,2612,4713
at,3,170,2614,4714
at,3,171,2613,4716
at,3,172,2612,4718
seq,3.172.t,4720,2610,false,4773,end,5845
at,3.172.t,0,2610,4720
seq,3.172.t.0.t,4722,2608,false,4772,end,5845
at,3.172.t.0.t,0,2608,4722
at,3.172.t.0.t,1,2607,4724
at,3.172.t.0.t,2,2606,4726
at,3.172.t.0.t,3,2605,4727
at,3.172.t.0.t,4,2604,4729
at,3.172.t.0.t,5,2603,4731
at,3.172.t.0.t,6,2602,4733
at,3.172.t.0.t,7,2601,4735
at,3.172.t.0.t,8,2600,4736
at,3.172.t.0.t,9,2599,4738
at,3.172.t.0.t,10,2598,4739
at,3.172.t.0.t,11,2597,4741
at,3.172.t.0.t,12,2596,4742
at,3.172.t.0.t,13,2595,4743
at,3.172.t.0.t,14,2594,4744
at,3.172.t.0.t,15,2593,4746
at,3.172.t.0.t,16,2592,4748
at,3.172.t.0.t,17,2591,4750
at,3.172.t.0.t,18,2590,4751
at,3.172.t.0.t,19,2589,4753
at,3.172.t.0.t,20,2588,4754
at,3.172.t.0.t,21,2587,4755
at,3.172.t.0.t,22,2586,4756
at,3.172.t.0.t,23,2585,4759
at,3.172.t.0.t,24,2584,4762
at,3.172.t.0.t,25,2583,4764
at,3.172.t.0.t,26,2582,4766
at,3.172.t.0.t,27,2581,4767
at,3.172.t.0.t,28,2580,4769
at,3.172.t.0.t,29,2579,4771
at,3.172.t,1,2609,4772
at,3,173,2611,4773
at,3,174,2610,4775
at,3,175,2609,4777
at,3,176,2608,4779
at,3,177,2607,4781
at,3,178,2606,4783
at,3,179,2605,4786
at,3,180,2604,4788
at,3,181,2603,4790
at,3,182,2602,4792
at,3,183,2601,4795
at,3,184,2600,4797
at,3,185,2599,4799
at,3,186,2598,4801
at,3,187,2597,4803
at,3,188,2596,4805
at,3,189,2595,4806
at,3,190,2594,4808
at,3,191,2593,4809
at,3,192,2592,4810
at,3,193,2591,4812
at,3,194,2590,4813
at,3,195,2589,4815
at,3,196,2588,4816
at,3,197,2587,4818
at,3,198,2586,4819
at,3,199,2585,4821
at,3,200,2584,4823
at,3,201,2583,4825
at,3,202,2582,4826
seq,3.202.t,4828,2580,true,4833,end,5845
at,3.202.t,0,2580,4828
at,3.202.t,1,2579,4830
at,3.202.t,2,2578,4832
at,3,203,2581,4833
at,3,204,2580,4835
at,3,205,2579,4837
at,3,206,2578,4839
at,3,207,2577,4841
at,3,208,2576,4843
at,3,209,2575,4845
seq,3.209.t,4847,2573,false,5009,end,5845
at,3.209.t,0,2573,4847
seq,3.209.t.0.t,4849,2571,false,5008,end,5845
at,3.209.t.0.t,0,2571,4849
at,3.209.t.0.t,1,2570,4851
at,3.209.t.0.t,2,2569,4853
at,3.209.t.0.t,3,2568,4854
at,3.209.t.0.t,4,2567,4856
at,3.209.t.0.t,5,2566,4858
at,3.209.t.0.t,6,2565,4860
at,3.209.t.0.t,7,2564,4861
at,3.209.t.0.t,8,2563,4863
at,3.209.t.0.t,9,2562,4865
at,3.209.t.0.t,10,2561,4867
at,3.209.t.0.t,11,2560,4868
at,3.209.t.0.t,12,2559,4869
at,3.209.t.0.t,13,2558,4872
at,3.209.t.0.t,14,2557,4874
at,3.209.t.0.t,15,2556,4876
at,3.209.t.0.t,16,2555,4878
at,3.209.t.0.t,17,2554,4879
at,3.209.t.0.t,18,2553,4880
at,3.209.t.0.t,19,2552,4883
at,3.209.t.0.t,20,2551,4885
at,3.209.t.0.t,21,2550,4887
at,3.209.t.0.t,22,2549,4889
at,3.209.t.0.t,23,2548,4890
seq,3.209.t.0.t.23.t,4892,2546,true,4996,otherwise,5845
at,3.209.t.0.t.23.t,0,2546,4892
at,3.209.t.0.t.23.t,1,2545,4894
at,3.209.t.0.t.23.t,2,2544,4896
at,3.209.t.0.t.23.t,3,2543,4897
seq,3.209.t.0.t.23.t.3.t,4899,2541,true,4904,otherwise,5845
at,3.209.t.0.t.23.t.3.t,0,2541,4899
at,3.209.t.0.t.23.t.3.t,1,2540,4901
at,3.209.t.0.t.23.t.3.t,2,2539,4903
seq,3.209.t.0.t.23.t.3.e,4904,2541,false,4916,end,5845
at,3.209.t.0.t.23.t.3.e,0,2541,4904
at,3.209.t.0.t.23.t.3.e,1,2540,4906
at,3.209.t.0.t.23.t.3.e,2,2539,4908
at,3.209.t.0.t.23.t.3.e,3,2538,4909
at,3.209.t.0.t.23.t.3.e,4,2537,4910
at,3.209.t.0.t.23.t.3.e,5,2536,4912
at,3.209.t.0.t.23.t.3.e,6,2535,4915
at,3.209.t.0.t.23.t,4,2542,4916
at,3.209.t.0.t.23.t,5,2541,4918
at,3.209.t.0.t.23.t,6,2540,4920
at,3.209.t.0.t.23.t,7,2539,4921
at,3.209.t.0.t.23.t,8,2538,4922
at,3.209.t.0.t.23.t,9,2537,4933
at,3.209.t.0.t.23.t,10,2536,4936
at,3.209.t.0.t.23.t,11,2535,4938
at,3.209.t.0.t.23.t,12,2534,4940
at,3.209.t.0.t.23.t,13,2533,4941
at,3.209.t.0.t.23.t,14,2532,4942
at,3.209.t.0.t.23.t,15,2531,4944
at,3.209.t.0.t.23.t,16,2530,4947
at,3.209.t.0.t.23.t,17,2529,4949
at,3.209.t.0.t.23.t,18,2528,4951
at,3.209.t.0.t.23.t,19,2527,4952
at,3.209.t.0.t.23.t,20,2526,4953
at,3.209.t.0.t.23.t,21,2525,4955
at,3.209.t.0.t.23.t,22,2524,4958
at,3.209.t.0.t.23.t,23,2523,4960
at,3.209.t.0.t.23.t,24,2522,4962
at,3.209.t.0.t.23.t,25,2521,4963
at,3.209.t.0.t.23.t,26,2520,4964
at,3.209.t.0.t.23.t,27,2519,4966
at,3.209.t.0.t.23.t,28,2518,4969
at,3.209.t.0.t.23.t,29,2517,4971
at,3.209.t.0.t.23.t,30,2516,4973
at,3.209.t.0.t.23.t,31,2515,4974
at,3.209.t.0.t.23.t,32,2514,4975
at,3.209.t.0.t.23.t,33,2513,4977
at,3.209.t.0.t.23.t,34,2512,4980
at,3.209.t.0.t.23.t,35,2511,4982
at,3.209.t.0.t.23.t,36,2510,4984
at,3.209.t.0.t.23.t,37,2509,4985
at,3.209.t.0.t.23.t,38,2508,4986
at,3.209.t.0.t.23.t,39,2507,4988
at,3.209.t.0.t.23.t,40,2506,4991
at,3.209.t.0.t.23.t,41,2505,4993
at,3.209.t.0.t.23.t,42,2504,4995
seq,3.209.t.0.t.23.e,4996,2546,false,5005,end,5845
at,3.209.t.0.t.23.e,0,2546,4996
at,3.209.t.0.t.23.e,1,2545,4998
at,3.209.t.0.t.23.e,2,2544,5000
at,3.209.t.0.t.23.e,3,2543,5002
at,3.209.t.0.t.23.e,4,2542,5004
at,3.209.t.0.t,24,2547,5005
at,3.209.t.0.t,25,2546,5007
at,3.209.t,1,2572,5008
at,3,210,2574,5009
at,3,211,2573,5011
at,3,212,2572,5013
at,3,213,2571,5014
seq,3.213.t,5016,2569,true,5160,end,5845
at,3.213.t,0,2569,5016
at,3.213.t,1,2568,5018
at,3.213.t,2,2567,5020
at,3.213.t,3,2566,5021
at,3.213.t,4,2565,5023
at,3.213.t,5,2564,5024
at,3.213.t,6,2563,5026
at,3.213.t,7,2562,5028
at,3.213.t,8,2561,5029
seq,3.213.t.8.t,5031,2559,true,5033,end,5845
at,3.213.t.8.t,0,2559,5031
at,3.213.t.8.t,1,2558,5032
at,3.213.t,9,2560,5033
at,3.213.t,10,2559,5035
at,3.213.t,11,2558,5037
at,3.213.t,12,2557,5038
at,3.213.t,13,2556,5042
at,3.213.t,14,2555,5043
at,3.213.t,15,2554,5045
at,3.213.t,16,2553,5046
at,3.213.t,17,2552,5048
at,3.213.t,18,2551,5050
at,3.213.t,19,2550,5051
at,3.213.t,20,2549,5053
at,3.213.t,21,2548,5054
seq,3.213.t.21.t,5056,2546,true,5073,end,5845
at,3.213.t.21.t,0,2546,5056
at,3.213.t.21.t,1,2545,5058
at,3.213.t.21.t,2,2544,5060
at,3.213.t.21.t,3,2543,5061
at,3.213.t.21.t,4,2542,5062
at,3.213.t.21.t,5,2541,5063
at,3.213.t.21.t,6,2540,5065
at,3.213.t.21.t,7,2539,5067
at,3.213.t.21.t,8,2538,5068
seq,3.213.t.21.t.8.t,5070,2536,true,5072,end,5845
at,3.213.t.21.t.8.t,0,2536,5070
at,3.213.t.21.t.8.t,1,2535,5071
at,3.213.t.21.t,9,2537,5072
at,3.213.t,22,2547,5073
at,3.213.t,23,2546,5075
at,3.213.t,24,2545,5077
at,3.213.t,25,2544,5078
at,3.213.t,26,2543,5080
at,3.213.t,27,2542,5082
at,3.213.t,28,2541,5084
at,3.213.t,29,2540,5086
at,3.213.t,30,2539,5088
at,3.213.t,31,2538,5089
at,3.213.t,32,2537,5090
at,3.213.t,33,2536,5101
at,3.213.t,34,2535,5104
at,3.213.t,35,2534,5106
at,3.213.t,36,2533,5108
at,3.213.t,37,2532,5109
at,3.213.t,38,2531,5110
at,3.213.t,39,2530,5112
at,3.213.t,40,2529,5115
at,3.213.t,41,2528,5117
at,3.213.t,42,2527,5119
at,3.213.t,43,2526,5120
at,3.213.t,44,2525,5121
at,3.213.t,45,2524,5123
at,3.213.t,46,2523,5126
at,3.213.t,47,2522,5128
at,3.213.t,48,2521,5130
at,3.213.t,49,2520,5131
at,3.213.t,50,2519,5132
at,3.213.t,51,2518,5134
at,3.213.t,52,2517,5137
at,3.213.t,53,2516,5139
at,3.213.t,54,2515,5141
at,3.213.t,55,2514,5142
at,3.213.t,56,2513,5143
at,3.213.t,57,2512,5145
at,3.213.t,58,2511,5148
at,3.213.t,59,2510,5150
at,3.213.t,60,2509,5152
at,3.213.t,61,2508,5153
at,3.213.t,62,2507,5154
at,3.213.t,63,2506,5156
at,3.213.t,64,2505,5159
at,3,214,2570,5160
at,3,215,2569,5162
at,3,216,2568,5164
at,3,217,2567,5165
at,3,218,2566,5167
at,3,219,2565,5169
at,3,220,2564,5171
at,3,221,2563,5173
at,3,222,2562,5174
at,3,223,2561,5176
at,3,224,2560,5179
at,3,225,2559,5181
at,3,226,2558,5183
at,3,227,2557,5185
at,3,228,2556,5187
at,3,229,2555,5189
at,3,230,2554,5190
at,3,231,2553,5192
at,3,232,2552,5193
at,3,233,2551,5195
at,3,234,2550,5196
at,3,235,2549,5197
at,3,236,2548,5198
at,3,237,2547,5200
at,3,238,2546,5203
at,3,239,2545,5205
at,3,240,2544,5207
at,3,241,2543,5209
at,3,242,2542,5211
at,3,243,2541,5213
at,3,244,2540,5214
at,3,245,2539,5216
at,3,246,2538,5217
at,3,247,2537,5219
at,3,248,2536,5220
at,3,249,2535,5221
at,3,250,2534,5222
at,3,251,2533,5224
at,3,252,2532,5227
at,3,253,2531,5229
at,3,254,2530,5231
at,3,255,2529,5233
at,3,256,2528,5235
at,3,257,2527,5237
at,3,258,2526,5238
at,3,259,2525,5240
at,3,260,2524,5241
at,3,261,2523,5243
at,3,262,2522,5244
at,3,263,2521,5245
at,3,264,2520,5246
at,3,265,2519,5248
at,3,266,2518,5251
at,3,267,2517,5253
at,3,268,2516,5255
at,3,269,2515,5257
at,3,270,2514,5259
at,3,271,2513,5261
at,3,272,2512,5262
at,3,273,2511,5264
at,3,274,2510,5265
at,3,275,2509,5267
at,3,276,2508,5268
at,3,277,2507,5269
at,3,278,2506,5270
at,3,279,2505,5272
at,3,280,2504,5275
at,3,281,2503,5277
at,3,282,2502,5279
at,3,283,2501,5281
at,3,284,2500,5283
at,3,285,2499,5285
at,3,286,2498,5286
at,3,287,2497,5289
at,3,288,2496,5291
at,3,289,2495,5293
at,3,290,2494,5294
at,3,291,2493,5297
at,3,292,2492,5299
at,3,293,2491,5301
at,3,294,2490,5303
at,3,295,2489,5304
at,3,296,2488,5306
at,3,297,2487,5308
at,3,298,2486,5310
at,3,299,2485,5311
at,3,300,2484,5313
at,3,301,2483,5315
at,3,302,2482,5317
at,3,303,2481,5318
at,3,304,2480,5320
at,3,305,2479,5322
at,3,306,2478,5324
at,3,307,2477,5326
at,3,308,2476,5327
at,3,309,2475,5329
at,3,310,2474,5330
at,3,311,2473,5331
at,3,312,2472,5333
at,3,313,2471,5334
at,3,314,2470,5336
at,3,315,2469,5337
at,3,316,2468,5339
at,3,317,2467,5340
at,3,318,2466,5342
at,3,319,2465,5344
at,3,320,2464,5346
at,3,321,2463,5347
seq,3.321.t,5349,2461,true,5354,end,5845
at,3.321.t,0,2461,5349
at,3.321.t,1,2460,5351
at,3.321.t,2,2459,5353
at,3,322,2462,5354
at,3,323,2461,5356
at,3,324,2460,5358
at,3,325,2459,5360
at,3,326,2458,5362
at,3,327,2457,5364
at,3,328,2456,5366
seq,3.328.t,5368,2454,false,5530,end,5845
at,3.328.t,0,2454,5368
seq,3.328.t.0.t,5370,2452,false,5529,end,5845
at,3.328.t.0.t,0,2452,5370
at,3.328.t.0.t,1,2451,5372
at,3.328.t.0.t,2,2450,5374
at,3.328.t.0.t,3,2449,5375
at,3.328.t.0.t,4,2448,5377
at,3.328.t.0.t,5,2447,5379
at,3.328.t.0.t,6,2446,5381
at,3.328.t.0.t,7,2445,5382
at,3.328.t.0.t,8,2444,5384
at,3.328.t.0.t,9,2443,5386
at,3.328.t.0.t,10,2442,5388
at,3.328.t.0.t,11,2441,5389
at,3.328.t.0.t,12,2440,5390
at,3.328.t.0.t,13,2439,5393
at,3.328.t.0.t,14,2438,5395
at,3.328.t.0.t,15,2437,5397
at,3.328.t.0.t,16,2436,5399
at,3.328.t.0.t,17,2435,5400
at,3.328.t.0.t,18,2434,5401
at,3.328.t.0.t,19,2433,5404
at,3.328.t.0.t,20,2432,5406
at,3.328.t.0.t,21,2431,5408
at,3.328.t.0.t,22,2430,5410
at,3.328.t.0.t,23,2429,5411
seq,3.328.t.0.t.23.t,5413,2427,true,5517,otherwise,5845
at,3.328.t.0.t.23.t,0,2427,5413
at,3.328.t.0.t.23.t,1,2426,5415
at,3.328.t.0.t.23.t,2,2425,5417
at,3.328.t.0.t.23.t,3,2424,5418
seq,3.328.t.0.t.23.t.3.t,5420,2422,true,5425,otherwise,5845
at,3.328.t.0.t.23.t.3.t,0,2422,5420
at,3.328.t.0.t.23.t.3.t,1,2421,5422
at,3.328.t.0.t.23.t.3.t,2,2420,5424
seq,3.328.t.0.t.23.t.3.e,5425,2422,false,5437,end,5845
at,3.328.t.0.t.23.t.3.e,0,2422,5425
at,3.328.t.0.t.23.t.3.e,1,2421,5427
at,3.328.t.0.t.23.t.3.e,2,2420,5429
at,3.328.t.0.t.23.t.3.e,3,2419,5430
at,3.328.t.0.t.23.t.3.e,4,2418,5431
at,3.328.t.0.t.23.t.3.e,5,2417,5433
at,3.328.t.0.t.23.t.3.e,6,2416,5436
at,3.328.t.0.t.23.t,4,2423,5437
at,3.328.t.0.t.23.t,5,2422,5439
at,3.328.t.0.t.23.t,6,2421,5441
at,3.328.t.0.t.23.t,7,2420,5442
at,3.328.t.0.t.23.t,8,2419,5443
at,3.328.t.0.t.23.t,9,2418,5454
at,3.328.t.0.t.23.t,10,2417,5457
at,3.328.t.0.t.23.t,11,2416,5459
at,3.328.t.0.t.23.t,12,2415,5461
at,3.328.t.0.t.23.t,13,2414,5462
at,3.328.t.0.t.23.t,14,2413,5463
at,3.328.t.0.t.23.t,15,2412,5465
at,3.328.t.0.t.23.t,16,2411,5468
at,3.328.t.0.t.23.t,17,2410,5470
at,3.328.t.0.t.23.t,18,2409,5472
at,3.328.t.0.t.23.t,19,2408,5473
at,3.328.t.0.t.23.t,20,2407,5474
at,3.328.t.0.t.23.t,21,2406,5476
at,3.328.t.0.t.23.t,22,2405,5479
at,3.328.t.0.t.23.t,23,2404,5481
at,3.328.t.0.t.23.t,24,2403,5483
at,3.328.t.0.t.23.t,25,2402,5484
at,3.328.t.0.t.23.t,26,2401,5485
at,3.328.t.0.t.23.t,27,2400,5487
at,3.328.t.0.t.23.t,28,2399,5490
at,3.328.t.0.t.23.t,29,2398,5492
at,3.328.t.0.t.23.t,30,2397,5494
at,3.328.t.0.t.23.t,31,2396,5495
at,3.328.t.0.t.23.t,32,2395,5496
at,3.328.t.0.t.23.t,33,2394,5498
at,3.328.t.0.t.23.t,34,2393,5501
at,3.328.t.0.t.23.t,35,2392,5503
at,3.328.t.0.t.23.t,36,2391,5505
at,3.328.t.0.t.23.t,37,2390,5506
at,3.328.t.0.t.23.t,38,2389,5507
at,3.328.t.0.t.23.t,39,2388,5509
at,3.328.t.0.t.23.t,40,2387,5512
at,3.328.t.0.t.23.t,41,2386,5514
at,3.328.t.0.t.23.t,42,2385,5516
seq,3.328.t.0.t.23.e,5517,2427,false,5526,end,5845
at,3.328.t.0.t.23.e,0,2427,5517
at,3.328.t.0.t.23.e,1,2426,5519
at,3.328.t.0.t.23.e,2,2425,5521
at,3.328.t.0.t.23.e,3,2424,5523
at,3.328.t.0.t.23.e,4,2423,5525
at,3.328.t.0.t,24,2428,5526
at,3.328.t.0.t,25,2427,5528
at,3.328.t,1,2453,5529
at,3,329,2455,5530
at,3,330,2454,5532
at,3,331,2453,5534
at,3,332,2452,5535
seq,3.332.t,5537,2450,true,5681,end,5845
at,3.332.t,0,2450,5537
at,3.332.t,1,2449,5539
at,3.332.t,2,2448,5541
at,3.332.t,3,2447,5542
at,3.332.t,4,2446,5544
at,3.332.t,5,2445,5545
at,3.332.t,6,2444,5547
at,3.332.t,7,2443,5549
at,3.332.t,8,2442,5550
seq,3.332.t.8.t,5552,2440,true,5554,end,5845
at,3.332.t.8.t,0,2440,5552
at,3.332.t.8.t,1,2439,5553
at,3.332.t,9,2441,5554
at,3.332.t,10,2440,5556
at,3.332.t,11,2439,5558
at,3.332.t,12,2438,5559
at,3.332.t,13,2437,5563
at,3.332.t,14,2436,5564
at,3.332.t,15,2435,5566
at,3.332.t,16,2434,5567
at,3.332.t,17,2433,5569
at,3.332.t,18,2432,5571
at,3.332.t,19,2431,5572
at,3.332.t,20,2430,5574
at,3.332.t,21,2429,5575
seq,3.332.t.21.t,5577,2427,true,5594,end,5845
at,3.332.t.21.t,0,2427,5577
at,3.332.t.21.t,1,2426,5579
at,3.332.t.21.t,2,2425,5581
at,3.332.t.21.t,3,2424,5582
at,3.332.t.21.t,4,2423,5583
at,3.332.t.21.t,5,2422,5584
at,3.332.t.21.t,6,2421,5586
at,3.332.t.21.t,7,2420,5588
at,3.332.t.21.t,8,2419,5589
seq,3.332.t.21.t.8.t,5591,2417,true,5593,end,5845
at,3.332.t.21.t.8.t,0,2417,5591
at,3.332.t.21.t.8.t,1,2416,5592
at,3.332.t.21.t,9,2418,5593
at,3.332.t,22,2428,5594
at,3.332.t,23,2427,5596
at,3.332.t,24,2426,5598
at,3.332.t,25,2425,5599
at,3.332.t,26,2424,5601
at,3.332.t,27,2423,5603
at,3.332.t,28,2422,5605
at,3.332.t,29,2421,5607
at,3.332.t,30,2420,5609
at,3.332.t,31,2419,5610
at,3.332.t,32,2418,5611
at,3.332.t,33,2417,5622
at,3.332.t,34,2416,5625
at,3.332.t,35,2415,5627
at,3.332.t,36,2414,5629
at,3.332.t,37,2413,5630
at,3.332.t,38,2412,5631
at,3.332.t,39,2411,5633
at,3.332.t,40,2410,5636
at,3.332.t,41,2409,5638
at,3.332.t,42,2408,5640
at,3.332.t,43,2407,5641
at,3.332.t,44,2406,5642
at,3.332.t,45,2405,5644
at,3.332.t,46,2404,5647
at,3.332.t,47,2403,5649
at,3.332.t,48,2402,5651
at,3.332.t,49,2401,5652
at,3.332.t,50,2400,5653
at,3.332.t,51,2399,5655
at,3.332.t,52,2398,5658
at,3.332.t,53,2397,5660
at,3.332.t,54,2396,5662
at,3.332.t,55,2395,5663
at,3.332.t,56,2394,5664
at,3.332.t,57,2393,5666
at,3.332.t,58,2392,5669
at,3.332.t,59,2391,5671
at,3.332.t,60,2390,5673
at,3.332.t,61,2389,5674
at,3.332.t,62,2388,5675
at,3.332.t,63,2387,5677
at,3.332.t,64,2386,5680
at,3,333,2451,5681
at,3,334,2450,5683
at,3,335,2449,5685
at,3,336,2448,5686
at,3,337,2447,5688
at,3,338,2446,5690
at,3,339,2445,5692
at,3,340,2444,5694
at,3,341,2443,5695
at,3,342,2442,5697
at,3,343,2441,5700
at,3,344,2440,5702
at,3,345,2439,5704
seq,3.345.t,5706,2437,false,5756,end,5845
at,3.345.t,0,2437,5706
seq,3.345.t.0.t,5708,2435,false,5755,end,5845
at,3.345.t.0.t,0,2435,5708
at,3.345.t.0.t,1,2434,5710
at,3.345.t.0.t,2,2433,5712
at,3.345.t.0.t,3,2432,5713
at,3.345.t.0.t,4,2431,5715
at,3.345.t.0.t,5,2430,5717
at,3.345.t.0.t,6,2429,5719
at,3.345.t.0.t,7,2428,5721
at,3.345.t.0.t,8,2427,5722
at,3.345.t.0.t,9,2426,5724
at,3.345.t.0.t,10,2425,5725
at,3.345.t.0.t,11,2424,5726
at,3.345.t.0.t,12,2423,5727
at,3.345.t.0.t,13,2422,5729
at,3.345.t.0.t,14,2421,5731
at,3.345.t.0.t,15,2420,5733
at,3.345.t.0.t,16,2419,5734
at,3.345.t.0.t,17,2418,5736
at,3.345.t.0.t,18,2417,5737
at,3.345.t.0.t,19,2416,5738
at,3.345.t.0.t,20,2415,5739
at,3.345.t.0.t,21,2414,5742
at,3.345.t.0.t,22,2413,5745
at,3.345.t.0.t,23,2412,5747
at,3.345.t.0.t,24,2411,5749
at,3.345.t.0.t,25,2410,5750
at,3.345.t.0.t,26,2409,5752
at,3.345.t.0.t,27,2408,5754
at,3.345.t,1,2436,5755
at,3,346,2438,5756
at,3,347,2437,5758
at,3,348,2436,5760
seq,3.348.t,5762,2434,false,5815,end,5845
at,3.348.t,0,2434,5762
seq,3.348.t.0.t,5764,2432,false,5814,end,5845
at,3.348.t.0.t,0,2432,5764
at,3.348.t.0.t,1,2431,5766
at,3.348.t.0.t,2,2430,5768
at,3.348.t.0.t,3,2429,5769
at,3.348.t.0.t,4,2428,5771
at,3.348.t.0.t,5,2427,5773
at,3.348.t.0.t,6,2426,5775
at,3.348.t.0.t,7,2425,5777
at,3.348.t.0.t,8,2424,5778
at,3.348.t.0.t,9,2423,5780
at,3.348.t.0.t,10,2422,5781
at,3.348.t.0.t,11,2421,5783
at,3.348.t.0.t,12,2420,5784
at,3.348.t.0.t,13,2419,5785
at,3.348.t.0.t,14,2418,5786
at,3.348.t.0.t,15,2417,5788
at,3.348.t.0.t,16,2416,5790
at,3.348.t.0.t,17,2415,5792
at,3.348.t.0.t,18,2414,5793
at,3.348.t.0.t,19,2413,5795
at,3.348.t.0.t,20,2412,5796
at,3.348.t.0.t,21,2411,5797
at,3.348.t.0.t,22,2410,5798
at,3.348.t.0.t,23,2409,5801
at,3.348.t.0.t,24,2408,5804
at,3.348.t.0.t,25,2407,5806
at,3.348.t.0.t,26,2406,5808
at,3.348.t.0.t,27,2405,5809
at,3.348.t.0.t,28,2404,5811
at,3.348.t.0.t,29,2403,5813
at,3.348.t,1,2433,5814
at,3,349,2435,5815
at,3,350,2434,5817
at,3,351,2433,5819
at,3,352,2432,5821
at,3,353,2431,5823
at,3,354,2430,5825
at,3,355,2429,5828
at,3,356,2428,5830
at,3,357,2427,5832
at,3,358,2426,5834
at,3,359,2425,5836
at,3,360,2424,5838
at,3,361,2423,5840
at,3,362,2422,5842
at,3,363,2421,5844
4,code,5845,5856,5849,5846
4,0,7,5849
4,1,6,5851
4,2,5,5853
4,3,4,5855
seq,4,5849,7,false,5856,end,5856
at,4,0,7,5849
at,4,1,6,5851
at,4,2,5,5853
at,4,3,4,5855
5,code,5856,5867,5860,5857
5,0,7,5860
5,1,6,5862
5,2,5,5864
5,3,4,5866
seq,5,5860,7,false,5867,end,5867
at,5,0,7,5860
at,5,1,6,5862
at,5,2,5,5864
at,5,3,4,5866
6,code,5867,5884,5871,5868
6,0,13,5871
6,1,12,5873
6,2,11,5875
6,3,10,5877
6,4,9,5879
6,5,8,5881
6,6,7,5883
seq,6,5871,13,false,5884,end,5884
at,6,0,13,5871
at,6,1,12,5873
at,6,2,11,5875
at,6,3,10,5877
at,6,4,9,5879
at,6,5,8,5881
at,6,6,7,5883
7,code,5884,5961,5888,5885
7,0,73,5888
7,1,72,5890
7,2,71,5892
7,3,70,5894
7,4,69,5896
7,5,68,5898
7,6,67,5900
7,7,66,5902
7,8,65,5904
7,9,64,5906
7,10,63,5908
7,11,62,5910
7,12,61,5912
7,13,60,5914
7,14,59,5916
7,15,58,5918
7,16,57,5920
7,17,56,5922
7,18,55,5924
7,19,54,5926
7,20,53,5928
7,21,52,5930
7,22,51,5932
7,23,50,5934
7,24,49,5936
7,25,48,5938
7,26,47,5940
7,27,46,5942
7,28,45,5944
7,29,44,5946
7,30,43,5948
7,31,42,5950
7,32,41,5952
7,33,40,5954
7,34,39,5956
7,35,38,5958
7,36,37,5960
seq,7,5888,73,false,5961,end,5961
at,7,0,73,5888
at,7,1,72,5890
at,7,2,71,5892
at,7,3,70,5894
at,7,4,69,5896
at,7,5,68,5898
at,7,6,67,5900
at,7,7,66,5902
at,7,8,65,5904
at,7,9,64,5906
at,7,10,63,5908
at,7,11,62,5910
at,7,12,61,5912
at,7,13,60,5914
at,7,14,59,5916
at,7,15,58,5918
at,7,16,57,5920
at,7,17,56,5922
at,7,18,55,5924
at,7,19,54,5926
at,7,20,53,5928
at,7,21,52,5930
at,7,22,51,5932
at,7,23,50,5934
at,7,24,49,5936
at,7,25,48,5938
at,7,26,47,5940
at,7,27,46,5942
at,7,28,45,5944
at,7,29,44,5946
at,7,30,43,5948
at,7,31,42,5950
at,7,32,41,5952
at,7,33,40,5954
at,7,34,39,5956
at,7,35,38,5958
at,7,36,37,5960
8,code,5961,5972,5965,5962
8,0,7,5965
8,1,6,5967
8,2,5,5969
8,3,4,5971
seq,8,5965,7,false,5972,end,5972
at,8,0,7,5965
at,8,1,6,5967
at,8,2,5,5969
at,8,3,4,5971
9,code,5972,5995,5976,5973
9,0,19,5976
9,1,18,5978
9,2,17,5980
9,3,16,5982
9,4,15,5984
9,5,14,5986
9,6,13,5988
9,7,12,5990
9,8,11,5992
9,9,10,5994
seq,9,5976,19,false,5995,end,5995
at,9,0,19,5976
at,9,1,18,5978
at,9,2,17,5980
at,9,3,16,5982
at,9,4,15,5984
at,9,5,14,5986
at,9,6,13,5988
at,9,7,12,5990
at,9,8,11,5992
at,9,9,10,5994
10,code,5995,6006,5999,5996
10,0,7,5999
10,1,6,6001
10,2,5,6003
10,3,4,6005
seq,10,5999,7,false,6006,end,6006
at,10,0,7,5999
at,10,1,6,6001
at,10,2,5,6003
at,10,3,4,6005
11,code,6006,6017,6010,6007
11,0,7,6010
11,1,6,6012
11,2,5,6014
11,3,4,6016
seq,11,6010,7,false,6017,end,6017
at,11,0,7,6010
at,11,1,6,6012
at,11,2,5,6014
at,11,3,4,6016
12,code,6017,6040,6021,6018
12,0,19,6021
12,1,18,6023
12,2,17,6025
12,3,16,6027
12,4,15,6029
12,5,14,6031
12,6,13,6033
12,7,12,6035
12,8,11,6037
12,9,10,6039
seq,12,6021,19,false,6040,end,6040
at,12,0,19,6021
at,12,1,18,6023
at,12,2,17,6025
at,12,3,16,6027
at,12,4,15,6029
at,12,5,14,6031
at,12,6,13,6033
at,12,7,12,6035
at,12,8,11,6037
at,12,9,10,6039
13,code,6040,6063,6044,6041
13,0,19,6044
13,1,18,6046
13,2,17,6048
13,3,16,6050
13,4,15,6052
13,5,14,6054
13,6,13,6056
13,7,12,6058
13,8,11,6060
13,9,10,6062
seq,13,6044,19,false,6063,end,6063
at,13,0,19,6044
at,13,1,18,6046
at,13,2,17,6048
at,13,3,16,6050
at,13,4,15,6052
at,13,5,14,6054
at,13,6,13,6056
at,13,7,12,6058
at,13,8,11,6060
at,13,9,10,6062
14,code,6063,6086,6067,6064
14,0,19,6067
14,1,18,6069
14,2,17,6071
14,3,16,6073
14,4,15,6075
14,5,14,6077
14,6,13,6079
14,7,12,6081
14,8,11,6083
14,9,10,6085
seq,14,6067,19,false,6086,end,6086
at,14,0,19,6067
at,14,1,18,6069
at,14,2,17,6071
at,14,3,16,6073
at,14,4,15,6075
at,14,5,14,6077
at,14,6,13,6079
at,14,7,12,6081
at,14,8,11,6083
at,14,9,10,6085
15,code,6086,7438,6091,6088
15,0,1347,6091
15,1,1346,6093
15,2,1345,6095
15,3,1344,6097
15,4,1343,6099
15,5,1342,6101
15,6,1341,6103
15,7,1340,6105
15,8,1339,6107
15,9,1338,6109
15,10,1337,6111
15,11,1336,6113
15,12,1335,6115
15,13,1334,6117
15,14,1333,6119
15,15,1332,6121
15,16,1331,6123
15,17,1330,6125
15,18,1329,6127
15,19,1328,6129
15,20,1327,6131
15,21,1326,6133
15,22,1325,6135
15,23,1324,6137
15,24,1323,6139
15,25,1322,6141
15,26,1321,6143
15,27,1320,6145
15,28,1319,6147
15,29,1318,6149
15,30,1317,6151
15,31,1316,6153
15,32,1315,6155
15,33,1314,6157
15,34,1313,6159
15,35,1312,6161
15,36,1311,6163
15,37,1310,6165
15,38,1309,6167
15,39,1308,6169
15,40,1307,6171
15,41,1306,6173
15,42,1305,6175
15,43,1304,6177
15,44,1303,6179
15,45,1302,6181
15,46,1301,6183
15,47,1300,6185
15,48,1299,6187
15,49,1298,6189
15,50,1297,6190
15,51,1296,6192
15,52,1295,6193
15,53,1294,6194
15,54,1293,6196
15,55,1292,6197
15,56,1291,6199
15,57,1290,6200
15,58,1289,6202
15,59,1288,6203
15,60,1287,6205
15,61,1286,6207
15,62,1285,6209
15,63,1284,6210
15,64,1283,6217
15,65,1282,6219
15,66,1281,6221
15,67,1280,6223
15,68,1279,6225
15,69,1278,6227
15,70,1277,6229
15,71,1276,6393
15,72,1275,6395
15,73,1274,6397
15,74,1273,6398
15,75,1272,6544
15,76,1271,6546
15,77,1270,6548
15,78,1269,6549
15,79,1268,6551
15,80,1267,6553
15,81,1266,6555
15,82,1265,6557
15,83,1264,6558
15,84,1263,6560
15,85,1262,6563
15,86,1261,6565
15,87,1260,6567
15,88,1259,6569
15,89,1258,6571
15,90,1257,6573
15,91,1256,6574
15,92,1255,6576
15,93,1254,6577
15,94,1253,6579
15,95,1252,6580
15,96,1251,6581
15,97,1250,6582
15,98,1249,6584
15,99,1248,6587
15,100,1247,6589
15,101,1246,6591
15,102,1245,6593
15,103,1244,6595
15,104,1243,6597
15,105,1242,6598
15,106,1241,6600
15,107,1240,6601
15,108,1239,6603
15,109,1238,6604
15,110,1237,6605
15,111,1236,6606
15,112,1235,6608
15,113,1234,6611
15,114,1233,6613
15,115,1232,6615
15,116,1231,6617
15,117,1230,6619
15,118,1229,6621
15,119,1228,6622
15,120,1227,6624
15,121,1226,6625
15,122,1225,6627
15,123,1224,6628
15,124,1223,6629
15,125,1222,6630
15,126,1221,6632
15,127,1220,6635
15,128,1219,6637
15,129,1218,6639
15,130,1217,6641
15,131,1216,6643
15,132,1215,6645
15,133,1214,6646
15,134,1213,6648
15,135,1212,6649
15,136,1211,6651
15,137,1210,6652
15,138,1209,6653
15,139,1208,6654
15,140,1207,6656
15,141,1206,6659
15,142,1205,6661
15,143,1204,6663
15,144,1203,6665
15,145,1202,6667
15,146,1201,6669
15,147,1200,6670
15,148,1199,6672
15,149,1198,6673
15,150,1197,6675
15,151,1196,6676
15,152,1195,6677
15,153,1194,6678
15,154,1193,6680
15,155,1192,6683
15,156,1191,6685
15,157,1190,6687
15,158,1189,6689
15,159,1188,6691
15,160,1187,6693
15,161,1186,6694
15,162,1185,6696
15,163,1184,6697
15,164,1183,6699
15,165,1182,6700
15,166,1181,6701
15,167,1180,6702
15,168,1179,6704
15,169,1178,6707
15,170,1177,6709
15,171,1176,6711
15,172,1175,6713
15,173,1174,6715
15,174,1173,6717
15,175,1172,6718
15,176,1171,6720
15,177,1170,6721
15,178,1169,6723
15,179,1168,6724
15,180,1167,6725
15,181,1166,6726
15,182,1165,6728
15,183,1164,6731
15,184,1163,6733
15,185,1162,6735
15,186,1161,6737
15,187,1160,6739
15,188,1159,6741
15,189,1158,6742
15,190,1157,6744
15,191,1156,6745
15,192,1155,6747
15,193,1154,6748
15,194,1153,6749
15,195,1152,6750
15,196,1151,6752
15,197,1150,6755
15,198,1149,6757
15,199,1148,6759
15,200,1147,6761
15,201,1146,6763
15,202,1145,6765
15,203,1144,6766
15,204,1143,6768
15,205,1142,6769
15,206,1141,6771
15,207,1140,6772
15,208,1139,6773
15,209,1138,6774
15,210,1137,6776
15,211,1136,6779
15,212,1135,6781
15,213,1134,6783
15,214,1133,6785
15,215,1132,6787
15,216,1131,6789
15,217,1130,6790
15,218,1129,6792
15,219,1128,6793
15,220,1127,6795
15,221,1126,6796
15,222,1125,6797
15,223,1124,6798
15,224,1123,6800
15,225,1122,6803
15,226,1121,6805
15,227,1120,6807
15,228,1119,6809
15,229,1118,6811
15,230,1117,6813
15,231,1116,6814
15,232,1115,6816
15,233,1114,6817
15,234,1113,6819
15,235,1112,6820
15,236,1111,6821
15,237,1110,6822
15,238,1109,6824
15,239,1108,6827
15,240,1107,6829
15,241,1106,6831
15,242,1105,6833
15,243,1104,6835
15,244,1103,6837
15,245,1102,6838
15,246,1101,6840
15,247,1100,6841
15,248,1099,6843
15,249,1098,6844
15,250,1097,6845
15,251,1096,6846
15,252,1095,6848
15,253,1094,6851
15,254,1093,6853
15,255,1092,6855
15,256,1091,6857
15,257,1090,6859
15,258,1089,6861
15,259,1088,6863
15,260,1087,6865
15,261,1086,6867
15,262,1085,6869
15,263,1084,6870
15,264,1083,6873
15,265,1082,6875
15,266,1081,6877
15,267,1080,6878
15,268,1079,6881
15,269,1078,6883
15,270,1077,6885
15,271,1076,6887
15,272,1075,6888
15,273,1074,6890
15,274,1073,6892
15,275,1072,6894
15,276,1071,6895
15,277,1070,6897
15,278,1069,6899
15,279,1068,6901
15,280,1067,6902
15,281,1066,6904
15,282,1065,6906
15,283,1064,6908
15,284,1063,6910
15,285,1062,6911
15,286,1061,6913
15,287,1060,6914
15,288,1059,6915
15,289,1058,6917
15,290,1057,6918
15,291,1056,6920
15,292,1055,6921
15,293,1054,6923
15,294,1053,6924
15,295,1052,6926
15,296,1051,6928
15,297,1050,6930
15,298,1049,6931
15,299,1048,6938
15,300,1047,6940
15,301,1046,6942
15,302,1045,6944
15,303,1044,6946
15,304,1043,6948
15,305,1042,6950
15,306,1041,7114
15,307,1040,7116
15,308,1039,7118
15,309,1038,7119
15,310,1037,7265
15,311,1036,7267
15,312,1035,7269
15,313,1034,7270
15,314,1033,7272
15,315,1032,7274
15,316,1031,7276
15,317,1030,7278
15,318,1029,7279
15,319,1028,7281
15,320,1027,7284
15,321,1026,7286
15,322,1025,7288
15,323,1024,7340
15,324,1023,7342
15,325,1022,7344
15,326,1021,7399
15,327,1020,7401
15,328,1019,7403
15,329,1018,7405
15,330,1017,7407
15,331,1016,7409
15,332,1015,7412
15,333,1014,7414
15,334,1013,7416
15,335,1012,7418
15,336,1011,7421
15,337,1010,7423
15,338,1009,7425
15,339,1008,7427
15,340,1007,7429
15,341,1006,7431
15,342,1005,7433
15,343,1004,7435
15,344,1003,7437
seq,15,6091,1347,false,7438,end,7438
at,15,0,1347,6091
at,15,1,1346,6093
at,15,2,1345,6095
at,15,3,1344,6097
at,15,4,1343,6099
at,15,5,1342,6101
at,15,6,1341,6103
at,15,7,1340,6105
at,15,8,1339,6107
at,15,9,1338,6109
at,15,10,1337,6111
at,15,11,1336,6113
at,15,12,1335,6115
at,15,13,1334,6117
at,15,14,1333,6119
at,15,15,1332,6121
at,15,16,1331,6123
at,15,17,1330,6125
at,15,18,1329,6127
at,15,19,1328,6129
at,15,20,1327,6131
at,15,21,1326,6133
at,15,22,1325,6135
at,15,23,1324,6137
at,15,24,1323,6139
at,15,25,1322,6141
at,15,26,1321,6143
at,15,27,1320,6145
at,15,28,1319,6147
at,15,29,1318,6149
at,15,30,1317,6151
at,15,31,1316,6153
at,15,32,1315,6155
at,15,33,1314,6157
at,15,34,1313,6159
at,15,35,1312,6161
at,15,36,1311,6163
at,15,37,1310,6165
at,15,38,1309,6167
at,15,39,1308,6169
at,15,40,1307,6171
at,15,41,1306,6173
at,15,42,1305,6175
at,15,43,1304,6177
at,15,44,1303,6179
at,15,45,1302,6181
at,15,46,1301,6183
at,15,47,1300,6185
at,15,48,1299,6187
at,15,49,1298,6189
at,15,50,1297,6190
at,15,51,1296,6192
at,15,52,1295,6193
at,15,53,1294,6194
at,15,54,1293,6196
at,15,55,1292,6197
at,15,56,1291,6199
at,15,57,1290,6200
at,15,58,1289,6202
at,15,59,1288,6203
at,15,60,1287,6205
at,15,61,1286,6207
at,15,62,1285,6209
at,15,63,1284,6210
seq,15.63.t,6212,1282,true,6217,end,7438
at,15.63.t,0,1282,6212
at,15.63.t,1,1281,6214
at,15.63.t,2,1280,6216
at,15,64,1283,6217
at,15,65,1282,6219
at,15,66,1281,6221
at,15,67,1280,6223
at,15,68,1279,6225
at,15,69,1278,6227
at,15,70,1277,6229
seq,15.70.t,6231,1275,false,6393,end,7438
at,15.70.t,0,1275,6231
seq,15.70.t.0.t,6233,1273,false,6392,end,7438
at,15.70.t.0.t,0,1273,6233
at,15.70.t.0.t,1,1272,6235
at,15.70.t.0.t,2,1271,6237
at,15.70.t.0.t,3,1270,6238
at,15.70.t.0.t,4,1269,6240
at,15.70.t.0.t,5,1268,6242
at,15.70.t.0.t,6,1267,6244
at,15.70.t.0.t,7,1266,6245
at,15.70.t.0.t,8,1265,6247
at,15.70.t.0.t,9,1264,6249
at,15.70.t.0.t,10,1263,6251
at,15.70.t.0.t,11,1262,6252
at,15.70.t.0.t,12,1261,6253
at,15.70.t.0.t,13,1260,6256
at,15.70.t.0.t,14,1259,6258
at,15.70.t.0.t,15,1258,6260
at,15.70.t.0.t,16,1257,6262
at,15.70.t.0.t,17,1256,6263
at,15.70.t.0.t,18,1255,6264
at,15.70.t.0.t,19,1254,6267
at,15.70.t.0.t,20,1253,6269
at,15.70.t.0.t,21,1252,6271
at,15.70.t.0.t,22,1251,6273
at,15.70.t.0.t,23,1250,6274
seq,15.70.t.0.t.23.t,6276,1248,true,6380,otherwise,7438
at,15.70.t.0.t.23.t,0,1248,6276
at,15.70.t.0.t.23.t,1,1247,6278
at,15.70.t.0.t.23.t,2,1246,6280
at,15.70.t.0.t.23.t,3,1245,6281
seq,15.70.t.0.t.23.t.3.t,6283,1243,true,6288,otherwise,7438
at,15.70.t.0.t.23.t.3.t,0,1243,6283
at,15.70.t.0.t.23.t.3.t,1,1242,6285
at,15.70.t.0.t.23.t.3.t,2,1241,6287
seq,15.70.t.0.t.23.t.3.e,6288,1243,false,6300,end,7438
at,15.70.t.0.t.23.t.3.e,0,1243,6288
at,15.70.t.0.t.23.t.3.e,1,1242,6290
at,15.70.t.0.t.23.t.3.e,2,1241,6292
at,15.70.t.0.t.23.t.3.e,3,1240,6293
at,15.70.t.0.t.23.t.3.e,4,1239,6294
at,15.70.t.0.t.23.t.3.e,5,1238,6296
at,15.70.t.0.t.23.t.3.e,6,1237,6299
at,15.70.t.0.t.23.t,4,1244,6300
at,15.70.t.0.t.23.t,5,1243,6302
at,15.70.t.0.t.23.t,6,1242,6304
at,15.70.t.0.t.23.t,7,1241,6305
at,15.70.t.0.t.23.t,8,1240,6306
at,15.70.t.0.t.23.t,9,1239,6317
at,15.70.t.0.t.23.t,10,1238,6320
at,15.70.t.0.t.23.t,11,1237,6322
at,15.70.t.0.t.23.t,12,1236,6324
at,15.70.t.0.t.23.t,13,1235,6325
at,15.70.t.0.t.23.t,14,1234,6326
at,15.70.t.0.t.23.t,15,1233,6328
at,15.70.t.0.t.23.t,16,1232,6331
at,15.70.t.0.t.23.t,17,1231,6333
at,15.70.t.0.t.23.t,18,1230,6335
at,15.70.t.0.t.23.t,19,1229,6336
at,15.70.t.0.t.23.t,20,1228,6337
at,15.70.t.0.t.23.t,21,1227,6339
at,15.70.t.0.t.23.t,22,1226,6342
at,15.70.t.0.t.23.t,23,1225,6344
at,15.70.t.0.t.23.t,24,1224,6346
at,15.70.t.0.t.23.t,25,1223,6347
at,15.70.t.0.t.23.t,26,1222,6348
at,15.70.t.0.t.23.t,27,1221,6350
at,15.70.t.0.t.23.t,28,1220,6353
at,15.70.t.0.t.23.t,29,1219,6355
at,15.70.t.0.t.23.t,30,1218,6357
at,15.70.t.0.t.23.t,31,1217,6358
at,15.70.t.0.t.23.t,32,1216,6359
at,15.70.t.0.t.23.t,33,1215,6361
at,15.70.t.0.t.23.t,34,1214,6364
at,15.70.t.0.t.23.t,35,1213,6366
at,15.70.t.0.t.23.t,36,1212,6368
at,15.70.t.0.t.23.t,37,1211,6369
at,15.70.t.0.t.23.t,38,1210,6370
at,15.70.t.0.t.23.t,39,1209,6372
at,15.70.t.0.t.23.t,40,1208,6375
at,15.70.t.0.t.23.t,41,1207,6377
at,15.70.t.0.t.23.t,42,1206,6379
seq,15.70.t.0.t.23.e,6380,1248,false,6389,end,7438
at,15.70.t.0.t.23.e,0,1248,6380
at,15.70.t.0.t.23.e,1,1247,6382
at,15.70.t.0.t.23.e,2,1246,6384
at,15.70.t.0.t.23.e,3,1245,6386
at,15.70.t.0.t.23.e,4,1244,6388
at,15.70.t.0.t,24,1249,6389
at,15.70.t.0.t,25,1248,6391
at,15.70.t,1,1274,6392
at,15,71,1276,6393
at,15,72,1275,6395
at,15,73,1274,6397
at,15,74,1273,6398
seq,15.74.t,6400,1271,true,6544,end,7438
at,15.74.t,0,1271,6400
at,15.74.t,1,1270,6402
at,15.74.t,2,1269,6404
at,15.74.t,3,1268,6405
at,15.74.t,4,1267,6407
at,15.74.t,5,1266,6408
at,15.74.t,6,1265,6410
at,15.74.t,7,1264,6412
at,15.74.t,8,1263,6413
seq,15.74.t.8.t,6415,1261,true,6417,end,7438
at,15.74.t.8.t,0,1261,6415
at,15.74.t.8.t,1,1260,6416
at,15.74.t,9,1262,6417
at,15.74.t,10,1261,6419
at,15.74.t,11,1260,6421
at,15.74.t,12,1259,6422
at,15.74.t,13,1258,6426
at,15.74.t,14,1257,6427
at,15.74.t,15,1256,6429
at,15.74.t,16,1255,6430
at,15.74.t,17,1254,6432
at,15.74.t,18,1253,6434
at,15.74.t,19,1252,6435
at,15.74.t,20,1251,6437
at,15.74.t,21,1250,6438
seq,15.74.t.21.t,6440,1248,true,6457,end,7438
at,15.74.t.21.t,0,1248,6440
at,15.74.t.21.t,1,1247,6442
at,15.74.t.21.t,2,1246,6444
at,15.74.t.21.t,3,1245,6445
at,15.74.t.21.t,4,1244,6446
at,15.74.t.21.t,5,1243,6447
at,15.74.t.21.t,6,1242,6449
at,15.74.t.21.t,7,1241,6451
at,15.74.t.21.t,8,1240,6452
seq,15.74.t.21.t.8.t,6454,1238,true,6456,end,7438
at,15.74.t.21.t.8.t,0,1238,6454
at,15.74.t.21.t.8.t,1,1237,6455
at,15.74.t.21.t,9,1239,6456
at,15.74.t,22,1249,6457
at,15.74.t,23,1248,6459
at,15.74.t,24,1247,6461
at,15.74.t,25,1246,6462
at,15.74.t,26,1245,6464
at,15.74.t,27,1244,6466
at,15.74.t,28,1243,6468
at,15.74.t,29,1242,6470
at,15.74.t,30,1241,6472
at,15.74.t,31,1240,6473
at,15.74.t,32,1239,6474
at,15.74.t,33,1238,6485
at,15.74.t,34,1237,6488
at,15.74.t,35,1236,6490
at,15.74.t,36,1235,6492
at,15.74.t,37,1234,6493
at,15.74.t,38,1233,6494
at,15.74.t,39,1232,6496
at,15.74.t,40,1231,6499
at,15.74.t,41,1230,6501
at,15.74.t,42,1229,6503
at,15.74.t,43,1228,6504
at,15.74.t,44,1227,6505
at,15.74.t,45,1226,6507
at,15.74.t,46,1225,6510
at,15.74.t,47,1224,6512
at,15.74.t,48,1223,6514
at,15.74.t,49,1222,6515
at,15.74.t,50,1221,6516
at,15.74.t,51,1220,6518
at,15.74.t,52,1219,6521
at,15.74.t,53,1218,6523
at,15.74.t,54,1217,6525
at,15.74.t,55,1216,6526
at,15.74.t,56,1215,6527
at,15.74.t,57,1214,6529
at,15.74.t,58,1213,6532
at,15.74.t,59,1212,6534
at,15.74.t,60,1211,6536
at,15.74.t,61,1210,6537
at,15.74.t,62,1209,6538
at,15.74.t,63,1208,6540
at,15.74.t,64,1207,6543
at,15,75,1272,6544
at,15,76,1271,6546
at,15,77,1270,6548
at,15,78,1269,6549
at,15,79,1268,6551
at,15,80,1267,6553
at,15,81,1266,6555
at,15,82,1265,6557
at,15,83,1264,6558
at,15,84,1263,6560
at,15,85,1262,6563
at,15,86,1261,6565
at,15,87,1260,6567
at,15,88,1259,6569
at,15,89,1258,6571
at,15,90,1257,6573
at,15,91,1256,6574
at,15,92,1255,6576
at,15,93,1254,6577
at,15,94,1253,6579
at,15,95,1252,6580
at,15,96,1251,6581
at,15,97,1250,6582
at,15,98,1249,6584
at,15,99,1248,6587
at,15,100,1247,6589
at,15,101,1246,6591
at,15,102,1245,6593
at,15,103,1244,6595
at,15,104,1243,6597
at,15,105,1242,6598
at,15,106,1241,6600
at,15,107,1240,6601
at,15,108,1239,6603
at,15,109,1238,6604
at,15,110,1237,6605
at,15,111,1236,6606
at,15,112,1235,6608
at,15,113,1234,6611
at,15,114,1233,6613
at,15,115,1232,6615
at,15,116,1231,6617
at,15,117,1230,6619
at,15,118,1229,6621
at,15,119,1228,6622
at,15,120,1227,6624
at,15,121,1226,6625
at,15,122,1225,6627
at,15,123,1224,6628
at,15,124,1223,6629
at,15,125,1222,6630
at,15,126,1221,6632
at,15,127,1220,6635
at,15,128,1219,6637
at,15,129,1218,6639
at,15,130,1217,6641
at,15,131,1216,6643
at,15,132,1215,6645
at,15,133,1214,6646
at,15,134,1213,6648
at,15,135,1212,6649
at,15,136,1211,6651
at,15,137,1210,6652
at,15,138,1209,6653
at,15,139,1208,6654
at,15,140,1207,6656
at,15,141,1206,6659
at,15,142,1205,6661
at,15,143,1204,6663
at,15,144,1203,6665
at,15,145,1202,6667
at,15,146,1201,6669
at,15,147,1200,6670
at,15,148,1199,6672
at,15,149,1198,6673
at,15,150,1197,6675
at,15,151,1196,6676
at,15,152,1195,6677
at,15,153,1194,6678
at,15,154,1193,6680
at,15,155,1192,6683
at,15,156,1191,6685
at,15,157,1190,6687
at,15,158,1189,6689
at,15,159,1188,6691
at,15,160,1187,6693
at,15,161,1186,6694
at,15,162,1185,6696
at,15,163,1184,6697
at,15,164,1183,6699
at,15,165,1182,6700
at,15,166,1181,6701
at,15,167,1180,6702
at,15,168,1179,6704
at,15,169,1178,6707
at,15,170,1177,6709
at,15,171,1176,6711
at,15,172,1175,6713
at,15,173,1174,6715
at,15,174,1173,6717
at,15,175,1172,6718
at,15,176,1171,6720
at,15,177,1170,6721
at,15,178,1169,6723
at,15,179,1168,6724
at,15,180,1167,6725
at,15,181,1166,6726
at,15,182,1165,6728
at,15,183,1164,6731
at,15,184,1163,6733
at,15,185,1162,6735
at,15,186,1161,6737
at,15,187,1160,6739
at,15,188,1159,6741
at,15,189,1158,6742
at,15,190,1157,6744
at,15,191,1156,6745
at,15,192,1155,6747
at,15,193,1154,6748
at,15,194,1153,6749
at,15,195,1152,6750
at,15,196,1151,6752
at,15,197,1150,6755
at,15,198,1149,6757
at,15,199,1148,6759
at,15,200,1147,6761
at,15,201,1146,6763
at,15,202,1145,6765
at,15,203,1144,6766
at,15,204,1143,6768
at,15,205,1142,6769
at,15,206,1141,6771
at,15,207,1140,6772
at,15,208,1139,6773
at,15,209,1138,6774
at,15,210,1137,6776
at,15,211,1136,6779
at,15,212,1135,6781
at,15,213,1134,6783
at,15,214,1133,6785
at,15,215,1132,6787
at,15,216,1131,6789
at,15,217,1130,6790
at,15,218,1129,6792
at,15,219,1128,6793
at,15,220,1127,6795
at,15,221,1126,6796
at,15,222,1125,6797
at,15,223,1124,6798
at,15,224,1123,6800
at,15,225,1122,6803
at,15,226,1121,6805
at,15,227,1120,6807
at,15,228,1119,6809
at,15,229,1118,6811
at,15,230,1117,6813
at,15,231,1116,6814
at,15,232,1115,6816
at,15,233,1114,6817
at,15,234,1113,6819
at,15,235,1112,6820
at,15,236,1111,6821
at,15,237,1110,6822
at,15,238,1109,6824
at,15,239,1108,6827
at,15,240,1107,6829
at,15,241,1106,6831
at,15,242,1105,6833
at,15,243,1104,6835
at,15,244,1103,6837
at,15,245,1102,6838
at,15,246,1101,6840
at,15,247,1100,6841
at,15,248,1099,6843
at,15,249,1098,6844
at,15,250,1097,6845
at,15,251,1096,6846
at,15,252,1095,6848
at,15,253,1094,6851
at,15,254,1093,6853
at,15,255,1092,6855
at,15,256,1091,6857
at,15,257,1090,6859
at,15,258,1089,6861
at,15,259,1088,6863
at,15,260,1087,6865
at,15,261,1086,6867
at,15,262,1085,6869
at,15,263,1084,6870
at,15,264,1083,6873
at,15,265,1082,6875
at,15,266,1081,6877
at,15,267,1080,6878
at,15,268,1079,6881
at,15,269,1078,6883
at,15,270,1077,6885
at,15,271,1076,6887
at,15,272,1075,6888
at,15,273,1074,6890
at,15,274,1073,6892
at,15,275,1072,6894
at,15,276,1071,6895
at,15,277,1070,6897
at,15,278,1069,6899
at,15,279,1068,6901
at,15,280,1067,6902
at,15,281,1066,6904
at,15,282,1065,6906
at,15,283,1064,6908
at,15,284,1063,6910
at,15,285,1062,6911
at,15,286,1061,6913
at,15,287,1060,6914
at,15,288,1059,6915
at,15,289,1058,6917
at,15,290,1057,6918
at,15,291,1056,6920
at,15,292,1055,6921
at,15,293,1054,6923
at,15,294,1053,6924
at,15,295,1052,6926
at,15,296,1051,6928
at,15,297,1050,6930
at,15,298,1049,6931
seq,15.298.t,6933,1047,true,6938,end,7438
at,15.298.t,0,1047,6933
at,15.298.t,1,1046,6935
at,15.298.t,2,1045,6937
at,15,299,1048,6938
at,15,300,1047,6940
at,15,301,1046,6942
at,15,302,1045,6944
at,15,303,1044,6946
at,15,304,1043,6948
at,15,305,1042,6950
seq,15.305.t,6952,1040,false,7114,end,7438
at,15.305.t,0,1040,6952
seq,15.305.t.0.t,6954,1038,false,7113,end,7438
at,15.305.t.0.t,0,1038,6954
at,15.305.t.0.t,1,1037,6956
at,15.305.t.0.t,2,1036,6958
at,15.305.t.0.t,3,1035,6959
at,15.305.t.0.t,4,1034,6961
at,15.305.t.0.t,5,1033,6963
at,15.305.t.0.t,6,1032,6965
at,15.305.t.0.t,7,1031,6966
at,15.305.t.0.t,8,1030,6968
at,15.305.t.0.t,9,1029,6970
at,15.305.t.0.t,10,1028,6972
at,15.305.t.0.t,11,1027,6973
at,15.305.t.0.t,12,1026,6974
at,15.305.t.0.t,13,1025,6977
at,15.305.t.0.t,14,1024,6979
at,15.305.t.0.t,15,1023,6981
at,15.305.t.0.t,16,1022,6983
at,15.305.t.0.t,17,1021,6984
at,15.305.t.0.t,18,1020,6985
at,15.305.t.0.t,19,1019,6988
at,15.305.t.0.t,20,1018,6990
at,15.305.t.0.t,21,1017,6992
at,15.305.t.0.t,22,1016,6994
at,15.305.t.0.t,23,1015,6995
seq,15.305.t.0.t.23.t,6997,1013,true,7101,otherwise,7438
at,15.305.t.0.t.23.t,0,1013,6997
at,15.305.t.0.t.23.t,1,1012,6999
at,15.305.t.0.t.23.t,2,1011,7001
at,15.305.t.0.t.23.t,3,1010,7002
seq,15.305.t.0.t.23.t.3.t,7004,1008,true,7009,otherwise,7438
at,15.305.t.0.t.23.t.3.t,0,1008,7004
at,15.305.t.0.t.23.t.3.t,1,1007,7006
at,15.305.t.0.t.23.t.3.t,2,1006,7008
seq,15.305.t.0.t.23.t.3.e,7009,1008,false,7021,end,7438
at,15.305.t.0.t.23.t.3.e,0,1008,7009
at,15.305.t.0.t.23.t.3.e,1,1007,7011
at,15.305.t.0.t.23.t.3.e,2,1006,7013
at,15.305.t.0.t.23.t.3.e,3,1005,7014
at,15.305.t.0.t.23.t.3.e,4,1004,7015
at,15.305.t.0.t.23.t.3.e,5,1003,7017
at,15.305.t.0.t.23.t.3.e,6,1002,7020
at,15.305.t.0.t.23.t,4,1009,7021
at,15.305.t.0.t.23.t,5,1008,7023
at,15.305.t.0.t.23.t,6,1007,7025
at,15.305.t.0.t.23.t,7,1006,7026
at,15.305.t.0.t.23.t,8,1005,7027
at,15.305.t.0.t.23.t,9,1004,7038
at,15.305.t.0.t.23.t,10,1003,7041
at,15.305.t.0.t.23.t,11,1002,7043
at,15.305.t.0.t.23.t,12,1001,7045
at,15.305.t.0.t.23.t,13,1000,7046
at,15.305.t.0.t.23.t,14,999,7047
at,15.305.t.0.t.23.t,15,998,7049
at,15.305.t.0.t.23.t,16,997,7052
at,15.305.t.0.t.23.t,17,996,7054
at,15.305.t.0.t.23.t,18,995,7056
at,15.305.t.0.t.23.t,19,994,7057
at,15.305.t.0.t.23.t,20,993,7058
at,15.305.t.0.t.23.t,21,992,7060
at,15.305.t.0.t.23.t,22,991,7063
at,15.305.t.0.t.23.t,23,990,7065
at,15.305.t.0.t.23.t,24,989,7067
at,15.305.t.0.t.23.t,25,988,7068
at,15.305.t.0.t.23.t,26,987,7069
at,15.305.t.0.t.23.t,27,986,7071
at,15.305.t.0.t.23.t,28,985,7074
at,15.305.t.0.t.23.t,29,984,7076
at,15.305.t.0.t.23.t,30,983,7078
at,15.305.t.0.t.23.t,31,982,7079
at,15.305.t.0.t.23.t,32,981,7080
at,15.305.t.0.t.23.t,33,980,7082
at,15.305.t.0.t.23.t,34,979,7085
at,15.305.t.0.t.23.t,35,978,7087
at,15.305.t.0.t.23.t,36,977,7089
at,15.305.t.0.t.23.t,37,976,7090
at,15.305.t.0.t.23.t,38,975,7091
at,15.305.t.0.t.23.t,39,974,7093
at,15.305.t.0.t.23.t,40,973,7096
at,15.305.t.0.t.23.t,41,972,7098
at,15.305.t.0.t.23.t,42,971,7100
seq,15.305.t.0.t.23.e,7101,1013,false,7110,end,7438
at,15.305.t.0.t.23.e,0,1013,7101
at,15.305.t.0.t.23.e,1,1012,7103
at,15.305.t.0.t.23.e,2,1011,7105
at,15.305.t.0.t.23.e,3,1010,7107
at,15.305.t.0.t.23.e,4,1009,7109
at,15.305.t.0.t,24,1014,7110
at,15.305.t.0.t,25,1013,7112
at,15.305.t,1,1039,7113
at,15,306,1041,7114
at,15,307,1040,7116
at,15,308,1039,7118
at,15,309,1038,7119
seq,15.309.t,7121,1036,true,7265,end,7438
at,15.309.t,0,1036,7121
at,15.309.t,1,1035,7123
at,15.309.t,2,1034,7125
at,15.309.t,3,1033,7126
at,15.309.t,4,1032,7128
at,15.309.t,5,1031,7129
at,15.309.t,6,1030,7131
at,15.309.t,7,1029,7133
at,15.309.t,8,1028,7134
seq,15.309.t.8.t,7136,1026,true,7138,end,7438
at,15.309.t.8.t,0,1026,7136
at,15.309.t.8.t,1,1025,7137
at,15.309.t,9,1027,7138
at,15.309.t,10,1026,7140
at,15.309.t,11,1025,7142
at,15.309.t,12,1024,7143
at,15.309.t,13,1023,7147
at,15.309.t,14,1022,7148
at,15.309.t,15,1021,7150
at,15.309.t,16,1020,7151
at,15.309.t,17,1019,7153
at,15.309.t,18,1018,7155
at,15.309.t,19,1017,7156
at,15.309.t,20,1016,7158
at,15.309.t,21,1015,7159
seq,15.309.t.21.t,7161,1013,true,7178,end,7438
at,15.309.t.21.t,0,1013,7161
at,15.309.t.21.t,1,1012,7163
at,15.309.t.21.t,2,1011,7165
at,15.309.t.21.t,3,1010,7166
at,15.309.t.21.t,4,1009,7167
at,15.309.t.21.t,5,1008,7168
at,15.309.t.21.t,6,1007,7170
at,15.309.t.21.t,7,1006,7172
at,15.309.t.21.t,8,1005,7173
seq,15.309.t.21.t.8.t,7175,1003,true,7177,end,7438
at,15.309.t.21.t.8.t,0,1003,7175
at,15.309.t.21.t.8.t,1,1002,7176
at,15.309.t.21.t,9,1004,7177
at,15.309.t,22,1014,7178
at,15.309.t,23,1013,7180
at,15.309.t,24,1012,7182
at,15.309.t,25,1011,7183
at,15.309.t,26,1010,7185
at,15.309.t,27,1009,7187
at,15.309.t,28,1008,7189
at,15.309.t,29,1007,7191
at,15.309.t,30,1006,7193
at,15.309.t,31,1005,7194
at,15.309.t,32,1004,7195
at,15.309.t,33,1003,7206
at,15.309.t,34,1002,7209
at,15.309.t,35,1001,7211
at,15.309.t,36,1000,7213
at,15.309.t,37,999,7214
at,15.309.t,38,998,7215
at,15.309.t,39,997,7217
at,15.309.t,40,996,7220
at,15.309.t,41,995,7222
at,15.309.t,42,994,7224
at,15.309.t,43,993,7225
at,15.309.t,44,992,7226
at,15.309.t,45,991,7228
at,15.309.t,46,990,7231
at,15.309.t,47,989,7233
at,15.309.t,48,988,7235
at,15.309.t,49,987,7236
at,15.309.t,50,986,7237
at,15.309.t,51,985,7239
at,15.309.t,52,984,7242
at,15.309.t,53,983,7244
at,15.309.t,54,982,7246
at,15.309.t,55,981,7247
at,15.309.t,56,980,7248
at,15.309.t,57,979,7250
at,15.309.t,58,978,7253
at,15.309.t,59,977,7255
at,15.309.t,60,976,7257
at,15.309.t,61,975,7258
at,15.309.t,62,974,7259
at,15.309.t,63,973,7261
at,15.309.t,64,972,7264
at,15,310,1037,7265
at,15,311,1036,7267
at,15,312,1035,7269
at,15,313,1034,7270
at,15,314,1033,7272
at,15,315,1032,7274
at,15,316,1031,7276
at,15,317,1030,7278
at,15,318,1029,7279
at,15,319,1028,7281
at,15,320,1027,7284
at,15,321,1026,7286
at,15,322,1025,7288
seq,15.322.t,7290,1023,false,7340,end,7438
at,15.322.t,0,1023,7290
seq,15.322.t.0.t,7292,1021,false,7339,end,7438
at,15.322.t.0.t,0,1021,7292
at,15.322.t.0.t,1,1020,7294
at,15.322.t.0.t,2,1019,7296
at,15.322.t.0.t,3,1018,7297
at,15.322.t.0.t,4,1017,7299
at,15.322.t.0.t,5,1016,7301
at,15.322.t.0.t,6,1015,7303
at,15.322.t.0.t,7,1014,7305
at,15.322.t.0.t,8,1013,7306
at,15.322.t.0.t,9,1012,7308
at,15.322.t.0.t,10,1011,7309
at,15.322.t.0.t,11,1010,7310
at,15.322.t.0.t,12,1009,7311
at,15.322.t.0.t,13,1008,7313
at,15.322.t.0.t,14,1007,7315
at,15.322.t.0.t,15,1006,7317
at,15.322.t.0.t,16,1005,7318
at,15.322.t.0.t,17,1004,7320
at,15.322.t.0.t,18,1003,7321
at,15.322.t.0.t,19,1002,7322
at,15.322.t.0.t,20,1001,7323
at,15.322.t.0.t,21,1000,7326
at,15.322.t.0.t,22,999,7329
at,15.322.t.0.t,23,998,7331
at,15.322.t.0.t,24,997,7333
at,15.322.t.0.t,25,996,7334
at,15.322.t.0.t,26,995,7336
at,15.322.t.0.t,27,994,7338
at,15.322.t,1,1022,7339
at,15,323,1024,7340
at,15,324,1023,7342
at,15,325,1022,7344
seq,15.325.t,7346,1020,false,7399,end,7438
at,15.325.t,0,1020,7346
seq,15.325.t.0.t,7348,1018,false,7398,end,7438
at,15.325.t.0.t,0,1018,7348
at,15.325.t.0.t,1,1017,7350
at,15.325.t.0.t,2,1016,7352
at,15.325.t.0.t,3,1015,7353
at,15.325.t.0.t,4,1014,7355
at,15.325.t.0.t,5,1013,7357
at,15.325.t.0.t,6,1012,7359
at,15.325.t.0.t,7,1011,7361
at,15.325.t.0.t,8,1010,7362
at,15.325.t.0.t,9,1009,7364
at,15.325.t.0.t,10,1008,7365
at,15.325.t.0.t,11,1007,7367
at,15.325.t.0.t,12,1006,7368
at,15.325.t.0.t,13,1005,7369
at,15.325.t.0.t,14,1004,7370
at,15.325.t.0.t,15,1003,7372
at,15.325.t.0.t,16,1002,7374
at,15.325.t.0.t,17,1001,7376
at,15.325.t.0.t,18,1000,7377
at,15.325.t.0.t,19,999,7379
at,15.325.t.0.t,20,998,7380
at,15.325.t.0.t,21,997,7381
at,15.325.t.0.t,22,996,7382
at,15.325.t.0.t,23,995,7385
at,15.325.t.0.t,24,994,7388
at,15.325.t.0.t,25,993,7390
at,15.325.t.0.t,26,992,7392
at,15.325.t.0.t,27,991,7393
at,15.325.t.0.t,28,990,7395
at,15.325.t.0.t,29,989,7397
at,15.325.t,1,1019,7398
at,15,326,1021,7399
at,15,327,1020,7401
at,15,328,1019,7403
at,15,329,1018,7405
at,15,330,1017,7407
at,15,331,1016,7409
at,15,332,1015,7412
at,15,333,1014,7414
at,15,334,1013,7416
at,15,335,1012,7418
at,15,336,1011,7421
at,15,337,1010,7423
at,15,338,1009,7425
at,15,339,1008,7427
at,15,340,1007,7429
at,15,341,1006,7431
at,15,342,1005,7433
at,15,343,1004,7435
at,15,344,1003,7437
16,code,7438,7605,7443,7440
16,0,162,7443
16,1,161,7445
16,2,160,7447
16,3,159,7448
16,4,158,7456
16,5,157,7458
16,6,156,7459
16,7,155,7460
16,8,154,7600
16,9,153,7602
16,10,152,7604
seq,16,7443,162,false,7605,end,7605
at,16,0,162,7443
at,16,1,161,7445
at,16,2,160,7447
at,16,3,159,7448
seq,16.3.t,7450,157,true,7453,otherwise,7605
at,16.3.t,0,157,7450
at,16.3.t,1,156,7452
seq,16.3.e,7453,157,false,7456,end,7605
at,16.3.e,0,157,7453
at,16.3.e,1,156,7455
at,16,4,158,7456
at,16,5,157,7458
at,16,6,156,7459
at,16,7,155,7460
seq,16.7.t,7462,153,true,7465,otherwise,7605
at,16.7.t,0,153,7462
at,16.7.t,1,152,7464
seq,16.7.e,7465,153,false,7600,end,7605
at,16.7.e,0,153,7465
at,16.7.e,1,152,7467
at,16.7.e,2,151,7469
at,16.7.e,3,150,7470
seq,16.7.e.3.t,7472,148,true,7475,otherwise,7605
at,16.7.e.3.t,0,148,7472
at,16.7.e.3.t,1,147,7474
seq,16.7.e.3.e,7475,148,false,7478,end,7605
at,16.7.e.3.e,0,148,7475
at,16.7.e.3.e,1,147,7477
at,16.7.e,4,149,7478
at,16.7.e,5,148,7480
at,16.7.e,6,147,7481
at,16.7.e,7,146,7482
seq,16.7.e.7.t,7484,144,true,7495,otherwise,7605
at,16.7.e.7.t,0,144,7484
at,16.7.e.7.t,1,143,7494
seq,16.7.e.7.e,7495,144,false,7599,end,7605
at,16.7.e.7.e,0,144,7495
at,16.7.e.7.e,1,143,7497
at,16.7.e.7.e,2,142,7499
at,16.7.e.7.e,3,141,7500
seq,16.7.e.7.e.3.t,7502,139,true,7505,otherwise,7605
at,16.7.e.7.e.3.t,0,139,7502
at,16.7.e.7.e.3.t,1,138,7504
seq,16.7.e.7.e.3.e,7505,139,false,7508,end,7605
at,16.7.e.7.e.3.e,0,139,7505
at,16.7.e.7.e.3.e,1,138,7507
at,16.7.e.7.e,4,140,7508
at,16.7.e.7.e,5,139,7510
at,16.7.e.7.e,6,138,7511
at,16.7.e.7.e,7,137,7512
seq,16.7.e.7.e.7.t,7514,135,true,7525,otherwise,7605
at,16.7.e.7.e.7.t,0,135,7514
at,16.7.e.7.e.7.t,1,134,7524
seq,16.7.e.7.e.7.e,7525,135,false,7598,end,7605
at,16.7.e.7.e.7.e,0,135,7525
at,16.7.e.7.e.7.e,1,134,7527
at,16.7.e.7.e.7.e,2,133,7529
at,16.7.e.7.e.7.e,3,132,7530
seq,16.7.e.7.e.7.e.3.t,7532,130,true,7535,otherwise,7605
at,16.7.e.7.e.7.e.3.t,0,130,7532
at,16.7.e.7.e.7.e.3.t,1,129,7534
seq,16.7.e.7.e.7.e.3.e,7535,130,false,7538,end,7605
at,16.7.e.7.e.7.e.3.e,0,130,7535
at,16.7.e.7.e.7.e.3.e,1,129,7537
at,16.7.e.7.e.7.e,4,131,7538
at,16.7.e.7.e.7.e,5,130,7540
at,16.7.e.7.e.7.e,6,129,7541
at,16.7.e.7.e.7.e,7,128,7542
seq,16.7.e.7.e.7.e.7.t,7544,126,true,7555,otherwise,7605
at,16.7.e.7.e.7.e.7.t,0,126,7544
at,16.7.e.7.e.7.e.7.t,1,125,7554
seq,16.7.e.7.e.7.e.7.e,7555,126,false,7597,end,7605
at,16.7.e.7.e.7.e.7.e,0,126,7555
at,16.7.e.7.e.7.e.7.e,1,125,7557
at,16.7.e.7.e.7.e.7.e,2,124,7559
at,16.7.e.7.e.7.e.7.e,3,123,7560
seq,16.7.e.7.e.7.e.7.e.3.t,7562,121,true,7565,otherwise,7605
at,16.7.e.7.e.7.e.7.e.3.t,0,121,7562
at,16.7.e.7.e.7.e.7.e.3.t,1,120,7564
seq,16.7.e.7.e.7.e.7.e.3.e,7565,121,false,7568,end,7605
at,16.7.e.7.e.7.e.7.e.3.e,0,121,7565
at,16.7.e.7.e.7.e.7.e.3.e,1,120,7567
at,16.7.e.7.e.7.e.7.e,4,122,7568
at,16.7.e.7.e.7.e.7.e,5,121,7570
at,16.7.e.7.e.7.e.7.e,6,120,7571
at,16.7.e.7.e.7.e.7.e,7,119,7572
seq,16.7.e.7.e.7.e.7.e.7.t,7574,117,true,7585,otherwise,7605
at,16.7.e.7.e.7.e.7.e.7.t,0,117,7574
at,16.7.e.7.e.7.e.7.e.7.t,1,116,7584
seq,16.7.e.7.e.7.e.7.e.7.e,7585,117,false,7596,end,7605
at,16.7.e.7.e.7.e.7.e.7.e,0,117,7585
at,16.7.e.7.e.7.e.7.e.7.e,1,116,7595
at,16.7.e.7.e.7.e.7.e,8,118,7596
at,16.7.e.7.e.7.e,8,127,7597
at,16.7.e.7.e,8,136,7598
at,16.7.e,8,145,7599
at,16,8,154,7600
at,16,9,153,7602
at,16,10,152,7604
17,code,7605,7718,7609,7606
17,0,109,7609
17,1,108,7619
17,2,107,7620
17,3,106,7622
17,4,105,7623
17,5,104,7624
17,6,103,7625
17,7,102,7627
17,8,101,7637
17,9,100,7638
17,10,99,7640
17,11,98,7641
17,12,97,7642
17,13,96,7643
17,14,95,7645
17,15,94,7647
17,16,93,7648
17,17,92,7650
17,18,91,7651
17,19,90,7652
17,20,89,7653
17,21,88,7654
17,22,87,7656
17,23,86,7657
17,24,85,7658
17,25,84,7659
17,26,83,7660
17,27,82,7662
17,28,81,7663
17,29,80,7665
17,30,79,7666
17,31,78,7667
17,32,77,7668
17,33,76,7669
17,34,75,7671
17,35,74,7672
17,36,73,7673
17,37,72,7674
17,38,71,7675
17,39,70,7676
17,40,69,7677
17,41,68,7678
17,42,67,7680
17,43,66,7681
17,44,65,7683
17,45,64,7684
17,46,63,7685
17,47,62,7686
17,48,61,7687
17,49,60,7689
17,50,59,7690
17,51,58,7691
17,52,57,7692
17,53,56,7693
17,54,55,7694
17,55,54,7695
17,56,53,7696
17,57,52,7698
17,58,51,7699
17,59,50,7701
17,60,49,7702
17,61,48,7703
17,62,47,7704
17,63,46,7705
17,64,45,7707
17,65,44,7708
17,66,43,7709
17,67,42,7710
17,68,41,7711
17,69,40,7712
17,70,39,7713
17,71,38,7715
17,72,37,7717
seq,17,7609,109,false,7718,end,7718
at,17,0,109,7609
at,17,1,108,7619
at,17,2,107,7620
at,17,3,106,7622
at,17,4,105,7623
at,17,5,104,7624
at,17,6,103,7625
at,17,7,102,7627
at,17,8,101,7637
at,17,9,100,7638
at,17,10,99,7640
at,17,11,98,7641
at,17,12,97,7642
at,17,13,96,7643
at,17,14,95,7645
at,17,15,94,7647
at,17,16,93,7648
at,17,17,92,7650
at,17,18,91,7651
at,17,19,90,7652
at,17,20,89,7653
at,17,21,88,7654
at,17,22,87,7656
at,17,23,86,7657
at,17,24,85,7658
at,17,25,84,7659
at,17,26,83,7660
at,17,27,82,7662
at,17,28,81,7663
at,17,29,80,7665
at,17,30,79,7666
at,17,31,78,7667
at,17,32,77,7668
at,17,33,76,7669
at,17,34,75,7671
at,17,35,74,7672
at,17,36,73,7673
at,17,37,72,7674
at,17,38,71,7675
at,17,39,70,7676
at,17,40,69,7677
at,17,41,68,7678
at,17,42,67,7680
at,17,43,66,7681
at,17,44,65,7683
at,17,45,64,7684
at,17,46,63,7685
at,17,47,62,7686
at,17,48,61,7687
at,17,49,60,7689
at,17,50,59,7690
at,17,51,58,7691
at,17,52,57,7692
at,17,53,56,7693
at,17,54,55,7694
at,17,55,54,7695
at,17,56,53,7696
at,17,57,52,7698
at,17,58,51,7699
at,17,59,50,7701
at,17,60,49,7702
at,17,61,48,7703
at,17,62,47,7704
at,17,63,46,7705
at,17,64,45,7707
at,17,65,44,7708
at,17,66,43,7709
at,17,67,42,7710
at,17,68,41,7711
at,17,69,40,7712
at,17,70,39,7713
at,17,71,38,7715
at,17,72,37,7717
18,code,7718,7817,7722,7719
18,0,95,7722
18,1,94,7724
18,2,93,7726
18,3,92,7728
18,4,91,7729
18,5,90,7731
18,6,89,7732
18,7,88,7733
18,8,87,7734
18,9,86,7736
18,10,85,7738
18,11,84,7739
18,12,83,7741
18,13,82,7742
18,14,81,7743
18,15,80,7744
18,16,79,7746
18,17,78,7748
18,18,77,7749
18,19,76,7759
18,20,75,7760
18,21,74,7761
18,22,73,7762
18,23,72,7763
18,24,71,7773
18,25,70,7774
18,26,69,7776
18,27,68,7777
18,28,67,7778
18,29,66,7779
18,30,65,7780
18,31,64,7782
18,32,63,7783
18,33,62,7785
18,34,61,7786
18,35,60,7787
18,36,59,7788
18,37,58,7789
18,38,57,7791
18,39,56,7792
18,40,55,7794
18,41,54,7795
18,42,53,7796
18,43,52,7797
18,44,51,7798
18,45,50,7799
18,46,49,7800
18,47,48,7801
18,48,47,7802
18,49,46,7803
18,50,45,7804
18,51,44,7805
18,52,43,7806
18,53,42,7808
18,54,41,7810
18,55,40,7812
18,56,39,7814
18,57,38,7816
seq,18,7722,95,false,7817,end,7817
at,18,0,95,7722
at,18,1,94,7724
at,18,2,93,7726
at,18,3,92,7728
at,18,4,91,7729
at,18,5,90,7731
at,18,6,89,7732
at,18,7,88,7733
at,18,8,87,7734
at,18,9,86,7736
at,18,10,85,7738
at,18,11,84,7739
at,18,12,83,7741
at,18,13,82,7742
at,18,14,81,7743
at,18,15,80,7744
at,18,16,79,7746
at,18,17,78,7748
at,18,18,77,7749
at,18,19,76,7759
at,18,20,75,7760
at,18,21,74,7761
at,18,22,73,7762
at,18,23,72,7763
at,18,24,71,7773
at,18,25,70,7774
at,18,26,69,7776
at,18,27,68,7777
at,18,28,67,7778
at,18,29,66,7779
at,18,30,65,7780
at,18,31,64,7782
at,18,32,63,7783
at,18,33,62,7785
at,18,34,61,7786
at,18,35,60,7787
at,18,36,59,7788
at,18,37,58,7789
at,18,38,57,7791
at,18,39,56,7792
at,18,40,55,7794
at,18,41,54,7795
at,18,42,53,7796
at,18,43,52,7797
at,18,44,51,7798
at,18,45,50,7799
at,18,46,49,7800
at,18,47,48,7801
at,18,48,47,7802
at,18,49,46,7803
at,18,50,45,7804
at,18,51,44,7805
at,18,52,43,7806
at,18,53,42,7808
at,18,54,41,7810
at,18,55,40,7812
at,18,56,39,7814
at,18,57,38,7816
19,code,7817,7912,7821,7818
19,0,91,7821
19,1,90,7831
19,2,89,7833
19,3,88,7843
19,4,87,7845
19,5,86,7855
19,6,85,7857
19,7,84,7867
19,8,83,7869
19,9,82,7871
19,10,81,7873
19,11,80,7875
19,12,79,7877
19,13,78,7879
19,14,77,7881
19,15,76,7883
19,16,75,7885
19,17,74,7887
19,18,73,7889
19,19,72,7891
19,20,71,7893
19,21,70,7895
19,22,69,7897
19,23,68,7899
19,24,67,7901
19,25,66,7903
19,26,65,7905
19,27,64,7907
19,28,63,7909
19,29,62,7911
seq,19,7821,91,false,7912,end,7912
at,19,0,91,7821
at,19,1,90,7831
at,19,2,89,7833
at,19,3,88,7843
at,19,4,87,7845
at,19,5,86,7855
at,19,6,85,7857
at,19,7,84,7867
at,19,8,83,7869
at,19,9,82,7871
at,19,10,81,7873
at,19,11,80,7875
at,19,12,79,7877
at,19,13,78,7879
at,19,14,77,7881
at,19,15,76,7883
at,19,16,75,7885
at,19,17,74,7887
at,19,18,73,7889
at,19,19,72,7891
at,19,20,71,7893
at,19,21,70,7895
at,19,22,69,7897
at,19,23,68,7899
at,19,24,67,7901
at,19,25,66,7903
at,19,26,65,7905
at,19,27,64,7907
at,19,28,63,7909
at,19,29,62,7911
20,code,7912,7999,7916,7913
20,0,83,7916
20,1,82,7926
20,2,81,7928
20,3,80,7938
20,4,79,7940
20,5,78,7942
20,6,77,7944
20,7,76,7954
20,8,75,7956
20,9,74,7958
20,10,73,7960
20,11,72,7962
20,12,71,7964
20,13,70,7966
20,14,69,7968
20,15,68,7970
20,16,67,7972
20,17,66,7974
20,18,65,7976
20,19,64,7978
20,20,63,7980
20,21,62,7982
20,22,61,7984
20,23,60,7986
20,24,59,7988
20,25,58,7990
20,26,57,7992
20,27,56,7994
20,28,55,7996
20,29,54,7998
seq,20,7916,83,false,7999,end,7999
at,20,0,83,7916
at,20,1,82,7926
at,20,2,81,7928
at,20,3,80,7938
at,20,4,79,7940
at,20,5,78,7942
at,20,6,77,7944
at,20,7,76,7954
at,20,8,75,7956
at,20,9,74,7958
at,20,10,73,7960
at,20,11,72,7962
at,20,12,71,7964
at,20,13,70,7966
at,20,14,69,7968
at,20,15,68,7970
at,20,16,67,7972
at,20,17,66,7974
at,20,18,65,7976
at,20,19,64,7978
at,20,20,63,7980
at,20,21,62,7982
at,20,22,61,7984
at,20,23,60,7986
at,20,24,59,7988
at,20,25,58,7990
at,20,26,57,7992
at,20,27,56,7994
at,20,28,55,7996
at,20,29,54,7998
21,code,7999,8086,8003,8000
21,0,83,8003
21,1,82,8013
21,2,81,8015
21,3,80,8025
21,4,79,8027
21,5,78,8037
21,6,77,8039
21,7,76,8041
21,8,75,8043
21,9,74,8045
21,10,73,8047
21,11,72,8049
21,12,71,8051
21,13,70,8053
21,14,69,8055
21,15,68,8057
21,16,67,8059
21,17,66,8061
21,18,65,8063
21,19,64,8065
21,20,63,8067
21,21,62,8069
21,22,61,8071
21,23,60,8073
21,24,59,8075
21,25,58,8077
21,26,57,8079
21,27,56,8081
21,28,55,8083
21,29,54,8085
seq,21,8003,83,false,8086,end,8086
at,21,0,83,8003
at,21,1,82,8013
at,21,2,81,8015
at,21,3,80,8025
at,21,4,79,8027
at,21,5,78,8037
at,21,6,77,8039
at,21,7,76,8041
at,21,8,75,8043
at,21,9,74,8045
at,21,10,73,8047
at,21,11,72,8049
at,21,12,71,8051
at,21,13,70,8053
at,21,14,69,8055
at,21,15,68,8057
at,21,16,67,8059
at,21,17,66,8061
at,21,18,65,8063
at,21,19,64,8065
at,21,20,63,8067
at,21,21,62,8069
at,21,22,61,8071
at,21,23,60,8073
at,21,24,59,8075
at,21,25,58,8077
at,21,26,57,8079
at,21,27,56,8081
at,21,28,55,8083
at,21,29,54,8085
22,code,8086,8165,8090,8087
22,0,75,8090
22,1,74,8100
22,2,73,8102
22,3,72,8112
22,4,71,8114
22,5,70,8116
22,6,69,8118
22,7,68,8120
22,8,67,8122
22,9,66,8124
22,10,65,8126
22,11,64,8128
22,12,63,8130
22,13,62,8132
22,14,61,8134
22,15,60,8136
22,16,59,8138
22,17,58,8140
22,18,57,8142
22,19,56,8144
22,20,55,8146
22,21,54,8148
22,22,53,8150
22,23,52,8152
22,24,51,8154
22,25,50,8156
22,26,49,8158
22,27,48,8160
22,28,47,8162
22,29,46,8164
seq,22,8090,75,false,8165,end,8165
at,22,0,75,8090
at,22,1,74,8100
at,22,2,73,8102
at,22,3,72,8112
at,22,4,71,8114
at,22,5,70,8116
at,22,6,69,8118
at,22,7,68,8120
at,22,8,67,8122
at,22,9,66,8124
at,22,10,65,8126
at,22,11,64,8128
at,22,12,63,8130
at,22,13,62,8132
at,22,14,61,8134
at,22,15,60,8136
at,22,16,59,8138
at,22,17,58,8140
at,22,18,57,8142
at,22,19,56,8144
at,22,20,55,8146
at,22,21,54,8148
at,22,22,53,8150
at,22,23,52,8152
at,22,24,51,8154
at,22,25,50,8156
at,22,26,49,8158
at,22,27,48,8160
at,22,28,47,8162
at,22,29,46,8164
23,code,8165,8176,8169,8166
23,0,7,8169
23,1,6,8171
23,2,5,8173
23,3,4,8175
seq,23,8169,7,false,8176,end,8176
at,23,0,7,8169
at,23,1,6,8171
at,23,2,5,8173
at,23,3,4,8175
24,code,8176,8187,8180,8177
24,0,7,8180
24,1,6,8182
24,2,5,8184
24,3,4,8186
seq,24,8180,7,false,8187,end,8187
at,24,0,7,8180
at,24,1,6,8182
at,24,2,5,8184
at,24,3,4,8186
25,code,8187,8198,8191,8188
25,0,7,8191
25,1,6,8193
25,2,5,8195
25,3,4,8197
seq,25,8191,7,false,8198,end,8198
at,25,0,7,8191
at,25,1,6,8193
at,25,2,5,8195
at,25,3,4,8197
26,code,8198,8576,8203,8200
26,0,373,8203
26,1,372,8205
26,2,371,8207
26,3,370,8209
26,4,369,8211
26,5,368,8213
26,6,367,8215
26,7,366,8217
26,8,365,8219
26,9,364,8221
26,10,363,8223
26,11,362,8225
26,12,361,8227
26,13,360,8229
26,14,359,8231
26,15,358,8233
26,16,357,8235
26,17,356,8237
26,18,355,8239
26,19,354,8241
26,20,353,8243
26,21,352,8245
26,22,351,8247
26,23,350,8249
26,24,349,8251
26,25,348,8253
26,26,347,8255
26,27,346,8257
26,28,345,8259
26,29,344,8261
26,30,343,8263
26,31,342,8265
26,32,341,8267
26,33,340,8269
26,34,339,8271
26,35,338,8273
26,36,337,8275
26,37,336,8277
26,38,335,8279
26,39,334,8281
26,40,333,8283
26,41,332,8285
26,42,331,8287
26,43,330,8289
26,44,329,8291
26,45,328,8293
26,46,327,8295
26,47,326,8297
26,48,325,8299
26,49,324,8301
26,50,323,8303
26,51,322,8305
26,52,321,8307
26,53,320,8309
26,54,319,8311
26,55,318,8313
26,56,317,8315
26,57,316,8317
26,58,315,8319
26,59,314,8321
26,60,313,8323
26,61,312,8325
26,62,311,8327
26,63,310,8329
26,64,309,8331
26,65,308,8333
26,66,307,8335
26,67,306,8337
26,68,305,8339
26,69,304,8341
26,70,303,8343
26,71,302,8345
26,72,301,8347
26,73,300,8349
26,74,299,8351
26,75,298,8353
26,76,297,8355
26,77,296,8357
26,78,295,8359
26,79,294,8361
26,80,293,8363
26,81,292,8365
26,82,291,8367
26,83,290,8369
26,84,289,8371
26,85,288,8373
26,86,287,8375
26,87,286,8377
26,88,285,8379
26,89,284,8381
26,90,283,8383
26,91,282,8385
26,92,281,8387
26,93,280,8389
26,94,279,8391
26,95,278,8393
26,96,277,8395
26,97,276,8397
26,98,275,8399
26,99,274,8401
26,100,273,8403
26,101,272,8405
26,102,271,8407
26,103,270,8409
26,104,269,8411
26,105,268,8413
26,106,267,8415
26,107,266,8417
26,108,265,8419
26,109,264,8421
26,110,263,8423
26,111,262,8425
26,112,261,8427
26,113,260,8429
26,114,259,8431
26,115,258,8433
26,116,257,8435
26,117,256,8437
26,118,255,8439
26,119,254,8441
26,120,253,8443
26,121,252,8445
26,122,251,8447
26,123,250,8449
26,124,249,8451
26,125,248,8453
26,126,247,8455
26,127,246,8457
26,128,245,8459
26,129,244,8461
26,130,243,8463
26,131,242,8465
26,132,241,8467
26,133,240,8469
26,134,239,8471
26,135,238,8473
26,136,237,8475
26,137,236,8477
26,138,235,8479
26,139,234,8481
26,140,233,8483
26,141,232,8485
26,142,231,8487
26,143,230,8489
26,144,229,8491
26,145,228,8493
26,146,227,8495
26,147,226,8497
26,148,225,8499
26,149,224,8501
26,150,223,8503
26,151,222,8505
26,152,221,8507
26,153,220,8509
26,154,219,8511
26,155,218,8513
26,156,217,8515
26,157,216,8517
26,158,215,8519
26,159,214,8521
26,160,213,8523
26,161,212,8525
26,162,211,8527
26,163,210,8529
26,164,209,8531
26,165,208,8533
26,166,207,8535
26,167,206,8537
26,168,205,8539
26,169,204,8541
26,170,203,8543
26,171,202,8545
26,172,201,8547
26,173,200,8549
26,174,199,8551
26,175,198,8553
26,176,197,8555
26,177,196,8557
26,178,195,8559
26,179,194,8561
26,180,193,8563
26,181,192,8565
26,182,191,8567
26,183,190,8569
26,184,189,8571
26,185,188,8573
26,186,187,8575
seq,26,8203,373,false,8576,end,8576
at,26,0,373,8203
at,26,1,372,8205
at,26,2,371,8207
at,26,3,370,8209
at,26,4,369,8211
at,26,5,368,8213
at,26,6,367,8215
at,26,7,366,8217
at,26,8,365,8219
at,26,9,364,8221
at,26,10,363,8223
at,26,11,362,8225
at,26,12,361,8227
at,26,13,360,8229
at,26,14,359,8231
at,26,15,358,8233
at,26,16,357,8235
at,26,17,356,8237
at,26,18,355,8239
at,26,19,354,8241
at,26,20,353,8243
at,26,21,352,8245
at,26,22,351,8247
at,26,23,350,8249
at,26,24,349,8251
at,26,25,348,8253
at,26,26,347,8255
at,26,27,346,8257
at,26,28,345,8259
at,26,29,344,8261
at,26,30,343,8263
at,26,31,342,8265
at,26,32,341,8267
at,26,33,340,8269
at,26,34,339,8271
at,26,35,338,8273
at,26,36,337,8275
at,26,37,336,8277
at,26,38,335,8279
at,26,39,334,8281
at,26,40,333,8283
at,26,41,332,8285
at,26,42,331,8287
at,26,43,330,8289
at,26,44,329,8291
at,26,45,328,8293
at,26,46,327,8295
at,26,47,326,8297
at,26,48,325,8299
at,26,49,324,8301
at,26,50,323,8303
at,26,51,322,8305
at,26,52,321,8307
at,26,53,320,8309
at,26,54,319,8311
at,26,55,318,8313
at,26,56,317,8315
at,26,57,316,8317
at,26,58,315,8319
at,26,59,314,8321
at,26,60,313,8323
at,26,61,312,8325
at,26,62,311,8327
at,26,63,310,8329
at,26,64,309,8331
at,26,65,308,8333
at,26,66,307,8335
at,26,67,306,8337
at,26,68,305,8339
at,26,69,304,8341
at,26,70,303,8343
at,26,71,302,8345
at,26,72,301,8347
at,26,73,300,8349
at,26,74,299,8351
at,26,75,298,8353
at,26,76,297,8355
at,26,77,296,8357
at,26,78,295,8359
at,26,79,294,8361
at,26,80,293,8363
at,26,81,292,8365
at,26,82,291,8367
at,26,83,290,8369
at,26,84,289,8371
at,26,85,288,8373
at,26,86,287,8375
at,26,87,286,8377
at,26,88,285,8379
at,26,89,284,8381
at,26,90,283,8383
at,26,91,282,8385
at,26,92,281,8387
at,26,93,280,8389
at,26,94,279,8391
at,26,95,278,8393
at,26,96,277,8395
at,26,97,276,8397
at,26,98,275,8399
at,26,99,274,8401
at,26,100,273,8403
at,26,101,272,8405
at,26,102,271,8407
at,26,103,270,8409
at,26,104,269,8411
at,26,105,268,8413
at,26,106,267,8415
at,26,107,266,8417
at,26,108,265,8419
at,26,109,264,8421
at,26,110,263,8423
at,26,111,262,8425
at,26,112,261,8427
at,26,113,260,8429
at,26,114,259,8431
at,26,115,258,8433
at,26,116,257,8435
at,26,117,256,8437
at,26,118,255,8439
at,26,119,254,8441
at,26,120,253,8443
at,26,121,252,8445
at,26,122,251,8447
at,26,123,250,8449
at,26,124,249,8451
at,26,125,248,8453
at,26,126,247,8455
at,26,127,246,8457
at,26,128,245,8459
at,26,129,244,8461
at,26,130,243,8463
at,26,131,242,8465
at,26,132,241,8467
at,26,133,240,8469
at,26,134,239,8471
at,26,135,238,8473
at,26,136,237,8475
at,26,137,236,8477
at,26,138,235,8479
at,26,139,234,8481
at,26,140,233,8483
at,26,141,232,8485
at,26,142,231,8487
at,26,143,230,8489
at,26,144,229,8491
at,26,145,228,8493
at,26,146,227,8495
at,26,147,226,8497
at,26,148,225,8499
at,26,149,224,8501
at,26,150,223,8503
at,26,151,222,8505
at,26,152,221,8507
at,26,153,220,8509
at,26,154,219,8511
at,26,155,218,8513
at,26,156,217,8515
at,26,157,216,8517
at,26,158,215,8519
at,26,159,214,8521
at,26,160,213,8523
at,26,161,212,8525
at,26,162,211,8527
at,26,163,210,8529
at,26,164,209,8531
at,26,165,208,8533
at,26,166,207,8535
at,26,167,206,8537
at,26,168,205,8539
at,26,169,204,8541
at,26,170,203,8543
at,26,171,202,8545
at,26,172,201,8547
at,26,173,200,8549
at,26,174,199,8551
at,26,175,198,8553
at,26,176,197,8555
at,26,177,196,8557
at,26,178,195,8559
at,26,179,194,8561
at,26,180,193,8563
at,26,181,192,8565
at,26,182,191,8567
at,26,183,190,8569
at,26,184,189,8571
at,26,185,188,8573
at,26,186,187,8575
27,code,8576,8618,8580,8577
27,0,38,8580
27,1,37,8582
27,2,36,8584
27,3,35,8585
27,4,34,8605
27,5,33,8613
27,6,32,8615
27,7,31,8617
seq,27,8580,38,false,8618,end,8618
at,27,0,38,8580
at,27,1,37,8582
at,27,2,36,8584
at,27,3,35,8585
seq,27.3.t,8587,33,true,8602,otherwise,8618
at,27.3.t,0,33,8587
at,27.3.t,1,32,8589
at,27.3.t,2,31,8600
at,27.3.t,3,30,8601
seq,27.3.e,8602,33,false,8605,end,8618
at,27.3.e,0,33,8602
at,27.3.e,1,32,8604
at,27,4,34,8605
seq,27.4.t,8607,32,true,8610,otherwise,8618
at,27.4.t,0,32,8607
at,27.4.t,1,31,8609
seq,27.4.e,8610,32,false,8613,end,8618
at,27.4.e,0,32,8610
at,27.4.e,1,31,8612
at,27,5,33,8613
at,27,6,32,8615
at,27,7,31,8617
28,code,8618,8641,8622,8619
28,0,19,8622
28,1,18,8624
28,2,17,8635
28,3,16,8636
28,4,15,8638
28,5,14,8640
seq,28,8622,19,false,8641,end,8641
at,28,0,19,8622
at,28,1,18,8624
at,28,2,17,8635
at,28,3,16,8636
at,28,4,15,8638
at,28,5,14,8640
29,code,8641,8678,8645,8642
29,0,33,8645
29,1,32,8647
29,2,31,8649
29,3,30,8651
29,4,29,8653
29,5,28,8664
29,6,27,8665
29,7,26,8673
29,8,25,8675
29,9,24,8677
seq,29,8645,33,false,8678,end,8678
at,29,0,33,8645
at,29,1,32,8647
at,29,2,31,8649
at,29,3,30,8651
at,29,4,29,8653
at,29,5,28,8664
at,29,6,27,8665
seq,29.6.t,8667,25,true,8670,otherwise,8678
at,29.6.t,0,25,8667
at,29.6.t,1,24,8669
seq,29.6.e,8670,25,false,8673,end,8678
at,29.6.e,0,25,8670
at,29.6.e,1,24,8672
at,29,7,26,8673
at,29,8,25,8675
at,29,9,24,8677
30,code,8678,8806,8682,8679
30,0,124,8682
30,1,123,8684
30,2,122,8686
30,3,121,8688
30,4,120,8690
30,5,119,8692
30,6,118,8693
30,7,117,8694
30,8,116,8712
30,9,115,8730
30,10,114,8748
30,11,113,8765
30,12,112,8782
30,13,111,8793
30,14,110,8801
30,15,109,8803
30,16,108,8805
seq,30,8682,124,false,8806,end,8806
at,30,0,124,8682
at,30,1,123,8684
at,30,2,122,8686
at,30,3,121,8688
at,30,4,120,8690
at,30,5,119,8692
at,30,6,118,8693
at,30,7,117,8694
seq,30.7.t,8696,115,true,8709,otherwise,8806
at,30.7.t,0,115,8696
at,30.7.t,1,114,8698
at,30.7.t,2,113,8700
at,30.7.t,3,112,8702
at,30.7.t,4,111,8704
at,30.7.t,5,110,8706
at,30.7.t,6,109,8707
at,30.7.t,7,108,8708
seq,30.7.e,8709,115,false,8712,end,8806
at,30.7.e,0,115,8709
at,30.7.e,1,114,8711
at,30,8,116,8712
seq,30.8.t,8714,114,true,8727,otherwise,8806
at,30.8.t,0,114,8714
at,30.8.t,1,113,8716
at,30.8.t,2,112,8718
at,30.8.t,3,111,8720
at,30.8.t,4,110,8722
at,30.8.t,5,109,8724
at,30.8.t,6,108,8725
at,30.8.t,7,107,8726
seq,30.8.e,8727,114,false,8730,end,8806
at,30.8.e,0,114,8727
at,30.8.e,1,113,8729
at,30,9,115,8730
seq,30.9.t,8732,113,true,8745,otherwise,8806
at,30.9.t,0,113,8732
at,30.9.t,1,112,8734
at,30.9.t,2,111,8736
at,30.9.t,3,110,8738
at,30.9.t,4,109,8740
at,30.9.t,5,108,8742
at,30.9.t,6,107,8743
at,30.9.t,7,106,8744
seq,30.9.e,8745,113,false,8748,end,8806
at,30.9.e,0,113,8745
at,30.9.e,1,112,8747
at,30,10,114,8748
seq,30.10.t,8750,112,true,8762,otherwise,8806
at,30.10.t,0,112,8750
at,30.10.t,1,111,8752
at,30.10.t,2,110,8754
at,30.10.t,3,109,8756
at,30.10.t,4,108,8758
at,30.10.t,5,107,8760
at,30.10.t,6,106,8761
seq,30.10.e,8762,112,false,8765,end,8806
at,30.10.e,0,112,8762
at,30.10.e,1,111,8764
at,30,11,113,8765
seq,30.11.t,8767,111,true,8779,otherwise,8806
at,30.11.t,0,111,8767
at,30.11.t,1,110,8769
at,30.11.t,2,109,8771
at,30.11.t,3,108,8773
at,30.11.t,4,107,8775
at,30.11.t,5,106,8777
at,30.11.t,6,105,8778
seq,30.11.e,8779,111,false,8782,end,8806
at,30.11.e,0,111,8779
at,30.11.e,1,110,8781
at,30,12,112,8782
seq,30.12.t,8784,110,true,8790,otherwise,8806
at,30.12.t,0,110,8784
at,30.12.t,1,109,8786
at,30.12.t,2,108,8788
at,30.12.t,3,107,8789
seq,30.12.e,8790,110,false,8793,end,8806
at,30.12.e,0,110,8790
at,30.12.e,1,109,8792
at,30,13,111,8793
seq,30.13.t,8795,109,true,8798,otherwise,8806
at,30.13.t,0,109,8795
at,30.13.t,1,108,8797
seq,30.13.e,8798,109,false,8801,end,8806
at,30.13.e,0,109,8798
at,30.13.e,1,108,8800
at,30,14,110,8801
at,30,15,109,8803
at,30,16,108,8805
31,code,8806,8848,8810,8807
31,0,38,8810
31,1,37,8812
31,2,36,8814
31,3,35,8815
31,4,34,8835
31,5,33,8843
31,6,32,8845
31,7,31,8847
seq,31,8810,38,false,8848,end,8848
at,31,0,38,8810
at,31,1,37,8812
at,31,2,36,8814
at,31,3,35,8815
seq,31.3.t,8817,33,true,8832,otherwise,8848
at,31.3.t,0,33,8817
at,31.3.t,1,32,8819
at,31.3.t,2,31,8830
at,31.3.t,3,30,8831
seq,31.3.e,8832,33,false,8835,end,8848
at,31.3.e,0,33,8832
at,31.3.e,1,32,8834
at,31,4,34,8835
seq,31.4.t,8837,32,true,8840,otherwise,8848
at,31.4.t,0,32,8837
at,31.4.t,1,31,8839
seq,31.4.e,8840,32,false,8843,end,8848
at,31.4.e,0,32,8840
at,31.4.e,1,31,8842
at,31,5,33,8843
at,31,6,32,8845
at,31,7,31,8847
32,code,8848,8871,8852,8849
32,0,19,8852
32,1,18,8854
32,2,17,8865
32,3,16,8866
32,4,15,8868
32,5,14,8870
seq,32,8852,19,false,8871,end,8871
at,32,0,19,8852
at,32,1,18,8854
at,32,2,17,8865
at,32,3,16,8866
at,32,4,15,8868
at,32,5,14,8870
33,code,8871,8908,8875,8872
33,0,33,8875
33,1,32,8877
33,2,31,8879
33,3,30,8881
33,4,29,8883
33,5,28,8894
33,6,27,8895
33,7,26,8903
33,8,25,8905
33,9,24,8907
seq,33,8875,33,false,8908,end,8908
at,33,0,33,8875
at,33,1,32,8877
at,33,2,31,8879
at,33,3,30,8881
at,33,4,29,8883
at,33,5,28,8894
at,33,6,27,8895
seq,33.6.t,8897,25,true,8900,otherwise,8908
at,33.6.t,0,25,8897
at,33.6.t,1,24,8899
seq,33.6.e,8900,25,false,8903,end,8908
at,33.6.e,0,25,8900
at,33.6.e,1,24,8902
at,33,7,26,8903
at,33,8,25,8905
at,33,9,24,8907
34,code,8908,8930,8912,8909
34,0,18,8912
34,1,17,8914
34,2,16,8916
34,3,15,8917
34,4,14,8925
34,5,13,8927
34,6,12,8929
seq,34,8912,18,false,8930,end,8930
at,34,0,18,8912
at,34,1,17,8914
at,34,2,16,8916
at,34,3,15,8917
seq,34.3.t,8919,13,true,8922,otherwise,8930
at,34.3.t,0,13,8919
at,34.3.t,1,12,8921
seq,34.3.e,8922,13,false,8925,end,8930
at,34.3.e,0,13,8922
at,34.3.e,1,12,8924
at,34,4,14,8925
at,34,5,13,8927
at,34,6,12,8929
35,code,8930,8976,8934,8931
35,0,42,8934
35,1,41,8936
35,2,40,8938
35,3,39,8940
35,4,38,8942
35,5,37,8944
35,6,36,8953
35,7,35,8955
35,8,34,8957
35,9,33,8959
35,10,32,8960
35,11,31,8971
35,12,30,8973
35,13,29,8975
seq,35,8934,42,false,8976,end,8976
at,35,0,42,8934
at,35,1,41,8936
at,35,2,40,8938
at,35,3,39,8940
at,35,4,38,8942
at,35,5,37,8944
at,35,6,36,8953
at,35,7,35,8955
at,35,8,34,8957
at,35,9,33,8959
at,35,10,32,8960
seq,35.10.t,8962,30,true,8965,otherwise,8976
at,35.10.t,0,30,8962
at,35.10.t,1,29,8964
seq,35.10.e,8965,30,false,8971,end,8976
at,35.10.e,0,30,8965
at,35.10.e,1,29,8967
at,35.10.e,2,28,8969
at,35.10.e,3,27,8970
at,35,11,31,8971
at,35,12,30,8973
at,35,13,29,8975
36,code,8976,9075,8980,8977
36,0,95,8980
36,1,94,8982
36,2,93,8984
36,3,92,8986
36,4,91,8988
36,5,90,8990
36,6,89,8992
36,7,88,8994
36,8,87,8996
36,9,86,8998
36,10,85,9000
36,11,84,9002
36,12,83,9004
36,13,82,9006
36,14,81,9008
36,15,80,9010
36,16,79,9012
36,17,78,9014
36,18,77,9016
36,19,76,9018
36,20,75,9020
36,21,74,9022
36,22,73,9024
36,23,72,9026
36,24,71,9028
36,25,70,9030
36,26,69,9032
36,27,68,9034
36,28,67,9036
36,29,66,9038
36,30,65,9040
36,31,64,9042
36,32,63,9044
36,33,62,9046
36,34,61,9048
36,35,60,9050
36,36,59,9052
36,37,58,9054
36,38,57,9056
36,39,56,9058
36,40,55,9060
36,41,54,9062
36,42,53,9064
36,43,52,9066
36,44,51,9068
36,45,50,9070
36,46,49,9072
36,47,48,9074
seq,36,8980,95,false,9075,end,9075
at,36,0,95,8980
at,36,1,94,8982
at,36,2,93,8984
at,36,3,92,8986
at,36,4,91,8988
at,36,5,90,8990
at,36,6,89,8992
at,36,7,88,8994
at,36,8,87,8996
at,36,9,86,8998
at,36,10,85,9000
at,36,11,84,9002
at,36,12,83,9004
at,36,13,82,9006
at,36,14,81,9008
at,36,15,80,9010
at,36,16,79,9012
at,36,17,78,9014
at,36,18,77,9016
at,36,19,76,9018
at,36,20,75,9020
at,36,21,74,9022
at,36,22,73,9024
at,36,23,72,9026
at,36,24,71,9028
at,36,25,70,9030
at,36,26,69,9032
at,36,27,68,9034
at,36,28,67,9036
at,36,29,66,9038
at,36,30,65,9040
at,36,31,64,9042
at,36,32,63,9044
at,36,33,62,9046
at,36,34,61,9048
at,36,35,60,9050
at,36,36,59,9052
at,36,37,58,9054
at,36,38,57,9056
at,36,39,56,9058
at,36,40,55,9060
at,36,41,54,9062
at,36,42,53,9064
at,36,43,52,9066
at,36,44,51,9068
at,36,45,50,9070
at,36,46,49,9072
at,36,47,48,9074
37,code,9075,9157,9079,9076
37,0,78,9079
37,1,77,9081
37,2,76,9083
37,3,75,9085
37,4,74,9087
37,5,73,9089
37,6,72,9091
37,7,71,9093
37,8,70,9094
37,9,69,9102
37,10,68,9104
37,11,67,9105
37,12,66,9106
37,13,65,9144
37,14,64,9152
37,15,63,9154
37,16,62,9156
seq,37,9079,78,false,9157,end,9157
at,37,0,78,9079
at,37,1,77,9081
at,37,2,76,9083
at,37,3,75,9085
at,37,4,74,9087
at,37,5,73,9089
at,37,6,72,9091
at,37,7,71,9093
at,37,8,70,9094
seq,37.8.t,9096,68,true,9099,otherwise,9157
at,37.8.t,0,68,9096
at,37.8.t,1,67,9098
seq,37.8.e,9099,68,false,9102,end,9157
at,37.8.e,0,68,9099
at,37.8.e,1,67,9101
at,37,9,69,9102
at,37,10,68,9104
at,37,11,67,9105
at,37,12,66,9106
seq,37.12.t,9108,64,true,9111,otherwise,9157
at,37.12.t,0,64,9108
at,37.12.t,1,63,9110
seq,37.12.e,9111,64,false,9144,end,9157
at,37.12.e,0,64,9111
at,37.12.e,1,63,9113
at,37.12.e,2,62,9115
at,37.12.e,3,61,9117
at,37.12.e,4,60,9119
at,37.12.e,5,59,9121
at,37.12.e,6,58,9122
seq,37.12.e.6.t,9124,56,true,9140,otherwise,9157
at,37.12.e.6.t,0,56,9124
at,37.12.e.6.t,1,55,9126
at,37.12.e.6.t,2,54,9128
at,37.12.e.6.t,3,53,9130
at,37.12.e.6.t,4,52,9132
at,37.12.e.6.t,5,51,9134
at,37.12.e.6.t,6,50,9137
at,37.12.e.6.t,7,49,9138
at,37.12.e.6.t,8,48,9139
seq,37.12.e.6.e,9140,56,false,9143,end,9157
at,37.12.e.6.e,0,56,9140
at,37.12.e.6.e,1,55,9142
at,37.12.e,7,57,9143
at,37,13,65,9144
seq,37.13.t,9146,63,true,9149,otherwise,9157
at,37.13.t,0,63,9146
at,37.13.t,1,62,9148
seq,37.13.e,9149,63,false,9152,end,9157
at,37.13.e,0,63,9149
at,37.13.e,1,62,9151
at,37,14,64,9152
at,37,15,63,9154
at,37,16,62,9156
38,code,9157,9189,9161,9158
38,0,28,9161
38,1,27,9163
38,2,26,9165
38,3,25,9167
38,4,24,9169
38,5,23,9172
38,6,22,9173
38,7,21,9175
38,8,20,9176
38,9,19,9184
38,10,18,9186
38,11,17,9188
seq,38,9161,28,false,9189,end,9189
at,38,0,28,9161
at,38,1,27,9163
at,38,2,26,9165
at,38,3,25,9167
at,38,4,24,9169
at,38,5,23,9172
at,38,6,22,9173
at,38,7,21,9175
at,38,8,20,9176
seq,38.8.t,9178,18,true,9181,otherwise,9189
at,38.8.t,0,18,9178
at,38.8.t,1,17,9180
seq,38.8.e,9181,18,false,9184,end,9189
at,38.8.e,0,18,9181
at,38.8.e,1,17,9183
at,38,9,19,9184
at,38,10,18,9186
at,38,11,17,9188
39,code,9189,9248,9193,9190
39,0,55,9193
39,1,54,9195
39,2,53,9197
39,3,52,9199
39,4,51,9201
39,5,50,9203
39,6,49,9205
39,7,48,9207
39,8,47,9209
39,9,46,9210
39,10,45,9211
39,11,44,9235
39,12,43,9243
39,13,42,9245
39,14,41,9247
seq,39,9193,55,false,9248,end,9248
at,39,0,55,9193
at,39,1,54,9195
at,39,2,53,9197
at,39,3,52,9199
at,39,4,51,9201
at,39,5,50,9203
at,39,6,49,9205
at,39,7,48,9207
at,39,8,47,9209
at,39,9,46,9210
at,39,10,45,9211
seq,39.10.t,9213,43,true,9216,otherwise,9248
at,39.10.t,0,43,9213
at,39.10.t,1,42,9215
seq,39.10.e,9216,43,false,9235,end,9248
at,39.10.e,0,43,9216
at,39.10.e,1,42,9218
at,39.10.e,2,41,9220
at,39.10.e,3,40,9222
at,39.10.e,4,39,9224
at,39.10.e,5,38,9226
at,39.10.e,6,37,9228
at,39.10.e,7,36,9230
at,39.10.e,8,35,9232
at,39.10.e,9,34,9233
at,39.10.e,10,33,9234
at,39,11,44,9235
seq,39.11.t,9237,42,true,9240,otherwise,9248
at,39.11.t,0,42,9237
at,39.11.t,1,41,9239
seq,39.11.e,9240,42,false,9243,end,9248
at,39.11.e,0,42,9240
at,39.11.e,1,41,9242
at,39,12,43,9243
at,39,13,42,9245
at,39,14,41,9247
40,code,9248,9323,9252,9249
40,0,71,9252
40,1,70,9254
40,2,69,9255
40,3,68,9257
40,4,67,9258
40,5,66,9259
40,6,65,9260
40,7,64,9262
40,8,63,9264
40,9,62,9265
40,10,61,9267
40,11,60,9268
40,12,59,9269
40,13,58,9270
40,14,57,9272
40,15,56,9274
40,16,55,9275
40,17,54,9277
40,18,53,9278
40,19,52,9279
40,20,51,9280
40,21,50,9282
40,22,49,9284
40,23,48,9285
40,24,47,9287
40,25,46,9288
40,26,45,9289
40,27,44,9290
40,28,43,9292
40,29,42,9302
40,30,41,9303
40,31,40,9305
40,32,39,9306
40,33,38,9307
40,34,37,9308
40,35,36,9310
40,36,35,9312
40,37,34,9313
40,38,33,9315
40,39,32,9316
40,40,31,9317
40,41,30,9318
40,42,29,9320
40,43,28,9322
seq,40,9252,71,false,9323,end,9323
at,40,0,71,9252
at,40,1,70,9254
at,40,2,69,9255
at,40,3,68,9257
at,40,4,67,9258
at,40,5,66,9259
at,40,6,65,9260
at,40,7,64,9262
at,40,8,63,9264
at,40,9,62,9265
at,40,10,61,9267
at,40,11,60,9268
at,40,12,59,9269
at,40,13,58,9270
at,40,14,57,9272
at,40,15,56,9274
at,40,16,55,9275
at,40,17,54,9277
at,40,18,53,9278
at,40,19,52,9279
at,40,20,51,9280
at,40,21,50,9282
at,40,22,49,9284
at,40,23,48,9285
at,40,24,47,9287
at,40,25,46,9288
at,40,26,45,9289
at,40,27,44,9290
at,40,28,43,9292
at,40,29,42,9302
at,40,30,41,9303
at,40,31,40,9305
at,40,32,39,9306
at,40,33,38,9307
at,40,34,37,9308
at,40,35,36,9310
at,40,36,35,9312
at,40,37,34,9313
at,40,38,33,9315
at,40,39,32,9316
at,40,40,31,9317
at,40,41,30,9318
at,40,42,29,9320
at,40,43,28,9322
41,code,9323,9439,9327,9324
41,0,112,9327
41,1,111,9329
41,2,110,9331
41,3,109,9333
41,4,108,9335
41,5,107,9337
41,6,106,9339
41,7,105,9341
41,8,104,9342
41,9,103,9350
41,10,102,9352
41,11,101,9353
41,12,100,9361
41,13,99,9363
41,14,98,9364
41,15,97,9365
41,16,96,9434
41,17,95,9436
41,18,94,9438
seq,41,9327,112,false,9439,end,9439
at,41,0,112,9327
at,41,1,111,9329
at,41,2,110,9331
at,41,3,109,9333
at,41,4,108,9335
at,41,5,107,9337
at,41,6,106,9339
at,41,7,105,9341
at,41,8,104,9342
seq,41.8.t,9344,102,true,9347,otherwise,9439
at,41.8.t,0,102,9344
at,41.8.t,1,101,9346
seq,41.8.e,9347,102,false,9350,end,9439
at,41.8.e,0,102,9347
at,41.8.e,1,101,9349
at,41,9,103,9350
at,41,10,102,9352
at,41,11,101,9353
seq,41.11.t,9355,99,true,9358,otherwise,9439
at,41.11.t,0,99,9355
at,41.11.t,1,98,9357
seq,41.11.e,9358,99,false,9361,end,9439
at,41.11.e,0,99,9358
at,41.11.e,1,98,9360
at,41,12,100,9361
at,41,13,99,9363
at,41,14,98,9364
at,41,15,97,9365
seq,41.15.t,9367,95,true,9370,otherwise,9439
at,41.15.t,0,95,9367
at,41.15.t,1,94,9369
seq,41.15.e,9370,95,false,9434,end,9439
at,41.15.e,0,95,9370
at,41.15.e,1,94,9372
at,41.15.e,2,93,9374
at,41.15.e,3,92,9376
at,41.15.e,4,91,9378
at,41.15.e,5,90,9381
at,41.15.e,6,89,9382
at,41.15.e,7,88,9384
at,41.15.e,8,87,9385
at,41.15.e,9,86,9394
at,41.15.e,10,85,9395
at,41.15.e,11,84,9397
at,41.15.e,12,83,9399
at,41.15.e,13,82,9401
at,41.15.e,14,81,9403
at,41.15.e,15,80,9405
at,41.15.e,16,79,9414
at,41.15.e,17,78,9416
at,41.15.e,18,77,9418
at,41.15.e,19,76,9420
at,41.15.e,20,75,9421
seq,41.15.e.20.t,9423,73,true,9426,otherwise,9439
at,41.15.e.20.t,0,73,9423
at,41.15.e.20.t,1,72,9425
seq,41.15.e.20.e,9426,73,false,9432,end,9439
at,41.15.e.20.e,0,73,9426
at,41.15.e.20.e,1,72,9428
at,41.15.e.20.e,2,71,9430
at,41.15.e.20.e,3,70,9431
at,41.15.e,21,74,9432
at,41.15.e,22,73,9433
at,41,16,96,9434
at,41,17,95,9436
at,41,18,94,9438
42,code,9439,9507,9443,9440
42,0,64,9443
42,1,63,9445
42,2,62,9447
42,3,61,9449
42,4,60,9451
42,5,59,9453
42,6,58,9455
42,7,57,9457
42,8,56,9459
42,9,55,9461
42,10,54,9463
42,11,53,9464
42,12,52,9472
42,13,51,9474
42,14,50,9475
42,15,49,9476
42,16,48,9504
42,17,47,9506
seq,42,9443,64,false,9507,end,9507
at,42,0,64,9443
at,42,1,63,9445
at,42,2,62,9447
at,42,3,61,9449
at,42,4,60,9451
at,42,5,59,9453
at,42,6,58,9455
at,42,7,57,9457
at,42,8,56,9459
at,42,9,55,9461
at,42,10,54,9463
at,42,11,53,9464
seq,42.11.t,9466,51,true,9469,otherwise,9507
at,42.11.t,0,51,9466
at,42.11.t,1,50,9468
seq,42.11.e,9469,51,false,9472,end,9507
at,42.11.e,0,51,9469
at,42.11.e,1,50,9471
at,42,12,52,9472
at,42,13,51,9474
at,42,14,50,9475
at,42,15,49,9476
seq,42.15.t,9478,47,true,9499,otherwise,9507
at,42.15.t,0,47,9478
at,42.15.t,1,46,9480
at,42.15.t,2,45,9482
at,42.15.t,3,44,9484
at,42.15.t,4,43,9486
at,42.15.t,5,42,9488
at,42.15.t,6,41,9490
at,42.15.t,7,40,9492
at,42.15.t,8,39,9494
at,42.15.t,9,38,9496
at,42.15.t,10,37,9498
seq,42.15.e,9499,47,false,9504,end,9507
at,42.15.e,0,47,9499
at,42.15.e,1,46,9501
at,42.15.e,2,45,9503
at,42,16,48,9504
at,42,17,47,9506
43,code,9507,9643,9512,9509
43,0,131,9512
43,1,130,9514
43,2,129,9516
43,3,128,9518
43,4,127,9520
43,5,126,9522
43,6,125,9524
43,7,124,9526
43,8,123,9528
43,9,122,9530
43,10,121,9532
43,11,120,9534
43,12,119,9536
43,13,118,9538
43,14,117,9540
43,15,116,9542
43,16,115,9544
43,17,114,9546
43,18,113,9548
43,19,112,9550
43,20,111,9552
43,21,110,9554
43,22,109,9556
43,23,108,9558
43,24,107,9560
43,25,106,9562
43,26,105,9564
43,27,104,9566
43,28,103,9568
43,29,102,9570
43,30,101,9572
43,31,100,9574
43,32,99,9576
43,33,98,9578
43,34,97,9580
43,35,96,9582
43,36,95,9584
43,37,94,9586
43,38,93,9588
43,39,92,9590
43,40,91,9592
43,41,90,9594
43,42,89,9596
43,43,88,9598
43,44,87,9600
43,45,86,9602
43,46,85,9604
43,47,84,9606
43,48,83,9608
43,49,82,9610
43,50,81,9612
43,51,80,9614
43,52,79,9616
43,53,78,9618
43,54,77,9620
43,55,76,9622
43,56,75,9624
43,57,74,9626
43,58,73,9628
43,59,72,9630
43,60,71,9632
43,61,70,9634
43,62,69,9636
43,63,68,9638
43,64,67,9640
43,65,66,9642
seq,43,9512,131,false,9643,end,9643
at,43,0,131,9512
at,43,1,130,9514
at,43,2,129,9516
at,43,3,128,9518
at,43,4,127,9520
at,43,5,126,9522
at,43,6,125,9524
at,43,7,124,9526
at,43,8,123,9528
at,43,9,122,9530
at,43,10,121,9532
at,43,11,120,9534
at,43,12,119,9536
at,43,13,118,9538
at,43,14,117,9540
at,43,15,116,9542
at,43,16,115,9544
at,43,17,114,9546
at,43,18,113,9548
at,43,19,112,9550
at,43,20,111,9552
at,43,21,110,9554
at,43,22,109,9556
at,43,23,108,9558
at,43,24,107,9560
at,43,25,106,9562
at,43,26,105,9564
at,43,27,104,9566
at,43,28,103,9568
at,43,29,102,9570
at,43,30,101,9572
at,43,31,100,9574
at,43,32,99,9576
at,43,33,98,9578
at,43,34,97,9580
at,43,35,96,9582
at,43,36,95,9584
at,43,37,94,9586
at,43,38,93,9588
at,43,39,92,9590
at,43,40,91,9592
at,43,41,90,9594
at,43,42,89,9596
at,43,43,88,9598
at,43,44,87,9600
at,43,45,86,9602
at,43,46,85,9604
at,43,47,84,9606
at,43,48,83,9608
at,43,49,82,9610
at,43,50,81,9612
at,43,51,80,9614
at,43,52,79,9616
at,43,53,78,9618
at,43,54,77,9620
at,43,55,76,9622
at,43,56,75,9624
at,43,57,74,9626
at,43,58,73,9628
at,43,59,72,9630
at,43,60,71,9632
at,43,61,70,9634
at,43,62,69,9636
at,43,63,68,9638
at,43,64,67,9640
at,43,65,66,9642
44,code,9643,9974,9648,9645
44,0,326,9648
44,1,325,9650
44,2,324,9652
44,3,323,9654
44,4,322,9656
44,5,321,9658
44,6,320,9659
44,7,319,9660
44,8,318,9678
44,9,317,9696
44,10,316,9714
44,11,315,9722
44,12,314,9724
44,13,313,9725
44,14,312,9733
44,15,311,9735
44,16,310,9736
44,17,309,9737
44,18,308,9971
44,19,307,9973
seq,44,9648,326,false,9974,end,9974
at,44,0,326,9648
at,44,1,325,9650
at,44,2,324,9652
at,44,3,323,9654
at,44,4,322,9656
at,44,5,321,9658
at,44,6,320,9659
at,44,7,319,9660
seq,44.7.t,9662,317,true,9675,otherwise,9974
at,44.7.t,0,317,9662
at,44.7.t,1,316,9664
at,44.7.t,2,315,9666
at,44.7.t,3,314,9668
at,44.7.t,4,313,9670
at,44.7.t,5,312,9672
at,44.7.t,6,311,9673
at,44.7.t,7,310,9674
seq,44.7.e,9675,317,false,9678,end,9974
at,44.7.e,0,317,9675
at,44.7.e,1,316,9677
at,44,8,318,9678
seq,44.8.t,9680,316,true,9693,otherwise,9974
at,44.8.t,0,316,9680
at,44.8.t,1,315,9682
at,44.8.t,2,314,9684
at,44.8.t,3,313,9686
at,44.8.t,4,312,9688
at,44.8.t,5,311,9690
at,44.8.t,6,310,9691
at,44.8.t,7,309,9692
seq,44.8.e,9693,316,false,9696,end,9974
at,44.8.e,0,316,9693
at,44.8.e,1,315,9695
at,44,9,317,9696
seq,44.9.t,9698,315,true,9711,otherwise,9974
at,44.9.t,0,315,9698
at,44.9.t,1,314,9700
at,44.9.t,2,313,9702
at,44.9.t,3,312,9704
at,44.9.t,4,311,9706
at,44.9.t,5,310,9708
at,44.9.t,6,309,9709
at,44.9.t,7,308,9710
seq,44.9.e,9711,315,false,9714,end,9974
at,44.9.e,0,315,9711
at,44.9.e,1,314,9713
at,44,10,316,9714
seq,44.10.t,9716,314,true,9719,otherwise,9974
at,44.10.t,0,314,9716
at,44.10.t,1,313,9718
seq,44.10.e,9719,314,false,9722,end,9974
at,44.10.e,0,314,9719
at,44.10.e,1,313,9721
at,44,11,315,9722
at,44,12,314,9724
at,44,13,313,9725
seq,44.13.t,9727,311,true,9730,otherwise,9974
at,44.13.t,0,311,9727
at,44.13.t,1,310,9729
seq,44.13.e,9730,311,false,9733,end,9974
at,44.13.e,0,311,9730
at,44.13.e,1,310,9732
at,44,14,312,9733
at,44,15,311,9735
at,44,16,310,9736
at,44,17,309,9737
seq,44.17.t,9739,307,true,9966,otherwise,9974
at,44.17.t,0,307,9739
at,44.17.t,1,306,9741
at,44.17.t,2,305,9743
at,44.17.t,3,304,9745
at,44.17.t,4,303,9747
at,44.17.t,5,302,9749
at,44.17.t,6,301,9751
at,44.17.t,7,300,9753
at,44.17.t,8,299,9755
at,44.17.t,9,298,9757
at,44.17.t,10,297,9759
at,44.17.t,11,296,9761
at,44.17.t,12,295,9763
at,44.17.t,13,294,9765
at,44.17.t,14,293,9767
at,44.17.t,15,292,9769
at,44.17.t,16,291,9771
at,44.17.t,17,290,9773
at,44.17.t,18,289,9775
at,44.17.t,19,288,9777
at,44.17.t,20,287,9779
at,44.17.t,21,286,9781
at,44.17.t,22,285,9783
at,44.17.t,23,284,9785
at,44.17.t,24,283,9787
at,44.17.t,25,282,9788
at,44.17.t,26,281,9789
seq,44.17.t.26.t,9791,279,true,9810,otherwise,9974
at,44.17.t.26.t,0,279,9791
at,44.17.t.26.t,1,278,9793
at,44.17.t.26.t,2,277,9795
at,44.17.t.26.t,3,276,9797
at,44.17.t.26.t,4,275,9799
at,44.17.t.26.t,5,274,9801
at,44.17.t.26.t,6,273,9803
at,44.17.t.26.t,7,272,9805
at,44.17.t.26.t,8,271,9807
at,44.17.t.26.t,9,270,9808
at,44.17.t.26.t,10,269,9809
seq,44.17.t.26.e,9810,279,false,9813,end,9974
at,44.17.t.26.e,0,279,9810
at,44.17.t.26.e,1,278,9812
at,44.17.t,27,280,9813
seq,44.17.t.27.t,9815,278,true,9834,otherwise,9974
at,44.17.t.27.t,0,278,9815
at,44.17.t.27.t,1,277,9817
at,44.17.t.27.t,2,276,9819
at,44.17.t.27.t,3,275,9821
at,44.17.t.27.t,4,274,9823
at,44.17.t.27.t,5,273,9825
at,44.17.t.27.t,6,272,9827
at,44.17.t.27.t,7,271,9829
at,44.17.t.27.t,8,270,9831
at,44.17.t.27.t,9,269,9832
at,44.17.t.27.t,10,268,9833
seq,44.17.t.27.e,9834,278,false,9837,end,9974
at,44.17.t.27.e,0,278,9834
at,44.17.t.27.e,1,277,9836
at,44.17.t,28,279,9837
seq,44.17.t.28.t,9839,277,true,9858,otherwise,9974
at,44.17.t.28.t,0,277,9839
at,44.17.t.28.t,1,276,9841
at,44.17.t.28.t,2,275,9843
at,44.17.t.28.t,3,274,9845
at,44.17.t.28.t,4,273,9847
at,44.17.t.28.t,5,272,9849
at,44.17.t.28.t,6,271,9851
at,44.17.t.28.t,7,270,9853
at,44.17.t.28.t,8,269,9855
at,44.17.t.28.t,9,268,9856
at,44.17.t.28.t,10,267,9857
seq,44.17.t.28.e,9858,277,false,9861,end,9974
at,44.17.t.28.e,0,277,9858
at,44.17.t.28.e,1,276,9860
at,44.17.t,29,278,9861
seq,44.17.t.29.t,9863,276,true,9866,otherwise,9974
at,44.17.t.29.t,0,276,9863
at,44.17.t.29.t,1,275,9865
seq,44.17.t.29.e,9866,276,false,9869,end,9974
at,44.17.t.29.e,0,276,9866
at,44.17.t.29.e,1,275,9868
at,44.17.t,30,277,9869
at,44.17.t,31,276,9871
at,44.17.t,32,275,9872
seq,44.17.t.32.t,9874,273,true,9877,otherwise,9974
at,44.17.t.32.t,0,273,9874
at,44.17.t.32.t,1,272,9876
seq,44.17.t.32.e,9877,273,false,9880,end,9974
at,44.17.t.32.e,0,273,9877
at,44.17.t.32.e,1,272,9879
at,44.17.t,33,274,9880
at,44.17.t,34,273,9882
at,44.17.t,35,272,9883
at,44.17.t,36,271,9884
seq,44.17.t.36.t,9886,269,true,9960,otherwise,9974
at,44.17.t.36.t,0,269,9886
at,44.17.t.36.t,1,268,9888
at,44.17.t.36.t,2,267,9890
at,44.17.t.36.t,3,266,9892
at,44.17.t.36.t,4,265,9894
at,44.17.t.36.t,5,264,9896
at,44.17.t.36.t,6,263,9898
at,44.17.t.36.t,7,262,9900
at,44.17.t.36.t,8,261,9902
at,44.17.t.36.t,9,260,9904
at,44.17.t.36.t,10,259,9906
at,44.17.t.36.t,11,258,9908
at,44.17.t.36.t,12,257,9910
at,44.17.t.36.t,13,256,9912
at,44.17.t.36.t,14,255,9914
at,44.17.t.36.t,15,254,9916
at,44.17.t.36.t,16,253,9918
at,44.17.t.36.t,17,252,9920
at,44.17.t.36.t,18,251,9922
at,44.17.t.36.t,19,250,9924
at,44.17.t.36.t,20,249,9926
at,44.17.t.36.t,21,248,9928
at,44.17.t.36.t,22,247,9929
at,44.17.t.36.t,23,246,9930
seq,44.17.t.36.t.23.t,9932,244,true,9946,otherwise,9974
at,44.17.t.36.t.23.t,0,244,9932
at,44.17.t.36.t.23.t,1,243,9942
at,44.17.t.36.t.23.t,2,242,9944
at,44.17.t.36.t.23.t,3,241,9945
seq,44.17.t.36.t.23.e,9946,244,false,9949,end,9974
at,44.17.t.36.t.23.e,0,244,9946
at,44.17.t.36.t.23.e,1,243,9948
at,44.17.t.36.t,24,245,9949
seq,44.17.t.36.t.24.t,9951,243,true,9954,otherwise,9974
at,44.17.t.36.t.24.t,0,243,9951
at,44.17.t.36.t.24.t,1,242,9953
seq,44.17.t.36.t.24.e,9954,243,false,9957,end,9974
at,44.17.t.36.t.24.e,0,243,9954
at,44.17.t.36.t.24.e,1,242,9956
at,44.17.t.36.t,25,244,9957
at,44.17.t.36.t,26,243,9959
seq,44.17.t.36.e,9960,269,false,9965,end,9974
at,44.17.t.36.e,0,269,9960
at,44.17.t.36.e,1,268,9962
at,44.17.t.36.e,2,267,9964
at,44.17.t,37,270,9965
seq,44.17.e,9966,307,false,9971,end,9974
at,44.17.e,0,307,9966
at,44.17.e,1,306,9968
at,44.17.e,2,305,9970
at,44,18,308,9971
at,44,19,307,9973
45,code,9974,10057,9978,9975
45,0,79,9978
45,1,78,9980
45,2,77,9982
45,3,76,9984
45,4,75,9986
45,5,74,9988
45,6,73,9990
45,7,72,9992
45,8,71,9994
45,9,70,9996
45,10,69,9998
45,11,68,10000
45,12,67,10002
45,13,66,10004
45,14,65,10006
45,15,64,10007
45,16,63,10008
45,17,62,10044
45,18,61,10052
45,19,60,10054
45,20,59,10056
seq,45,9978,79,false,10057,end,10057
at,45,0,79,9978
at,45,1,78,9980
at,45,2,77,9982
at,45,3,76,9984
at,45,4,75,9986
at,45,5,74,9988
at,45,6,73,9990
at,45,7,72,9992
at,45,8,71,9994
at,45,9,70,9996
at,45,10,69,9998
at,45,11,68,10000
at,45,12,67,10002
at,45,13,66,10004
at,45,14,65,10006
at,45,15,64,10007
at,45,16,63,10008
seq,45.16.t,10010,61,true,10013,otherwise,10057
at,45.16.t,0,61,10010
at,45.16.t,1,60,10012
seq,45.16.e,10013,61,false,10044,end,10057
at,45.16.e,0,61,10013
at,45.16.e,1,60,10015
at,45.16.e,2,59,10017
at,45.16.e,3,58,10019
at,45.16.e,4,57,10021
at,45.16.e,5,56,10023
at,45.16.e,6,55,10025
at,45.16.e,7,54,10027
at,45.16.e,8,53,10029
at,45.16.e,9,52,10031
at,45.16.e,10,51,10033
at,45.16.e,11,50,10035
at,45.16.e,12,49,10037
at,45.16.e,13,48,10039
at,45.16.e,14,47,10041
at,45.16.e,15,46,10042
at,45.16.e,16,45,10043
at,45,17,62,10044
seq,45.17.t,10046,60,true,10049,otherwise,10057
at,45.17.t,0,60,10046
at,45.17.t,1,59,10048
seq,45.17.e,10049,60,false,10052,end,10057
at,45.17.e,0,60,10049
at,45.17.e,1,59,10051
at,45,18,61,10052
at,45,19,60,10054
at,45,20,59,10056
46,code,10057,10110,10061,10058
46,0,49,10061
46,1,48,10063
46,2,47,10065
46,3,46,10067
46,4,45,10069
46,5,44,10071
46,6,43,10073
46,7,42,10075
46,8,41,10077
46,9,40,10079
46,10,39,10081
46,11,38,10083
46,12,37,10085
46,13,36,10087
46,14,35,10089
46,15,34,10091
46,16,33,10093
46,17,32,10095
46,18,31,10097
46,19,30,10099
46,20,29,10101
46,21,28,10103
46,22,27,10105
46,23,26,10107
46,24,25,10109
seq,46,10061,49,false,10110,end,10110
at,46,0,49,10061
at,46,1,48,10063
at,46,2,47,10065
at,46,3,46,10067
at,46,4,45,10069
at,46,5,44,10071
at,46,6,43,10073
at,46,7,42,10075
at,46,8,41,10077
at,46,9,40,10079
at,46,10,39,10081
at,46,11,38,10083
at,46,12,37,10085
at,46,13,36,10087
at,46,14,35,10089
at,46,15,34,10091
at,46,16,33,10093
at,46,17,32,10095
at,46,18,31,10097
at,46,19,30,10099
at,46,20,29,10101
at,46,21,28,10103
at,46,22,27,10105
at,46,23,26,10107
at,46,24,25,10109
47,code,10110,10951,10115,10112
47,0,836,10115
47,1,835,10117
47,2,834,10119
47,3,833,10121
47,4,832,10123
47,5,831,10125
47,6,830,10127
47,7,829,10129
47,8,828,10131
47,9,827,10133
47,10,826,10135
47,11,825,10137
47,12,824,10139
47,13,823,10141
47,14,822,10143
47,15,821,10145
47,16,820,10147
47,17,819,10148
47,18,818,10156
47,19,817,10158
47,20,816,10159
47,21,815,10160
47,22,814,10934
47,23,813,10936
47,24,812,10938
47,25,811,10940
47,26,810,10942
47,27,809,10944
47,28,808,10946
47,29,807,10948
47,30,806,10950
seq,47,10115,836,false,10951,end,10951
at,47,0,836,10115
at,47,1,835,10117
at,47,2,834,10119
at,47,3,833,10121
at,47,4,832,10123
at,47,5,831,10125
at,47,6,830,10127
at,47,7,829,10129
at,47,8,828,10131
at,47,9,827,10133
at,47,10,826,10135
at,47,11,825,10137
at,47,12,824,10139
at,47,13,823,10141
at,47,14,822,10143
at,47,15,821,10145
at,47,16,820,10147
at,47,17,819,10148
seq,47.17.t,10150,817,true,10153,otherwise,10951
at,47.17.t,0,817,10150
at,47.17.t,1,816,10152
seq,47.17.e,10153,817,false,10156,end,10951
at,47.17.e,0,817,10153
at,47.17.e,1,816,10155
at,47,18,818,10156
at,47,19,817,10158
at,47,20,816,10159
at,47,21,815,10160
seq,47.21.t,10162,813,true,10883,otherwise,10951
at,47.21.t,0,813,10162
at,47.21.t,1,812,10164
at,47.21.t,2,811,10165
at,47.21.t,3,810,10167
at,47.21.t,4,809,10168
at,47.21.t,5,808,10169
at,47.21.t,6,807,10170
at,47.21.t,7,806,10172
at,47.21.t,8,805,10174
at,47.21.t,9,804,10175
at,47.21.t,10,803,10177
at,47.21.t,11,802,10178
at,47.21.t,12,801,10179
at,47.21.t,13,800,10180
at,47.21.t,14,799,10182
at,47.21.t,15,798,10184
at,47.21.t,16,797,10185
at,47.21.t,17,796,10187
at,47.21.t,18,795,10188
at,47.21.t,19,794,10189
at,47.21.t,20,793,10190
at,47.21.t,21,792,10192
at,47.21.t,22,791,10194
at,47.21.t,23,790,10195
at,47.21.t,24,789,10197
at,47.21.t,25,788,10198
at,47.21.t,26,787,10199
at,47.21.t,27,786,10200
at,47.21.t,28,785,10202
at,47.21.t,29,784,10204
at,47.21.t,30,783,10205
at,47.21.t,31,782,10207
at,47.21.t,32,781,10208
at,47.21.t,33,780,10209
at,47.21.t,34,779,10210
at,47.21.t,35,778,10212
at,47.21.t,36,777,10222
at,47.21.t,37,776,10223
at,47.21.t,38,775,10225
at,47.21.t,39,774,10226
at,47.21.t,40,773,10227
at,47.21.t,41,772,10228
at,47.21.t,42,771,10230
at,47.21.t,43,770,10232
at,47.21.t,44,769,10233
at,47.21.t,45,768,10235
at,47.21.t,46,767,10236
at,47.21.t,47,766,10237
at,47.21.t,48,765,10238
at,47.21.t,49,764,10240
at,47.21.t,50,763,10242
at,47.21.t,51,762,10244
at,47.21.t,52,761,10246
at,47.21.t,53,760,10248
at,47.21.t,54,759,10250
at,47.21.t,55,758,10251
at,47.21.t,56,757,10252
seq,47.21.t.56.t,10254,755,true,10267,otherwise,10951
at,47.21.t.56.t,0,755,10254
at,47.21.t.56.t,1,754,10256
at,47.21.t.56.t,2,753,10258
at,47.21.t.56.t,3,752,10260
at,47.21.t.56.t,4,751,10262
at,47.21.t.56.t,5,750,10264
at,47.21.t.56.t,6,749,10265
at,47.21.t.56.t,7,748,10266
seq,47.21.t.56.e,10267,755,false,10270,end,10951
at,47.21.t.56.e,0,755,10267
at,47.21.t.56.e,1,754,10269
at,47.21.t,57,756,10270
seq,47.21.t.57.t,10272,754,true,10285,otherwise,10951
at,47.21.t.57.t,0,754,10272
at,47.21.t.57.t,1,753,10274
at,47.21.t.57.t,2,752,10276
at,47.21.t.57.t,3,751,10278
at,47.21.t.57.t,4,750,10280
at,47.21.t.57.t,5,749,10282
at,47.21.t.57.t,6,748,10283
at,47.21.t.57.t,7,747,10284
seq,47.21.t.57.e,10285,754,false,10288,end,10951
at,47.21.t.57.e,0,754,10285
at,47.21.t.57.e,1,753,10287
at,47.21.t,58,755,10288
seq,47.21.t.58.t,10290,753,true,10303,otherwise,10951
at,47.21.t.58.t,0,753,10290
at,47.21.t.58.t,1,752,10292
at,47.21.t.58.t,2,751,10294
at,47.21.t.58.t,3,750,10296
at,47.21.t.58.t,4,749,10298
at,47.21.t.58.t,5,748,10300
at,47.21.t.58.t,6,747,10301
at,47.21.t.58.t,7,746,10302
seq,47.21.t.58.e,10303,753,false,10306,end,10951
at,47.21.t.58.e,0,753,10303
at,47.21.t.58.e,1,752,10305
at,47.21.t,59,754,10306
seq,47.21.t.59.t,10308,752,true,10321,otherwise,10951
at,47.21.t.59.t,0,752,10308
at,47.21.t.59.t,1,751,10310
at,47.21.t.59.t,2,750,10312
at,47.21.t.59.t,3,749,10314
at,47.21.t.59.t,4,748,10316
at,47.21.t.59.t,5,747,10318
at,47.21.t.59.t,6,746,10319
at,47.21.t.59.t,7,745,10320
seq,47.21.t.59.e,10321,752,false,10324,end,10951
at,47.21.t.59.e,0,752,10321
at,47.21.t.59.e,1,751,10323
at,47.21.t,60,753,10324
seq,47.21.t.60.t,10326,751,true,10339,otherwise,10951
at,47.21.t.60.t,0,751,10326
at,47.21.t.60.t,1,750,10328
at,47.21.t.60.t,2,749,10330
at,47.21.t.60.t,3,748,10332
at,47.21.t.60.t,4,747,10334
at,47.21.t.60.t,5,746,10336
at,47.21.t.60.t,6,745,10337
at,47.21.t.60.t,7,744,10338
seq,47.21.t.60.e,10339,751,false,10342,end,10951
at,47.21.t.60.e,0,751,10339
at,47.21.t.60.e,1,750,10341
at,47.21.t,61,752,10342
seq,47.21.t.61.t,10344,750,true,10357,otherwise,10951
at,47.21.t.61.t,0,750,10344
at,47.21.t.61.t,1,749,10346
at,47.21.t.61.t,2,748,10348
at,47.21.t.61.t,3,747,10350
at,47.21.t.61.t,4,746,10352
at,47.21.t.61.t,5,745,10354
at,47.21.t.61.t,6,744,10355
at,47.21.t.61.t,7,743,10356
seq,47.21.t.61.e,10357,750,false,10360,end,10951
at,47.21.t.61.e,0,750,10357
at,47.21.t.61.e,1,749,10359
at,47.21.t,62,751,10360
seq,47.21.t.62.t,10362,749,true,10365,otherwise,10951
at,47.21.t.62.t,0,749,10362
at,47.21.t.62.t,1,748,10364
seq,47.21.t.62.e,10365,749,false,10368,end,10951
at,47.21.t.62.e,0,749,10365
at,47.21.t.62.e,1,748,10367
at,47.21.t,63,750,10368
at,47.21.t,64,749,10370
at,47.21.t,65,748,10371
seq,47.21.t.65.t,10373,746,true,10376,otherwise,10951
at,47.21.t.65.t,0,746,10373
at,47.21.t.65.t,1,745,10375
seq,47.21.t.65.e,10376,746,false,10379,end,10951
at,47.21.t.65.e,0,746,10376
at,47.21.t.65.e,1,745,10378
at,47.21.t,66,747,10379
at,47.21.t,67,746,10381
at,47.21.t,68,745,10382
at,47.21.t,69,744,10383
seq,47.21.t.69.t,10385,742,true,10831,otherwise,10951
at,47.21.t.69.t,0,742,10385
at,47.21.t.69.t,1,741,10395
at,47.21.t.69.t,2,740,10396
at,47.21.t.69.t,3,739,10398
at,47.21.t.69.t,4,738,10399
at,47.21.t.69.t,5,737,10400
at,47.21.t.69.t,6,736,10401
at,47.21.t.69.t,7,735,10403
at,47.21.t.69.t,8,734,10405
at,47.21.t.69.t,9,733,10406
at,47.21.t.69.t,10,732,10408
at,47.21.t.69.t,11,731,10409
at,47.21.t.69.t,12,730,10410
at,47.21.t.69.t,13,729,10411
at,47.21.t.69.t,14,728,10413
at,47.21.t.69.t,15,727,10423
at,47.21.t.69.t,16,726,10424
at,47.21.t.69.t,17,725,10426
at,47.21.t.69.t,18,724,10427
at,47.21.t.69.t,19,723,10428
at,47.21.t.69.t,20,722,10429
at,47.21.t.69.t,21,721,10431
at,47.21.t.69.t,22,720,10433
at,47.21.t.69.t,23,719,10435
at,47.21.t.69.t,24,718,10437
at,47.21.t.69.t,25,717,10439
at,47.21.t.69.t,26,716,10441
at,47.21.t.69.t,27,715,10442
at,47.21.t.69.t,28,714,10443
seq,47.21.t.69.t.28.t,10445,712,true,10458,otherwise,10951
at,47.21.t.69.t.28.t,0,712,10445
at,47.21.t.69.t.28.t,1,711,10447
at,47.21.t.69.t.28.t,2,710,10449
at,47.21.t.69.t.28.t,3,709,10451
at,47.21.t.69.t.28.t,4,708,10453
at,47.21.t.69.t.28.t,5,707,10455
at,47.21.t.69.t.28.t,6,706,10456
at,47.21.t.69.t.28.t,7,705,10457
seq,47.21.t.69.t.28.e,10458,712,false,10461,end,10951
at,47.21.t.69.t.28.e,0,712,10458
at,47.21.t.69.t.28.e,1,711,10460
at,47.21.t.69.t,29,713,10461
seq,47.21.t.69.t.29.t,10463,711,true,10476,otherwise,10951
at,47.21.t.69.t.29.t,0,711,10463
at,47.21.t.69.t.29.t,1,710,10465
at,47.21.t.69.t.29.t,2,709,10467
at,47.21.t.69.t.29.t,3,708,10469
at,47.21.t.69.t.29.t,4,707,10471
at,47.21.t.69.t.29.t,5,706,10473
at,47.21.t.69.t.29.t,6,705,10474
at,47.21.t.69.t.29.t,7,704,10475
seq,47.21.t.69.t.29.e,10476,711,false,10479,end,10951
at,47.21.t.69.t.29.e,0,711,10476
at,47.21.t.69.t.29.e,1,710,10478
at,47.21.t.69.t,30,712,10479
seq,47.21.t.69.t.30.t,10481,710,true,10484,otherwise,10951
at,47.21.t.69.t.30.t,0,710,10481
at,47.21.t.69.t.30.t,1,709,10483
seq,47.21.t.69.t.30.e,10484,710,false,10487,end,10951
at,47.21.t.69.t.30.e,0,710,10484
at,47.21.t.69.t.30.e,1,709,10486
at,47.21.t.69.t,31,711,10487
at,47.21.t.69.t,32,710,10489
at,47.21.t.69.t,33,709,10490
seq,47.21.t.69.t.33.t,10492,707,true,10495,otherwise,10951
at,47.21.t.69.t.33.t,0,707,10492
at,47.21.t.69.t.33.t,1,706,10494
seq,47.21.t.69.t.33.e,10495,707,false,10498,end,10951
at,47.21.t.69.t.33.e,0,707,10495
at,47.21.t.69.t.33.e,1,706,10497
at,47.21.t.69.t,34,708,10498
at,47.21.t.69.t,35,707,10500
at,47.21.t.69.t,36,706,10501
at,47.21.t.69.t,37,705,10502
seq,47.21.t.69.t.37.t,10504,703,true,10779,otherwise,10951
at,47.21.t.69.t.37.t,0,703,10504
at,47.21.t.69.t.37.t,1,702,10506
at,47.21.t.69.t.37.t,2,701,10507
at,47.21.t.69.t.37.t,3,700,10508
at,47.21.t.69.t.37.t,4,699,10509
at,47.21.t.69.t.37.t,5,698,10511
at,47.21.t.69.t.37.t,6,697,10513
at,47.21.t.69.t.37.t,7,696,10515
at,47.21.t.69.t.37.t,8,695,10517
at,47.21.t.69.t.37.t,9,694,10519
at,47.21.t.69.t.37.t,10,693,10520
at,47.21.t.69.t.37.t,11,692,10522
at,47.21.t.69.t.37.t,12,691,10523
at,47.21.t.69.t.37.t,13,690,10524
at,47.21.t.69.t.37.t,14,689,10525
at,47.21.t.69.t.37.t,15,688,10527
at,47.21.t.69.t.37.t,16,687,10529
at,47.21.t.69.t.37.t,17,686,10530
at,47.21.t.69.t.37.t,18,685,10532
at,47.21.t.69.t.37.t,19,684,10533
at,47.21.t.69.t.37.t,20,683,10534
at,47.21.t.69.t.37.t,21,682,10535
at,47.21.t.69.t.37.t,22,681,10537
at,47.21.t.69.t.37.t,23,680,10539
at,47.21.t.69.t.37.t,24,679,10540
at,47.21.t.69.t.37.t,25,678,10542
at,47.21.t.69.t.37.t,26,677,10543
at,47.21.t.69.t.37.t,27,676,10544
at,47.21.t.69.t.37.t,28,675,10545
at,47.21.t.69.t.37.t,29,674,10547
at,47.21.t.69.t.37.t,30,673,10549
at,47.21.t.69.t.37.t,31,672,10550
at,47.21.t.69.t.37.t,32,671,10552
at,47.21.t.69.t.37.t,33,670,10553
at,47.21.t.69.t.37.t,34,669,10554
at,47.21.t.69.t.37.t,35,668,10555
at,47.21.t.69.t.37.t,36,667,10557
at,47.21.t.69.t.37.t,37,666,10559
at,47.21.t.69.t.37.t,38,665,10560
at,47.21.t.69.t.37.t,39,664,10562
at,47.21.t.69.t.37.t,40,663,10563
at,47.21.t.69.t.37.t,41,662,10564
at,47.21.t.69.t.37.t,42,661,10565
at,47.21.t.69.t.37.t,43,660,10567
at,47.21.t.69.t.37.t,44,659,10569
at,47.21.t.69.t.37.t,45,658,10571
at,47.21.t.69.t.37.t,46,657,10573
at,47.21.t.69.t.37.t,47,656,10575
at,47.21.t.69.t.37.t,48,655,10577
at,47.21.t.69.t.37.t,49,654,10578
at,47.21.t.69.t.37.t,50,653,10579
seq,47.21.t.69.t.37.t.50.t,10581,651,true,10594,otherwise,10951
at,47.21.t.69.t.37.t.50.t,0,651,10581
at,47.21.t.69.t.37.t.50.t,1,650,10583
at,47.21.t.69.t.37.t.50.t,2,649,10585
at,47.21.t.69.t.37.t.50.t,3,648,10587
at,47.21.t.69.t.37.t.50.t,4,647,10589
at,47.21.t.69.t.37.t.50.t,5,646,10591
at,47.21.t.69.t.37.t.50.t,6,645,10592
at,47.21.t.69.t.37.t.50.t,7,644,10593
seq,47.21.t.69.t.37.t.50.e,10594,651,false,10597,end,10951
at,47.21.t.69.t.37.t.50.e,0,651,10594
at,47.21.t.69.t.37.t.50.e,1,650,10596
at,47.21.t.69.t.37.t,51,652,10597
seq,47.21.t.69.t.37.t.51.t,10599,650,true,10612,otherwise,10951
at,47.21.t.69.t.37.t.51.t,0,650,10599
at,47.21.t.69.t.37.t.51.t,1,649,10601
at,47.21.t.69.t.37.t.51.t,2,648,10603
at,47.21.t.69.t.37.t.51.t,3,647,10605
at,47.21.t.69.t.37.t.51.t,4,646,10607
at,47.21.t.69.t.37.t.51.t,5,645,10609
at,47.21.t.69.t.37.t.51.t,6,644,10610
at,47.21.t.69.t.37.t.51.t,7,643,10611
seq,47.21.t.69.t.37.t.51.e,10612,650,false,10615,end,10951
at,47.21.t.69.t.37.t.51.e,0,650,10612
at,47.21.t.69.t.37.t.51.e,1,649,10614
at,47.21.t.69.t.37.t,52,651,10615
seq,47.21.t.69.t.37.t.52.t,10617,649,true,10630,otherwise,10951
at,47.21.t.69.t.37.t.52.t,0,649,10617
at,47.21.t.69.t.37.t.52.t,1,648,10619
at,47.21.t.69.t.37.t.52.t,2,647,10621
at,47.21.t.69.t.37.t.52.t,3,646,10623
at,47.21.t.69.t.37.t.52.t,4,645,10625
at,47.21.t.69.t.37.t.52.t,5,644,10627
at,47.21.t.69.t.37.t.52.t,6,643,10628
at,47.21.t.69.t.37.t.52.t,7,642,10629
seq,47.21.t.69.t.37.t.52.e,10630,649,false,10633,end,10951
at,47.21.t.69.t.37.t.52.e,0,649,10630
at,47.21.t.69.t.37.t.52.e,1,648,10632
at,47.21.t.69.t.37.t,53,650,10633
seq,47.21.t.69.t.37.t.53.t,10635,648,true,10648,otherwise,10951
at,47.21.t.69.t.37.t.53.t,0,648,10635
at,47.21.t.69.t.37.t.53.t,1,647,10637
at,47.21.t.69.t.37.t.53.t,2,646,10639
at,47.21.t.69.t.37.t.53.t,3,645,10641
at,47.21.t.69.t.37.t.53.t,4,644,10643
at,47.21.t.69.t.37.t.53.t,5,643,10645
at,47.21.t.69.t.37.t.53.t,6,642,10646
at,47.21.t.69.t.37.t.53.t,7,641,10647
seq,47.21.t.69.t.37.t.53.e,10648,648,false,10651,end,10951
at,47.21.t.69.t.37.t.53.e,0,648,10648
at,47.21.t.69.t.37.t.53.e,1,647,10650
at,47.21.t.69.t.37.t,54,649,10651
seq,47.21.t.69.t.37.t.54.t,10653,647,true,10666,otherwise,10951
at,47.21.t.69.t.37.t.54.t,0,647,10653
at,47.21.t.69.t.37.t.54.t,1,646,10655
at,47.21.t.69.t.37.t.54.t,2,645,10657
at,47.21.t.69.t.37.t.54.t,3,644,10659
at,47.21.t.69.t.37.t.54.t,4,643,10661
at,47.21.t.69.t.37.t.54.t,5,642,10663
at,47.21.t.69.t.37.t.54.t,6,641,10664
at,47.21.t.69.t.37.t.54.t,7,640,10665
seq,47.21.t.69.t.37.t.54.e,10666,647,false,10669,end,10951
at,47.21.t.69.t.37.t.54.e,0,647,10666
at,47.21.t.69.t.37.t.54.e,1,646,10668
at,47.21.t.69.t.37.t,55,648,10669
seq,47.21.t.69.t.37.t.55.t,10671,646,true,10674,otherwise,10951
at,47.21.t.69.t.37.t.55.t,0,646,10671
at,47.21.t.69.t.37.t.55.t,1,645,10673
seq,47.21.t.69.t.37.t.55.e,10674,646,false,10677,end,10951
at,47.21.t.69.t.37.t.55.e,0,646,10674
at,47.21.t.69.t.37.t.55.e,1,645,10676
at,47.21.t.69.t.37.t,56,647,10677
at,47.21.t.69.t.37.t,57,646,10679
at,47.21.t.69.t.37.t,58,645,10680
seq,47.21.t.69.t.37.t.58.t,10682,643,true,10685,otherwise,10951
at,47.21.t.69.t.37.t.58.t,0,643,10682
at,47.21.t.69.t.37.t.58.t,1,642,10684
seq,47.21.t.69.t.37.t.58.e,10685,643,false,10688,end,10951
at,47.21.t.69.t.37.t.58.e,0,643,10685
at,47.21.t.69.t.37.t.58.e,1,642,10687
at,47.21.t.69.t.37.t,59,644,10688
at,47.21.t.69.t.37.t,60,643,10690
at,47.21.t.69.t.37.t,61,642,10691
at,47.21.t.69.t.37.t,62,641,10692
seq,47.21.t.69.t.37.t.62.t,10694,639,true,10727,otherwise,10951
at,47.21.t.69.t.37.t.62.t,0,639,10694
at,47.21.t.69.t.37.t.62.t,1,638,10696
at,47.21.t.69.t.37.t.62.t,2,637,10698
at,47.21.t.69.t.37.t.62.t,3,636,10700
at,47.21.t.69.t.37.t.62.t,4,635,10702
at,47.21.t.69.t.37.t.62.t,5,634,10704
at,47.21.t.69.t.37.t.62.t,6,633,10706
at,47.21.t.69.t.37.t.62.t,7,632,10708
at,47.21.t.69.t.37.t.62.t,8,631,10710
at,47.21.t.69.t.37.t.62.t,9,630,10712
at,47.21.t.69.t.37.t.62.t,10,629,10714
at,47.21.t.69.t.37.t.62.t,11,628,10716
at,47.21.t.69.t.37.t.62.t,12,627,10718
at,47.21.t.69.t.37.t.62.t,13,626,10720
at,47.21.t.69.t.37.t.62.t,14,625,10722
at,47.21.t.69.t.37.t.62.t,15,624,10724
at,47.21.t.69.t.37.t.62.t,16,623,10726
seq,47.21.t.69.t.37.t.62.e,10727,639,false,10778,end,10951
at,47.21.t.69.t.37.t.62.e,0,639,10727
at,47.21.t.69.t.37.t.62.e,1,638,10729
at,47.21.t.69.t.37.t.62.e,2,637,10731
at,47.21.t.69.t.37.t.62.e,3,636,10733
at,47.21.t.69.t.37.t.62.e,4,635,10735
at,47.21.t.69.t.37.t.62.e,5,634,10737
at,47.21.t.69.t.37.t.62.e,6,633,10739
at,47.21.t.69.t.37.t.62.e,7,632,10741
at,47.21.t.69.t.37.t.62.e,8,631,10743
at,47.21.t.69.t.37.t.62.e,9,630,10745
at,47.21.t.69.t.37.t.62.e,10,629,10747
at,47.21.t.69.t.37.t.62.e,11,628,10749
at,47.21.t.69.t.37.t.62.e,12,627,10751
at,47.21.t.69.t.37.t.62.e,13,626,10753
at,47.21.t.69.t.37.t.62.e,14,625,10755
at,47.21.t.69.t.37.t.62.e,15,624,10757
at,47.21.t.69.t.37.t.62.e,16,623,10759
at,47.21.t.69.t.37.t.62.e,17,622,10761
at,47.21.t.69.t.37.t.62.e,18,621,10763
at,47.21.t.69.t.37.t.62.e,19,620,10765
at,47.21.t.69.t.37.t.62.e,20,619,10767
at,47.21.t.69.t.37.t.62.e,21,618,10769
at,47.21.t.69.t.37.t.62.e,22,617,10771
at,47.21.t.69.t.37.t.62.e,23,616,10773
at,47.21.t.69.t.37.t.62.e,24,615,10775
at,47.21.t.69.t.37.t.62.e,25,614,10777
at,47.21.t.69.t.37.t,63,640,10778
seq,47.21.t.69.t.37.e,10779,703,false,10830,end,10951
at,47.21.t.69.t.37.e,0,703,10779
at,47.21.t.69.t.37.e,1,702,10781
at,47.21.t.69.t.37.e,2,701,10783
at,47.21.t.69.t.37.e,3,700,10785
at,47.21.t.69.t.37.e,4,699,10787
at,47.21.t.69.t.37.e,5,698,10789
at,47.21.t.69.t.37.e,6,697,10791
at,47.21.t.69.t.37.e,7,696,10793
at,47.21.t.69.t.37.e,8,695,10795
at,47.21.t.69.t.37.e,9,694,10797
at,47.21.t.69.t.37.e,10,693,10799
at,47.21.t.69.t.37.e,11,692,10801
at,47.21.t.69.t.37.e,12,691,10803
at,47.21.t.69.t.37.e,13,690,10805
at,47.21.t.69.t.37.e,14,689,10807
at,47.21.t.69.t.37.e,15,688,10809
at,47.21.t.69.t.37.e,16,687,10811
at,47.21.t.69.t.37.e,17,686,10813
at,47.21.t.69.t.37.e,18,685,10815
at,47.21.t.69.t.37.e,19,684,10817
at,47.21.t.69.t.37.e,20,683,10819
at,47.21.t.69.t.37.e,21,682,10821
at,47.21.t.69.t.37.e,22,681,10823
at,47.21.t.69.t.37.e,23,680,10825
at,47.21.t.69.t.37.e,24,679,10827
at,47.21.t.69.t.37.e,25,678,10829
at,47.21.t.69.t,38,704,10830
seq,47.21.t.69.e,10831,742,false,10882,end,10951
at,47.21.t.69.e,0,742,10831
at,47.21.t.69.e,1,741,10833
at,47.21.t.69.e,2,740,10835
at,47.21.t.69.e,3,739,10837
at,47.21.t.69.e,4,738,10839
at,47.21.t.69.e,5,737,10841
at,47.21.t.69.e,6,736,10843
at,47.21.t.69.e,7,735,10845
at,47.21.t.69.e,8,734,10847
at,47.21.t.69.e,9,733,10849
at,47.21.t.69.e,10,732,10851
at,47.21.t.69.e,11,731,10853
at,47.21.t.69.e,12,730,10855
at,47.21.t.69.e,13,729,10857
at,47.21.t.69.e,14,728,10859
at,47.21.t.69.e,15,727,10861
at,47.21.t.69.e,16,726,10863
at,47.21.t.69.e,17,725,10865
at,47.21.t.69.e,18,724,10867
at,47.21.t.69.e,19,723,10869
at,47.21.t.69.e,20,722,10871
at,47.21.t.69.e,21,721,10873
at,47.21.t.69.e,22,720,10875
at,47.21.t.69.e,23,719,10877
at,47.21.t.69.e,24,718,10879
at,47.21.t.69.e,25,717,10881
at,47.21.t,70,743,10882
seq,47.21.e,10883,813,false,10934,end,10951
at,47.21.e,0,813,10883
at,47.21.e,1,812,10885
at,47.21.e,2,811,10887
at,47.21.e,3,810,10889
at,47.21.e,4,809,10891
at,47.21.e,5,808,10893
at,47.21.e,6,807,10895
at,47.21.e,7,806,10897
at,47.21.e,8,805,10899
at,47.21.e,9,804,10901
at,47.21.e,10,803,10903
at,47.21.e,11,802,10905
at,47.21.e,12,801,10907
at,47.21.e,13,800,10909
at,47.21.e,14,799,10911
at,47.21.e,15,798,10913
at,47.21.e,16,797,10915
at,47.21.e,17,796,10917
at,47.21.e,18,795,10919
at,47.21.e,19,794,10921
at,47.21.e,20,793,10923
at,47.21.e,21,792,10925
at,47.21.e,22,791,10927
at,47.21.e,23,790,10929
at,47.21.e,24,789,10931
at,47.21.e,25,788,10933
at,47,22,814,10934
at,47,23,813,10936
at,47,24,812,10938
at,47,25,811,10940
at,47,26,810,10942
at,47,27,809,10944
at,47,28,808,10946
at,47,29,807,10948
at,47,30,806,10950
48,code,10951,10962,10955,10952
48,0,7,10955
48,1,6,10957
48,2,5,10959
48,3,4,10961
seq,48,10955,7,false,10962,end,10962
at,48,0,7,10955
at,48,1,6,10957
at,48,2,5,10959
at,48,3,4,10961
49,code,10962,10973,10966,10963
49,0,7,10966
49,1,6,10968
49,2,5,10970
49,3,4,10972
seq,49,10966,7,false,10973,end,10973
at,49,0,7,10966
at,49,1,6,10968
at,49,2,5,10970
at,49,3,4,10972
50,code,10973,11595,10978,10975
50,0,617,10978
50,1,616,10980
50,2,615,10982
50,3,614,10984
50,4,613,10986
50,5,612,10988
50,6,611,10990
50,7,610,10992
50,8,609,10993
50,9,608,11017
50,10,607,11019
50,11,606,11021
50,12,605,11023
50,13,604,11025
50,14,603,11027
50,15,602,11029
50,16,601,11031
50,17,600,11033
50,18,599,11035
50,19,598,11036
50,20,597,11047
50,21,596,11049
50,22,595,11051
50,23,594,11053
50,24,593,11054
50,25,592,11078
50,26,591,11080
50,27,590,11082
50,28,589,11084
50,29,588,11085
50,30,587,11096
50,31,586,11097
50,32,585,11219
50,33,584,11221
50,34,583,11223
50,35,582,11225
50,36,581,11227
50,37,580,11229
50,38,579,11231
50,39,578,11233
50,40,577,11235
50,41,576,11236
50,42,575,11260
50,43,574,11262
50,44,573,11264
50,45,572,11266
50,46,571,11268
50,47,570,11270
50,48,569,11272
50,49,568,11274
50,50,567,11276
50,51,566,11278
50,52,565,11279
50,53,564,11290
50,54,563,11292
50,55,562,11294
50,56,561,11296
50,57,560,11297
50,58,559,11321
50,59,558,11323
50,60,557,11325
50,61,556,11327
50,62,555,11328
50,63,554,11339
50,64,553,11340
50,65,552,11462
50,66,551,11464
50,67,550,11466
50,68,549,11468
50,69,548,11470
50,70,547,11472
50,71,546,11474
50,72,545,11476
50,73,544,11478
50,74,543,11480
50,75,542,11482
50,76,541,11484
50,77,540,11486
50,78,539,11488
50,79,538,11490
50,80,537,11492
50,81,536,11494
50,82,535,11496
50,83,534,11498
50,84,533,11500
50,85,532,11502
50,86,531,11504
50,87,530,11506
50,88,529,11508
50,89,528,11510
50,90,527,11512
50,91,526,11514
50,92,525,11516
50,93,524,11518
50,94,523,11520
50,95,522,11522
50,96,521,11524
50,97,520,11526
50,98,519,11528
50,99,518,11530
50,100,517,11532
50,101,516,11534
50,102,515,11536
50,103,514,11538
50,104,513,11540
50,105,512,11542
50,106,511,11544
50,107,510,11546
50,108,509,11548
50,109,508,11550
50,110,507,11552
50,111,506,11554
50,112,505,11556
50,113,504,11558
50,114,503,11560
50,115,502,11562
50,116,501,11564
50,117,500,11566
50,118,499,11568
50,119,498,11570
50,120,497,11572
50,121,496,11574
50,122,495,11576
50,123,494,11578
50,124,493,11580
50,125,492,11582
50,126,491,11584
50,127,490,11586
50,128,489,11588
50,129,488,11590
50,130,487,11592
50,131,486,11594
seq,50,10978,617,false,11595,end,11595
at,50,0,617,10978
at,50,1,616,10980
at,50,2,615,10982
at,50,3,614,10984
at,50,4,613,10986
at,50,5,612,10988
at,50,6,611,10990
at,50,7,610,10992
at,50,8,609,10993
seq,50.8.t,10995,607,true,10998,otherwise,11595
at,50.8.t,0,607,10995
at,50.8.t,1,606,10997
seq,50.8.e,10998,607,false,11017,end,11595
at,50.8.e,0,607,10998
at,50.8.e,1,606,11000
at,50.8.e,2,605,11002
at,50.8.e,3,604,11003
at,50.8.e,4,603,11005
at,50.8.e,5,602,11006
seq,50.8.e.5.t,11008,600,true,11010,otherwise,11595
at,50.8.e.5.t,0,600,11008
at,50.8.e.5.t,1,599,11009
seq,50.8.e.5.e,11010,600,false,11016,end,11595
at,50.8.e.5.e,0,600,11010
at,50.8.e.5.e,1,599,11012
at,50.8.e.5.e,2,598,11014
at,50.8.e.5.e,3,597,11015
at,50.8.e,6,601,11016
at,50,9,608,11017
at,50,10,607,11019
at,50,11,606,11021
at,50,12,605,11023
at,50,13,604,11025
at,50,14,603,11027
at,50,15,602,11029
at,50,16,601,11031
at,50,17,600,11033
at,50,18,599,11035
at,50,19,598,11036
seq,50.19.t,11038,596,true,11041,otherwise,11595
at,50.19.t,0,596,11038
at,50.19.t,1,595,11040
seq,50.19.e,11041,596,false,11047,end,11595
at,50.19.e,0,596,11041
at,50.19.e,1,595,11043
at,50.19.e,2,594,11045
at,50.19.e,3,593,11046
at,50,20,597,11047
at,50,21,596,11049
at,50,22,595,11051
at,50,23,594,11053
at,50,24,593,11054
seq,50.24.t,11056,591,true,11059,otherwise,11595
at,50.24.t,0,591,11056
at,50.24.t,1,590,11058
seq,50.24.e,11059,591,false,11078,end,11595
at,50.24.e,0,591,11059
at,50.24.e,1,590,11061
at,50.24.e,2,589,11063
at,50.24.e,3,588,11064
at,50.24.e,4,587,11066
at,50.24.e,5,586,11067
seq,50.24.e.5.t,11069,584,true,11071,otherwise,11595
at,50.24.e.5.t,0,584,11069
at,50.24.e.5.t,1,583,11070
seq,50.24.e.5.e,11071,584,false,11077,end,11595
at,50.24.e.5.e,0,584,11071
at,50.24.e.5.e,1,583,11073
at,50.24.e.5.e,2,582,11075
at,50.24.e.5.e,3,581,11076
at,50.24.e,6,585,11077
at,50,25,592,11078
at,50,26,591,11080
at,50,27,590,11082
at,50,28,589,11084
at,50,29,588,11085
seq,50.29.t,11087,586,true,11090,otherwise,11595
at,50.29.t,0,586,11087
at,50.29.t,1,585,11089
seq,50.29.e,11090,586,false,11096,end,11595
at,50.29.e,0,586,11090
at,50.29.e,1,585,11092
at,50.29.e,2,584,11094
at,50.29.e,3,583,11095
at,50,30,587,11096
at,50,31,586,11097
seq,50.31.t,11099,584,true,11102,otherwise,11595
at,50.31.t,0,584,11099
at,50.31.t,1,583,11101
seq,50.31.e,11102,584,false,11219,end,11595
at,50.31.e,0,584,11102
at,50.31.e,1,583,11104
at,50.31.e,2,582,11106
at,50.31.e,3,581,11108
at,50.31.e,4,580,11110
at,50.31.e,5,579,11112
at,50.31.e,6,578,11114
at,50.31.e,7,577,11115
seq,50.31.e.7.t,11117,575,true,11120,otherwise,11595
at,50.31.e.7.t,0,575,11117
at,50.31.e.7.t,1,574,11119
seq,50.31.e.7.e,11120,575,false,11139,end,11595
at,50.31.e.7.e,0,575,11120
at,50.31.e.7.e,1,574,11122
at,50.31.e.7.e,2,573,11124
at,50.31.e.7.e,3,572,11125
at,50.31.e.7.e,4,571,11127
at,50.31.e.7.e,5,570,11128
seq,50.31.e.7.e.5.t,11130,568,true,11132,otherwise,11595
at,50.31.e.7.e.5.t,0,568,11130
at,50.31.e.7.e.5.t,1,567,11131
seq,50.31.e.7.e.5.e,11132,568,false,11138,end,11595
at,50.31.e.7.e.5.e,0,568,11132
at,50.31.e.7.e.5.e,1,567,11134
at,50.31.e.7.e.5.e,2,566,11136
at,50.31.e.7.e.5.e,3,565,11137
at,50.31.e.7.e,6,569,11138
at,50.31.e,8,576,11139
at,50.31.e,9,575,11141
at,50.31.e,10,574,11143
at,50.31.e,11,573,11145
at,50.31.e,12,572,11147
at,50.31.e,13,571,11149
at,50.31.e,14,570,11151
at,50.31.e,15,569,11153
at,50.31.e,16,568,11155
at,50.31.e,17,567,11157
at,50.31.e,18,566,11158
seq,50.31.e.18.t,11160,564,true,11163,otherwise,11595
at,50.31.e.18.t,0,564,11160
at,50.31.e.18.t,1,563,11162
seq,50.31.e.18.e,11163,564,false,11169,end,11595
at,50.31.e.18.e,0,564,11163
at,50.31.e.18.e,1,563,11165
at,50.31.e.18.e,2,562,11167
at,50.31.e.18.e,3,561,11168
at,50.31.e,19,565,11169
at,50.31.e,20,564,11171
at,50.31.e,21,563,11173
at,50.31.e,22,562,11175
at,50.31.e,23,561,11176
seq,50.31.e.23.t,11178,559,true,11181,otherwise,11595
at,50.31.e.23.t,0,559,11178
at,50.31.e.23.t,1,558,11180
seq,50.31.e.23.e,11181,559,false,11200,end,11595
at,50.31.e.23.e,0,559,11181
at,50.31.e.23.e,1,558,11183
at,50.31.e.23.e,2,557,11185
at,50.31.e.23.e,3,556,11186
at,50.31.e.23.e,4,555,11188
at,50.31.e.23.e,5,554,11189
seq,50.31.e.23.e.5.t,11191,552,true,11193,otherwise,11595
at,50.31.e.23.e.5.t,0,552,11191
at,50.31.e.23.e.5.t,1,551,11192
seq,50.31.e.23.e.5.e,11193,552,false,11199,end,11595
at,50.31.e.23.e.5.e,0,552,11193
at,50.31.e.23.e.5.e,1,551,11195
at,50.31.e.23.e.5.e,2,550,11197
at,50.31.e.23.e.5.e,3,549,11198
at,50.31.e.23.e,6,553,11199
at,50.31.e,24,560,11200
at,50.31.e,25,559,11202
at,50.31.e,26,558,11204
at,50.31.e,27,557,11206
at,50.31.e,28,556,11207
seq,50.31.e.28.t,11209,554,true,11212,otherwise,11595
at,50.31.e.28.t,0,554,11209
at,50.31.e.28.t,1,553,11211
seq,50.31.e.28.e,11212,554,false,11218,end,11595
at,50.31.e.28.e,0,554,11212
at,50.31.e.28.e,1,553,11214
at,50.31.e.28.e,2,552,11216
at,50.31.e.28.e,3,551,11217
at,50.31.e,29,555,11218
at,50,32,585,11219
at,50,33,584,11221
at,50,34,583,11223
at,50,35,582,11225
at,50,36,581,11227
at,50,37,580,11229
at,50,38,579,11231
at,50,39,578,11233
at,50,40,577,11235
at,50,41,576,11236
seq,50.41.t,11238,574,true,11241,otherwise,11595
at,50.41.t,0,574,11238
at,50.41.t,1,573,11240
seq,50.41.e,11241,574,false,11260,end,11595
at,50.41.e,0,574,11241
at,50.41.e,1,573,11243
at,50.41.e,2,572,11245
at,50.41.e,3,571,11246
at,50.41.e,4,570,11248
at,50.41.e,5,569,11249
seq,50.41.e.5.t,11251,567,true,11253,otherwise,11595
at,50.41.e.5.t,0,567,11251
at,50.41.e.5.t,1,566,11252
seq,50.41.e.5.e,11253,567,false,11259,end,11595
at,50.41.e.5.e,0,567,11253
at,50.41.e.5.e,1,566,11255
at,50.41.e.5.e,2,565,11257
at,50.41.e.5.e,3,564,11258
at,50.41.e,6,568,11259
at,50,42,575,11260
at,50,43,574,11262
at,50,44,573,11264
at,50,45,572,11266
at,50,46,571,11268
at,50,47,570,11270
at,50,48,569,11272
at,50,49,568,11274
at,50,50,567,11276
at,50,51,566,11278
at,50,52,565,11279
seq,50.52.t,11281,563,true,11284,otherwise,11595
at,50.52.t,0,563,11281
at,50.52.t,1,562,11283
seq,50.52.e,11284,563,false,11290,end,11595
at,50.52.e,0,563,11284
at,50.52.e,1,562,11286
at,50.52.e,2,561,11288
at,50.52.e,3,560,11289
at,50,53,564,11290
at,50,54,563,11292
at,50,55,562,11294
at,50,56,561,11296
at,50,57,560,11297
seq,50.57.t,11299,558,true,11302,otherwise,11595
at,50.57.t,0,558,11299
at,50.57.t,1,557,11301
seq,50.57.e,11302,558,false,11321,end,11595
at,50.57.e,0,558,11302
at,50.57.e,1,557,11304
at,50.57.e,2,556,11306
at,50.57.e,3,555,11307
at,50.57.e,4,554,11309
at,50.57.e,5,553,11310
seq,50.57.e.5.t,11312,551,true,11314,otherwise,11595
at,50.57.e.5.t,0,551,11312
at,50.57.e.5.t,1,550,11313
seq,50.57.e.5.e,11314,551,false,11320,end,11595
at,50.57.e.5.e,0,551,11314
at,50.57.e.5.e,1,550,11316
at,50.57.e.5.e,2,549,11318
at,50.57.e.5.e,3,548,11319
at,50.57.e,6,552,11320
at,50,58,559,11321
at,50,59,558,11323
at,50,60,557,11325
at,50,61,556,11327
at,50,62,555,11328
seq,50.62.t,11330,553,true,11333,otherwise,11595
at,50.62.t,0,553,11330
at,50.62.t,1,552,11332
seq,50.62.e,11333,553,false,11339,end,11595
at,50.62.e,0,553,11333
at,50.62.e,1,552,11335
at,50.62.e,2,551,11337
at,50.62.e,3,550,11338
at,50,63,554,11339
at,50,64,553,11340
seq,50.64.t,11342,551,true,11345,otherwise,11595
at,50.64.t,0,551,11342
at,50.64.t,1,550,11344
seq,50.64.e,11345,551,false,11462,end,11595
at,50.64.e,0,551,11345
at,50.64.e,1,550,11347
at,50.64.e,2,549,11349
at,50.64.e,3,548,11351
at,50.64.e,4,547,11353
at,50.64.e,5,546,11355
at,50.64.e,6,545,11357
at,50.64.e,7,544,11358
seq,50.64.e.7.t,11360,542,true,11363,otherwise,11595
at,50.64.e.7.t,0,542,11360
at,50.64.e.7.t,1,541,11362
seq,50.64.e.7.e,11363,542,false,11382,end,11595
at,50.64.e.7.e,0,542,11363
at,50.64.e.7.e,1,541,11365
at,50.64.e.7.e,2,540,11367
at,50.64.e.7.e,3,539,11368
at,50.64.e.7.e,4,538,11370
at,50.64.e.7.e,5,537,11371
seq,50.64.e.7.e.5.t,11373,535,true,11375,otherwise,11595
at,50.64.e.7.e.5.t,0,535,11373
at,50.64.e.7.e.5.t,1,534,11374
seq,50.64.e.7.e.5.e,11375,535,false,11381,end,11595
at,50.64.e.7.e.5.e,0,535,11375
at,50.64.e.7.e.5.e,1,534,11377
at,50.64.e.7.e.5.e,2,533,11379
at,50.64.e.7.e.5.e,3,532,11380
at,50.64.e.7.e,6,536,11381
at,50.64.e,8,543,11382
at,50.64.e,9,542,11384
at,50.64.e,10,541,11386
at,50.64.e,11,540,11388
at,50.64.e,12,539,11390
at,50.64.e,13,538,11392
at,50.64.e,14,537,11394
at,50.64.e,15,536,11396
at,50.64.e,16,535,11398
at,50.64.e,17,534,11400
at,50.64.e,18,533,11401
seq,50.64.e.18.t,11403,531,true,11406,otherwise,11595
at,50.64.e.18.t,0,531,11403
at,50.64.e.18.t,1,530,11405
seq,50.64.e.18.e,11406,531,false,11412,end,11595
at,50.64.e.18.e,0,531,11406
at,50.64.e.18.e,1,530,11408
at,50.64.e.18.e,2,529,11410
at,50.64.e.18.e,3,528,11411
at,50.64.e,19,532,11412
at,50.64.e,20,531,11414
at,50.64.e,21,530,11416
at,50.64.e,22,529,11418
at,50.64.e,23,528,11419
seq,50.64.e.23.t,11421,526,true,11424,otherwise,11595
at,50.64.e.23.t,0,526,11421
at,50.64.e.23.t,1,525,11423
seq,50.64.e.23.e,11424,526,false,11443,end,11595
at,50.64.e.23.e,0,526,11424
at,50.64.e.23.e,1,525,11426
at,50.64.e.23.e,2,524,11428
at,50.64.e.23.e,3,523,11429
at,50.64.e.23.e,4,522,11431
at,50.64.e.23.e,5,521,11432
seq,50.64.e.23.e.5.t,11434,519,true,11436,otherwise,11595
at,50.64.e.23.e.5.t,0,519,11434
at,50.64.e.23.e.5.t,1,518,11435
seq,50.64.e.23.e.5.e,11436,519,false,11442,end,11595
at,50.64.e.23.e.5.e,0,519,11436
at,50.64.e.23.e.5.e,1,518,11438
at,50.64.e.23.e.5.e,2,517,11440
at,50.64.e.23.e.5.e,3,516,11441
at,50.64.e.23.e,6,520,11442
at,50.64.e,24,527,11443
at,50.64.e,25,526,11445
at,50.64.e,26,525,11447
at,50.64.e,27,524,11449
at,50.64.e,28,523,11450
seq,50.64.e.28.t,11452,521,true,11455,otherwise,11595
at,50.64.e.28.t,0,521,11452
at,50.64.e.28.t,1,520,11454
seq,50.64.e.28.e,11455,521,false,11461,end,11595
at,50.64.e.28.e,0,521,11455
at,50.64.e.28.e,1,520,11457
at,50.64.e.28.e,2,519,11459
at,50.64.e.28.e,3,518,11460
at,50.64.e,29,522,11461
at,50,65,552,11462
at,50,66,551,11464
at,50,67,550,11466
at,50,68,549,11468
at,50,69,548,11470
at,50,70,547,11472
at,50,71,546,11474
at,50,72,545,11476
at,50,73,544,11478
at,50,74,543,11480
at,50,75,542,11482
at,50,76,541,11484
at,50,77,540,11486
at,50,78,539,11488
at,50,79,538,11490
at,50,80,537,11492
at,50,81,536,11494
at,50,82,535,11496
at,50,83,534,11498
at,50,84,533,11500
at,50,85,532,11502
at,50,86,531,11504
at,50,87,530,11506
at,50,88,529,11508
at,50,89,528,11510
at,50,90,527,11512
at,50,91,526,11514
at,50,92,525,11516
at,50,93,524,11518
at,50,94,523,11520
at,50,95,522,11522
at,50,96,521,11524
at,50,97,520,11526
at,50,98,519,11528
at,50,99,518,11530
at,50,100,517,11532
at,50,101,516,11534
at,50,102,515,11536
at,50,103,514,11538
at,50,104,513,11540
at,50,105,512,11542
at,50,106,511,11544
at,50,107,510,11546
at,50,108,509,11548
at,50,109,508,11550
at,50,110,507,11552
at,50,111,506,11554
at,50,112,505,11556
at,50,113,504,11558
at,50,114,503,11560
at,50,115,502,11562
at,50,116,501,11564
at,50,117,500,11566
at,50,118,499,11568
at,50,119,498,11570
at,50,120,497,11572
at,50,121,496,11574
at,50,122,495,11576
at,50,123,494,11578
at,50,124,493,11580
at,50,125,492,11582
at,50,126,491,11584
at,50,127,490,11586
at,50,128,489,11588
at,50,129,488,11590
at,50,130,487,11592
at,50,131,486,11594
51,code,11595,11606,11599,11596
51,0,7,11599
51,1,6,11601
51,2,5,11603
51,3,4,11605
seq,51,11599,7,false,11606,end,11606
at,51,0,7,11599
at,51,1,6,11601
at,51,2,5,11603
at,51,3,4,11605
52,code,11606,14145,11611,11608
52,0,2534,11611
52,1,2533,11613
52,2,2532,11615
52,3,2531,11617
52,4,2530,11619
52,5,2529,13613
52,6,2528,13615
52,7,2527,13617
52,8,2526,13618
52,9,2525,14140
52,10,2524,14142
52,11,2523,14144
seq,52,11611,2534,false,14145,end,14145
at,52,0,2534,11611
at,52,1,2533,11613
at,52,2,2532,11615
at,52,3,2531,11617
at,52,4,2530,11619
seq,52.4.t,11621,2528,false,13613,end,14145
at,52.4.t,0,2528,11621
seq,52.4.t.0.t,11623,2526,false,13612,end,14145
at,52.4.t.0.t,0,2526,11623
at,52.4.t.0.t,1,2525,11625
at,52.4.t.0.t,2,2524,11627
at,52.4.t.0.t,3,2523,11628
at,52.4.t.0.t,4,2522,11629
seq,52.4.t.0.t.4.t,11631,2520,true,11637,otherwise,14145
at,52.4.t.0.t.4.t,0,2520,11631
at,52.4.t.0.t.4.t,1,2519,11633
at,52.4.t.0.t.4.t,2,2518,11635
at,52.4.t.0.t.4.t,3,2517,11636
seq,52.4.t.0.t.4.e,11637,2520,false,11640,end,14145
at,52.4.t.0.t.4.e,0,2520,11637
at,52.4.t.0.t.4.e,1,2519,11639
at,52.4.t.0.t,5,2521,11640
at,52.4.t.0.t,6,2520,11641
at,52.4.t.0.t,7,2519,11643
at,52.4.t.0.t,8,2518,11645
at,52.4.t.0.t,9,2517,11647
at,52.4.t.0.t,10,2516,11649
at,52.4.t.0.t,11,2515,11651
at,52.4.t.0.t,12,2514,11652
at,52.4.t.0.t,13,2513,11655
at,52.4.t.0.t,14,2512,11656
seq,52.4.t.0.t.14.t,11658,2510,true,12181,otherwise,14145
at,52.4.t.0.t.14.t,0,2510,11658
at,52.4.t.0.t.14.t,1,2509,11660
at,52.4.t.0.t.14.t,2,2508,11662
at,52.4.t.0.t.14.t,3,2507,11664
at,52.4.t.0.t.14.t,4,2506,11666
at,52.4.t.0.t.14.t,5,2505,11668
at,52.4.t.0.t.14.t,6,2504,11670
at,52.4.t.0.t.14.t,7,2503,11672
at,52.4.t.0.t.14.t,8,2502,11673
at,52.4.t.0.t.14.t,9,2501,11676
at,52.4.t.0.t.14.t,10,2500,11678
at,52.4.t.0.t.14.t,11,2499,11680
at,52.4.t.0.t.14.t,12,2498,11682
at,52.4.t.0.t.14.t,13,2497,11683
seq,52.4.t.0.t.14.t.13.t,11685,2495,true,11688,otherwise,14145
at,52.4.t.0.t.14.t.13.t,0,2495,11685
at,52.4.t.0.t.14.t.13.t,1,2494,11687
seq,52.4.t.0.t.14.t.13.e,11688,2495,false,11691,end,14145
at,52.4.t.0.t.14.t.13.e,0,2495,11688
at,52.4.t.0.t.14.t.13.e,1,2494,11690
at,52.4.t.0.t.14.t,14,2496,11691
at,52.4.t.0.t.14.t,15,2495,11693
at,52.4.t.0.t.14.t,16,2494,11695
at,52.4.t.0.t.14.t,17,2493,11697
at,52.4.t.0.t.14.t,18,2492,11698
seq,52.4.t.0.t.14.t.18.t,11700,2490,true,11706,otherwise,14145
at,52.4.t.0.t.14.t.18.t,0,2490,11700
at,52.4.t.0.t.14.t.18.t,1,2489,11702
at,52.4.t.0.t.14.t.18.t,2,2488,11704
at,52.4.t.0.t.14.t.18.t,3,2487,11705
seq,52.4.t.0.t.14.t.18.e,11706,2490,false,11709,end,14145
at,52.4.t.0.t.14.t.18.e,0,2490,11706
at,52.4.t.0.t.14.t.18.e,1,2489,11708
at,52.4.t.0.t.14.t,19,2491,11709
at,52.4.t.0.t.14.t,20,2490,11711
at,52.4.t.0.t.14.t,21,2489,11713
at,52.4.t.0.t.14.t,22,2488,11715
at,52.4.t.0.t.14.t,23,2487,11716
at,52.4.t.0.t.14.t,24,2486,11718
at,52.4.t.0.t.14.t,25,2485,11720
at,52.4.t.0.t.14.t,26,2484,11722
at,52.4.t.0.t.14.t,27,2483,11723
at,52.4.t.0.t.14.t,28,2482,11725
at,52.4.t.0.t.14.t,29,2481,11727
at,52.4.t.0.t.14.t,30,2480,11729
at,52.4.t.0.t.14.t,31,2479,11731
at,52.4.t.0.t.14.t,32,2478,11732
at,52.4.t.0.t.14.t,33,2477,11734
at,52.4.t.0.t.14.t,34,2476,11735
at,52.4.t.0.t.14.t,35,2475,11736
at,52.4.t.0.t.14.t,36,2474,11738
at,52.4.t.0.t.14.t,37,2473,11739
at,52.4.t.0.t.14.t,38,2472,11741
at,52.4.t.0.t.14.t,39,2471,11742
at,52.4.t.0.t.14.t,40,2470,11744
at,52.4.t.0.t.14.t,41,2469,11745
at,52.4.t.0.t.14.t,42,2468,11747
at,52.4.t.0.t.14.t,43,2467,11749
at,52.4.t.0.t.14.t,44,2466,11751
at,52.4.t.0.t.14.t,45,2465,11752
seq,52.4.t.0.t.14.t.45.t,11754,2463,true,11759,end,14145
at,52.4.t.0.t.14.t.45.t,0,2463,11754
at,52.4.t.0.t.14.t.45.t,1,2462,11756
at,52.4.t.0.t.14.t.45.t,2,2461,11758
at,52.4.t.0.t.14.t,46,2464,11759
at,52.4.t.0.t.14.t,47,2463,11761
at,52.4.t.0.t.14.t,48,2462,11763
at,52.4.t.0.t.14.t,49,2461,11765
at,52.4.t.0.t.14.t,50,2460,11767
at,52.4.t.0.t.14.t,51,2459,11769
at,52.4.t.0.t.14.t,52,2458,11771
seq,52.4.t.0.t.14.t.52.t,11773,2456,false,11935,end,14145
at,52.4.t.0.t.14.t.52.t,0,2456,11773
seq,52.4.t.0.t.14.t.52.t.0.t,11775,2454,false,11934,end,14145
at,52.4.t.0.t.14.t.52.t.0.t,0,2454,11775
at,52.4.t.0.t.14.t.52.t.0.t,1,2453,11777
at,52.4.t.0.t.14.t.52.t.0.t,2,2452,11779
at,52.4.t.0.t.14.t.52.t.0.t,3,2451,11780
at,52.4.t.0.t.14.t.52.t.0.t,4,2450,11782
at,52.4.t.0.t.14.t.52.t.0.t,5,2449,11784
at,52.4.t.0.t.14.t.52.t.0.t,6,2448,11786
at,52.4.t.0.t.14.t.52.t.0.t,7,2447,11787
at,52.4.t.0.t.14.t.52.t.0.t,8,2446,11789
at,52.4.t.0.t.14.t.52.t.0.t,9,2445,11791
at,52.4.t.0.t.14.t.52.t.0.t,10,2444,11793
at,52.4.t.0.t.14.t.52.t.0.t,11,2443,11794
at,52.4.t.0.t.14.t.52.t.0.t,12,2442,11795
at,52.4.t.0.t.14.t.52.t.0.t,13,2441,11798
at,52.4.t.0.t.14.t.52.t.0.t,14,2440,11800
at,52.4.t.0.t.14.t.52.t.0.t,15,2439,11802
at,52.4.t.0.t.14.t.52.t.0.t,16,2438,11804
at,52.4.t.0.t.14.t.52.t.0.t,17,2437,11805
at,52.4.t.0.t.14.t.52.t.0.t,18,2436,11806
at,52.4.t.0.t.14.t.52.t.0.t,19,2435,11809
at,52.4.t.0.t.14.t.52.t.0.t,20,2434,11811
at,52.4.t.0.t.14.t.52.t.0.t,21,2433,11813
at,52.4.t.0.t.14.t.52.t.0.t,22,2432,11815
at,52.4.t.0.t.14.t.52.t.0.t,23,2431,11816
seq,52.4.t.0.t.14.t.52.t.0.t.23.t,11818,2429,true,11922,otherwise,14145
at,52.4.t.0.t.14.t.52.t.0.t.23.t,0,2429,11818
at,52.4.t.0.t.14.t.52.t.0.t.23.t,1,2428,11820
at,52.4.t.0.t.14.t.52.t.0.t.23.t,2,2427,11822
at,52.4.t.0.t.14.t.52.t.0.t.23.t,3,2426,11823
seq,52.4.t.0.t.14.t.52.t.0.t.23.t.3.t,11825,2424,true,11830,otherwise,14145
at,52.4.t.0.t.14.t.52.t.0.t.23.t.3.t,0,2424,11825
at,52.4.t.0.t.14.t.52.t.0.t.23.t.3.t,1,2423,11827
at,52.4.t.0.t.14.t.52.t.0.t.23.t.3.t,2,2422,11829
seq,52.4.t.0.t.14.t.52.t.0.t.23.t.3.e,11830,2424,false,11842,end,14145
at,52.4.t.0.t.14.t.52.t.0.t.23.t.3.e,0,2424,11830
at,52.4.t.0.t.14.t.52.t.0.t.23.t.3.e,1,2423,11832
at,52.4.t.0.t.14.t.52.t.0.t.23.t.3.e,2,2422,11834
at,52.4.t.0.t.14.t.52.t.0.t.23.t.3.e,3,2421,11835
at,52.4.t.0.t.14.t.52.t.0.t.23.t.3.e,4,2420,11836
at,52.4.t.0.t.14.t.52.t.0.t.23.t.3.e,5,2419,11838
at,52.4.t.0.t.14.t.52.t.0.t.23.t.3.e,6,2418,11841
at,52.4.t.0.t.14.t.52.t.0.t.23.t,4,2425,11842
at,52.4.t.0.t.14.t.52.t.0.t.23.t,5,2424,11844
at,52.4.t.0.t.14.t.52.t.0.t.23.t,6,2423,11846
at,52.4.t.0.t.14.t.52.t.0.t.23.t,7,2422,11847
at,52.4.t.0.t.14.t.52.t.0.t.23.t,8,2421,11848
at,52.4.t.0.t.14.t.52.t.0.t.23.t,9,2420,11859
at,52.4.t.0.t.14.t.52.t.0.t.23.t,10,2419,11862
at,52.4.t.0.t.14.t.52.t.0.t.23.t,11,2418,11864
at,52.4.t.0.t.14.t.52.t.0.t.23.t,12,2417,11866
at,52.4.t.0.t.14.t.52.t.0.t.23.t,13,2416,11867
at,52.4.t.0.t.14.t.52.t.0.t.23.t,14,2415,11868
at,52.4.t.0.t.14.t.52.t.0.t.23.t,15,2414,11870
at,52.4.t.0.t.14.t.52.t.0.t.23.t,16,2413,11873
at,52.4.t.0.t.14.t.52.t.0.t.23.t,17,2412,11875
at,52.4.t.0.t.14.t.52.t.0.t.23.t,18,2411,11877
at,52.4.t.0.t.14.t.52.t.0.t.23.t,19,2410,11878
at,52.4.t.0.t.14.t.52.t.0.t.23.t,20,2409,11879
at,52.4.t.0.t.14.t.52.t.0.t.23.t,21,2408,11881
at,52.4.t.0.t.14.t.52.t.0.t.23.t,22,2407,11884
at,52.4.t.0.t.14.t.52.t.0.t.23.t,23,2406,11886
at,52.4.t.0.t.14.t.52.t.0.t.23.t,24,2405,11888
at,52.4.t.0.t.14.t.52.t.0.t.23.t,25,2404,11889
at,52.4.t.0.t.14.t.52.t.0.t.23.t,26,2403,11890
at,52.4.t.0.t.14.t.52.t.0.t.23.t,27,2402,11892
at,52.4.t.0.t.14.t.52.t.0.t.23.t,28,2401,11895
at,52.4.t.0.t.14.t.52.t.0.t.23.t,29,2400,11897
at,52.4.t.0.t.14.t.52.t.0.t.23.t,30,2399,11899
at,52.4.t.0.t.14.t.52.t.0.t.23.t,31,2398,11900
at,52.4.t.0.t.14.t.52.t.0.t.23.t,32,2397,11901
at,52.4.t.0.t.14.t.52.t.0.t.23.t,33,2396,11903
at,52.4.t.0.t.14.t.52.t.0.t.23.t,34,2395,11906
at,52.4.t.0.t.14.t.52.t.0.t.23.t,35,2394,11908
at,52.4.t.0.t.14.t.52.t.0.t.23.t,36,2393,11910
at,52.4.t.0.t.14.t.52.t.0.t.23.t,37,2392,11911
at,52.4.t.0.t.14.t.52.t.0.t.23.t,38,2391,11912
at,52.4.t.0.t.14.t.52.t.0.t.23.t,39,2390,11914
at,52.4.t.0.t.14.t.52.t.0.t.23.t,40,2389,11917
at,52.4.t.0.t.14.t.52.t.0.t.23.t,41,2388,11919
at,52.4.t.0.t.14.t.52.t.0.t.23.t,42,2387,11921
seq,52.4.t.0.t.14.t.52.t.0.t.23.e,11922,2429,false,11931,end,14145
at,52.4.t.0.t.14.t.52.t.0.t.23.e,0,2429,11922
at,52.4.t.0.t.14.t.52.t.0.t.23.e,1,2428,11924
at,52.4.t.0.t.14.t.52.t.0.t.23.e,2,2427,11926
at,52.4.t.0.t.14.t.52.t.0.t.23.e,3,2426,11928
at,52.4.t.0.t.14.t.52.t.0.t.23.e,4,2425,11930
at,52.4.t.0.t.14.t.52.t.0.t,24,2430,11931
at,52.4.t.0.t.14.t.52.t.0.t,25,2429,11933
at,52.4.t.0.t.14.t.52.t,1,2455,11934
at,52.4.t.0.t.14.t,53,2457,11935
at,52.4.t.0.t.14.t,54,2456,11937
at,52.4.t.0.t.14.t,55,2455,11939
at,52.4.t.0.t.14.t,56,2454,11940
seq,52.4.t.0.t.14.t.56.t,11942,2452,true,12086,end,14145
at,52.4.t.0.t.14.t.56.t,0,2452,11942
at,52.4.t.0.t.14.t.56.t,1,2451,11944
at,52.4.t.0.t.14.t.56.t,2,2450,11946
at,52.4.t.0.t.14.t.56.t,3,2449,11947
at,52.4.t.0.t.14.t.56.t,4,2448,11949
at,52.4.t.0.t.14.t.56.t,5,2447,11950
at,52.4.t.0.t.14.t.56.t,6,2446,11952
at,52.4.t.0.t.14.t.56.t,7,2445,11954
at,52.4.t.0.t.14.t.56.t,8,2444,11955
seq,52.4.t.0.t.14.t.56.t.8.t,11957,2442,true,11959,end,14145
at,52.4.t.0.t.14.t.56.t.8.t,0,2442,11957
at,52.4.t.0.t.14.t.56.t.8.t,1,2441,11958
at,52.4.t.0.t.14.t.56.t,9,2443,11959
at,52.4.t.0.t.14.t.56.t,10,2442,11961
at,52.4.t.0.t.14.t.56.t,11,2441,11963
at,52.4.t.0.t.14.t.56.t,12,2440,11964
at,52.4.t.0.t.14.t.56.t,13,2439,11968
at,52.4.t.0.t.14.t.56.t,14,2438,11969
at,52.4.t.0.t.14.t.56.t,15,2437,11971
at,52.4.t.0.t.14.t.56.t,16,2436,11972
at,52.4.t.0.t.14.t.56.t,17,2435,11974
at,52.4.t.0.t.14.t.56.t,18,2434,11976
at,52.4.t.0.t.14.t.56.t,19,2433,11977
at,52.4.t.0.t.14.t.56.t,20,2432,11979
at,52.4.t.0.t.14.t.56.t,21,2431,11980
seq,52.4.t.0.t.14.t.56.t.21.t,11982,2429,true,11999,end,14145
at,52.4.t.0.t.14.t.56.t.21.t,0,2429,11982
at,52.4.t.0.t.14.t.56.t.21.t,1,2428,11984
at,52.4.t.0.t.14.t.56.t.21.t,2,2427,11986
at,52.4.t.0.t.14.t.56.t.21.t,3,2426,11987
at,52.4.t.0.t.14.t.56.t.21.t,4,2425,11988
at,52.4.t.0.t.14.t.56.t.21.t,5,2424,11989
at,52.4.t.0.t.14.t.56.t.21.t,6,2423,11991
at,52.4.t.0.t.14.t.56.t.21.t,7,2422,11993
at,52.4.t.0.t.14.t.56.t.21.t,8,2421,11994
seq,52.4.t.0.t.14.t.56.t.21.t.8.t,11996,2419,true,11998,end,14145
at,52.4.t.0.t.14.t.56.t.21.t.8.t,0,2419,11996
at,52.4.t.0.t.14.t.56.t.21.t.8.t,1,2418,11997
at,52.4.t.0.t.14.t.56.t.21.t,9,2420,11998
at,52.4.t.0.t.14.t.56.t,22,2430,11999
at,52.4.t.0.t.14.t.56.t,23,2429,12001
at,52.4.t.0.t.14.t.56.t,24,2428,12003
at,52.4.t.0.t.14.t.56.t,25,2427,12004
at,52.4.t.0.t.14.t.56.t,26,2426,12006
at,52.4.t.0.t.14.t.56.t,27,2425,12008
at,52.4.t.0.t.14.t.56.t,28,2424,12010
at,52.4.t.0.t.14.t.56.t,29,2423,12012
at,52.4.t.0.t.14.t.56.t,30,2422,12014
at,52.4.t.0.t.14.t.56.t,31,2421,12015
at,52.4.t.0.t.14.t.56.t,32,2420,12016
at,52.4.t.0.t.14.t.56.t,33,2419,12027
at,52.4.t.0.t.14.t.56.t,34,2418,12030
at,52.4.t.0.t.14.t.56.t,35,2417,12032
at,52.4.t.0.t.14.t.56.t,36,2416,12034
at,52.4.t.0.t.14.t.56.t,37,2415,12035
at,52.4.t.0.t.14.t.56.t,38,2414,12036
at,52.4.t.0.t.14.t.56.t,39,2413,12038
at,52.4.t.0.t.14.t.56.t,40,2412,12041
at,52.4.t.0.t.14.t.56.t,41,2411,12043
at,52.4.t.0.t.14.t.56.t,42,2410,12045
at,52.4.t.0.t.14.t.56.t,43,2409,12046
at,52.4.t.0.t.14.t.56.t,44,2408,12047
at,52.4.t.0.t.14.t.56.t,45,2407,12049
at,52.4.t.0.t.14.t.56.t,46,2406,12052
at,52.4.t.0.t.14.t.56.t,47,2405,12054
at,52.4.t.0.t.14.t.56.t,48,2404,12056
at,52.4.t.0.t.14.t.56.t,49,2403,12057
at,52.4.t.0.t.14.t.56.t,50,2402,12058
at,52.4.t.0.t.14.t.56.t,51,2401,12060
at,52.4.t.0.t.14.t.56.t,52,2400,12063
at,52.4.t.0.t.14.t.56.t,53,2399,12065
at,52.4.t.0.t.14.t.56.t,54,2398,12067
at,52.4.t.0.t.14.t.56.t,55,2397,12068
at,52.4.t.0.t.14.t.56.t,56,2396,12069
at,52.4.t.0.t.14.t.56.t,57,2395,12071
at,52.4.t.0.t.14.t.56.t,58,2394,12074
at,52.4.t.0.t.14.t.56.t,59,2393,12076
at,52.4.t.0.t.14.t.56.t,60,2392,12078
at,52.4.t.0.t.14.t.56.t,61,2391,12079
at,52.4.t.0.t.14.t.56.t,62,2390,12080
at,52.4.t.0.t.14.t.56.t,63,2389,12082
at,52.4.t.0.t.14.t.56.t,64,2388,12085
at,52.4.t.0.t.14.t,57,2453,12086
at,52.4.t.0.t.14.t,58,2452,12088
at,52.4.t.0.t.14.t,59,2451,12090
at,52.4.t.0.t.14.t,60,2450,12091
at,52.4.t.0.t.14.t,61,2449,12093
at,52.4.t.0.t.14.t,62,2448,12095
at,52.4.t.0.t.14.t,63,2447,12097
at,52.4.t.0.t.14.t,64,2446,12099
at,52.4.t.0.t.14.t,65,2445,12100
at,52.4.t.0.t.14.t,66,2444,12102
at,52.4.t.0.t.14.t,67,2443,12105
at,52.4.t.0.t.14.t,68,2442,12107
at,52.4.t.0.t.14.t,69,2441,12109
seq,52.4.t.0.t.14.t.69.t,12111,2439,false,12164,end,14145
at,52.4.t.0.t.14.t.69.t,0,2439,12111
seq,52.4.t.0.t.14.t.69.t.0.t,12113,2437,false,12163,end,14145
at,52.4.t.0.t.14.t.69.t.0.t,0,2437,12113
at,52.4.t.0.t.14.t.69.t.0.t,1,2436,12115
at,52.4.t.0.t.14.t.69.t.0.t,2,2435,12117
at,52.4.t.0.t.14.t.69.t.0.t,3,2434,12118
at,52.4.t.0.t.14.t.69.t.0.t,4,2433,12120
at,52.4.t.0.t.14.t.69.t.0.t,5,2432,12122
at,52.4.t.0.t.14.t.69.t.0.t,6,2431,12124
at,52.4.t.0.t.14.t.69.t.0.t,7,2430,12126
at,52.4.t.0.t.14.t.69.t.0.t,8,2429,12127
at,52.4.t.0.t.14.t.69.t.0.t,9,2428,12129
at,52.4.t.0.t.14.t.69.t.0.t,10,2427,12130
at,52.4.t.0.t.14.t.69.t.0.t,11,2426,12131
at,52.4.t.0.t.14.t.69.t.0.t,12,2425,12132
at,52.4.t.0.t.14.t.69.t.0.t,13,2424,12134
at,52.4.t.0.t.14.t.69.t.0.t,14,2423,12136
at,52.4.t.0.t.14.t.69.t.0.t,15,2422,12138
at,52.4.t.0.t.14.t.69.t.0.t,16,2421,12139
at,52.4.t.0.t.14.t.69.t.0.t,17,2420,12141
at,52.4.t.0.t.14.t.69.t.0.t,18,2419,12142
at,52.4.t.0.t.14.t.69.t.0.t,19,2418,12144
at,52.4.t.0.t.14.t.69.t.0.t,20,2417,12145
at,52.4.t.0.t.14.t.69.t.0.t,21,2416,12146
at,52.4.t.0.t.14.t.69.t.0.t,22,2415,12147
at,52.4.t.0.t.14.t.69.t.0.t,23,2414,12150
at,52.4.t.0.t.14.t.69.t.0.t,24,2413,12153
at,52.4.t.0.t.14.t.69.t.0.t,25,2412,12155
at,52.4.t.0.t.14.t.69.t.0.t,26,2411,12157
at,52.4.t.0.t.14.t.69.t.0.t,27,2410,12158
at,52.4.t.0.t.14.t.69.t.0.t,28,2409,12160
at,52.4.t.0.t.14.t.69.t.0.t,29,2408,12162
at,52.4.t.0.t.14.t.69.t,1,2438,12163
at,52.4.t.0.t.14.t,70,2440,12164
at,52.4.t.0.t.14.t,71,2439,12166
at,52.4.t.0.t.14.t,72,2438,12168
at,52.4.t.0.t.14.t,73,2437,12170
at,52.4.t.0.t.14.t,74,2436,12172
at,52.4.t.0.t.14.t,75,2435,12174
at,52.4.t.0.t.14.t,76,2434,12176
at,52.4.t.0.t.14.t,77,2433,12178
at,52.4.t.0.t.14.t,78,2432,12180
seq,52.4.t.0.t.14.e,12181,2510,false,13609,end,14145
at,52.4.t.0.t.14.e,0,2510,12181
at,52.4.t.0.t.14.e,1,2509,12183
at,52.4.t.0.t.14.e,2,2508,12185
at,52.4.t.0.t.14.e,3,2507,12187
at,52.4.t.0.t.14.e,4,2506,12188
at,52.4.t.0.t.14.e,5,2505,12191
at,52.4.t.0.t.14.e,6,2504,12193
at,52.4.t.0.t.14.e,7,2503,12195
at,52.4.t.0.t.14.e,8,2502,12197
at,52.4.t.0.t.14.e,9,2501,12199
at,52.4.t.0.t.14.e,10,2500,12200
at,52.4.t.0.t.14.e,11,2499,12203
at,52.4.t.0.t.14.e,12,2498,12205
at,52.4.t.0.t.14.e,13,2497,12207
at,52.4.t.0.t.14.e,14,2496,12209
at,52.4.t.0.t.14.e,15,2495,12211
at,52.4.t.0.t.14.e,16,2494,12212
at,52.4.t.0.t.14.e,17,2493,12214
at,52.4.t.0.t.14.e,18,2492,12215
at,52.4.t.0.t.14.e,19,2491,12216
at,52.4.t.0.t.14.e,20,2490,12218
at,52.4.t.0.t.14.e,21,2489,12219
at,52.4.t.0.t.14.e,22,2488,12221
at,52.4.t.0.t.14.e,23,2487,12222
at,52.4.t.0.t.14.e,24,2486,12224
at,52.4.t.0.t.14.e,25,2485,12225
at,52.4.t.0.t.14.e,26,2484,12227
at,52.4.t.0.t.14.e,27,2483,12229
at,52.4.t.0.t.14.e,28,2482,12231
at,52.4.t.0.t.14.e,29,2481,12232
seq,52.4.t.0.t.14.e.29.t,12234,2479,true,12239,end,14145
at,52.4.t.0.t.14.e.29.t,0,2479,12234
at,52.4.t.0.t.14.e.29.t,1,2478,12236
at,52.4.t.0.t.14.e.29.t,2,2477,12238
at,52.4.t.0.t.14.e,30,2480,12239
at,52.4.t.0.t.14.e,31,2479,12241
at,52.4.t.0.t.14.e,32,2478,12243
at,52.4.t.0.t.14.e,33,2477,12245
at,52.4.t.0.t.14.e,34,2476,12247
at,52.4.t.0.t.14.e,35,2475,12249
at,52.4.t.0.t.14.e,36,2474,12251
seq,52.4.t.0.t.14.e.36.t,12253,2472,false,12415,end,14145
at,52.4.t.0.t.14.e.36.t,0,2472,12253
seq,52.4.t.0.t.14.e.36.t.0.t,12255,2470,false,12414,end,14145
at,52.4.t.0.t.14.e.36.t.0.t,0,2470,12255
at,52.4.t.0.t.14.e.36.t.0.t,1,2469,12257
at,52.4.t.0.t.14.e.36.t.0.t,2,2468,12259
at,52.4.t.0.t.14.e.36.t.0.t,3,2467,12260
at,52.4.t.0.t.14.e.36.t.0.t,4,2466,12262
at,52.4.t.0.t.14.e.36.t.0.t,5,2465,12264
at,52.4.t.0.t.14.e.36.t.0.t,6,2464,12266
at,52.4.t.0.t.14.e.36.t.0.t,7,2463,12267
at,52.4.t.0.t.14.e.36.t.0.t,8,2462,12269
at,52.4.t.0.t.14.e.36.t.0.t,9,2461,12271
at,52.4.t.0.t.14.e.36.t.0.t,10,2460,12273
at,52.4.t.0.t.14.e.36.t.0.t,11,2459,12274
at,52.4.t.0.t.14.e.36.t.0.t,12,2458,12275
at,52.4.t.0.t.14.e.36.t.0.t,13,2457,12278
at,52.4.t.0.t.14.e.36.t.0.t,14,2456,12280
at,52.4.t.0.t.14.e.36.t.0.t,15,2455,12282
at,52.4.t.0.t.14.e.36.t.0.t,16,2454,12284
at,52.4.t.0.t.14.e.36.t.0.t,17,2453,12285
at,52.4.t.0.t.14.e.36.t.0.t,18,2452,12286
at,52.4.t.0.t.14.e.36.t.0.t,19,2451,12289
at,52.4.t.0.t.14.e.36.t.0.t,20,2450,12291
at,52.4.t.0.t.14.e.36.t.0.t,21,2449,12293
at,52.4.t.0.t.14.e.36.t.0.t,22,2448,12295
at,52.4.t.0.t.14.e.36.t.0.t,23,2447,12296
seq,52.4.t.0.t.14.e.36.t.0.t.23.t,12298,2445,true,12402,otherwise,14145
at,52.4.t.0.t.14.e.36.t.0.t.23.t,0,2445,12298
at,52.4.t.0.t.14.e.36.t.0.t.23.t,1,2444,12300
at,52.4.t.0.t.14.e.36.t.0.t.23.t,2,2443,12302
at,52.4.t.0.t.14.e.36.t.0.t.23.t,3,2442,12303
seq,52.4.t.0.t.14.e.36.t.0.t.23.t.3.t,12305,2440,true,12310,otherwise,14145
at,52.4.t.0.t.14.e.36.t.0.t.23.t.3.t,0,2440,12305
at,52.4.t.0.t.14.e.36.t.0.t.23.t.3.t,1,2439,12307
at,52.4.t.0.t.14.e.36.t.0.t.23.t.3.t,2,2438,12309
seq,52.4.t.0.t.14.e.36.t.0.t.23.t.3.e,12310,2440,false,12322,end,14145
at,52.4.t.0.t.14.e.36.t.0.t.23.t.3.e,0,2440,12310
at,52.4.t.0.t.14.e.36.t.0.t.23.t.3.e,1,2439,12312
at,52.4.t.0.t.14.e.36.t.0.t.23.t.3.e,2,2438,12314
at,52.4.t.0.t.14.e.36.t.0.t.23.t.3.e,3,2437,12315
at,52.4.t.0.t.14.e.36.t.0.t.23.t.3.e,4,2436,12316
at,52.4.t.0.t.14.e.36.t.0.t.23.t.3.e,5,2435,12318
at,52.4.t.0.t.14.e.36.t.0.t.23.t.3.e,6,2434,12321
at,52.4.t.0.t.14.e.36.t.0.t.23.t,4,2441,12322
at,52.4.t.0.t.14.e.36.t.0.t.23.t,5,2440,12324
at,52.4.t.0.t.14.e.36.t.0.t.23.t,6,2439,12326
at,52.4.t.0.t.14.e.36.t.0.t.23.t,7,2438,12327
at,52.4.t.0.t.14.e.36.t.0.t.23.t,8,2437,12328
at,52.4.t.0.t.14.e.36.t.0.t.23.t,9,2436,12339
at,52.4.t.0.t.14.e.36.t.0.t.23.t,10,2435,12342
at,52.4.t.0.t.14.e.36.t.0.t.23.t,11,2434,12344
at,52.4.t.0.t.14.e.36.t.0.t.23.t,12,2433,12346
at,52.4.t.0.t.14.e.36.t.0.t.23.t,13,2432,12347
at,52.4.t.0.t.14.e.36.t.0.t.23.t,14,2431,12348
at,52.4.t.0.t.14.e.36.t.0.t.23.t,15,2430,12350
at,52.4.t.0.t.14.e.36.t.0.t.23.t,16,2429,12353
at,52.4.t.0.t.14.e.36.t.0.t.23.t,17,2428,12355
at,52.4.t.0.t.14.e.36.t.0.t.23.t,18,2427,12357
at,52.4.t.0.t.14.e.36.t.0.t.23.t,19,2426,12358
at,52.4.t.0.t.14.e.36.t.0.t.23.t,20,2425,12359
at,52.4.t.0.t.14.e.36.t.0.t.23.t,21,2424,12361
at,52.4.t.0.t.14.e.36.t.0.t.23.t,22,2423,12364
at,52.4.t.0.t.14.e.36.t.0.t.23.t,23,2422,12366
at,52.4.t.0.t.14.e.36.t.0.t.23.t,24,2421,12368
at,52.4.t.0.t.14.e.36.t.0.t.23.t,25,2420,12369
at,52.4.t.0.t.14.e.36.t.0.t.23.t,26,2419,12370
at,52.4.t.0.t.14.e.36.t.0.t.23.t,27,2418,12372
at,52.4.t.0.t.14.e.36.t.0.t.23.t,28,2417,12375
at,52.4.t.0.t.14.e.36.t.0.t.23.t,29,2416,12377
at,52.4.t.0.t.14.e.36.t.0.t.23.t,30,2415,12379
at,52.4.t.0.t.14.e.36.t.0.t.23.t,31,2414,12380
at,52.4.t.0.t.14.e.36.t.0.t.23.t,32,2413,12381
at,52.4.t.0.t.14.e.36.t.0.t.23.t,33,2412,12383
at,52.4.t.0.t.14.e.36.t.0.t.23.t,34,2411,12386
at,52.4.t.0.t.14.e.36.t.0.t.23.t,35,2410,12388
at,52.4.t.0.t.14.e.36.t.0.t.23.t,36,2409,12390
at,52.4.t.0.t.14.e.36.t.0.t.23.t,37,2408,12391
at,52.4.t.0.t.14.e.36.t.0.t.23.t,38,2407,12392
at,52.4.t.0.t.14.e.36.t.0.t.23.t,39,2406,12394
at,52.4.t.0.t.14.e.36.t.0.t.23.t,40,2405,12397
at,52.4.t.0.t.14.e.36.t.0.t.23.t,41,2404,12399
at,52.4.t.0.t.14.e.36.t.0.t.23.t,42,2403,12401
seq,52.4.t.0.t.14.e.36.t.0.t.23.e,12402,2445,false,12411,end,14145
at,52.4.t.0.t.14.e.36.t.0.t.23.e,0,2445,12402
at,52.4.t.0.t.14.e.36.t.0.t.23.e,1,2444,12404
at,52.4.t.0.t.14.e.36.t.0.t.23.e,2,2443,12406
at,52.4.t.0.t.14.e.36.t.0.t.23.e,3,2442,12408
at,52.4.t.0.t.14.e.36.t.0.t.23.e,4,2441,12410
at,52.4.t.0.t.14.e.36.t.0.t,24,2446,12411
at,52.4.t.0.t.14.e.36.t.0.t,25,2445,12413
at,52.4.t.0.t.14.e.36.t,1,2471,12414
at,52.4.t.0.t.14.e,37,2473,12415
at,52.4.t.0.t.14.e,38,2472,12417
at,52.4.t.0.t.14.e,39,2471,12419
at,52.4.t.0.t.14.e,40,2470,12420
seq,52.4.t.0.t.14.e.40.t,12422,2468,true,12566,end,14145
at,52.4.t.0.t.14.e.40.t,0,2468,12422
at,52.4.t.0.t.14.e.40.t,1,2467,12424
at,52.4.t.0.t.14.e.40.t,2,2466,12426
at,52.4.t.0.t.14.e.40.t,3,2465,12427
at,52.4.t.0.t.14.e.40.t,4,2464,12429
at,52.4.t.0.t.14.e.40.t,5,2463,12430
at,52.4.t.0.t.14.e.40.t,6,2462,12432
at,52.4.t.0.t.14.e.40.t,7,2461,12434
at,52.4.t.0.t.14.e.40.t,8,2460,12435
seq,52.4.t.0.t.14.e.40.t.8.t,12437,2458,true,12439,end,14145
at,52.4.t.0.t.14.e.40.t.8.t,0,2458,12437
at,52.4.t.0.t.14.e.40.t.8.t,1,2457,12438
at,52.4.t.0.t.14.e.40.t,9,2459,12439
at,52.4.t.0.t.14.e.40.t,10,2458,12441
at,52.4.t.0.t.14.e.40.t,11,2457,12443
at,52.4.t.0.t.14.e.40.t,12,2456,12444
at,52.4.t.0.t.14.e.40.t,13,2455,12448
at,52.4.t.0.t.14.e.40.t,14,2454,12449
at,52.4.t.0.t.14.e.40.t,15,2453,12451
at,52.4.t.0.t.14.e.40.t,16,2452,12452
at,52.4.t.0.t.14.e.40.t,17,2451,12454
at,52.4.t.0.t.14.e.40.t,18,2450,12456
at,52.4.t.0.t.14.e.40.t,19,2449,12457
at,52.4.t.0.t.14.e.40.t,20,2448,12459
at,52.4.t.0.t.14.e.40.t,21,2447,12460
seq,52.4.t.0.t.14.e.40.t.21.t,12462,2445,true,12479,end,14145
at,52.4.t.0.t.14.e.40.t.21.t,0,2445,12462
at,52.4.t.0.t.14.e.40.t.21.t,1,2444,12464
at,52.4.t.0.t.14.e.40.t.21.t,2,2443,12466
at,52.4.t.0.t.14.e.40.t.21.t,3,2442,12467
at,52.4.t.0.t.14.e.40.t.21.t,4,2441,12468
at,52.4.t.0.t.14.e.40.t.21.t,5,2440,12469
at,52.4.t.0.t.14.e.40.t.21.t,6,2439,12471
at,52.4.t.0.t.14.e.40.t.21.t,7,2438,12473
at,52.4.t.0.t.14.e.40.t.21.t,8,2437,12474
seq,52.4.t.0.t.14.e.40.t.21.t.8.t,12476,2435,true,12478,end,14145
at,52.4.t.0.t.14.e.40.t.21.t.8.t,0,2435,12476
at,52.4.t.0.t.14.e.40.t.21.t.8.t,1,2434,12477
at,52.4.t.0.t.14.e.40.t.21.t,9,2436,12478
at,52.4.t.0.t.14.e.40.t,22,2446,12479
at,52.4.t.0.t.14.e.40.t,23,2445,12481
at,52.4.t.0.t.14.e.40.t,24,2444,12483
at,52.4.t.0.t.14.e.40.t,25,2443,12484
at,52.4.t.0.t.14.e.40.t,26,2442,12486
at,52.4.t.0.t.14.e.40.t,27,2441,12488
at,52.4.t.0.t.14.e.40.t,28,2440,12490
at,52.4.t.0.t.14.e.40.t,29,2439,12492
at,52.4.t.0.t.14.e.40.t,30,2438,12494
at,52.4.t.0.t.14.e.40.t,31,2437,12495
at,52.4.t.0.t.14.e.40.t,32,2436,12496
at,52.4.t.0.t.14.e.40.t,33,2435,12507
at,52.4.t.0.t.14.e.40.t,34,2434,12510
at,52.4.t.0.t.14.e.40.t,35,2433,12512
at,52.4.t.0.t.14.e.40.t,36,2432,12514
at,52.4.t.0.t.14.e.40.t,37,2431,12515
at,52.4.t.0.t.14.e.40.t,38,2430,12516
at,52.4.t.0.t.14.e.40.t,39,2429,12518
at,52.4.t.0.t.14.e.40.t,40,2428,12521
at,52.4.t.0.t.14.e.40.t,41,2427,12523
at,52.4.t.0.t.14.e.40.t,42,2426,12525
at,52.4.t.0.t.14.e.40.t,43,2425,12526
at,52.4.t.0.t.14.e.40.t,44,2424,12527
at,52.4.t.0.t.14.e.40.t,45,2423,12529
at,52.4.t.0.t.14.e.40.t,46,2422,12532
at,52.4.t.0.t.14.e.40.t,47,2421,12534
at,52.4.t.0.t.14.e.40.t,48,2420,12536
at,52.4.t.0.t.14.e.40.t,49,2419,12537
at,52.4.t.0.t.14.e.40.t,50,2418,12538
at,52.4.t.0.t.14.e.40.t,51,2417,12540
at,52.4.t.0.t.14.e.40.t,52,2416,12543
at,52.4.t.0.t.14.e.40.t,53,2415,12545
at,52.4.t.0.t.14.e.40.t,54,2414,12547
at,52.4.t.0.t.14.e.40.t,55,2413,12548
at,52.4.t.0.t.14.e.40.t,56,2412,12549
at,52.4.t.0.t.14.e.40.t,57,2411,12551
at,52.4.t.0.t.14.e.40.t,58,2410,12554
at,52.4.t.0.t.14.e.40.t,59,2409,12556
at,52.4.t.0.t.14.e.40.t,60,2408,12558
at,52.4.t.0.t.14.e.40.t,61,2407,12559
at,52.4.t.0.t.14.e.40.t,62,2406,12560
at,52.4.t.0.t.14.e.40.t,63,2405,12562
at,52.4.t.0.t.14.e.40.t,64,2404,12565
at,52.4.t.0.t.14.e,41,2469,12566
at,52.4.t.0.t.14.e,42,2468,12568
at,52.4.t.0.t.14.e,43,2467,12570
at,52.4.t.0.t.14.e,44,2466,12571
at,52.4.t.0.t.14.e,45,2465,12573
at,52.4.t.0.t.14.e,46,2464,12575
at,52.4.t.0.t.14.e,47,2463,12577
at,52.4.t.0.t.14.e,48,2462,12579
at,52.4.t.0.t.14.e,49,2461,12580
at,52.4.t.0.t.14.e,50,2460,12582
at,52.4.t.0.t.14.e,51,2459,12585
at,52.4.t.0.t.14.e,52,2458,12587
at,52.4.t.0.t.14.e,53,2457,12589
seq,52.4.t.0.t.14.e.53.t,12591,2455,false,12970,end,14145
at,52.4.t.0.t.14.e.53.t,0,2455,12591
seq,52.4.t.0.t.14.e.53.t.0.t,12593,2453,false,12969,end,14145
at,52.4.t.0.t.14.e.53.t.0.t,0,2453,12593
at,52.4.t.0.t.14.e.53.t.0.t,1,2452,12595
at,52.4.t.0.t.14.e.53.t.0.t,2,2451,12597
at,52.4.t.0.t.14.e.53.t.0.t,3,2450,12598
at,52.4.t.0.t.14.e.53.t.0.t,4,2449,12600
at,52.4.t.0.t.14.e.53.t.0.t,5,2448,12602
at,52.4.t.0.t.14.e.53.t.0.t,6,2447,12604
at,52.4.t.0.t.14.e.53.t.0.t,7,2446,12606
at,52.4.t.0.t.14.e.53.t.0.t,8,2445,12607
at,52.4.t.0.t.14.e.53.t.0.t,9,2444,12609
at,52.4.t.0.t.14.e.53.t.0.t,10,2443,12610
at,52.4.t.0.t.14.e.53.t.0.t,11,2442,12612
at,52.4.t.0.t.14.e.53.t.0.t,12,2441,12613
at,52.4.t.0.t.14.e.53.t.0.t,13,2440,12614
at,52.4.t.0.t.14.e.53.t.0.t,14,2439,12615
at,52.4.t.0.t.14.e.53.t.0.t,15,2438,12618
at,52.4.t.0.t.14.e.53.t.0.t,16,2437,12620
at,52.4.t.0.t.14.e.53.t.0.t,17,2436,12622
at,52.4.t.0.t.14.e.53.t.0.t,18,2435,12624
at,52.4.t.0.t.14.e.53.t.0.t,19,2434,12626
at,52.4.t.0.t.14.e.53.t.0.t,20,2433,12627
at,52.4.t.0.t.14.e.53.t.0.t,21,2432,12629
at,52.4.t.0.t.14.e.53.t.0.t,22,2431,12630
at,52.4.t.0.t.14.e.53.t.0.t,23,2430,12632
at,52.4.t.0.t.14.e.53.t.0.t,24,2429,12633
at,52.4.t.0.t.14.e.53.t.0.t,25,2428,12634
at,52.4.t.0.t.14.e.53.t.0.t,26,2427,12635
at,52.4.t.0.t.14.e.53.t.0.t,27,2426,12638
at,52.4.t.0.t.14.e.53.t.0.t,28,2425,12640
at,52.4.t.0.t.14.e.53.t.0.t,29,2424,12642
at,52.4.t.0.t.14.e.53.t.0.t,30,2423,12644
at,52.4.t.0.t.14.e.53.t.0.t,31,2422,12646
at,52.4.t.0.t.14.e.53.t.0.t,32,2421,12647
at,52.4.t.0.t.14.e.53.t.0.t,33,2420,12649
at,52.4.t.0.t.14.e.53.t.0.t,34,2419,12650
at,52.4.t.0.t.14.e.53.t.0.t,35,2418,12652
at,52.4.t.0.t.14.e.53.t.0.t,36,2417,12653
at,52.4.t.0.t.14.e.53.t.0.t,37,2416,12654
at,52.4.t.0.t.14.e.53.t.0.t,38,2415,12655
at,52.4.t.0.t.14.e.53.t.0.t,39,2414,12658
at,52.4.t.0.t.14.e.53.t.0.t,40,2413,12660
at,52.4.t.0.t.14.e.53.t.0.t,41,2412,12662
at,52.4.t.0.t.14.e.53.t.0.t,42,2411,12664
at,52.4.t.0.t.14.e.53.t.0.t,43,2410,12666
at,52.4.t.0.t.14.e.53.t.0.t,44,2409,12667
at,52.4.t.0.t.14.e.53.t.0.t,45,2408,12669
at,52.4.t.0.t.14.e.53.t.0.t,46,2407,12670
at,52.4.t.0.t.14.e.53.t.0.t,47,2406,12672
at,52.4.t.0.t.14.e.53.t.0.t,48,2405,12673
at,52.4.t.0.t.14.e.53.t.0.t,49,2404,12674
at,52.4.t.0.t.14.e.53.t.0.t,50,2403,12675
at,52.4.t.0.t.14.e.53.t.0.t,51,2402,12678
at,52.4.t.0.t.14.e.53.t.0.t,52,2401,12680
at,52.4.t.0.t.14.e.53.t.0.t,53,2400,12682
at,52.4.t.0.t.14.e.53.t.0.t,54,2399,12684
at,52.4.t.0.t.14.e.53.t.0.t,55,2398,12686
at,52.4.t.0.t.14.e.53.t.0.t,56,2397,12687
at,52.4.t.0.t.14.e.53.t.0.t,57,2396,12689
at,52.4.t.0.t.14.e.53.t.0.t,58,2395,12690
at,52.4.t.0.t.14.e.53.t.0.t,59,2394,12692
at,52.4.t.0.t.14.e.53.t.0.t,60,2393,12693
at,52.4.t.0.t.14.e.53.t.0.t,61,2392,12694
at,52.4.t.0.t.14.e.53.t.0.t,62,2391,12695
at,52.4.t.0.t.14.e.53.t.0.t,63,2390,12698
at,52.4.t.0.t.14.e.53.t.0.t,64,2389,12700
at,52.4.t.0.t.14.e.53.t.0.t,65,2388,12702
at,52.4.t.0.t.14.e.53.t.0.t,66,2387,12704
at,52.4.t.0.t.14.e.53.t.0.t,67,2386,12706
at,52.4.t.0.t.14.e.53.t.0.t,68,2385,12707
at,52.4.t.0.t.14.e.53.t.0.t,69,2384,12709
at,52.4.t.0.t.14.e.53.t.0.t,70,2383,12710
at,52.4.t.0.t.14.e.53.t.0.t,71,2382,12712
at,52.4.t.0.t.14.e.53.t.0.t,72,2381,12713
at,52.4.t.0.t.14.e.53.t.0.t,73,2380,12714
at,52.4.t.0.t.14.e.53.t.0.t,74,2379,12715
at,52.4.t.0.t.14.e.53.t.0.t,75,2378,12718
at,52.4.t.0.t.14.e.53.t.0.t,76,2377,12720
at,52.4.t.0.t.14.e.53.t.0.t,77,2376,12722
at,52.4.t.0.t.14.e.53.t.0.t,78,2375,12724
at,52.4.t.0.t.14.e.53.t.0.t,79,2374,12726
at,52.4.t.0.t.14.e.53.t.0.t,80,2373,12727
at,52.4.t.0.t.14.e.53.t.0.t,81,2372,12729
at,52.4.t.0.t.14.e.53.t.0.t,82,2371,12730
at,52.4.t.0.t.14.e.53.t.0.t,83,2370,12732
at,52.4.t.0.t.14.e.53.t.0.t,84,2369,12733
at,52.4.t.0.t.14.e.53.t.0.t,85,2368,12734
at,52.4.t.0.t.14.e.53.t.0.t,86,2367,12735
at,52.4.t.0.t.14.e.53.t.0.t,87,2366,12738
at,52.4.t.0.t.14.e.53.t.0.t,88,2365,12740
at,52.4.t.0.t.14.e.53.t.0.t,89,2364,12742
at,52.4.t.0.t.14.e.53.t.0.t,90,2363,12744
at,52.4.t.0.t.14.e.53.t.0.t,91,2362,12746
at,52.4.t.0.t.14.e.53.t.0.t,92,2361,12748
at,52.4.t.0.t.14.e.53.t.0.t,93,2360,12750
at,52.4.t.0.t.14.e.53.t.0.t,94,2359,12752
at,52.4.t.0.t.14.e.53.t.0.t,95,2358,12754
at,52.4.t.0.t.14.e.53.t.0.t,96,2357,12756
at,52.4.t.0.t.14.e.53.t.0.t,97,2356,12757
at,52.4.t.0.t.14.e.53.t.0.t,98,2355,12759
at,52.4.t.0.t.14.e.53.t.0.t,99,2354,12761
at,52.4.t.0.t.14.e.53.t.0.t,100,2353,12762
seq,52.4.t.0.t.14.e.53.t.0.t.100.t,12764,2351,true,12766,otherwise,14145
at,52.4.t.0.t.14.e.53.t.0.t.100.t,0,2351,12764
at,52.4.t.0.t.14.e.53.t.0.t.100.t,1,2350,12765
seq,52.4.t.0.t.14.e.53.t.0.t.100.e,12766,2351,false,12769,end,14145
at,52.4.t.0.t.14.e.53.t.0.t.100.e,0,2351,12766
at,52.4.t.0.t.14.e.53.t.0.t.100.e,1,2350,12768
at,52.4.t.0.t.14.e.53.t.0.t,101,2352,12769
at,52.4.t.0.t.14.e.53.t.0.t,102,2351,12771
at,52.4.t.0.t.14.e.53.t.0.t,103,2350,12773
at,52.4.t.0.t.14.e.53.t.0.t,104,2349,12775
at,52.4.t.0.t.14.e.53.t.0.t,105,2348,12777
at,52.4.t.0.t.14.e.53.t.0.t,106,2347,12779
at,52.4.t.0.t.14.e.53.t.0.t,107,2346,12781
at,52.4.t.0.t.14.e.53.t.0.t,108,2345,12783
at,52.4.t.0.t.14.e.53.t.0.t,109,2344,12785
at,52.4.t.0.t.14.e.53.t.0.t,110,2343,12787
at,52.4.t.0.t.14.e.53.t.0.t,111,2342,12789
at,52.4.t.0.t.14.e.53.t.0.t,112,2341,12791
at,52.4.t.0.t.14.e.53.t.0.t,113,2340,12793
at,52.4.t.0.t.14.e.53.t.0.t,114,2339,12795
at,52.4.t.0.t.14.e.53.t.0.t,115,2338,12797
at,52.4.t.0.t.14.e.53.t.0.t,116,2337,12799
at,52.4.t.0.t.14.e.53.t.0.t,117,2336,12801
at,52.4.t.0.t.14.e.53.t.0.t,118,2335,12803
at,52.4.t.0.t.14.e.53.t.0.t,119,2334,12805
at,52.4.t.0.t.14.e.53.t.0.t,120,2333,12807
at,52.4.t.0.t.14.e.53.t.0.t,121,2332,12809
at,52.4.t.0.t.14.e.53.t.0.t,122,2331,12811
at,52.4.t.0.t.14.e.53.t.0.t,123,2330,12813
at,52.4.t.0.t.14.e.53.t.0.t,124,2329,12815
at,52.4.t.0.t.14.e.53.t.0.t,125,2328,12817
at,52.4.t.0.t.14.e.53.t.0.t,126,2327,12819
at,52.4.t.0.t.14.e.53.t.0.t,127,2326,12821
at,52.4.t.0.t.14.e.53.t.0.t,128,2325,12823
at,52.4.t.0.t.14.e.53.t.0.t,129,2324,12825
at,52.4.t.0.t.14.e.53.t.0.t,130,2323,12826
at,52.4.t.0.t.14.e.53.t.0.t,131,2322,12828
at,52.4.t.0.t.14.e.53.t.0.t,132,2321,12829
at,52.4.t.0.t.14.e.53.t.0.t,133,2320,12831
at,52.4.t.0.t.14.e.53.t.0.t,134,2319,12832
at,52.4.t.0.t.14.e.53.t.0.t,135,2318,12833
at,52.4.t.0.t.14.e.53.t.0.t,136,2317,12834
at,52.4.t.0.t.14.e.53.t.0.t,137,2316,12836
at,52.4.t.0.t.14.e.53.t.0.t,138,2315,12839
at,52.4.t.0.t.14.e.53.t.0.t,139,2314,12841
at,52.4.t.0.t.14.e.53.t.0.t,140,2313,12843
at,52.4.t.0.t.14.e.53.t.0.t,141,2312,12845
at,52.4.t.0.t.14.e.53.t.0.t,142,2311,12846
at,52.4.t.0.t.14.e.53.t.0.t,143,2310,12848
at,52.4.t.0.t.14.e.53.t.0.t,144,2309,12849
at,52.4.t.0.t.14.e.53.t.0.t,145,2308,12851
at,52.4.t.0.t.14.e.53.t.0.t,146,2307,12852
at,52.4.t.0.t.14.e.53.t.0.t,147,2306,12853
at,52.4.t.0.t.14.e.53.t.0.t,148,2305,12854
at,52.4.t.0.t.14.e.53.t.0.t,149,2304,12856
at,52.4.t.0.t.14.e.53.t.0.t,150,2303,12859
at,52.4.t.0.t.14.e.53.t.0.t,151,2302,12861
at,52.4.t.0.t.14.e.53.t.0.t,152,2301,12863
at,52.4.t.0.t.14.e.53.t.0.t,153,2300,12865
at,52.4.t.0.t.14.e.53.t.0.t,154,2299,12866
at,52.4.t.0.t.14.e.53.t.0.t,155,2298,12868
at,52.4.t.0.t.14.e.53.t.0.t,156,2297,12869
at,52.4.t.0.t.14.e.53.t.0.t,157,2296,12871
at,52.4.t.0.t.14.e.53.t.0.t,158,2295,12872
at,52.4.t.0.t.14.e.53.t.0.t,159,2294,12873
at,52.4.t.0.t.14.e.53.t.0.t,160,2293,12874
at,52.4.t.0.t.14.e.53.t.0.t,161,2292,12876
at,52.4.t.0.t.14.e.53.t.0.t,162,2291,12879
at,52.4.t.0.t.14.e.53.t.0.t,163,2290,12881
at,52.4.t.0.t.14.e.53.t.0.t,164,2289,12883
at,52.4.t.0.t.14.e.53.t.0.t,165,2288,12885
at,52.4.t.0.t.14.e.53.t.0.t,166,2287,12886
at,52.4.t.0.t.14.e.53.t.0.t,167,2286,12888
at,52.4.t.0.t.14.e.53.t.0.t,168,2285,12889
at,52.4.t.0.t.14.e.53.t.0.t,169,2284,12891
at,52.4.t.0.t.14.e.53.t.0.t,170,2283,12892
at,52.4.t.0.t.14.e.53.t.0.t,171,2282,12893
at,52.4.t.0.t.14.e.53.t.0.t,172,2281,12894
at,52.4.t.0.t.14.e.53.t.0.t,173,2280,12896
at,52.4.t.0.t.14.e.53.t.0.t,174,2279,12899
at,52.4.t.0.t.14.e.53.t.0.t,175,2278,12901
at,52.4.t.0.t.14.e.53.t.0.t,176,2277,12903
at,52.4.t.0.t.14.e.53.t.0.t,177,2276,12905
at,52.4.t.0.t.14.e.53.t.0.t,178,2275,12906
at,52.4.t.0.t.14.e.53.t.0.t,179,2274,12908
at,52.4.t.0.t.14.e.53.t.0.t,180,2273,12909
at,52.4.t.0.t.14.e.53.t.0.t,181,2272,12911
at,52.4.t.0.t.14.e.53.t.0.t,182,2271,12912
at,52.4.t.0.t.14.e.53.t.0.t,183,2270,12913
at,52.4.t.0.t.14.e.53.t.0.t,184,2269,12914
at,52.4.t.0.t.14.e.53.t.0.t,185,2268,12916
at,52.4.t.0.t.14.e.53.t.0.t,186,2267,12919
at,52.4.t.0.t.14.e.53.t.0.t,187,2266,12921
at,52.4.t.0.t.14.e.53.t.0.t,188,2265,12923
at,52.4.t.0.t.14.e.53.t.0.t,189,2264,12925
at,52.4.t.0.t.14.e.53.t.0.t,190,2263,12926
at,52.4.t.0.t.14.e.53.t.0.t,191,2262,12928
at,52.4.t.0.t.14.e.53.t.0.t,192,2261,12929
at,52.4.t.0.t.14.e.53.t.0.t,193,2260,12931
at,52.4.t.0.t.14.e.53.t.0.t,194,2259,12932
at,52.4.t.0.t.14.e.53.t.0.t,195,2258,12933
at,52.4.t.0.t.14.e.53.t.0.t,196,2257,12934
at,52.4.t.0.t.14.e.53.t.0.t,197,2256,12936
at,52.4.t.0.t.14.e.53.t.0.t,198,2255,12939
at,52.4.t.0.t.14.e.53.t.0.t,199,2254,12941
at,52.4.t.0.t.14.e.53.t.0.t,200,2253,12943
at,52.4.t.0.t.14.e.53.t.0.t,201,2252,12945
at,52.4.t.0.t.14.e.53.t.0.t,202,2251,12946
at,52.4.t.0.t.14.e.53.t.0.t,203,2250,12948
at,52.4.t.0.t.14.e.53.t.0.t,204,2249,12949
at,52.4.t.0.t.14.e.53.t.0.t,205,2248,12951
at,52.4.t.0.t.14.e.53.t.0.t,206,2247,12952
at,52.4.t.0.t.14.e.53.t.0.t,207,2246,12953
at,52.4.t.0.t.14.e.53.t.0.t,208,2245,12954
at,52.4.t.0.t.14.e.53.t.0.t,209,2244,12956
at,52.4.t.0.t.14.e.53.t.0.t,210,2243,12959
at,52.4.t.0.t.14.e.53.t.0.t,211,2242,12961
at,52.4.t.0.t.14.e.53.t.0.t,212,2241,12963
at,52.4.t.0.t.14.e.53.t.0.t,213,2240,12964
at,52.4.t.0.t.14.e.53.t.0.t,214,2239,12966
at,52.4.t.0.t.14.e.53.t.0.t,215,2238,12968
at,52.4.t.0.t.14.e.53.t,1,2454,12969
at,52.4.t.0.t.14.e,54,2456,12970
at,52.4.t.0.t.14.e,55,2455,12972
at,52.4.t.0.t.14.e,56,2454,12974
at,52.4.t.0.t.14.e,57,2453,12976
at,52.4.t.0.t.14.e,58,2452,12978
at,52.4.t.0.t.14.e,59,2451,12980
at,52.4.t.0.t.14.e,60,2450,12982
at,52.4.t.0.t.14.e,61,2449,12984
at,52.4.t.0.t.14.e,62,2448,12986
at,52.4.t.0.t.14.e,63,2447,12988
at,52.4.t.0.t.14.e,64,2446,12990
at,52.4.t.0.t.14.e,65,2445,12992
at,52.4.t.0.t.14.e,66,2444,12994
at,52.4.t.0.t.14.e,67,2443,12996
at,52.4.t.0.t.14.e,68,2442,12997
at,52.4.t.0.t.14.e,69,2441,13000
at,52.4.t.0.t.14.e,70,2440,13002
at,52.4.t.0.t.14.e,71,2439,13004
at,52.4.t.0.t.14.e,72,2438,13005
at,52.4.t.0.t.14.e,73,2437,13008
at,52.4.t.0.t.14.e,74,2436,13010
at,52.4.t.0.t.14.e,75,2435,13012
at,52.4.t.0.t.14.e,76,2434,13014
at,52.4.t.0.t.14.e,77,2433,13015
at,52.4.t.0.t.14.e,78,2432,13017
at,52.4.t.0.t.14.e,79,2431,13019
at,52.4.t.0.t.14.e,80,2430,13021
at,52.4.t.0.t.14.e,81,2429,13022
at,52.4.t.0.t.14.e,82,2428,13024
at,52.4.t.0.t.14.e,83,2427,13026
at,52.4.t.0.t.14.e,84,2426,13028
at,52.4.t.0.t.14.e,85,2425,13029
at,52.4.t.0.t.14.e,86,2424,13031
at,52.4.t.0.t.14.e,87,2423,13033
at,52.4.t.0.t.14.e,88,2422,13035
at,52.4.t.0.t.14.e,89,2421,13037
at,52.4.t.0.t.14.e,90,2420,13038
at,52.4.t.0.t.14.e,91,2419,13040
at,52.4.t.0.t.14.e,92,2418,13041
at,52.4.t.0.t.14.e,93,2417,13042
at,52.4.t.0.t.14.e,94,2416,13044
at,52.4.t.0.t.14.e,95,2415,13045
at,52.4.t.0.t.14.e,96,2414,13047
at,52.4.t.0.t.14.e,97,2413,13048
at,52.4.t.0.t.14.e,98,2412,13050
at,52.4.t.0.t.14.e,99,2411,13051
at,52.4.t.0.t.14.e,100,2410,13053
at,52.4.t.0.t.14.e,101,2409,13055
at,52.4.t.0.t.14.e,102,2408,13057
at,52.4.t.0.t.14.e,103,2407,13058
seq,52.4.t.0.t.14.e.103.t,13060,2405,true,13065,end,14145
at,52.4.t.0.t.14.e.103.t,0,2405,13060
at,52.4.t.0.t.14.e.103.t,1,2404,13062
at,52.4.t.0.t.14.e.103.t,2,2403,13064
at,52.4.t.0.t.14.e,104,2406,13065
at,52.4.t.0.t.14.e,105,2405,13067
at,52.4.t.0.t.14.e,106,2404,13069
at,52.4.t.0.t.14.e,107,2403,13071
at,52.4.t.0.t.14.e,108,2402,13073
at,52.4.t.0.t.14.e,109,2401,13075
at,52.4.t.0.t.14.e,110,2400,13077
seq,52.4.t.0.t.14.e.110.t,13079,2398,false,13241,end,14145
at,52.4.t.0.t.14.e.110.t,0,2398,13079
seq,52.4.t.0.t.14.e.110.t.0.t,13081,2396,false,13240,end,14145
at,52.4.t.0.t.14.e.110.t.0.t,0,2396,13081
at,52.4.t.0.t.14.e.110.t.0.t,1,2395,13083
at,52.4.t.0.t.14.e.110.t.0.t,2,2394,13085
at,52.4.t.0.t.14.e.110.t.0.t,3,2393,13086
at,52.4.t.0.t.14.e.110.t.0.t,4,2392,13088
at,52.4.t.0.t.14.e.110.t.0.t,5,2391,13090
at,52.4.t.0.t.14.e.110.t.0.t,6,2390,13092
at,52.4.t.0.t.14.e.110.t.0.t,7,2389,13093
at,52.4.t.0.t.14.e.110.t.0.t,8,2388,13095
at,52.4.t.0.t.14.e.110.t.0.t,9,2387,13097
at,52.4.t.0.t.14.e.110.t.0.t,10,2386,13099
at,52.4.t.0.t.14.e.110.t.0.t,11,2385,13100
at,52.4.t.0.t.14.e.110.t.0.t,12,2384,13101
at,52.4.t.0.t.14.e.110.t.0.t,13,2383,13104
at,52.4.t.0.t.14.e.110.t.0.t,14,2382,13106
at,52.4.t.0.t.14.e.110.t.0.t,15,2381,13108
at,52.4.t.0.t.14.e.110.t.0.t,16,2380,13110
at,52.4.t.0.t.14.e.110.t.0.t,17,2379,13111
at,52.4.t.0.t.14.e.110.t.0.t,18,2378,13112
at,52.4.t.0.t.14.e.110.t.0.t,19,2377,13115
at,52.4.t.0.t.14.e.110.t.0.t,20,2376,13117
at,52.4.t.0.t.14.e.110.t.0.t,21,2375,13119
at,52.4.t.0.t.14.e.110.t.0.t,22,2374,13121
at,52.4.t.0.t.14.e.110.t.0.t,23,2373,13122
seq,52.4.t.0.t.14.e.110.t.0.t.23.t,13124,2371,true,13228,otherwise,14145
at,52.4.t.0.t.14.e.110.t.0.t.23.t,0,2371,13124
at,52.4.t.0.t.14.e.110.t.0.t.23.t,1,2370,13126
at,52.4.t.0.t.14.e.110.t.0.t.23.t,2,2369,13128
at,52.4.t.0.t.14.e.110.t.0.t.23.t,3,2368,13129
seq,52.4.t.0.t.14.e.110.t.0.t.23.t.3.t,13131,2366,true,13136,otherwise,14145
at,52.4.t.0.t.14.e.110.t.0.t.23.t.3.t,0,2366,13131
at,52.4.t.0.t.14.e.110.t.0.t.23.t.3.t,1,2365,13133
at,52.4.t.0.t.14.e.110.t.0.t.23.t.3.t,2,2364,13135
seq,52.4.t.0.t.14.e.110.t.0.t.23.t.3.e,13136,2366,false,13148,end,14145
at,52.4.t.0.t.14.e.110.t.0.t.23.t.3.e,0,2366,13136
at,52.4.t.0.t.14.e.110.t.0.t.23.t.3.e,1,2365,13138
at,52.4.t.0.t.14.e.110.t.0.t.23.t.3.e,2,2364,13140
at,52.4.t.0.t.14.e.110.t.0.t.23.t.3.e,3,2363,13141
at,52.4.t.0.t.14.e.110.t.0.t.23.t.3.e,4,2362,13142
at,52.4.t.0.t.14.e.110.t.0.t.23.t.3.e,5,2361,13144
at,52.4.t.0.t.14.e.110.t.0.t.23.t.3.e,6,2360,13147
at,52.4.t.0.t.14.e.110.t.0.t.23.t,4,2367,13148
at,52.4.t.0.t.14.e.110.t.0.t.23.t,5,2366,13150
at,52.4.t.0.t.14.e.110.t.0.t.23.t,6,2365,13152
at,52.4.t.0.t.14.e.110.t.0.t.23.t,7,2364,13153
at,52.4.t.0.t.14.e.110.t.0.t.23.t,8,2363,13154
at,52.4.t.0.t.14.e.110.t.0.t.23.t,9,2362,13165
at,52.4.t.0.t.14.e.110.t.0.t.23.t,10,2361,13168
at,52.4.t.0.t.14.e.110.t.0.t.23.t,11,2360,13170
at,52.4.t.0.t.14.e.110.t.0.t.23.t,12,2359,13172
at,52.4.t.0.t.14.e.110.t.0.t.23.t,13,2358,13173
at,52.4.t.0.t.14.e.110.t.0.t.23.t,14,2357,13174
at,52.4.t.0.t.14.e.110.t.0.t.23.t,15,2356,13176
at,52.4.t.0.t.14.e.110.t.0.t.23.t,16,2355,13179
at,52.4.t.0.t.14.e.110.t.0.t.23.t,17,2354,13181
at,52.4.t.0.t.14.e.110.t.0.t.23.t,18,2353,13183
at,52.4.t.0.t.14.e.110.t.0.t.23.t,19,2352,13184
at,52.4.t.0.t.14.e.110.t.0.t.23.t,20,2351,13185
at,52.4.t.0.t.14.e.110.t.0.t.23.t,21,2350,13187
at,52.4.t.0.t.14.e.110.t.0.t.23.t,22,2349,13190
at,52.4.t.0.t.14.e.110.t.0.t.23.t,23,2348,13192
at,52.4.t.0.t.14.e.110.t.0.t.23.t,24,2347,13194
at,52.4.t.0.t.14.e.110.t.0.t.23.t,25,2346,13195
at,52.4.t.0.t.14.e.110.t.0.t.23.t,26,2345,13196
at,52.4.t.0.t.14.e.110.t.0.t.23.t,27,2344,13198
at,52.4.t.0.t.14.e.110.t.0.t.23.t,28,2343,13201
at,52.4.t.0.t.14.e.110.t.0.t.23.t,29,2342,13203
at,52.4.t.0.t.14.e.110.t.0.t.23.t,30,2341,13205
at,52.4.t.0.t.14.e.110.t.0.t.23.t,31,2340,13206
at,52.4.t.0.t.14.e.110.t.0.t.23.t,32,2339,13207
at,52.4.t.0.t.14.e.110.t.0.t.23.t,33,2338,13209
at,52.4.t.0.t.14.e.110.t.0.t.23.t,34,2337,13212
at,52.4.t.0.t.14.e.110.t.0.t.23.t,35,2336,13214
at,52.4.t.0.t.14.e.110.t.0.t.23.t,36,2335,13216
at,52.4.t.0.t.14.e.110.t.0.t.23.t,37,2334,13217
at,52.4.t.0.t.14.e.110.t.0.t.23.t,38,2333,13218
at,52.4.t.0.t.14.e.110.t.0.t.23.t,39,2332,13220
at,52.4.t.0.t.14.e.110.t.0.t.23.t,40,2331,13223
at,52.4.t.0.t.14.e.110.t.0.t.23.t,41,2330,13225
at,52.4.t.0.t.14.e.110.t.0.t.23.t,42,2329,13227
seq,52.4.t.0.t.14.e.110.t.0.t.23.e,13228,2371,false,13237,end,14145
at,52.4.t.0.t.14.e.110.t.0.t.23.e,0,2371,13228
at,52.4.t.0.t.14.e.110.t.0.t.23.e,1,2370,13230
at,52.4.t.0.t.14.e.110.t.0.t.23.e,2,2369,13232
at,52.4.t.0.t.14.e.110.t.0.t.23.e,3,2368,13234
at,52.4.t.0.t.14.e.110.t.0.t.23.e,4,2367,13236
at,52.4.t.0.t.14.e.110.t.0.t,24,2372,13237
at,52.4.t.0.t.14.e.110.t.0.t,25,2371,13239
at,52.4.t.0.t.14.e.110.t,1,2397,13240
at,52.4.t.0.t.14.e,111,2399,13241
at,52.4.t.0.t.14.e,112,2398,13243
at,52.4.t.0.t.14.e,113,2397,13245
at,52.4.t.0.t.14.e,114,2396,13246
seq,52.4.t.0.t.14.e.114.t,13248,2394,true,13392,end,14145
at,52.4.t.0.t.14.e.114.t,0,2394,13248
at,52.4.t.0.t.14.e.114.t,1,2393,13250
at,52.4.t.0.t.14.e.114.t,2,2392,13252
at,52.4.t.0.t.14.e.114.t,3,2391,13253
at,52.4.t.0.t.14.e.114.t,4,2390,13255
at,52.4.t.0.t.14.e.114.t,5,2389,13256
at,52.4.t.0.t.14.e.114.t,6,2388,13258
at,52.4.t.0.t.14.e.114.t,7,2387,13260
at,52.4.t.0.t.14.e.114.t,8,2386,13261
seq,52.4.t.0.t.14.e.114.t.8.t,13263,2384,true,13265,end,14145
at,52.4.t.0.t.14.e.114.t.8.t,0,2384,13263
at,52.4.t.0.t.14.e.114.t.8.t,1,2383,13264
at,52.4.t.0.t.14.e.114.t,9,2385,13265
at,52.4.t.0.t.14.e.114.t,10,2384,13267
at,52.4.t.0.t.14.e.114.t,11,2383,13269
at,52.4.t.0.t.14.e.114.t,12,2382,13270
at,52.4.t.0.t.14.e.114.t,13,2381,13274
at,52.4.t.0.t.14.e.114.t,14,2380,13275
at,52.4.t.0.t.14.e.114.t,15,2379,13277
at,52.4.t.0.t.14.e.114.t,16,2378,13278
at,52.4.t.0.t.14.e.114.t,17,2377,13280
at,52.4.t.0.t.14.e.114.t,18,2376,13282
at,52.4.t.0.t.14.e.114.t,19,2375,13283
at,52.4.t.0.t.14.e.114.t,20,2374,13285
at,52.4.t.0.t.14.e.114.t,21,2373,13286
seq,52.4.t.0.t.14.e.114.t.21.t,13288,2371,true,13305,end,14145
at,52.4.t.0.t.14.e.114.t.21.t,0,2371,13288
at,52.4.t.0.t.14.e.114.t.21.t,1,2370,13290
at,52.4.t.0.t.14.e.114.t.21.t,2,2369,13292
at,52.4.t.0.t.14.e.114.t.21.t,3,2368,13293
at,52.4.t.0.t.14.e.114.t.21.t,4,2367,13294
at,52.4.t.0.t.14.e.114.t.21.t,5,2366,13295
at,52.4.t.0.t.14.e.114.t.21.t,6,2365,13297
at,52.4.t.0.t.14.e.114.t.21.t,7,2364,13299
at,52.4.t.0.t.14.e.114.t.21.t,8,2363,13300
seq,52.4.t.0.t.14.e.114.t.21.t.8.t,13302,2361,true,13304,end,14145
at,52.4.t.0.t.14.e.114.t.21.t.8.t,0,2361,13302
at,52.4.t.0.t.14.e.114.t.21.t.8.t,1,2360,13303
at,52.4.t.0.t.14.e.114.t.21.t,9,2362,13304
at,52.4.t.0.t.14.e.114.t,22,2372,13305
at,52.4.t.0.t.14.e.114.t,23,2371,13307
at,52.4.t.0.t.14.e.114.t,24,2370,13309
at,52.4.t.0.t.14.e.114.t,25,2369,13310
at,52.4.t.0.t.14.e.114.t,26,2368,13312
at,52.4.t.0.t.14.e.114.t,27,2367,13314
at,52.4.t.0.t.14.e.114.t,28,2366,13316
at,52.4.t.0.t.14.e.114.t,29,2365,13318
at,52.4.t.0.t.14.e.114.t,30,2364,13320
at,52.4.t.0.t.14.e.114.t,31,2363,13321
at,52.4.t.0.t.14.e.114.t,32,2362,13322
at,52.4.t.0.t.14.e.114.t,33,2361,13333
at,52.4.t.0.t.14.e.114.t,34,2360,13336
at,52.4.t.0.t.14.e.114.t,35,2359,13338
at,52.4.t.0.t.14.e.114.t,36,2358,13340
at,52.4.t.0.t.14.e.114.t,37,2357,13341
at,52.4.t.0.t.14.e.114.t,38,2356,13342
at,52.4.t.0.t.14.e.114.t,39,2355,13344
at,52.4.t.0.t.14.e.114.t,40,2354,13347
at,52.4.t.0.t.14.e.114.t,41,2353,13349
at,52.4.t.0.t.14.e.114.t,42,2352,13351
at,52.4.t.0.t.14.e.114.t,43,2351,13352
at,52.4.t.0.t.14.e.114.t,44,2350,13353
at,52.4.t.0.t.14.e.114.t,45,2349,13355
at,52.4.t.0.t.14.e.114.t,46,2348,13358
at,52.4.t.0.t.14.e.114.t,47,2347,13360
at,52.4.t.0.t.14.e.114.t,48,2346,13362
at,52.4.t.0.t.14.e.114.t,49,2345,13363
at,52.4.t.0.t.14.e.114.t,50,2344,13364
at,52.4.t.0.t.14.e.114.t,51,2343,13366
at,52.4.t.0.t.14.e.114.t,52,2342,13369
at,52.4.t.0.t.14.e.114.t,53,2341,13371
at,52.4.t.0.t.14.e.114.t,54,2340,13373
at,52.4.t.0.t.14.e.114.t,55,2339,13374
at,52.4.t.0.t.14.e.114.t,56,2338,13375
at,52.4.t.0.t.14.e.114.t,57,2337,13377
at,52.4.t.0.t.14.e.114.t,58,2336,13380
at,52.4.t.0.t.14.e.114.t,59,2335,13382
at,52.4.t.0.t.14.e.114.t,60,2334,13384
at,52.4.t.0.t.14.e.114.t,61,2333,13385
at,52.4.t.0.t.14.e.114.t,62,2332,13386
at,52.4.t.0.t.14.e.114.t,63,2331,13388
at,52.4.t.0.t.14.e.114.t,64,2330,13391
at,52.4.t.0.t.14.e,115,2395,13392
at,52.4.t.0.t.14.e,116,2394,13394
at,52.4.t.0.t.14.e,117,2393,13396
at,52.4.t.0.t.14.e,118,2392,13397
at,52.4.t.0.t.14.e,119,2391,13399
at,52.4.t.0.t.14.e,120,2390,13401
at,52.4.t.0.t.14.e,121,2389,13403
at,52.4.t.0.t.14.e,122,2388,13405
at,52.4.t.0.t.14.e,123,2387,13406
at,52.4.t.0.t.14.e,124,2386,13408
at,52.4.t.0.t.14.e,125,2385,13411
at,52.4.t.0.t.14.e,126,2384,13413
at,52.4.t.0.t.14.e,127,2383,13415
seq,52.4.t.0.t.14.e.127.t,13417,2381,false,13467,end,14145
at,52.4.t.0.t.14.e.127.t,0,2381,13417
seq,52.4.t.0.t.14.e.127.t.0.t,13419,2379,false,13466,end,14145
at,52.4.t.0.t.14.e.127.t.0.t,0,2379,13419
at,52.4.t.0.t.14.e.127.t.0.t,1,2378,13421
at,52.4.t.0.t.14.e.127.t.0.t,2,2377,13423
at,52.4.t.0.t.14.e.127.t.0.t,3,2376,13424
at,52.4.t.0.t.14.e.127.t.0.t,4,2375,13426
at,52.4.t.0.t.14.e.127.t.0.t,5,2374,13428
at,52.4.t.0.t.14.e.127.t.0.t,6,2373,13430
at,52.4.t.0.t.14.e.127.t.0.t,7,2372,13432
at,52.4.t.0.t.14.e.127.t.0.t,8,2371,13433
at,52.4.t.0.t.14.e.127.t.0.t,9,2370,13435
at,52.4.t.0.t.14.e.127.t.0.t,10,2369,13436
at,52.4.t.0.t.14.e.127.t.0.t,11,2368,13437
at,52.4.t.0.t.14.e.127.t.0.t,12,2367,13438
at,52.4.t.0.t.14.e.127.t.0.t,13,2366,13440
at,52.4.t.0.t.14.e.127.t.0.t,14,2365,13442
at,52.4.t.0.t.14.e.127.t.0.t,15,2364,13444
at,52.4.t.0.t.14.e.127.t.0.t,16,2363,13445
at,52.4.t.0.t.14.e.127.t.0.t,17,2362,13447
at,52.4.t.0.t.14.e.127.t.0.t,18,2361,13448
at,52.4.t.0.t.14.e.127.t.0.t,19,2360,13449
at,52.4.t.0.t.14.e.127.t.0.t,20,2359,13450
at,52.4.t.0.t.14.e.127.t.0.t,21,2358,13453
at,52.4.t.0.t.14.e.127.t.0.t,22,2357,13456
at,52.4.t.0.t.14.e.127.t.0.t,23,2356,13458
at,52.4.t.0.t.14.e.127.t.0.t,24,2355,13460
at,52.4.t.0.t.14.e.127.t.0.t,25,2354,13461
at,52.4.t.0.t.14.e.127.t.0.t,26,2353,13463
at,52.4.t.0.t.14.e.127.t.0.t,27,2352,13465
at,52.4.t.0.t.14.e.127.t,1,2380,13466
at,52.4.t.0.t.14.e,128,2382,13467
at,52.4.t.0.t.14.e,129,2381,13469
at,52.4.t.0.t.14.e,130,2380,13471
seq,52.4.t.0.t.14.e.130.t,13473,2378,false,13526,end,14145
at,52.4.t.0.t.14.e.130.t,0,2378,13473
seq,52.4.t.0.t.14.e.130.t.0.t,13475,2376,false,13525,end,14145
at,52.4.t.0.t.14.e.130.t.0.t,0,2376,13475
at,52.4.t.0.t.14.e.130.t.0.t,1,2375,13477
at,52.4.t.0.t.14.e.130.t.0.t,2,2374,13479
at,52.4.t.0.t.14.e.130.t.0.t,3,2373,13480
at,52.4.t.0.t.14.e.130.t.0.t,4,2372,13482
at,52.4.t.0.t.14.e.130.t.0.t,5,2371,13484
at,52.4.t.0.t.14.e.130.t.0.t,6,2370,13486
at,52.4.t.0.t.14.e.130.t.0.t,7,2369,13488
at,52.4.t.0.t.14.e.130.t.0.t,8,2368,13489
at,52.4.t.0.t.14.e.130.t.0.t,9,2367,13491
at,52.4.t.0.t.14.e.130.t.0.t,10,2366,13492
at,52.4.t.0.t.14.e.130.t.0.t,11,2365,13494
at,52.4.t.0.t.14.e.130.t.0.t,12,2364,13495
at,52.4.t.0.t.14.e.130.t.0.t,13,2363,13496
at,52.4.t.0.t.14.e.130.t.0.t,14,2362,13497
at,52.4.t.0.t.14.e.130.t.0.t,15,2361,13499
at,52.4.t.0.t.14.e.130.t.0.t,16,2360,13501
at,52.4.t.0.t.14.e.130.t.0.t,17,2359,13503
at,52.4.t.0.t.14.e.130.t.0.t,18,2358,13504
at,52.4.t.0.t.14.e.130.t.0.t,19,2357,13506
at,52.4.t.0.t.14.e.130.t.0.t,20,2356,13507
at,52.4.t.0.t.14.e.130.t.0.t,21,2355,13508
at,52.4.t.0.t.14.e.130.t.0.t,22,2354,13509
at,52.4.t.0.t.14.e.130.t.0.t,23,2353,13512
at,52.4.t.0.t.14.e.130.t.0.t,24,2352,13515
at,52.4.t.0.t.14.e.130.t.0.t,25,2351,13517
at,52.4.t.0.t.14.e.130.t.0.t,26,2350,13519
at,52.4.t.0.t.14.e.130.t.0.t,27,2349,13520
at,52.4.t.0.t.14.e.130.t.0.t,28,2348,13522
at,52.4.t.0.t.14.e.130.t.0.t,29,2347,13524
at,52.4.t.0.t.14.e.130.t,1,2377,13525
at,52.4.t.0.t.14.e,131,2379,13526
at,52.4.t.0.t.14.e,132,2378,13528
at,52.4.t.0.t.14.e,133,2377,13530
at,52.4.t.0.t.14.e,134,2376,13532
at,52.4.t.0.t.14.e,135,2375,13534
at,52.4.t.0.t.14.e,136,2374,13536
at,52.4.t.0.t.14.e,137,2373,13538
at,52.4.t.0.t.14.e,138,2372,13539
at,52.4.t.0.t.14.e,139,2371,13540
seq,52.4.t.0.t.14.e.139.t,13542,2369,true,13549,otherwise,14145
at,52.4.t.0.t.14.e.139.t,0,2369,13542
at,52.4.t.0.t.14.e.139.t,1,2368,13544
at,52.4.t.0.t.14.e.139.t,2,2367,13546
at,52.4.t.0.t.14.e.139.t,3,2366,13547
at,52.4.t.0.t.14.e.139.t,4,2365,13548
seq,52.4.t.0.t.14.e.139.e,13549,2369,false,13552,end,14145
at,52.4.t.0.t.14.e.139.e,0,2369,13549
at,52.4.t.0.t.14.e.139.e,1,2368,13551
at,52.4.t.0.t.14.e,140,2370,13552
seq,52.4.t.0.t.14.e.140.t,13554,2368,true,13560,otherwise,14145
at,52.4.t.0.t.14.e.140.t,0,2368,13554
at,52.4.t.0.t.14.e.140.t,1,2367,13556
at,52.4.t.0.t.14.e.140.t,2,2366,13559
seq,52.4.t.0.t.14.e.140.e,13560,2368,false,13561,end,14145
at,52.4.t.0.t.14.e.140.e,0,2368,13560
at,52.4.t.0.t.14.e,141,2369,13561
at,52.4.t.0.t.14.e,142,2368,13563
at,52.4.t.0.t.14.e,143,2367,13565
at,52.4.t.0.t.14.e,144,2366,13567
at,52.4.t.0.t.14.e,145,2365,13569
at,52.4.t.0.t.14.e,146,2364,13571
at,52.4.t.0.t.14.e,147,2363,13573
at,52.4.t.0.t.14.e,148,2362,13575
at,52.4.t.0.t.14.e,149,2361,13577
at,52.4.t.0.t.14.e,150,2360,13579
at,52.4.t.0.t.14.e,151,2359,13581
at,52.4.t.0.t.14.e,152,2358,13583
at,52.4.t.0.t.14.e,153,2357,13585
at,52.4.t.0.t.14.e,154,2356,13587
at,52.4.t.0.t.14.e,155,2355,13589
at,52.4.t.0.t.14.e,156,2354,13591
at,52.4.t.0.t.14.e,157,2353,13593
at,52.4.t.0.t.14.e,158,2352,13595
at,52.4.t.0.t.14.e,159,2351,13597
at,52.4.t.0.t.14.e,160,2350,13599
at,52.4.t.0.t.14.e,161,2349,13601
at,52.4.t.0.t.14.e,162,2348,13603
at,52.4.t.0.t.14.e,163,2347,13605
at,52.4.t.0.t.14.e,164,2346,13606
at,52.4.t.0.t.14.e,165,2345,13608
at,52.4.t.0.t,15,2511,13609
at,52.4.t.0.t,16,2510,13611
at,52.4.t,1,2527,13612
at,52,5,2529,13613
at,52,6,2528,13615
at,52,7,2527,13617
at,52,8,2526,13618
seq,52.8.t,13620,2524,true,14139,otherwise,14145
at,52.8.t,0,2524,13620
at,52.8.t,1,2523,13622
at,52.8.t,2,2522,13624
at,52.8.t,3,2521,13626
at,52.8.t,4,2520,13628
at,52.8.t,5,2519,13630
at,52.8.t,6,2518,13632
at,52.8.t,7,2517,13634
at,52.8.t,8,2516,13635
at,52.8.t,9,2515,13638
at,52.8.t,10,2514,13640
at,52.8.t,11,2513,13642
at,52.8.t,12,2512,13644
at,52.8.t,13,2511,13645
seq,52.8.t.13.t,13647,2509,true,13650,otherwise,14145
at,52.8.t.13.t,0,2509,13647
at,52.8.t.13.t,1,2508,13649
seq,52.8.t.13.e,13650,2509,false,13653,end,14145
at,52.8.t.13.e,0,2509,13650
at,52.8.t.13.e,1,2508,13652
at,52.8.t,14,2510,13653
at,52.8.t,15,2509,13655
at,52.8.t,16,2508,13657
at,52.8.t,17,2507,13659
at,52.8.t,18,2506,13660
seq,52.8.t.18.t,13662,2504,true,13668,otherwise,14145
at,52.8.t.18.t,0,2504,13662
at,52.8.t.18.t,1,2503,13664
at,52.8.t.18.t,2,2502,13666
at,52.8.t.18.t,3,2501,13667
seq,52.8.t.18.e,13668,2504,false,13671,end,14145
at,52.8.t.18.e,0,2504,13668
at,52.8.t.18.e,1,2503,13670
at,52.8.t,19,2505,13671
at,52.8.t,20,2504,13673
at,52.8.t,21,2503,13675
at,52.8.t,22,2502,13677
at,52.8.t,23,2501,13678
at,52.8.t,24,2500,13680
at,52.8.t,25,2499,13682
at,52.8.t,26,2498,13684
at,52.8.t,27,2497,13685
at,52.8.t,28,2496,13687
at,52.8.t,29,2495,13689
at,52.8.t,30,2494,13691
at,52.8.t,31,2493,13693
at,52.8.t,32,2492,13694
at,52.8.t,33,2491,13696
at,52.8.t,34,2490,13697
at,52.8.t,35,2489,13698
at,52.8.t,36,2488,13700
at,52.8.t,37,2487,13701
at,52.8.t,38,2486,13703
at,52.8.t,39,2485,13704
at,52.8.t,40,2484,13706
at,52.8.t,41,2483,13707
at,52.8.t,42,2482,13709
at,52.8.t,43,2481,13711
at,52.8.t,44,2480,13713
at,52.8.t,45,2479,13714
seq,52.8.t.45.t,13716,2477,true,13721,end,14145
at,52.8.t.45.t,0,2477,13716
at,52.8.t.45.t,1,2476,13718
at,52.8.t.45.t,2,2475,13720
at,52.8.t,46,2478,13721
at,52.8.t,47,2477,13723
at,52.8.t,48,2476,13725
at,52.8.t,49,2475,13727
at,52.8.t,50,2474,13729
at,52.8.t,51,2473,13731
at,52.8.t,52,2472,13733
seq,52.8.t.52.t,13735,2470,false,13897,end,14145
at,52.8.t.52.t,0,2470,13735
seq,52.8.t.52.t.0.t,13737,2468,false,13896,end,14145
at,52.8.t.52.t.0.t,0,2468,13737
at,52.8.t.52.t.0.t,1,2467,13739
at,52.8.t.52.t.0.t,2,2466,13741
at,52.8.t.52.t.0.t,3,2465,13742
at,52.8.t.52.t.0.t,4,2464,13744
at,52.8.t.52.t.0.t,5,2463,13746
at,52.8.t.52.t.0.t,6,2462,13748
at,52.8.t.52.t.0.t,7,2461,13749
at,52.8.t.52.t.0.t,8,2460,13751
at,52.8.t.52.t.0.t,9,2459,13753
at,52.8.t.52.t.0.t,10,2458,13755
at,52.8.t.52.t.0.t,11,2457,13756
at,52.8.t.52.t.0.t,12,2456,13757
at,52.8.t.52.t.0.t,13,2455,13760
at,52.8.t.52.t.0.t,14,2454,13762
at,52.8.t.52.t.0.t,15,2453,13764
at,52.8.t.52.t.0.t,16,2452,13766
at,52.8.t.52.t.0.t,17,2451,13767
at,52.8.t.52.t.0.t,18,2450,13768
at,52.8.t.52.t.0.t,19,2449,13771
at,52.8.t.52.t.0.t,20,2448,13773
at,52.8.t.52.t.0.t,21,2447,13775
at,52.8.t.52.t.0.t,22,2446,13777
at,52.8.t.52.t.0.t,23,2445,13778
seq,52.8.t.52.t.0.t.23.t,13780,2443,true,13884,otherwise,14145
at,52.8.t.52.t.0.t.23.t,0,2443,13780
at,52.8.t.52.t.0.t.23.t,1,2442,13782
at,52.8.t.52.t.0.t.23.t,2,2441,13784
at,52.8.t.52.t.0.t.23.t,3,2440,13785
seq,52.8.t.52.t.0.t.23.t.3.t,13787,2438,true,13792,otherwise,14145
at,52.8.t.52.t.0.t.23.t.3.t,0,2438,13787
at,52.8.t.52.t.0.t.23.t.3.t,1,2437,13789
at,52.8.t.52.t.0.t.23.t.3.t,2,2436,13791
seq,52.8.t.52.t.0.t.23.t.3.e,13792,2438,false,13804,end,14145
at,52.8.t.52.t.0.t.23.t.3.e,0,2438,13792
at,52.8.t.52.t.0.t.23.t.3.e,1,2437,13794
at,52.8.t.52.t.0.t.23.t.3.e,2,2436,13796
at,52.8.t.52.t.0.t.23.t.3.e,3,2435,13797
at,52.8.t.52.t.0.t.23.t.3.e,4,2434,13798
at,52.8.t.52.t.0.t.23.t.3.e,5,2433,13800
at,52.8.t.52.t.0.t.23.t.3.e,6,2432,13803
at,52.8.t.52.t.0.t.23.t,4,2439,13804
at,52.8.t.52.t.0.t.23.t,5,2438,13806
at,52.8.t.52.t.0.t.23.t,6,2437,13808
at,52.8.t.52.t.0.t.23.t,7,2436,13809
at,52.8.t.52.t.0.t.23.t,8,2435,13810
at,52.8.t.52.t.0.t.23.t,9,2434,13821
at,52.8.t.52.t.0.t.23.t,10,2433,13824
at,52.8.t.52.t.0.t.23.t,11,2432,13826
at,52.8.t.52.t.0.t.23.t,12,2431,13828
at,52.8.t.52.t.0.t.23.t,13,2430,13829
at,52.8.t.52.t.0.t.23.t,14,2429,13830
at,52.8.t.52.t.0.t.23.t,15,2428,13832
at,52.8.t.52.t.0.t.23.t,16,2427,13835
at,52.8.t.52.t.0.t.23.t,17,2426,13837
at,52.8.t.52.t.0.t.23.t,18,2425,13839
at,52.8.t.52.t.0.t.23.t,19,2424,13840
at,52.8.t.52.t.0.t.23.t,20,2423,13841
at,52.8.t.52.t.0.t.23.t,21,2422,13843
at,52.8.t.52.t.0.t.23.t,22,2421,13846
at,52.8.t.52.t.0.t.23.t,23,2420,13848
at,52.8.t.52.t.0.t.23.t,24,2419,13850
at,52.8.t.52.t.0.t.23.t,25,2418,13851
at,52.8.t.52.t.0.t.23.t,26,2417,13852
at,52.8.t.52.t.0.t.23.t,27,2416,13854
at,52.8.t.52.t.0.t.23.t,28,2415,13857
at,52.8.t.52.t.0.t.23.t,29,2414,13859
at,52.8.t.52.t.0.t.23.t,30,2413,13861
at,52.8.t.52.t.0.t.23.t,31,2412,13862
at,52.8.t.52.t.0.t.23.t,32,2411,13863
at,52.8.t.52.t.0.t.23.t,33,2410,13865
at,52.8.t.52.t.0.t.23.t,34,2409,13868
at,52.8.t.52.t.0.t.23.t,35,2408,13870
at,52.8.t.52.t.0.t.23.t,36,2407,13872
at,52.8.t.52.t.0.t.23.t,37,2406,13873
at,52.8.t.52.t.0.t.23.t,38,2405,13874
at,52.8.t.52.t.0.t.23.t,39,2404,13876
at,52.8.t.52.t.0.t.23.t,40,2403,13879
at,52.8.t.52.t.0.t.23.t,41,2402,13881
at,52.8.t.52.t.0.t.23.t,42,2401,13883
seq,52.8.t.52.t.0.t.23.e,13884,2443,false,13893,end,14145
at,52.8.t.52.t.0.t.23.e,0,2443,13884
at,52.8.t.52.t.0.t.23.e,1,2442,13886
at,52.8.t.52.t.0.t.23.e,2,2441,13888
at,52.8.t.52.t.0.t.23.e,3,2440,13890
at,52.8.t.52.t.0.t.23.e,4,2439,13892
at,52.8.t.52.t.0.t,24,2444,13893
at,52.8.t.52.t.0.t,25,2443,13895
at,52.8.t.52.t,1,2469,13896
at,52.8.t,53,2471,13897
at,52.8.t,54,2470,13899
at,52.8.t,55,2469,13901
at,52.8.t,56,2468,13902
seq,52.8.t.56.t,13904,2466,true,14048,end,14145
at,52.8.t.56.t,0,2466,13904
at,52.8.t.56.t,1,2465,13906
at,52.8.t.56.t,2,2464,13908
at,52.8.t.56.t,3,2463,13909
at,52.8.t.56.t,4,2462,13911
at,52.8.t.56.t,5,2461,13912
at,52.8.t.56.t,6,2460,13914
at,52.8.t.56.t,7,2459,13916
at,52.8.t.56.t,8,2458,13917
seq,52.8.t.56.t.8.t,13919,2456,true,13921,end,14145
at,52.8.t.56.t.8.t,0,2456,13919
at,52.8.t.56.t.8.t,1,2455,13920
at,52.8.t.56.t,9,2457,13921
at,52.8.t.56.t,10,2456,13923
at,52.8.t.56.t,11,2455,13925
at,52.8.t.56.t,12,2454,13926
at,52.8.t.56.t,13,2453,13930
at,52.8.t.56.t,14,2452,13931
at,52.8.t.56.t,15,2451,13933
at,52.8.t.56.t,16,2450,13934
at,52.8.t.56.t,17,2449,13936
at,52.8.t.56.t,18,2448,13938
at,52.8.t.56.t,19,2447,13939
at,52.8.t.56.t,20,2446,13941
at,52.8.t.56.t,21,2445,13942
seq,52.8.t.56.t.21.t,13944,2443,true,13961,end,14145
at,52.8.t.56.t.21.t,0,2443,13944
at,52.8.t.56.t.21.t,1,2442,13946
at,52.8.t.56.t.21.t,2,2441,13948
at,52.8.t.56.t.21.t,3,2440,13949
at,52.8.t.56.t.21.t,4,2439,13950
at,52.8.t.56.t.21.t,5,2438,13951
at,52.8.t.56.t.21.t,6,2437,13953
at,52.8.t.56.t.21.t,7,2436,13955
at,52.8.t.56.t.21.t,8,2435,13956
seq,52.8.t.56.t.21.t.8.t,13958,2433,true,13960,end,14145
at,52.8.t.56.t.21.t.8.t,0,2433,13958
at,52.8.t.56.t.21.t.8.t,1,2432,13959
at,52.8.t.56.t.21.t,9,2434,13960
at,52.8.t.56.t,22,2444,13961
at,52.8.t.56.t,23,2443,13963
at,52.8.t.56.t,24,2442,13965
at,52.8.t.56.t,25,2441,13966
at,52.8.t.56.t,26,2440,13968
at,52.8.t.56.t,27,2439,13970
at,52.8.t.56.t,28,2438,13972
at,52.8.t.56.t,29,2437,13974
at,52.8.t.56.t,30,2436,13976
at,52.8.t.56.t,31,2435,13977
at,52.8.t.56.t,32,2434,13978
at,52.8.t.56.t,33,2433,13989
at,52.8.t.56.t,34,2432,13992
at,52.8.t.56.t,35,2431,13994
at,52.8.t.56.t,36,2430,13996
at,52.8.t.56.t,37,2429,13997
at,52.8.t.56.t,38,2428,13998
at,52.8.t.56.t,39,2427,14000
at,52.8.t.56.t,40,2426,14003
at,52.8.t.56.t,41,2425,14005
at,52.8.t.56.t,42,2424,14007
at,52.8.t.56.t,43,2423,14008
at,52.8.t.56.t,44,2422,14009
at,52.8.t.56.t,45,2421,14011
at,52.8.t.56.t,46,2420,14014
at,52.8.t.56.t,47,2419,14016
at,52.8.t.56.t,48,2418,14018
at,52.8.t.56.t,49,2417,14019
at,52.8.t.56.t,50,2416,14020
at,52.8.t.56.t,51,2415,14022
at,52.8.t.56.t,52,2414,14025
at,52.8.t.56.t,53,2413,14027
at,52.8.t.56.t,54,2412,14029
at,52.8.t.56.t,55,2411,14030
at,52.8.t.56.t,56,2410,14031
at,52.8.t.56.t,57,2409,14033
at,52.8.t.56.t,58,2408,14036
at,52.8.t.56.t,59,2407,14038
at,52.8.t.56.t,60,2406,14040
at,52.8.t.56.t,61,2405,14041
at,52.8.t.56.t,62,2404,14042
at,52.8.t.56.t,63,2403,14044
at,52.8.t.56.t,64,2402,14047
at,52.8.t,57,2467,14048
at,52.8.t,58,2466,14050
at,52.8.t,59,2465,14052
at,52.8.t,60,2464,14053
at,52.8.t,61,2463,14055
at,52.8.t,62,2462,14057
at,52.8.t,63,2461,14059
at,52.8.t,64,2460,14061
at,52.8.t,65,2459,14062
at,52.8.t,66,2458,14064
at,52.8.t,67,2457,14067
at,52.8.t,68,2456,14069
at,52.8.t,69,2455,14071
seq,52.8.t.69.t,14073,2453,false,14126,end,14145
at,52.8.t.69.t,0,2453,14073
seq,52.8.t.69.t.0.t,14075,2451,false,14125,end,14145
at,52.8.t.69.t.0.t,0,2451,14075
at,52.8.t.69.t.0.t,1,2450,14077
at,52.8.t.69.t.0.t,2,2449,14079
at,52.8.t.69.t.0.t,3,2448,14080
at,52.8.t.69.t.0.t,4,2447,14082
at,52.8.t.69.t.0.t,5,2446,14084
at,52.8.t.69.t.0.t,6,2445,14086
at,52.8.t.69.t.0.t,7,2444,14088
at,52.8.t.69.t.0.t,8,2443,14089
at,52.8.t.69.t.0.t,9,2442,14091
at,52.8.t.69.t.0.t,10,2441,14092
at,52.8.t.69.t.0.t,11,2440,14093
at,52.8.t.69.t.0.t,12,2439,14094
at,52.8.t.69.t.0.t,13,2438,14096
at,52.8.t.69.t.0.t,14,2437,14098
at,52.8.t.69.t.0.t,15,2436,14100
at,52.8.t.69.t.0.t,16,2435,14101
at,52.8.t.69.t.0.t,17,2434,14103
at,52.8.t.69.t.0.t,18,2433,14104
at,52.8.t.69.t.0.t,19,2432,14106
at,52.8.t.69.t.0.t,20,2431,14107
at,52.8.t.69.t.0.t,21,2430,14108
at,52.8.t.69.t.0.t,22,2429,14109
at,52.8.t.69.t.0.t,23,2428,14112
at,52.8.t.69.t.0.t,24,2427,14115
at,52.8.t.69.t.0.t,25,2426,14117
at,52.8.t.69.t.0.t,26,2425,14119
at,52.8.t.69.t.0.t,27,2424,14120
at,52.8.t.69.t.0.t,28,2423,14122
at,52.8.t.69.t.0.t,29,2422,14124
at,52.8.t.69.t,1,2452,14125
at,52.8.t,70,2454,14126
at,52.8.t,71,2453,14128
at,52.8.t,72,2452,14130
at,52.8.t,73,2451,14132
at,52.8.t,74,2450,14134
at,52.8.t,75,2449,14136
at,52.8.t,76,2448,14138
seq,52.8.e,14139,2524,false,14140,end,14145
at,52.8.e,0,2524,14139
at,52,9,2525,14140
at,52,10,2524,14142
at,52,11,2523,14144
53,code,14145,15232,14150,14147
53,0,1082,14150
53,1,1081,14152
53,2,1080,14154
53,3,1079,14155
53,4,1078,14167
53,5,1077,15227
53,6,1076,15229
53,7,1075,15231
seq,53,14150,1082,false,15232,end,15232
at,53,0,1082,14150
at,53,1,1081,14152
at,53,2,1080,14154
at,53,3,1079,14155
seq,53.3.t,14157,1077,true,14164,otherwise,15232
at,53.3.t,0,1077,14157
at,53.3.t,1,1076,14159
at,53.3.t,2,1075,14162
at,53.3.t,3,1074,14163
seq,53.3.e,14164,1077,false,14167,end,15232
at,53.3.e,0,1077,14164
at,53.3.e,1,1076,14166
at,53,4,1078,14167
seq,53.4.t,14169,1076,true,14834,otherwise,15232
at,53.4.t,0,1076,14169
at,53.4.t,1,1075,14171
at,53.4.t,2,1074,14173
at,53.4.t,3,1073,14175
at,53.4.t,4,1072,14177
at,53.4.t,5,1071,14179
at,53.4.t,6,1070,14181
at,53.4.t,7,1069,14183
at,53.4.t,8,1068,14185
at,53.4.t,9,1067,14187
at,53.4.t,10,1066,14189
at,53.4.t,11,1065,14190
seq,53.4.t.11.t,14192,1063,true,14195,otherwise,15232
at,53.4.t.11.t,0,1063,14192
at,53.4.t.11.t,1,1062,14194
seq,53.4.t.11.e,14195,1063,false,14214,end,15232
at,53.4.t.11.e,0,1063,14195
at,53.4.t.11.e,1,1062,14197
at,53.4.t.11.e,2,1061,14199
at,53.4.t.11.e,3,1060,14200
at,53.4.t.11.e,4,1059,14202
at,53.4.t.11.e,5,1058,14203
seq,53.4.t.11.e.5.t,14205,1056,true,14207,otherwise,15232
at,53.4.t.11.e.5.t,0,1056,14205
at,53.4.t.11.e.5.t,1,1055,14206
seq,53.4.t.11.e.5.e,14207,1056,false,14213,end,15232
at,53.4.t.11.e.5.e,0,1056,14207
at,53.4.t.11.e.5.e,1,1055,14209
at,53.4.t.11.e.5.e,2,1054,14211
at,53.4.t.11.e.5.e,3,1053,14212
at,53.4.t.11.e,6,1057,14213
at,53.4.t,12,1064,14214
at,53.4.t,13,1063,14216
at,53.4.t,14,1062,14218
at,53.4.t,15,1061,14220
at,53.4.t,16,1060,14222
at,53.4.t,17,1059,14224
at,53.4.t,18,1058,14226
at,53.4.t,19,1057,14228
at,53.4.t,20,1056,14230
at,53.4.t,21,1055,14232
at,53.4.t,22,1054,14234
at,53.4.t,23,1053,14236
at,53.4.t,24,1052,14238
at,53.4.t,25,1051,14240
at,53.4.t,26,1050,14242
at,53.4.t,27,1049,14244
at,53.4.t,28,1048,14246
at,53.4.t,29,1047,14248
at,53.4.t,30,1046,14250
at,53.4.t,31,1045,14251
at,53.4.t,32,1044,14253
at,53.4.t,33,1043,14254
at,53.4.t,34,1042,14255
at,53.4.t,35,1041,14257
at,53.4.t,36,1040,14258
at,53.4.t,37,1039,14260
at,53.4.t,38,1038,14261
at,53.4.t,39,1037,14263
at,53.4.t,40,1036,14264
at,53.4.t,41,1035,14266
at,53.4.t,42,1034,14268
at,53.4.t,43,1033,14270
at,53.4.t,44,1032,14271
seq,53.4.t.44.t,14273,1030,true,14278,end,15232
at,53.4.t.44.t,0,1030,14273
at,53.4.t.44.t,1,1029,14275
at,53.4.t.44.t,2,1028,14277
at,53.4.t,45,1031,14278
at,53.4.t,46,1030,14280
at,53.4.t,47,1029,14282
at,53.4.t,48,1028,14284
at,53.4.t,49,1027,14286
at,53.4.t,50,1026,14288
at,53.4.t,51,1025,14290
seq,53.4.t.51.t,14292,1023,false,14454,end,15232
at,53.4.t.51.t,0,1023,14292
seq,53.4.t.51.t.0.t,14294,1021,false,14453,end,15232
at,53.4.t.51.t.0.t,0,1021,14294
at,53.4.t.51.t.0.t,1,1020,14296
at,53.4.t.51.t.0.t,2,1019,14298
at,53.4.t.51.t.0.t,3,1018,14299
at,53.4.t.51.t.0.t,4,1017,14301
at,53.4.t.51.t.0.t,5,1016,14303
at,53.4.t.51.t.0.t,6,1015,14305
at,53.4.t.51.t.0.t,7,1014,14306
at,53.4.t.51.t.0.t,8,1013,14308
at,53.4.t.51.t.0.t,9,1012,14310
at,53.4.t.51.t.0.t,10,1011,14312
at,53.4.t.51.t.0.t,11,1010,14313
at,53.4.t.51.t.0.t,12,1009,14314
at,53.4.t.51.t.0.t,13,1008,14317
at,53.4.t.51.t.0.t,14,1007,14319
at,53.4.t.51.t.0.t,15,1006,14321
at,53.4.t.51.t.0.t,16,1005,14323
at,53.4.t.51.t.0.t,17,1004,14324
at,53.4.t.51.t.0.t,18,1003,14325
at,53.4.t.51.t.0.t,19,1002,14328
at,53.4.t.51.t.0.t,20,1001,14330
at,53.4.t.51.t.0.t,21,1000,14332
at,53.4.t.51.t.0.t,22,999,14334
at,53.4.t.51.t.0.t,23,998,14335
seq,53.4.t.51.t.0.t.23.t,14337,996,true,14441,otherwise,15232
at,53.4.t.51.t.0.t.23.t,0,996,14337
at,53.4.t.51.t.0.t.23.t,1,995,14339
at,53.4.t.51.t.0.t.23.t,2,994,14341
at,53.4.t.51.t.0.t.23.t,3,993,14342
seq,53.4.t.51.t.0.t.23.t.3.t,14344,991,true,14349,otherwise,15232
at,53.4.t.51.t.0.t.23.t.3.t,0,991,14344
at,53.4.t.51.t.0.t.23.t.3.t,1,990,14346
at,53.4.t.51.t.0.t.23.t.3.t,2,989,14348
seq,53.4.t.51.t.0.t.23.t.3.e,14349,991,false,14361,end,15232
at,53.4.t.51.t.0.t.23.t.3.e,0,991,14349
at,53.4.t.51.t.0.t.23.t.3.e,1,990,14351
at,53.4.t.51.t.0.t.23.t.3.e,2,989,14353
at,53.4.t.51.t.0.t.23.t.3.e,3,988,14354
at,53.4.t.51.t.0.t.23.t.3.e,4,987,14355
at,53.4.t.51.t.0.t.23.t.3.e,5,986,14357
at,53.4.t.51.t.0.t.23.t.3.e,6,985,14360
at,53.4.t.51.t.0.t.23.t,4,992,14361
at,53.4.t.51.t.0.t.23.t,5,991,14363
at,53.4.t.51.t.0.t.23.t,6,990,14365
at,53.4.t.51.t.0.t.23.t,7,989,14366
at,53.4.t.51.t.0.t.23.t,8,988,14367
at,53.4.t.51.t.0.t.23.t,9,987,14378
at,53.4.t.51.t.0.t.23.t,10,986,14381
at,53.4.t.51.t.0.t.23.t,11,985,14383
at,53.4.t.51.t.0.t.23.t,12,984,14385
at,53.4.t.51.t.0.t.23.t,13,983,14386
at,53.4.t.51.t.0.t.23.t,14,982,14387
at,53.4.t.51.t.0.t.23.t,15,981,14389
at,53.4.t.51.t.0.t.23.t,16,980,14392
at,53.4.t.51.t.0.t.23.t,17,979,14394
at,53.4.t.51.t.0.t.23.t,18,978,14396
at,53.4.t.51.t.0.t.23.t,19,977,14397
at,53.4.t.51.t.0.t.23.t,20,976,14398
at,53.4.t.51.t.0.t.23.t,21,975,14400
at,53.4.t.51.t.0.t.23.t,22,974,14403
at,53.4.t.51.t.0.t.23.t,23,973,14405
at,53.4.t.51.t.0.t.23.t,24,972,14407
at,53.4.t.51.t.0.t.23.t,25,971,14408
at,53.4.t.51.t.0.t.23.t,26,970,14409
at,53.4.t.51.t.0.t.23.t,27,969,14411
at,53.4.t.51.t.0.t.23.t,28,968,14414
at,53.4.t.51.t.0.t.23.t,29,967,14416
at,53.4.t.51.t.0.t.23.t,30,966,14418
at,53.4.t.51.t.0.t.23.t,31,965,14419
at,53.4.t.51.t.0.t.23.t,32,964,14420
at,53.4.t.51.t.0.t.23.t,33,963,14422
at,53.4.t.51.t.0.t.23.t,34,962,14425
at,53.4.t.51.t.0.t.23.t,35,961,14427
at,53.4.t.51.t.0.t.23.t,36,960,14429
at,53.4.t.51.t.0.t.23.t,37,959,14430
at,53.4.t.51.t.0.t.23.t,38,958,14431
at,53.4.t.51.t.0.t.23.t,39,957,14433
at,53.4.t.51.t.0.t.23.t,40,956,14436
at,53.4.t.51.t.0.t.23.t,41,955,14438
at,53.4.t.51.t.0.t.23.t,42,954,14440
seq,53.4.t.51.t.0.t.23.e,14441,996,false,14450,end,15232
at,53.4.t.51.t.0.t.23.e,0,996,14441
at,53.4.t.51.t.0.t.23.e,1,995,14443
at,53.4.t.51.t.0.t.23.e,2,994,14445
at,53.4.t.51.t.0.t.23.e,3,993,14447
at,53.4.t.51.t.0.t.23.e,4,992,14449
at,53.4.t.51.t.0.t,24,997,14450
at,53.4.t.51.t.0.t,25,996,14452
at,53.4.t.51.t,1,1022,14453
at,53.4.t,52,1024,14454
at,53.4.t,53,1023,14456
at,53.4.t,54,1022,14458
at,53.4.t,55,1021,14459
seq,53.4.t.55.t,14461,1019,true,14605,end,15232
at,53.4.t.55.t,0,1019,14461
at,53.4.t.55.t,1,1018,14463
at,53.4.t.55.t,2,1017,14465
at,53.4.t.55.t,3,1016,14466
at,53.4.t.55.t,4,1015,14468
at,53.4.t.55.t,5,1014,14469
at,53.4.t.55.t,6,1013,14471
at,53.4.t.55.t,7,1012,14473
at,53.4.t.55.t,8,1011,14474
seq,53.4.t.55.t.8.t,14476,1009,true,14478,end,15232
at,53.4.t.55.t.8.t,0,1009,14476
at,53.4.t.55.t.8.t,1,1008,14477
at,53.4.t.55.t,9,1010,14478
at,53.4.t.55.t,10,1009,14480
at,53.4.t.55.t,11,1008,14482
at,53.4.t.55.t,12,1007,14483
at,53.4.t.55.t,13,1006,14487
at,53.4.t.55.t,14,1005,14488
at,53.4.t.55.t,15,1004,14490
at,53.4.t.55.t,16,1003,14491
at,53.4.t.55.t,17,1002,14493
at,53.4.t.55.t,18,1001,14495
at,53.4.t.55.t,19,1000,14496
at,53.4.t.55.t,20,999,14498
at,53.4.t.55.t,21,998,14499
seq,53.4.t.55.t.21.t,14501,996,true,14518,end,15232
at,53.4.t.55.t.21.t,0,996,14501
at,53.4.t.55.t.21.t,1,995,14503
at,53.4.t.55.t.21.t,2,994,14505
at,53.4.t.55.t.21.t,3,993,14506
at,53.4.t.55.t.21.t,4,992,14507
at,53.4.t.55.t.21.t,5,991,14508
at,53.4.t.55.t.21.t,6,990,14510
at,53.4.t.55.t.21.t,7,989,14512
at,53.4.t.55.t.21.t,8,988,14513
seq,53.4.t.55.t.21.t.8.t,14515,986,true,14517,end,15232
at,53.4.t.55.t.21.t.8.t,0,986,14515
at,53.4.t.55.t.21.t.8.t,1,985,14516
at,53.4.t.55.t.21.t,9,987,14517
at,53.4.t.55.t,22,997,14518
at,53.4.t.55.t,23,996,14520
at,53.4.t.55.t,24,995,14522
at,53.4.t.55.t,25,994,14523
at,53.4.t.55.t,26,993,14525
at,53.4.t.55.t,27,992,14527
at,53.4.t.55.t,28,991,14529
at,53.4.t.55.t,29,990,14531
at,53.4.t.55.t,30,989,14533
at,53.4.t.55.t,31,988,14534
at,53.4.t.55.t,32,987,14535
at,53.4.t.55.t,33,986,14546
at,53.4.t.55.t,34,985,14549
at,53.4.t.55.t,35,984,14551
at,53.4.t.55.t,36,983,14553
at,53.4.t.55.t,37,982,14554
at,53.4.t.55.t,38,981,14555
at,53.4.t.55.t,39,980,14557
at,53.4.t.55.t,40,979,14560
at,53.4.t.55.t,41,978,14562
at,53.4.t.55.t,42,977,14564
at,53.4.t.55.t,43,976,14565
at,53.4.t.55.t,44,975,14566
at,53.4.t.55.t,45,974,14568
at,53.4.t.55.t,46,973,14571
at,53.4.t.55.t,47,972,14573
at,53.4.t.55.t,48,971,14575
at,53.4.t.55.t,49,970,14576
at,53.4.t.55.t,50,969,14577
at,53.4.t.55.t,51,968,14579
at,53.4.t.55.t,52,967,14582
at,53.4.t.55.t,53,966,14584
at,53.4.t.55.t,54,965,14586
at,53.4.t.55.t,55,964,14587
at,53.4.t.55.t,56,963,14588
at,53.4.t.55.t,57,962,14590
at,53.4.t.55.t,58,961,14593
at,53.4.t.55.t,59,960,14595
at,53.4.t.55.t,60,959,14597
at,53.4.t.55.t,61,958,14598
at,53.4.t.55.t,62,957,14599
at,53.4.t.55.t,63,956,14601
at,53.4.t.55.t,64,955,14604
at,53.4.t,56,1020,14605
at,53.4.t,57,1019,14607
at,53.4.t,58,1018,14609
at,53.4.t,59,1017,14610
at,53.4.t,60,1016,14612
at,53.4.t,61,1015,14614
at,53.4.t,62,1014,14616
at,53.4.t,63,1013,14618
at,53.4.t,64,1012,14619
at,53.4.t,65,1011,14621
at,53.4.t,66,1010,14624
at,53.4.t,67,1009,14626
at,53.4.t,68,1008,14628
at,53.4.t,69,1007,14630
at,53.4.t,70,1006,14632
at,53.4.t,71,1005,14634
at,53.4.t,72,1004,14636
at,53.4.t,73,1003,14638
at,53.4.t,74,1002,14640
at,53.4.t,75,1001,14642
at,53.4.t,76,1000,14644
at,53.4.t,77,999,14646
at,53.4.t,78,998,14648
at,53.4.t,79,997,14650
at,53.4.t,80,996,14652
at,53.4.t,81,995,14654
at,53.4.t,82,994,14656
at,53.4.t,83,993,14658
at,53.4.t,84,992,14659
at,53.4.t,85,991,14661
at,53.4.t,86,990,14662
at,53.4.t,87,989,14664
at,53.4.t,88,988,14665
at,53.4.t,89,987,14666
at,53.4.t,90,986,14667
at,53.4.t,91,985,14669
at,53.4.t,92,984,14672
at,53.4.t,93,983,14674
at,53.4.t,94,982,14676
at,53.4.t,95,981,14678
at,53.4.t,96,980,14679
at,53.4.t,97,979,14681
at,53.4.t,98,978,14682
at,53.4.t,99,977,14684
at,53.4.t,100,976,14685
at,53.4.t,101,975,14686
at,53.4.t,102,974,14687
at,53.4.t,103,973,14689
at,53.4.t,104,972,14692
at,53.4.t,105,971,14694
at,53.4.t,106,970,14696
at,53.4.t,107,969,14698
at,53.4.t,108,968,14699
at,53.4.t,109,967,14701
at,53.4.t,110,966,14702
at,53.4.t,111,965,14704
at,53.4.t,112,964,14705
at,53.4.t,113,963,14706
at,53.4.t,114,962,14707
at,53.4.t,115,961,14709
at,53.4.t,116,960,14712
at,53.4.t,117,959,14714
at,53.4.t,118,958,14716
at,53.4.t,119,957,14718
at,53.4.t,120,956,14719
at,53.4.t,121,955,14721
at,53.4.t,122,954,14722
at,53.4.t,123,953,14724
at,53.4.t,124,952,14725
at,53.4.t,125,951,14726
at,53.4.t,126,950,14727
at,53.4.t,127,949,14729
at,53.4.t,128,948,14732
at,53.4.t,129,947,14734
at,53.4.t,130,946,14736
at,53.4.t,131,945,14738
at,53.4.t,132,944,14739
at,53.4.t,133,943,14741
at,53.4.t,134,942,14742
at,53.4.t,135,941,14744
at,53.4.t,136,940,14745
at,53.4.t,137,939,14746
at,53.4.t,138,938,14747
at,53.4.t,139,937,14749
at,53.4.t,140,936,14752
at,53.4.t,141,935,14754
at,53.4.t,142,934,14756
at,53.4.t,143,933,14758
at,53.4.t,144,932,14759
at,53.4.t,145,931,14761
at,53.4.t,146,930,14762
at,53.4.t,147,929,14764
at,53.4.t,148,928,14765
at,53.4.t,149,927,14766
at,53.4.t,150,926,14767
at,53.4.t,151,925,14769
at,53.4.t,152,924,14772
at,53.4.t,153,923,14774
at,53.4.t,154,922,14776
at,53.4.t,155,921,14778
at,53.4.t,156,920,14779
at,53.4.t,157,919,14781
at,53.4.t,158,918,14782
at,53.4.t,159,917,14784
at,53.4.t,160,916,14785
at,53.4.t,161,915,14786
at,53.4.t,162,914,14787
at,53.4.t,163,913,14789
at,53.4.t,164,912,14792
at,53.4.t,165,911,14794
at,53.4.t,166,910,14796
at,53.4.t,167,909,14798
at,53.4.t,168,908,14800
at,53.4.t,169,907,14802
at,53.4.t,170,906,14804
at,53.4.t,171,905,14806
at,53.4.t,172,904,14808
at,53.4.t,173,903,14810
at,53.4.t,174,902,14812
at,53.4.t,175,901,14814
at,53.4.t,176,900,14816
at,53.4.t,177,899,14818
at,53.4.t,178,898,14820
at,53.4.t,179,897,14822
at,53.4.t,180,896,14824
at,53.4.t,181,895,14826
at,53.4.t,182,894,14828
at,53.4.t,183,893,14830
at,53.4.t,184,892,14833
seq,53.4.e,14834,1076,false,15227,end,15232
at,53.4.e,0,1076,14834
at,53.4.e,1,1075,14836
at,53.4.e,2,1074,14838
at,53.4.e,3,1073,14840
at,53.4.e,4,1072,14841
at,53.4.e,5,1071,14843
at,53.4.e,6,1070,14844
at,53.4.e,7,1069,14845
at,53.4.e,8,1068,14847
at,53.4.e,9,1067,14848
at,53.4.e,10,1066,14850
at,53.4.e,11,1065,14851
at,53.4.e,12,1064,14853
at,53.4.e,13,1063,14854
at,53.4.e,14,1062,14856
at,53.4.e,15,1061,14858
at,53.4.e,16,1060,14860
at,53.4.e,17,1059,14861
seq,53.4.e.17.t,14863,1057,true,14868,end,15232
at,53.4.e.17.t,0,1057,14863
at,53.4.e.17.t,1,1056,14865
at,53.4.e.17.t,2,1055,14867
at,53.4.e,18,1058,14868
at,53.4.e,19,1057,14870
at,53.4.e,20,1056,14872
at,53.4.e,21,1055,14874
at,53.4.e,22,1054,14876
at,53.4.e,23,1053,14878
at,53.4.e,24,1052,14880
seq,53.4.e.24.t,14882,1050,false,15044,end,15232
at,53.4.e.24.t,0,1050,14882
seq,53.4.e.24.t.0.t,14884,1048,false,15043,end,15232
at,53.4.e.24.t.0.t,0,1048,14884
at,53.4.e.24.t.0.t,1,1047,14886
at,53.4.e.24.t.0.t,2,1046,14888
at,53.4.e.24.t.0.t,3,1045,14889
at,53.4.e.24.t.0.t,4,1044,14891
at,53.4.e.24.t.0.t,5,1043,14893
at,53.4.e.24.t.0.t,6,1042,14895
at,53.4.e.24.t.0.t,7,1041,14896
at,53.4.e.24.t.0.t,8,1040,14898
at,53.4.e.24.t.0.t,9,1039,14900
at,53.4.e.24.t.0.t,10,1038,14902
at,53.4.e.24.t.0.t,11,1037,14903
at,53.4.e.24.t.0.t,12,1036,14904
at,53.4.e.24.t.0.t,13,1035,14907
at,53.4.e.24.t.0.t,14,1034,14909
at,53.4.e.24.t.0.t,15,1033,14911
at,53.4.e.24.t.0.t,16,1032,14913
at,53.4.e.24.t.0.t,17,1031,14914
at,53.4.e.24.t.0.t,18,1030,14915
at,53.4.e.24.t.0.t,19,1029,14918
at,53.4.e.24.t.0.t,20,1028,14920
at,53.4.e.24.t.0.t,21,1027,14922
at,53.4.e.24.t.0.t,22,1026,14924
at,53.4.e.24.t.0.t,23,1025,14925
seq,53.4.e.24.t.0.t.23.t,14927,1023,true,15031,otherwise,15232
at,53.4.e.24.t.0.t.23.t,0,1023,14927
at,53.4.e.24.t.0.t.23.t,1,1022,14929
at,53.4.e.24.t.0.t.23.t,2,1021,14931
at,53.4.e.24.t.0.t.23.t,3,1020,14932
seq,53.4.e.24.t.0.t.23.t.3.t,14934,1018,true,14939,otherwise,15232
at,53.4.e.24.t.0.t.23.t.3.t,0,1018,14934
at,53.4.e.24.t.0.t.23.t.3.t,1,1017,14936
at,53.4.e.24.t.0.t.23.t.3.t,2,1016,14938
seq,53.4.e.24.t.0.t.23.t.3.e,14939,1018,false,14951,end,15232
at,53.4.e.24.t.0.t.23.t.3.e,0,1018,14939
at,53.4.e.24.t.0.t.23.t.3.e,1,1017,14941
at,53.4.e.24.t.0.t.23.t.3.e,2,1016,14943
at,53.4.e.24.t.0.t.23.t.3.e,3,1015,14944
at,53.4.e.24.t.0.t.23.t.3.e,4,1014,14945
at,53.4.e.24.t.0.t.23.t.3.e,5,1013,14947
at,53.4.e.24.t.0.t.23.t.3.e,6,1012,14950
at,53.4.e.24.t.0.t.23.t,4,1019,14951
at,53.4.e.24.t.0.t.23.t,5,1018,14953
at,53.4.e.24.t.0.t.23.t,6,1017,14955
at,53.4.e.24.t.0.t.23.t,7,1016,14956
at,53.4.e.24.t.0.t.23.t,8,1015,14957
at,53.4.e.24.t.0.t.23.t,9,1014,14968
at,53.4.e.24.t.0.t.23.t,10,1013,14971
at,53.4.e.24.t.0.t.23.t,11,1012,14973
at,53.4.e.24.t.0.t.23.t,12,1011,14975
at,53.4.e.24.t.0.t.23.t,13,1010,14976
at,53.4.e.24.t.0.t.23.t,14,1009,14977
at,53.4.e.24.t.0.t.23.t,15,1008,14979
at,53.4.e.24.t.0.t.23.t,16,1007,14982
at,53.4.e.24.t.0.t.23.t,17,1006,14984
at,53.4.e.24.t.0.t.23.t,18,1005,14986
at,53.4.e.24.t.0.t.23.t,19,1004,14987
at,53.4.e.24.t.0.t.23.t,20,1003,14988
at,53.4.e.24.t.0.t.23.t,21,1002,14990
at,53.4.e.24.t.0.t.23.t,22,1001,14993
at,53.4.e.24.t.0.t.23.t,23,1000,14995
at,53.4.e.24.t.0.t.23.t,24,999,14997
at,53.4.e.24.t.0.t.23.t,25,998,14998
at,53.4.e.24.t.0.t.23.t,26,997,14999
at,53.4.e.24.t.0.t.23.t,27,996,15001
at,53.4.e.24.t.0.t.23.t,28,995,15004
at,53.4.e.24.t.0.t.23.t,29,994,15006
at,53.4.e.24.t.0.t.23.t,30,993,15008
at,53.4.e.24.t.0.t.23.t,31,992,15009
at,53.4.e.24.t.0.t.23.t,32,991,15010
at,53.4.e.24.t.0.t.23.t,33,990,15012
at,53.4.e.24.t.0.t.23.t,34,989,15015
at,53.4.e.24.t.0.t.23.t,35,988,15017
at,53.4.e.24.t.0.t.23.t,36,987,15019
at,53.4.e.24.t.0.t.23.t,37,986,15020
at,53.4.e.24.t.0.t.23.t,38,985,15021
at,53.4.e.24.t.0.t.23.t,39,984,15023
at,53.4.e.24.t.0.t.23.t,40,983,15026
at,53.4.e.24.t.0.t.23.t,41,982,15028
at,53.4.e.24.t.0.t.23.t,42,981,15030
seq,53.4.e.24.t.0.t.23.e,15031,1023,false,15040,end,15232
at,53.4.e.24.t.0.t.23.e,0,1023,15031
at,53.4.e.24.t.0.t.23.e,1,1022,15033
at,53.4.e.24.t.0.t.23.e,2,1021,15035
at,53.4.e.24.t.0.t.23.e,3,1020,15037
at,53.4.e.24.t.0.t.23.e,4,1019,15039
at,53.4.e.24.t.0.t,24,1024,15040
at,53.4.e.24.t.0.t,25,1023,15042
at,53.4.e.24.t,1,1049,15043
at,53.4.e,25,1051,15044
at,53.4.e,26,1050,15046
at,53.4.e,27,1049,15048
at,53.4.e,28,1048,15049
seq,53.4.e.28.t,15051,1046,true,15195,end,15232
at,53.4.e.28.t,0,1046,15051
at,53.4.e.28.t,1,1045,15053
at,53.4.e.28.t,2,1044,15055
at,53.4.e.28.t,3,1043,15056
at,53.4.e.28.t,4,1042,15058
at,53.4.e.28.t,5,1041,15059
at,53.4.e.28.t,6,1040,15061
at,53.4.e.28.t,7,1039,15063
at,53.4.e.28.t,8,1038,15064
seq,53.4.e.28.t.8.t,15066,1036,true,15068,end,15232
at,53.4.e.28.t.8.t,0,1036,15066
at,53.4.e.28.t.8.t,1,1035,15067
at,53.4.e.28.t,9,1037,15068
at,53.4.e.28.t,10,1036,15070
at,53.4.e.28.t,11,1035,15072
at,53.4.e.28.t,12,1034,15073
at,53.4.e.28.t,13,1033,15077
at,53.4.e.28.t,14,1032,15078
at,53.4.e.28.t,15,1031,15080
at,53.4.e.28.t,16,1030,15081
at,53.4.e.28.t,17,1029,15083
at,53.4.e.28.t,18,1028,15085
at,53.4.e.28.t,19,1027,15086
at,53.4.e.28.t,20,1026,15088
at,53.4.e.28.t,21,1025,15089
seq,53.4.e.28.t.21.t,15091,1023,true,15108,end,15232
at,53.4.e.28.t.21.t,0,1023,15091
at,53.4.e.28.t.21.t,1,1022,15093
at,53.4.e.28.t.21.t,2,1021,15095
at,53.4.e.28.t.21.t,3,1020,15096
at,53.4.e.28.t.21.t,4,1019,15097
at,53.4.e.28.t.21.t,5,1018,15098
at,53.4.e.28.t.21.t,6,1017,15100
at,53.4.e.28.t.21.t,7,1016,15102
at,53.4.e.28.t.21.t,8,1015,15103
seq,53.4.e.28.t.21.t.8.t,15105,1013,true,15107,end,15232
at,53.4.e.28.t.21.t.8.t,0,1013,15105
at,53.4.e.28.t.21.t.8.t,1,1012,15106
at,53.4.e.28.t.21.t,9,1014,15107
at,53.4.e.28.t,22,1024,15108
at,53.4.e.28.t,23,1023,15110
at,53.4.e.28.t,24,1022,15112
at,53.4.e.28.t,25,1021,15113
at,53.4.e.28.t,26,1020,15115
at,53.4.e.28.t,27,1019,15117
at,53.4.e.28.t,28,1018,15119
at,53.4.e.28.t,29,1017,15121
at,53.4.e.28.t,30,1016,15123
at,53.4.e.28.t,31,1015,15124
at,53.4.e.28.t,32,1014,15125
at,53.4.e.28.t,33,1013,15136
at,53.4.e.28.t,34,1012,15139
at,53.4.e.28.t,35,1011,15141
at,53.4.e.28.t,36,1010,15143
at,53.4.e.28.t,37,1009,15144
at,53.4.e.28.t,38,1008,15145
at,53.4.e.28.t,39,1007,15147
at,53.4.e.28.t,40,1006,15150
at,53.4.e.28.t,41,1005,15152
at,53.4.e.28.t,42,1004,15154
at,53.4.e.28.t,43,1003,15155
at,53.4.e.28.t,44,1002,15156
at,53.4.e.28.t,45,1001,15158
at,53.4.e.28.t,46,1000,15161
at,53.4.e.28.t,47,999,15163
at,53.4.e.28.t,48,998,15165
at,53.4.e.28.t,49,997,15166
at,53.4.e.28.t,50,996,15167
at,53.4.e.28.t,51,995,15169
at,53.4.e.28.t,52,994,15172
at,53.4.e.28.t,53,993,15174
at,53.4.e.28.t,54,992,15176
at,53.4.e.28.t,55,991,15177
at,53.4.e.28.t,56,990,15178
at,53.4.e.28.t,57,989,15180
at,53.4.e.28.t,58,988,15183
at,53.4.e.28.t,59,987,15185
at,53.4.e.28.t,60,986,15187
at,53.4.e.28.t,61,985,15188
at,53.4.e.28.t,62,984,15189
at,53.4.e.28.t,63,983,15191
at,53.4.e.28.t,64,982,15194
at,53.4.e,29,1047,15195
at,53.4.e,30,1046,15197
at,53.4.e,31,1045,15199
at,53.4.e,32,1044,15200
at,53.4.e,33,1043,15202
at,53.4.e,34,1042,15204
at,53.4.e,35,1041,15206
at,53.4.e,36,1040,15208
at,53.4.e,37,1039,15209
at,53.4.e,38,1038,15211
at,53.4.e,39,1037,15214
at,53.4.e,40,1036,15216
at,53.4.e,41,1035,15218
at,53.4.e,42,1034,15220
at,53.4.e,43,1033,15222
at,53.4.e,44,1032,15224
at,53.4.e,45,1031,15226
at,53,5,1077,15227
at,53,6,1076,15229
at,53,7,1075,15231
54,code,15232,15441,15237,15234
54,0,204,15237
54,1,203,15239
54,2,202,15241
54,3,201,15242
54,4,200,15250
54,5,199,15252
54,6,198,15253
54,7,197,15254
54,8,196,15438
54,9,195,15440
seq,54,15237,204,false,15441,end,15441
at,54,0,204,15237
at,54,1,203,15239
at,54,2,202,15241
at,54,3,201,15242
seq,54.3.t,15244,199,true,15247,otherwise,15441
at,54.3.t,0,199,15244
at,54.3.t,1,198,15246
seq,54.3.e,15247,199,false,15250,end,15441
at,54.3.e,0,199,15247
at,54.3.e,1,198,15249
at,54,4,200,15250
at,54,5,199,15252
at,54,6,198,15253
at,54,7,197,15254
seq,54.7.t,15256,195,true,15261,otherwise,15441
at,54.7.t,0,195,15256
at,54.7.t,1,194,15258
at,54.7.t,2,193,15260
seq,54.7.e,15261,195,false,15438,end,15441
at,54.7.e,0,195,15261
at,54.7.e,1,194,15263
at,54.7.e,2,193,15265
at,54.7.e,3,192,15266
seq,54.7.e.3.t,15268,190,true,15271,otherwise,15441
at,54.7.e.3.t,0,190,15268
at,54.7.e.3.t,1,189,15270
seq,54.7.e.3.e,15271,190,false,15366,end,15441
at,54.7.e.3.e,0,190,15271
at,54.7.e.3.e,1,189,15273
at,54.7.e.3.e,2,188,15275
at,54.7.e.3.e,3,187,15276
seq,54.7.e.3.e.3.t,15278,185,true,15281,otherwise,15441
at,54.7.e.3.e.3.t,0,185,15278
at,54.7.e.3.e.3.t,1,184,15280
seq,54.7.e.3.e.3.e,15281,185,false,15365,end,15441
at,54.7.e.3.e.3.e,0,185,15281
at,54.7.e.3.e.3.e,1,184,15283
at,54.7.e.3.e.3.e,2,183,15285
at,54.7.e.3.e.3.e,3,182,15286
seq,54.7.e.3.e.3.e.3.t,15288,180,true,15291,otherwise,15441
at,54.7.e.3.e.3.e.3.t,0,180,15288
at,54.7.e.3.e.3.e.3.t,1,179,15290
seq,54.7.e.3.e.3.e.3.e,15291,180,false,15364,end,15441
at,54.7.e.3.e.3.e.3.e,0,180,15291
at,54.7.e.3.e.3.e.3.e,1,179,15293
at,54.7.e.3.e.3.e.3.e,2,178,15295
at,54.7.e.3.e.3.e.3.e,3,177,15296
seq,54.7.e.3.e.3.e.3.e.3.t,15298,175,true,15301,otherwise,15441
at,54.7.e.3.e.3.e.3.e.3.t,0,175,15298
at,54.7.e.3.e.3.e.3.e.3.t,1,174,15300
seq,54.7.e.3.e.3.e.3.e.3.e,15301,175,false,15363,end,15441
at,54.7.e.3.e.3.e.3.e.3.e,0,175,15301
at,54.7.e.3.e.3.e.3.e.3.e,1,174,15303
at,54.7.e.3.e.3.e.3.e.3.e,2,173,15305
at,54.7.e.3.e.3.e.3.e.3.e,3,172,15306
seq,54.7.e.3.e.3.e.3.e.3.e.3.t,15308,170,true,15311,otherwise,15441
at,54.7.e.3.e.3.e.3.e.3.e.3.t,0,170,15308
at,54.7.e.3.e.3.e.3.e.3.e.3.t,1,169,15310
seq,54.7.e.3.e.3.e.3.e.3.e.3.e,15311,170,false,15362,end,15441
at,54.7.e.3.e.3.e.3.e.3.e.3.e,0,170,15311
at,54.7.e.3.e.3.e.3.e.3.e.3.e,1,169,15313
at,54.7.e.3.e.3.e.3.e.3.e.3.e,2,168,15316
at,54.7.e.3.e.3.e.3.e.3.e.3.e,3,167,15317
seq,54.7.e.3.e.3.e.3.e.3.e.3.e.3.t,15319,165,true,15322,otherwise,15441
at,54.7.e.3.e.3.e.3.e.3.e.3.e.3.t,0,165,15319
at,54.7.e.3.e.3.e.3.e.3.e.3.e.3.t,1,164,15321
seq,54.7.e.3.e.3.e.3.e.3.e.3.e.3.e,15322,165,false,15361,end,15441
at,54.7.e.3.e.3.e.3.e.3.e.3.e.3.e,0,165,15322
at,54.7.e.3.e.3.e.3.e.3.e.3.e.3.e,1,164,15324
at,54.7.e.3.e.3.e.3.e.3.e.3.e.3.e,2,163,15327
at,54.7.e.3.e.3.e.3.e.3.e.3.e.3.e,3,162,15328
seq,54.7.e.3.e.3.e.3.e.3.e.3.e.3.e.3.t,15330,160,true,15333,otherwise,15441
at,54.7.e.3.e.3.e.3.e.3.e.3.e.3.e.3.t,0,160,15330
at,54.7.e.3.e.3.e.3.e.3.e.3.e.3.e.3.t,1,159,15332
seq,54.7.e.3.e.3.e.3.e.3.e.3.e.3.e.3.e,15333,160,false,15360,end,15441
at,54.7.e.3.e.3.e.3.e.3.e.3.e.3.e.3.e,0,160,15333
at,54.7.e.3.e.3.e.3.e.3.e.3.e.3.e.3.e,1,159,15335
at,54.7.e.3.e.3.e.3.e.3.e.3.e.3.e.3.e,2,158,15338
at,54.7.e.3.e.3.e.3.e.3.e.3.e.3.e.3.e,3,157,15339
seq,54.7.e.3.e.3.e.3.e.3.e.3.e.3.e.3.e.3.t,15341,155,true,15344,otherwise,15441
at,54.7.e.3.e.3.e.3.e.3.e.3.e.3.e.3.e.3.t,0,155,15341
at,54.7.e.3.e.3.e.3.e.3.e.3.e.3.e.3.e.3.t,1,154,15343
seq,54.7.e.3.e.3.e.3.e.3.e.3.e.3.e.3.e.3.e,15344,155,false,15359,end,15441
at,54.7.e.3.e.3.e.3.e.3.e.3.e.3.e.3.e.3.e,0,155,15344
at,54.7.e.3.e.3.e.3.e.3.e.3.e.3.e.3.e.3.e,1,154,15346
at,54.7.e.3.e.3.e.3.e.3.e.3.e.3.e.3.e.3.e,2,153,15349
at,54.7.e.3.e.3.e.3.e.3.e.3.e.3.e.3.e.3.e,3,152,15350
seq,54.7.e.3.e.3.e.3.e.3.e.3.e.3.e.3.e.3.e.3.t,15352,150,true,15355,otherwise,15441
at,54.7.e.3.e.3.e.3.e.3.e.3.e.3.e.3.e.3.e.3.t,0,150,15352
at,54.7.e.3.e.3.e.3.e.3.e.3.e.3.e.3.e.3.e.3.t,1,149,15354
seq,54.7.e.3.e.3.e.3.e.3.e.3.e.3.e.3.e.3.e.3.e,15355,150,false,15358,end,15441
at,54.7.e.3.e.3.e.3.e.3.e.3.e.3.e.3.e.3.e.3.e,0,150,15355
at,54.7.e.3.e.3.e.3.e.3.e.3.e.3.e.3.e.3.e.3.e,1,149,15357
at,54.7.e.3.e.3.e.3.e.3.e.3.e.3.e.3.e.3.e,4,151,15358
at,54.7.e.3.e.3.e.3.e.3.e.3.e.3.e.3.e,4,156,15359
at,54.7.e.3.e.3.e.3.e.3.e.3.e.3.e,4,161,15360
at,54.7.e.3.e.3.e.3.e.3.e.3.e,4,166,15361
at,54.7.e.3.e.3.e.3.e.3.e,4,171,15362
at,54.7.e.3.e.3.e.3.e,4,176,15363
at,54.7.e.3.e.3.e,4,181,15364
at,54.7.e.3.e,4,186,15365
at,54.7.e,4,191,15366
at,54.7.e,5,190,15368
at,54.7.e,6,189,15371
at,54.7.e,7,188,15373
at,54.7.e,8,187,15375
at,54.7.e,9,186,15377
at,54.7.e,10,185,15379
at,54.7.e,11,184,15381
at,54.7.e,12,183,15382
at,54.7.e,13,182,15384
at,54.7.e,14,181,15386
at,54.7.e,15,180,15387
seq,54.7.e.15.t,15389,178,true,15391,otherwise,15441
at,54.7.e.15.t,0,178,15389
at,54.7.e.15.t,1,177,15390
seq,54.7.e.15.e,15391,178,false,15394,end,15441
at,54.7.e.15.e,0,178,15391
at,54.7.e.15.e,1,177,15393
at,54.7.e,16,179,15394
at,54.7.e,17,178,15396
at,54.7.e,18,177,15397
at,54.7.e,19,176,15399
at,54.7.e,20,175,15401
at,54.7.e,21,174,15403
at,54.7.e,22,173,15405
at,54.7.e,23,172,15407
at,54.7.e,24,171,15409
at,54.7.e,25,170,15411
at,54.7.e,26,169,15412
seq,54.7.e.26.t,15414,167,true,15417,otherwise,15441
at,54.7.e.26.t,0,167,15414
at,54.7.e.26.t,1,166,15416
seq,54.7.e.26.e,15417,167,false,15423,end,15441
at,54.7.e.26.e,0,167,15417
at,54.7.e.26.e,1,166,15419
at,54.7.e.26.e,2,165,15421
at,54.7.e.26.e,3,164,15422
at,54.7.e,27,168,15423
at,54.7.e,28,167,15424
at,54.7.e,29,166,15433
at,54.7.e,30,165,15434
at,54.7.e,31,164,15435
at,54.7.e,32,163,15437
at,54,8,196,15438
at,54,9,195,15440
55,code,15441,15452,15445,15442
55,0,7,15445
55,1,6,15447
55,2,5,15449
55,3,4,15451
seq,55,15445,7,false,15452,end,15452
at,55,0,7,15445
at,55,1,6,15447
at,55,2,5,15449
at,55,3,4,15451
56,code,15452,15463,15456,15453
56,0,7,15456
56,1,6,15458
56,2,5,15460
56,3,4,15462
seq,56,15456,7,false,15463,end,15463
at,56,0,7,15456
at,56,1,6,15458
at,56,2,5,15460
at,56,3,4,15462
57,code,15463,15486,15467,15464
57,0,19,15467
57,1,18,15469
57,2,17,15471
57,3,16,15473
57,4,15,15475
57,5,14,15477
57,6,13,15479
57,7,12,15481
57,8,11,15483
57,9,10,15485
seq,57,15467,19,false,15486,end,15486
at,57,0,19,15467
at,57,1,18,15469
at,57,2,17,15471
at,57,3,16,15473
at,57,4,15,15475
at,57,5,14,15477
at,57,6,13,15479
at,57,7,12,15481
at,57,8,11,15483
at,57,9,10,15485
58,code,15486,15596,15490,15487
58,0,106,15490
58,1,105,15492
58,2,104,15494
58,3,103,15495
58,4,102,15503
58,5,101,15505
58,6,100,15506
58,7,99,15507
58,8,98,15530
58,9,97,15538
58,10,96,15540
58,11,95,15541
58,12,94,15549
58,13,93,15551
58,14,92,15552
58,15,91,15553
58,16,90,15589
58,17,89,15591
58,18,88,15593
58,19,87,15595
seq,58,15490,106,false,15596,end,15596
at,58,0,106,15490
at,58,1,105,15492
at,58,2,104,15494
at,58,3,103,15495
seq,58.3.t,15497,101,true,15500,otherwise,15596
at,58.3.t,0,101,15497
at,58.3.t,1,100,15499
seq,58.3.e,15500,101,false,15503,end,15596
at,58.3.e,0,101,15500
at,58.3.e,1,100,15502
at,58,4,102,15503
at,58,5,101,15505
at,58,6,100,15506
at,58,7,99,15507
seq,58.7.t,15509,97,true,15527,otherwise,15596
at,58.7.t,0,97,15509
at,58.7.t,1,96,15511
at,58.7.t,2,95,15513
at,58.7.t,3,94,15514
seq,58.7.t.3.t,15516,92,true,15519,otherwise,15596
at,58.7.t.3.t,0,92,15516
at,58.7.t.3.t,1,91,15518
seq,58.7.t.3.e,15519,92,false,15522,end,15596
at,58.7.t.3.e,0,92,15519
at,58.7.t.3.e,1,91,15521
at,58.7.t,4,93,15522
at,58.7.t,5,92,15524
at,58.7.t,6,91,15525
at,58.7.t,7,90,15526
seq,58.7.e,15527,97,false,15530,end,15596
at,58.7.e,0,97,15527
at,58.7.e,1,96,15529
at,58,8,98,15530
seq,58.8.t,15532,96,true,15535,otherwise,15596
at,58.8.t,0,96,15532
at,58.8.t,1,95,15534
seq,58.8.e,15535,96,false,15538,end,15596
at,58.8.e,0,96,15535
at,58.8.e,1,95,15537
at,58,9,97,15538
at,58,10,96,15540
at,58,11,95,15541
seq,58.11.t,15543,93,true,15546,otherwise,15596
at,58.11.t,0,93,15543
at,58.11.t,1,92,15545
seq,58.11.e,15546,93,false,15549,end,15596
at,58.11.e,0,93,15546
at,58.11.e,1,92,15548
at,58,12,94,15549
at,58,13,93,15551
at,58,14,92,15552
at,58,15,91,15553
seq,58.15.t,15555,89,true,15568,otherwise,15596
at,58.15.t,0,89,15555
at,58.15.t,1,88,15557
at,58.15.t,2,87,15559
at,58.15.t,3,86,15561
at,58.15.t,4,85,15563
at,58.15.t,5,84,15565
at,58.15.t,6,83,15567
seq,58.15.e,15568,89,false,15589,end,15596
at,58.15.e,0,89,15568
at,58.15.e,1,88,15570
at,58.15.e,2,87,15572
at,58.15.e,3,86,15574
at,58.15.e,4,85,15576
at,58.15.e,5,84,15578
at,58.15.e,6,83,15580
at,58.15.e,7,82,15582
at,58.15.e,8,81,15584
at,58.15.e,9,80,15586
at,58.15.e,10,79,15588
at,58,16,90,15589
at,58,17,89,15591
at,58,18,88,15593
at,58,19,87,15595
59,code,15596,15665,15600,15597
59,0,65,15600
59,1,64,15602
59,2,63,15613
59,3,62,15614
59,4,61,15622
59,5,60,15624
59,6,59,15625
59,7,58,15626
59,8,57,15660
59,9,56,15662
59,10,55,15664
seq,59,15600,65,false,15665,end,15665
at,59,0,65,15600
at,59,1,64,15602
at,59,2,63,15613
at,59,3,62,15614
seq,59.3.t,15616,60,true,15619,otherwise,15665
at,59.3.t,0,60,15616
at,59.3.t,1,59,15618
seq,59.3.e,15619,60,false,15622,end,15665
at,59.3.e,0,60,15619
at,59.3.e,1,59,15621
at,59,4,61,15622
at,59,5,60,15624
at,59,6,59,15625
at,59,7,58,15626
seq,59.7.t,15628,56,true,15631,otherwise,15665
at,59.7.t,0,56,15628
at,59.7.t,1,55,15630
seq,59.7.e,15631,56,false,15660,end,15665
at,59.7.e,0,56,15631
at,59.7.e,1,55,15633
at,59.7.e,2,54,15644
at,59.7.e,3,53,15645
seq,59.7.e.3.t,15647,51,true,15653,otherwise,15665
at,59.7.e.3.t,0,51,15647
at,59.7.e.3.t,1,50,15649
at,59.7.e.3.t,2,49,15651
at,59.7.e.3.t,3,48,15652
seq,59.7.e.3.e,15653,51,false,15659,end,15665
at,59.7.e.3.e,0,51,15653
at,59.7.e.3.e,1,50,15655
at,59.7.e.3.e,2,49,15657
at,59.7.e.3.e,3,48,15658
at,59.7.e,4,52,15659
at,59,8,57,15660
at,59,9,56,15662
at,59,10,55,15664
60,code,15665,15734,15669,15666
60,0,65,15669
60,1,64,15671
60,2,63,15673
60,3,62,15674
60,4,61,15682
60,5,60,15684
60,6,59,15685
60,7,58,15686
60,8,57,15729
60,9,56,15731
60,10,55,15733
seq,60,15669,65,false,15734,end,15734
at,60,0,65,15669
at,60,1,64,15671
at,60,2,63,15673
at,60,3,62,15674
seq,60.3.t,15676,60,true,15679,otherwise,15734
at,60.3.t,0,60,15676
at,60.3.t,1,59,15678
seq,60.3.e,15679,60,false,15682,end,15734
at,60.3.e,0,60,15679
at,60.3.e,1,59,15681
at,60,4,61,15682
at,60,5,60,15684
at,60,6,59,15685
at,60,7,58,15686
seq,60.7.t,15688,56,true,15700,otherwise,15734
at,60.7.t,0,56,15688
at,60.7.t,1,55,15699
seq,60.7.e,15700,56,false,15729,end,15734
at,60.7.e,0,56,15700
at,60.7.e,1,55,15702
at,60.7.e,2,54,15713
at,60.7.e,3,53,15714
seq,60.7.e.3.t,15716,51,true,15722,otherwise,15734
at,60.7.e.3.t,0,51,15716
at,60.7.e.3.t,1,50,15718
at,60.7.e.3.t,2,49,15720
at,60.7.e.3.t,3,48,15721
seq,60.7.e.3.e,15722,51,false,15728,end,15734
at,60.7.e.3.e,0,51,15722
at,60.7.e.3.e,1,50,15724
at,60.7.e.3.e,2,49,15726
at,60.7.e.3.e,3,48,15727
at,60.7.e,4,52,15728
at,60,8,57,15729
at,60,9,56,15731
at,60,10,55,15733
61,code,15734,15790,15738,15735
61,0,52,15738
61,1,51,15740
61,2,50,15742
61,3,49,15743
61,4,48,15751
61,5,47,15753
61,6,46,15754
61,7,45,15755
61,8,44,15787
61,9,43,15789
seq,61,15738,52,false,15790,end,15790
at,61,0,52,15738
at,61,1,51,15740
at,61,2,50,15742
at,61,3,49,15743
seq,61.3.t,15745,47,true,15748,otherwise,15790
at,61.3.t,0,47,15745
at,61.3.t,1,46,15747
seq,61.3.e,15748,47,false,15751,end,15790
at,61.3.e,0,47,15748
at,61.3.e,1,46,15750
at,61,4,48,15751
at,61,5,47,15753
at,61,6,46,15754
at,61,7,45,15755
seq,61.7.t,15757,43,true,15772,otherwise,15790
at,61.7.t,0,43,15757
at,61.7.t,1,42,15759
at,61.7.t,2,41,15761
at,61.7.t,3,40,15763
at,61.7.t,4,39,15765
at,61.7.t,5,38,15767
at,61.7.t,6,37,15769
at,61.7.t,7,36,15771
seq,61.7.e,15772,43,false,15787,end,15790
at,61.7.e,0,43,15772
at,61.7.e,1,42,15774
at,61.7.e,2,41,15776
at,61.7.e,3,40,15778
at,61.7.e,4,39,15780
at,61.7.e,5,38,15782
at,61.7.e,6,37,15784
at,61.7.e,7,36,15786
at,61,8,44,15787
at,61,9,43,15789
62,code,15790,15807,15794,15791
62,0,13,15794
62,1,12,15796
62,2,11,15798
62,3,10,15800
62,4,9,15802
62,5,8,15804
62,6,7,15806
seq,62,15794,13,false,15807,end,15807
at,62,0,13,15794
at,62,1,12,15796
at,62,2,11,15798
at,62,3,10,15800
at,62,4,9,15802
at,62,5,8,15804
at,62,6,7,15806
63,code,15807,15934,15811,15808
63,0,123,15811
63,1,122,15813
63,2,121,15815
63,3,120,15817
63,4,119,15819
63,5,118,15821
63,6,117,15823
63,7,116,15825
63,8,115,15826
63,9,114,15834
63,10,113,15836
63,11,112,15837
63,12,111,15838
63,13,110,15929
63,14,109,15931
63,15,108,15933
seq,63,15811,123,false,15934,end,15934
at,63,0,123,15811
at,63,1,122,15813
at,63,2,121,15815
at,63,3,120,15817
at,63,4,119,15819
at,63,5,118,15821
at,63,6,117,15823
at,63,7,116,15825
at,63,8,115,15826
seq,63.8.t,15828,113,true,15831,otherwise,15934
at,63.8.t,0,113,15828
at,63.8.t,1,112,15830
seq,63.8.e,15831,113,false,15834,end,15934
at,63.8.e,0,113,15831
at,63.8.e,1,112,15833
at,63,9,114,15834
at,63,10,113,15836
at,63,11,112,15837
at,63,12,111,15838
seq,63.12.t,15840,109,true,15914,otherwise,15934
at,63.12.t,0,109,15840
at,63.12.t,1,108,15842
at,63.12.t,2,107,15844
at,63.12.t,3,106,15846
at,63.12.t,4,105,15848
at,63.12.t,5,104,15850
at,63.12.t,6,103,15852
at,63.12.t,7,102,15854
at,63.12.t,8,101,15856
at,63.12.t,9,100,15858
at,63.12.t,10,99,15860
at,63.12.t,11,98,15862
at,63.12.t,12,97,15864
at,63.12.t,13,96,15866
at,63.12.t,14,95,15868
at,63.12.t,15,94,15870
at,63.12.t,16,93,15872
at,63.12.t,17,92,15874
at,63.12.t,18,91,15875
seq,63.12.t.18.t,15877,89,true,15880,otherwise,15934
at,63.12.t.18.t,0,89,15877
at,63.12.t.18.t,1,88,15879
seq,63.12.t.18.e,15880,89,false,15883,end,15934
at,63.12.t.18.e,0,89,15880
at,63.12.t.18.e,1,88,15882
at,63.12.t,19,90,15883
at,63.12.t,20,89,15885
at,63.12.t,21,88,15886
at,63.12.t,22,87,15887
seq,63.12.t.22.t,15889,85,true,15898,otherwise,15934
at,63.12.t.22.t,0,85,15889
at,63.12.t.22.t,1,84,15891
at,63.12.t.22.t,2,83,15893
at,63.12.t.22.t,3,82,15895
at,63.12.t.22.t,4,81,15897
seq,63.12.t.22.e,15898,85,false,15913,end,15934
at,63.12.t.22.e,0,85,15898
at,63.12.t.22.e,1,84,15900
at,63.12.t.22.e,2,83,15902
at,63.12.t.22.e,3,82,15904
at,63.12.t.22.e,4,81,15906
at,63.12.t.22.e,5,80,15908
at,63.12.t.22.e,6,79,15910
at,63.12.t.22.e,7,78,15912
at,63.12.t,23,86,15913
seq,63.12.e,15914,109,false,15929,end,15934
at,63.12.e,0,109,15914
at,63.12.e,1,108,15916
at,63.12.e,2,107,15918
at,63.12.e,3,106,15920
at,63.12.e,4,105,15922
at,63.12.e,5,104,15924
at,63.12.e,6,103,15926
at,63.12.e,7,102,15928
at,63,13,110,15929
at,63,14,109,15931
at,63,15,108,15933
64,code,15934,16064,15939,15936
64,0,125,15939
64,1,124,15941
64,2,123,15943
64,3,122,15945
64,4,121,15947
64,5,120,15949
64,6,119,15950
64,7,118,15951
64,8,117,15969
64,9,116,15986
64,10,115,15994
64,11,114,15996
64,12,113,15997
64,13,112,16005
64,14,111,16007
64,15,110,16008
64,16,109,16009
64,17,108,16059
64,18,107,16061
64,19,106,16063
seq,64,15939,125,false,16064,end,16064
at,64,0,125,15939
at,64,1,124,15941
at,64,2,123,15943
at,64,3,122,15945
at,64,4,121,15947
at,64,5,120,15949
at,64,6,119,15950
at,64,7,118,15951
seq,64.7.t,15953,116,true,15966,otherwise,16064
at,64.7.t,0,116,15953
at,64.7.t,1,115,15955
at,64.7.t,2,114,15957
at,64.7.t,3,113,15959
at,64.7.t,4,112,15961
at,64.7.t,5,111,15963
at,64.7.t,6,110,15964
at,64.7.t,7,109,15965
seq,64.7.e,15966,116,false,15969,end,16064
at,64.7.e,0,116,15966
at,64.7.e,1,115,15968
at,64,8,117,15969
seq,64.8.t,15971,115,true,15983,otherwise,16064
at,64.8.t,0,115,15971
at,64.8.t,1,114,15973
at,64.8.t,2,113,15975
at,64.8.t,3,112,15977
at,64.8.t,4,111,15979
at,64.8.t,5,110,15981
at,64.8.t,6,109,15982
seq,64.8.e,15983,115,false,15986,end,16064
at,64.8.e,0,115,15983
at,64.8.e,1,114,15985
at,64,9,116,15986
seq,64.9.t,15988,114,true,15991,otherwise,16064
at,64.9.t,0,114,15988
at,64.9.t,1,113,15990
seq,64.9.e,15991,114,false,15994,end,16064
at,64.9.e,0,114,15991
at,64.9.e,1,113,15993
at,64,10,115,15994
at,64,11,114,15996
at,64,12,113,15997
seq,64.12.t,15999,111,true,16002,otherwise,16064
at,64.12.t,0,111,15999
at,64.12.t,1,110,16001
seq,64.12.e,16002,111,false,16005,end,16064
at,64.12.e,0,111,16002
at,64.12.e,1,110,16004
at,64,13,112,16005
at,64,14,111,16007
at,64,15,110,16008
at,64,16,109,16009
seq,64.16.t,16011,107,true,16044,otherwise,16064
at,64.16.t,0,107,16011
at,64.16.t,1,106,16013
at,64.16.t,2,105,16015
at,64.16.t,3,104,16017
at,64.16.t,4,103,16018
at,64.16.t,5,102,16020
at,64.16.t,6,101,16021
at,64.16.t,7,100,16022
at,64.16.t,8,99,16023
at,64.16.t,9,98,16025
at,64.16.t,10,97,16027
at,64.16.t,11,96,16029
at,64.16.t,12,95,16031
at,64.16.t,13,94,16033
at,64.16.t,14,93,16035
at,64.16.t,15,92,16037
at,64.16.t,16,91,16039
at,64.16.t,17,90,16041
at,64.16.t,18,89,16043
seq,64.16.e,16044,107,false,16059,end,16064
at,64.16.e,0,107,16044
at,64.16.e,1,106,16046
at,64.16.e,2,105,16048
at,64.16.e,3,104,16050
at,64.16.e,4,103,16052
at,64.16.e,5,102,16054
at,64.16.e,6,101,16056
at,64.16.e,7,100,16058
at,64,17,108,16059
at,64,18,107,16061
at,64,19,106,16063
65,code,16064,16250,16069,16066
65,0,181,16069
65,1,180,16071
65,2,179,16073
65,3,178,16074
65,4,177,16082
65,5,176,16084
65,6,175,16085
65,7,174,16086
65,8,173,16104
65,9,172,16112
65,10,171,16114
65,11,170,16115
65,12,169,16123
65,13,168,16125
65,14,167,16126
65,15,166,16127
65,16,165,16243
65,17,164,16245
65,18,163,16247
65,19,162,16249
seq,65,16069,181,false,16250,end,16250
at,65,0,181,16069
at,65,1,180,16071
at,65,2,179,16073
at,65,3,178,16074
seq,65.3.t,16076,176,true,16079,otherwise,16250
at,65.3.t,0,176,16076
at,65.3.t,1,175,16078
seq,65.3.e,16079,176,false,16082,end,16250
at,65.3.e,0,176,16079
at,65.3.e,1,175,16081
at,65,4,177,16082
at,65,5,176,16084
at,65,6,175,16085
at,65,7,174,16086
seq,65.7.t,16088,172,true,16101,otherwise,16250
at,65.7.t,0,172,16088
at,65.7.t,1,171,16090
at,65.7.t,2,170,16092
at,65.7.t,3,169,16094
at,65.7.t,4,168,16096
at,65.7.t,5,167,16098
at,65.7.t,6,166,16099
at,65.7.t,7,165,16100
seq,65.7.e,16101,172,false,16104,end,16250
at,65.7.e,0,172,16101
at,65.7.e,1,171,16103
at,65,8,173,16104
seq,65.8.t,16106,171,true,16109,otherwise,16250
at,65.8.t,0,171,16106
at,65.8.t,1,170,16108
seq,65.8.e,16109,171,false,16112,end,16250
at,65.8.e,0,171,16109
at,65.8.e,1,170,16111
at,65,9,172,16112
at,65,10,171,16114
at,65,11,170,16115
seq,65.11.t,16117,168,true,16120,otherwise,16250
at,65.11.t,0,168,16117
at,65.11.t,1,167,16119
seq,65.11.e,16120,168,false,16123,end,16250
at,65.11.e,0,168,16120
at,65.11.e,1,167,16122
at,65,12,169,16123
at,65,13,168,16125
at,65,14,167,16126
at,65,15,166,16127
seq,65.15.t,16129,164,true,16222,otherwise,16250
at,65.15.t,0,164,16129
at,65.15.t,1,163,16131
at,65.15.t,2,162,16133
at,65.15.t,3,161,16135
at,65.15.t,4,160,16137
at,65.15.t,5,159,16139
at,65.15.t,6,158,16141
at,65.15.t,7,157,16143
at,65.15.t,8,156,16145
at,65.15.t,9,155,16147
at,65.15.t,10,154,16149
at,65.15.t,11,153,16151
at,65.15.t,12,152,16153
at,65.15.t,13,151,16155
at,65.15.t,14,150,16157
at,65.15.t,15,149,16159
at,65.15.t,16,148,16161
at,65.15.t,17,147,16163
at,65.15.t,18,146,16165
at,65.15.t,19,145,16167
at,65.15.t,20,144,16169
at,65.15.t,21,143,16171
at,65.15.t,22,142,16173
at,65.15.t,23,141,16175
at,65.15.t,24,140,16177
at,65.15.t,25,139,16179
at,65.15.t,26,138,16181
at,65.15.t,27,137,16183
at,65.15.t,28,136,16185
at,65.15.t,29,135,16187
at,65.15.t,30,134,16189
at,65.15.t,31,133,16191
at,65.15.t,32,132,16193
at,65.15.t,33,131,16195
at,65.15.t,34,130,16197
at,65.15.t,35,129,16199
at,65.15.t,36,128,16201
at,65.15.t,37,127,16203
at,65.15.t,38,126,16205
at,65.15.t,39,125,16207
at,65.15.t,40,124,16209
at,65.15.t,41,123,16211
at,65.15.t,42,122,16213
at,65.15.t,43,121,16215
at,65.15.t,44,120,16217
at,65.15.t,45,119,16219
at,65.15.t,46,118,16221
seq,65.15.e,16222,164,false,16243,end,16250
at,65.15.e,0,164,16222
at,65.15.e,1,163,16224
at,65.15.e,2,162,16226
at,65.15.e,3,161,16228
at,65.15.e,4,160,16230
at,65.15.e,5,159,16232
at,65.15.e,6,158,16234
at,65.15.e,7,157,16236
at,65.15.e,8,156,16238
at,65.15.e,9,155,16240
at,65.15.e,10,154,16242
at,65,16,165,16243
at,65,17,164,16245
at,65,18,163,16247
at,65,19,162,16249
66,code,16250,16504,16255,16252
66,0,249,16255
66,1,248,16257
66,2,247,16259
66,3,246,16261
66,4,245,16263
66,5,244,16265
66,6,243,16267
66,7,242,16269
66,8,241,16271
66,9,240,16273
66,10,239,16275
66,11,238,16277
66,12,237,16279
66,13,236,16281
66,14,235,16283
66,15,234,16285
66,16,233,16287
66,17,232,16289
66,18,231,16291
66,19,230,16293
66,20,229,16295
66,21,228,16297
66,22,227,16299
66,23,226,16301
66,24,225,16303
66,25,224,16305
66,26,223,16307
66,27,222,16309
66,28,221,16311
66,29,220,16313
66,30,219,16315
66,31,218,16317
66,32,217,16319
66,33,216,16321
66,34,215,16323
66,35,214,16325
66,36,213,16327
66,37,212,16329
66,38,211,16331
66,39,210,16333
66,40,209,16335
66,41,208,16337
66,42,207,16339
66,43,206,16341
66,44,205,16343
66,45,204,16345
66,46,203,16347
66,47,202,16349
66,48,201,16351
66,49,200,16353
66,50,199,16355
66,51,198,16357
66,52,197,16359
66,53,196,16361
66,54,195,16363
66,55,194,16365
66,56,193,16367
66,57,192,16369
66,58,191,16371
66,59,190,16373
66,60,189,16375
66,61,188,16377
66,62,187,16379
66,63,186,16381
66,64,185,16383
66,65,184,16385
66,66,183,16387
66,67,182,16389
66,68,181,16391
66,69,180,16393
66,70,179,16395
66,71,178,16397
66,72,177,16399
66,73,176,16401
66,74,175,16403
66,75,174,16405
66,76,173,16407
66,77,172,16409
66,78,171,16411
66,79,170,16413
66,80,169,16415
66,81,168,16417
66,82,167,16419
66,83,166,16421
66,84,165,16423
66,85,164,16425
66,86,163,16427
66,87,162,16429
66,88,161,16431
66,89,160,16433
66,90,159,16435
66,91,158,16437
66,92,157,16439
66,93,156,16441
66,94,155,16443
66,95,154,16445
66,96,153,16447
66,97,152,16449
66,98,151,16451
66,99,150,16453
66,100,149,16455
66,101,148,16457
66,102,147,16459
66,103,146,16461
66,104,145,16463
66,105,144,16465
66,106,143,16467
66,107,142,16469
66,108,141,16471
66,109,140,16473
66,110,139,16475
66,111,138,16477
66,112,137,16479
66,113,136,16481
66,114,135,16483
66,115,134,16485
66,116,133,16487
66,117,132,16489
66,118,131,16491
66,119,130,16493
66,120,129,16495
66,121,128,16497
66,122,127,16499
66,123,126,16501
66,124,125,16503
seq,66,16255,249,false,16504,end,16504
at,66,0,249,16255
at,66,1,248,16257
at,66,2,247,16259
at,66,3,246,16261
at,66,4,245,16263
at,66,5,244,16265
at,66,6,243,16267
at,66,7,242,16269
at,66,8,241,16271
at,66,9,240,16273
at,66,10,239,16275
at,66,11,238,16277
at,66,12,237,16279
at,66,13,236,16281
at,66,14,235,16283
at,66,15,234,16285
at,66,16,233,16287
at,66,17,232,16289
at,66,18,231,16291
at,66,19,230,16293
at,66,20,229,16295
at,66,21,228,16297
at,66,22,227,16299
at,66,23,226,16301
at,66,24,225,16303
at,66,25,224,16305
at,66,26,223,16307
at,66,27,222,16309
at,66,28,221,16311
at,66,29,220,16313
at,66,30,219,16315
at,66,31,218,16317
at,66,32,217,16319
at,66,33,216,16321
at,66,34,215,16323
at,66,35,214,16325
at,66,36,213,16327
at,66,37,212,16329
at,66,38,211,16331
at,66,39,210,16333
at,66,40,209,16335
at,66,41,208,16337
at,66,42,207,16339
at,66,43,206,16341
at,66,44,205,16343
at,66,45,204,16345
at,66,46,203,16347
at,66,47,202,16349
at,66,48,201,16351
at,66,49,200,16353
at,66,50,199,16355
at,66,51,198,16357
at,66,52,197,16359
at,66,53,196,16361
at,66,54,195,16363
at,66,55,194,16365
at,66,56,193,16367
at,66,57,192,16369
at,66,58,191,16371
at,66,59,190,16373
at,66,60,189,16375
at,66,61,188,16377
at,66,62,187,16379
at,66,63,186,16381
at,66,64,185,16383
at,66,65,184,16385
at,66,66,183,16387
at,66,67,182,16389
at,66,68,181,16391
at,66,69,180,16393
at,66,70,179,16395
at,66,71,178,16397
at,66,72,177,16399
at,66,73,176,16401
at,66,74,175,16403
at,66,75,174,16405
at,66,76,173,16407
at,66,77,172,16409
at,66,78,171,16411
at,66,79,170,16413
at,66,80,169,16415
at,66,81,168,16417
at,66,82,167,16419
at,66,83,166,16421
at,66,84,165,16423
at,66,85,164,16425
at,66,86,163,16427
at,66,87,162,16429
at,66,88,161,16431
at,66,89,160,16433
at,66,90,159,16435
at,66,91,158,16437
at,66,92,157,16439
at,66,93,156,16441
at,66,94,155,16443
at,66,95,154,16445
at,66,96,153,16447
at,66,97,152,16449
at,66,98,151,16451
at,66,99,150,16453
at,66,100,149,16455
at,66,101,148,16457
at,66,102,147,16459
at,66,103,146,16461
at,66,104,145,16463
at,66,105,144,16465
at,66,106,143,16467
at,66,107,142,16469
at,66,108,141,16471
at,66,109,140,16473
at,66,110,139,16475
at,66,111,138,16477
at,66,112,137,16479
at,66,113,136,16481
at,66,114,135,16483
at,66,115,134,16485
at,66,116,133,16487
at,66,117,132,16489
at,66,118,131,16491
at,66,119,130,16493
at,66,120,129,16495
at,66,121,128,16497
at,66,122,127,16499
at,66,123,126,16501
at,66,124,125,16503
67,code,16504,16581,16508,16505
67,0,73,16508
67,1,72,16510
67,2,71,16512
67,3,70,16514
67,4,69,16516
67,5,68,16518
67,6,67,16520
67,7,66,16522
67,8,65,16524
67,9,64,16526
67,10,63,16528
67,11,62,16530
67,12,61,16532
67,13,60,16534
67,14,59,16536
67,15,58,16538
67,16,57,16540
67,17,56,16542
67,18,55,16544
67,19,54,16546
67,20,53,16548
67,21,52,16550
67,22,51,16552
67,23,50,16554
67,24,49,16556
67,25,48,16558
67,26,47,16560
67,27,46,16562
67,28,45,16564
67,29,44,16566
67,30,43,16568
67,31,42,16570
67,32,41,16572
67,33,40,16574
67,34,39,16576
67,35,38,16578
67,36,37,16580
seq,67,16508,73,false,16581,end,16581
at,67,0,73,16508
at,67,1,72,16510
at,67,2,71,16512
at,67,3,70,16514
at,67,4,69,16516
at,67,5,68,16518
at,67,6,67,16520
at,67,7,66,16522
at,67,8,65,16524
at,67,9,64,16526
at,67,10,63,16528
at,67,11,62,16530
at,67,12,61,16532
at,67,13,60,16534
at,67,14,59,16536
at,67,15,58,16538
at,67,16,57,16540
at,67,17,56,16542
at,67,18,55,16544
at,67,19,54,16546
at,67,20,53,16548
at,67,21,52,16550
at,67,22,51,16552
at,67,23,50,16554
at,67,24,49,16556
at,67,25,48,16558
at,67,26,47,16560
at,67,27,46,16562
at,67,28,45,16564
at,67,29,44,16566
at,67,30,43,16568
at,67,31,42,16570
at,67,32,41,16572
at,67,33,40,16574
at,67,34,39,16576
at,67,35,38,16578
at,67,36,37,16580
68,code,16581,16693,16585,16582
68,0,108,16585
68,1,107,16587
68,2,106,16589
68,3,105,16591
68,4,104,16593
68,5,103,16595
68,6,102,16596
68,7,101,16597
68,8,100,16615
68,9,99,16623
68,10,98,16625
68,11,97,16626
68,12,96,16634
68,13,95,16636
68,14,94,16637
68,15,93,16638
68,16,92,16688
68,17,91,16690
68,18,90,16692
seq,68,16585,108,false,16693,end,16693
at,68,0,108,16585
at,68,1,107,16587
at,68,2,106,16589
at,68,3,105,16591
at,68,4,104,16593
at,68,5,103,16595
at,68,6,102,16596
at,68,7,101,16597
seq,68.7.t,16599,99,true,16612,otherwise,16693
at,68.7.t,0,99,16599
at,68.7.t,1,98,16601
at,68.7.t,2,97,16603
at,68.7.t,3,96,16605
at,68.7.t,4,95,16607
at,68.7.t,5,94,16609
at,68.7.t,6,93,16610
at,68.7.t,7,92,16611
seq,68.7.e,16612,99,false,16615,end,16693
at,68.7.e,0,99,16612
at,68.7.e,1,98,16614
at,68,8,100,16615
seq,68.8.t,16617,98,true,16620,otherwise,16693
at,68.8.t,0,98,16617
at,68.8.t,1,97,16619
seq,68.8.e,16620,98,false,16623,end,16693
at,68.8.e,0,98,16620
at,68.8.e,1,97,16622
at,68,9,99,16623
at,68,10,98,16625
at,68,11,97,16626
seq,68.11.t,16628,95,true,16631,otherwise,16693
at,68.11.t,0,95,16628
at,68.11.t,1,94,16630
seq,68.11.e,16631,95,false,16634,end,16693
at,68.11.e,0,95,16631
at,68.11.e,1,94,16633
at,68,12,96,16634
at,68,13,95,16636
at,68,14,94,16637
at,68,15,93,16638
seq,68.15.t,16640,91,true,16673,otherwise,16693
at,68.15.t,0,91,16640
at,68.15.t,1,90,16642
at,68.15.t,2,89,16644
at,68.15.t,3,88,16646
at,68.15.t,4,87,16647
at,68.15.t,5,86,16649
at,68.15.t,6,85,16650
at,68.15.t,7,84,16651
at,68.15.t,8,83,16652
at,68.15.t,9,82,16654
at,68.15.t,10,81,16656
at,68.15.t,11,80,16658
at,68.15.t,12,79,16660
at,68.15.t,13,78,16662
at,68.15.t,14,77,16664
at,68.15.t,15,76,16666
at,68.15.t,16,75,16668
at,68.15.t,17,74,16670
at,68.15.t,18,73,16672
seq,68.15.e,16673,91,false,16688,end,16693
at,68.15.e,0,91,16673
at,68.15.e,1,90,16675
at,68.15.e,2,89,16677
at,68.15.e,3,88,16679
at,68.15.e,4,87,16681
at,68.15.e,5,86,16683
at,68.15.e,6,85,16685
at,68.15.e,7,84,16687
at,68,16,92,16688
at,68,17,91,16690
at,68,18,90,16692
69,code,16693,16884,16698,16695
69,0,186,16698
69,1,185,16700
69,2,184,16702
69,3,183,16703
69,4,182,16711
69,5,181,16713
69,6,180,16714
69,7,179,16715
69,8,178,16738
69,9,177,16746
69,10,176,16748
69,11,175,16749
69,12,174,16757
69,13,173,16759
69,14,172,16760
69,15,171,16761
69,16,170,16877
69,17,169,16879
69,18,168,16881
69,19,167,16883
seq,69,16698,186,false,16884,end,16884
at,69,0,186,16698
at,69,1,185,16700
at,69,2,184,16702
at,69,3,183,16703
seq,69.3.t,16705,181,true,16708,otherwise,16884
at,69.3.t,0,181,16705
at,69.3.t,1,180,16707
seq,69.3.e,16708,181,false,16711,end,16884
at,69.3.e,0,181,16708
at,69.3.e,1,180,16710
at,69,4,182,16711
at,69,5,181,16713
at,69,6,180,16714
at,69,7,179,16715
seq,69.7.t,16717,177,true,16735,otherwise,16884
at,69.7.t,0,177,16717
at,69.7.t,1,176,16719
at,69.7.t,2,175,16721
at,69.7.t,3,174,16722
seq,69.7.t.3.t,16724,172,true,16727,otherwise,16884
at,69.7.t.3.t,0,172,16724
at,69.7.t.3.t,1,171,16726
seq,69.7.t.3.e,16727,172,false,16730,end,16884
at,69.7.t.3.e,0,172,16727
at,69.7.t.3.e,1,171,16729
at,69.7.t,4,173,16730
at,69.7.t,5,172,16732
at,69.7.t,6,171,16733
at,69.7.t,7,170,16734
seq,69.7.e,16735,177,false,16738,end,16884
at,69.7.e,0,177,16735
at,69.7.e,1,176,16737
at,69,8,178,16738
seq,69.8.t,16740,176,true,16743,otherwise,16884
at,69.8.t,0,176,16740
at,69.8.t,1,175,16742
seq,69.8.e,16743,176,false,16746,end,16884
at,69.8.e,0,176,16743
at,69.8.e,1,175,16745
at,69,9,177,16746
at,69,10,176,16748
at,69,11,175,16749
seq,69.11.t,16751,173,true,16754,otherwise,16884
at,69.11.t,0,173,16751
at,69.11.t,1,172,16753
seq,69.11.e,16754,173,false,16757,end,16884
at,69.11.e,0,173,16754
at,69.11.e,1,172,16756
at,69,12,174,16757
at,69,13,173,16759
at,69,14,172,16760
at,69,15,171,16761
seq,69.15.t,16763,169,true,16856,otherwise,16884
at,69.15.t,0,169,16763
at,69.15.t,1,168,16765
at,69.15.t,2,167,16767
at,69.15.t,3,166,16769
at,69.15.t,4,165,16771
at,69.15.t,5,164,16773
at,69.15.t,6,163,16775
at,69.15.t,7,162,16777
at,69.15.t,8,161,16779
at,69.15.t,9,160,16781
at,69.15.t,10,159,16783
at,69.15.t,11,158,16785
at,69.15.t,12,157,16787
at,69.15.t,13,156,16789
at,69.15.t,14,155,16791
at,69.15.t,15,154,16793
at,69.15.t,16,153,16795
at,69.15.t,17,152,16797
at,69.15.t,18,151,16799
at,69.15.t,19,150,16801
at,69.15.t,20,149,16803
at,69.15.t,21,148,16805
at,69.15.t,22,147,16807
at,69.15.t,23,146,16809
at,69.15.t,24,145,16811
at,69.15.t,25,144,16813
at,69.15.t,26,143,16815
at,69.15.t,27,142,16817
at,69.15.t,28,141,16819
at,69.15.t,29,140,16821
at,69.15.t,30,139,16823
at,69.15.t,31,138,16825
at,69.15.t,32,137,16827
at,69.15.t,33,136,16829
at,69.15.t,34,135,16831
at,69.15.t,35,134,16833
at,69.15.t,36,133,16835
at,69.15.t,37,132,16837
at,69.15.t,38,131,16839
at,69.15.t,39,130,16841
at,69.15.t,40,129,16843
at,69.15.t,41,128,16845
at,69.15.t,42,127,16847
at,69.15.t,43,126,16849
at,69.15.t,44,125,16851
at,69.15.t,45,124,16853
at,69.15.t,46,123,16855
seq,69.15.e,16856,169,false,16877,end,16884
at,69.15.e,0,169,16856
at,69.15.e,1,168,16858
at,69.15.e,2,167,16860
at,69.15.e,3,166,16862
at,69.15.e,4,165,16864
at,69.15.e,5,164,16866
at,69.15.e,6,163,16868
at,69.15.e,7,162,16870
at,69.15.e,8,161,16872
at,69.15.e,9,160,16874
at,69.15.e,10,159,16876
at,69,16,170,16877
at,69,17,169,16879
at,69,18,168,16881
at,69,19,167,16883
70,code,16884,17186,16889,16886
70,0,297,16889
70,1,296,16891
70,2,295,16893
70,3,294,16895
70,4,293,16897
70,5,292,16899
70,6,291,16901
70,7,290,16903
70,8,289,16905
70,9,288,16907
70,10,287,16909
70,11,286,16911
70,12,285,16913
70,13,284,16915
70,14,283,16917
70,15,282,16919
70,16,281,16921
70,17,280,16923
70,18,279,16925
70,19,278,16927
70,20,277,16929
70,21,276,16931
70,22,275,16933
70,23,274,16935
70,24,273,16937
70,25,272,16939
70,26,271,16941
70,27,270,16943
70,28,269,16945
70,29,268,16947
70,30,267,16949
70,31,266,16951
70,32,265,16953
70,33,264,16955
70,34,263,16957
70,35,262,16959
70,36,261,16961
70,37,260,16963
70,38,259,16965
70,39,258,16967
70,40,257,16969
70,41,256,16971
70,42,255,16973
70,43,254,16975
70,44,253,16977
70,45,252,16979
70,46,251,16981
70,47,250,16983
70,48,249,16985
70,49,248,16987
70,50,247,16989
70,51,246,16991
70,52,245,16993
70,53,244,16995
70,54,243,16997
70,55,242,16999
70,56,241,17001
70,57,240,17003
70,58,239,17005
70,59,238,17007
70,60,237,17009
70,61,236,17011
70,62,235,17013
70,63,234,17015
70,64,233,17017
70,65,232,17019
70,66,231,17021
70,67,230,17023
70,68,229,17025
70,69,228,17027
70,70,227,17029
70,71,226,17031
70,72,225,17033
70,73,224,17035
70,74,223,17037
70,75,222,17039
70,76,221,17041
70,77,220,17043
70,78,219,17045
70,79,218,17047
70,80,217,17049
70,81,216,17051
70,82,215,17053
70,83,214,17055
70,84,213,17057
70,85,212,17059
70,86,211,17061
70,87,210,17063
70,88,209,17065
70,89,208,17067
70,90,207,17069
70,91,206,17071
70,92,205,17073
70,93,204,17075
70,94,203,17077
70,95,202,17079
70,96,201,17081
70,97,200,17083
70,98,199,17085
70,99,198,17087
70,100,197,17089
70,101,196,17091
70,102,195,17093
70,103,194,17095
70,104,193,17097
70,105,192,17099
70,106,191,17101
70,107,190,17103
70,108,189,17105
70,109,188,17107
70,110,187,17109
70,111,186,17111
70,112,185,17113
70,113,184,17115
70,114,183,17117
70,115,182,17119
70,116,181,17121
70,117,180,17123
70,118,179,17125
70,119,178,17127
70,120,177,17129
70,121,176,17131
70,122,175,17133
70,123,174,17135
70,124,173,17137
70,125,172,17139
70,126,171,17141
70,127,170,17143
70,128,169,17145
70,129,168,17147
70,130,167,17149
70,131,166,17151
70,132,165,17153
70,133,164,17155
70,134,163,17157
70,135,162,17159
70,136,161,17161
70,137,160,17163
70,138,159,17165
70,139,158,17167
70,140,157,17169
70,141,156,17171
70,142,155,17173
70,143,154,17175
70,144,153,17177
70,145,152,17179
70,146,151,17181
70,147,150,17183
70,148,149,17185
seq,70,16889,297,false,17186,end,17186
at,70,0,297,16889
at,70,1,296,16891
at,70,2,295,16893
at,70,3,294,16895
at,70,4,293,16897
at,70,5,292,16899
at,70,6,291,16901
at,70,7,290,16903
at,70,8,289,16905
at,70,9,288,16907
at,70,10,287,16909
at,70,11,286,16911
at,70,12,285,16913
at,70,13,284,16915
at,70,14,283,16917
at,70,15,282,16919
at,70,16,281,16921
at,70,17,280,16923
at,70,18,279,16925
at,70,19,278,16927
at,70,20,277,16929
at,70,21,276,16931
at,70,22,275,16933
at,70,23,274,16935
at,70,24,273,16937
at,70,25,272,16939
at,70,26,271,16941
at,70,27,270,16943
at,70,28,269,16945
at,70,29,268,16947
at,70,30,267,16949
at,70,31,266,16951
at,70,32,265,16953
at,70,33,264,16955
at,70,34,263,16957
at,70,35,262,16959
at,70,36,261,16961
at,70,37,260,16963
at,70,38,259,16965
at,70,39,258,16967
at,70,40,257,16969
at,70,41,256,16971
at,70,42,255,16973
at,70,43,254,16975
at,70,44,253,16977
at,70,45,252,16979
at,70,46,251,16981
at,70,47,250,16983
at,70,48,249,16985
at,70,49,248,16987
at,70,50,247,16989
at,70,51,246,16991
at,70,52,245,16993
at,70,53,244,16995
at,70,54,243,16997
at,70,55,242,16999
at,70,56,241,17001
at,70,57,240,17003
at,70,58,239,17005
at,70,59,238,17007
at,70,60,237,17009
at,70,61,236,17011
at,70,62,235,17013
at,70,63,234,17015
at,70,64,233,17017
at,70,65,232,17019
at,70,66,231,17021
at,70,67,230,17023
at,70,68,229,17025
at,70,69,228,17027
at,70,70,227,17029
at,70,71,226,17031
at,70,72,225,17033
at,70,73,224,17035
at,70,74,223,17037
at,70,75,222,17039
at,70,76,221,17041
at,70,77,220,17043
at,70,78,219,17045
at,70,79,218,17047
at,70,80,217,17049
at,70,81,216,17051
at,70,82,215,17053
at,70,83,214,17055
at,70,84,213,17057
at,70,85,212,17059
at,70,86,211,17061
at,70,87,210,17063
at,70,88,209,17065
at,70,89,208,17067
at,70,90,207,17069
at,70,91,206,17071
at,70,92,205,17073
at,70,93,204,17075
at,70,94,203,17077
at,70,95,202,17079
at,70,96,201,17081
at,70,97,200,17083
at,70,98,199,17085
at,70,99,198,17087
at,70,100,197,17089
at,70,101,196,17091
at,70,102,195,17093
at,70,103,194,17095
at,70,104,193,17097
at,70,105,192,17099
at,70,106,191,17101
at,70,107,190,17103
at,70,108,189,17105
at,70,109,188,17107
at,70,110,187,17109
at,70,111,186,17111
at,70,112,185,17113
at,70,113,184,17115
at,70,114,183,17117
at,70,115,182,17119
at,70,116,181,17121
at,70,117,180,17123
at,70,118,179,17125
at,70,119,178,17127
at,70,120,177,17129
at,70,121,176,17131
at,70,122,175,17133
at,70,123,174,17135
at,70,124,173,17137
at,70,125,172,17139
at,70,126,171,17141
at,70,127,170,17143
at,70,128,169,17145
at,70,129,168,17147
at,70,130,167,17149
at,70,131,166,17151
at,70,132,165,17153
at,70,133,164,17155
at,70,134,163,17157
at,70,135,162,17159
at,70,136,161,17161
at,70,137,160,17163
at,70,138,159,17165
at,70,139,158,17167
at,70,140,157,17169
at,70,141,156,17171
at,70,142,155,17173
at,70,143,154,17175
at,70,144,153,17177
at,70,145,152,17179
at,70,146,151,17181
at,70,147,150,17183
at,70,148,149,17185
71,code,17186,17260,17190,17187
71,0,70,17190
71,1,69,17192
71,2,68,17194
71,3,67,17196
71,4,66,17198
71,5,65,17200
71,6,64,17202
71,7,63,17204
71,8,62,17205
71,9,61,17213
71,10,60,17215
71,11,59,17216
71,12,58,17217
71,13,57,17253
71,14,56,17255
71,15,55,17257
71,16,54,17259
seq,71,17190,70,false,17260,end,17260
at,71,0,70,17190
at,71,1,69,17192
at,71,2,68,17194
at,71,3,67,17196
at,71,4,66,17198
at,71,5,65,17200
at,71,6,64,17202
at,71,7,63,17204
at,71,8,62,17205
seq,71.8.t,17207,60,true,17210,otherwise,17260
at,71.8.t,0,60,17207
at,71.8.t,1,59,17209
seq,71.8.e,17210,60,false,17213,end,17260
at,71.8.e,0,60,17210
at,71.8.e,1,59,17212
at,71,9,61,17213
at,71,10,60,17215
at,71,11,59,17216
at,71,12,58,17217
seq,71.12.t,17219,56,true,17232,otherwise,17260
at,71.12.t,0,56,17219
at,71.12.t,1,55,17221
at,71.12.t,2,54,17223
at,71.12.t,3,53,17225
at,71.12.t,4,52,17227
at,71.12.t,5,51,17229
at,71.12.t,6,50,17231
seq,71.12.e,17232,56,false,17253,end,17260
at,71.12.e,0,56,17232
at,71.12.e,1,55,17234
at,71.12.e,2,54,17236
at,71.12.e,3,53,17238
at,71.12.e,4,52,17240
at,71.12.e,5,51,17242
at,71.12.e,6,50,17244
at,71.12.e,7,49,17246
at,71.12.e,8,48,17248
at,71.12.e,9,47,17250
at,71.12.e,10,46,17252
at,71,13,57,17253
at,71,14,56,17255
at,71,15,55,17257
at,71,16,54,17259
72,code,17260,17442,17265,17262
72,0,177,17265
72,1,176,17267
72,2,175,17269
72,3,174,17271
72,4,173,17273
72,5,172,17275
72,6,171,17277
72,7,170,17279
72,8,169,17281
72,9,168,17283
72,10,167,17285
72,11,166,17287
72,12,165,17289
72,13,164,17291
72,14,163,17293
72,15,162,17295
72,16,161,17297
72,17,160,17299
72,18,159,17301
72,19,158,17303
72,20,157,17305
72,21,156,17307
72,22,155,17309
72,23,154,17311
72,24,153,17313
72,25,152,17315
72,26,151,17317
72,27,150,17319
72,28,149,17321
72,29,148,17323
72,30,147,17325
72,31,146,17327
72,32,145,17329
72,33,144,17331
72,34,143,17333
72,35,142,17335
72,36,141,17337
72,37,140,17339
72,38,139,17341
72,39,138,17343
72,40,137,17345
72,41,136,17347
72,42,135,17349
72,43,134,17351
72,44,133,17353
72,45,132,17355
72,46,131,17357
72,47,130,17359
72,48,129,17361
72,49,128,17363
72,50,127,17365
72,51,126,17367
72,52,125,17369
72,53,124,17371
72,54,123,17373
72,55,122,17375
72,56,121,17377
72,57,120,17379
72,58,119,17381
72,59,118,17383
72,60,117,17385
72,61,116,17387
72,62,115,17389
72,63,114,17391
72,64,113,17393
72,65,112,17395
72,66,111,17397
72,67,110,17399
72,68,109,17401
72,69,108,17403
72,70,107,17405
72,71,106,17407
72,72,105,17409
72,73,104,17411
72,74,103,17413
72,75,102,17415
72,76,101,17417
72,77,100,17419
72,78,99,17421
72,79,98,17423
72,80,97,17425
72,81,96,17427
72,82,95,17429
72,83,94,17431
72,84,93,17433
72,85,92,17435
72,86,91,17437
72,87,90,17439
72,88,89,17441
seq,72,17265,177,false,17442,end,17442
at,72,0,177,17265
at,72,1,176,17267
at,72,2,175,17269
at,72,3,174,17271
at,72,4,173,17273
at,72,5,172,17275
at,72,6,171,17277
at,72,7,170,17279
at,72,8,169,17281
at,72,9,168,17283
at,72,10,167,17285
at,72,11,166,17287
at,72,12,165,17289
at,72,13,164,17291
at,72,14,163,17293
at,72,15,162,17295
at,72,16,161,17297
at,72,17,160,17299
at,72,18,159,17301
at,72,19,158,17303
at,72,20,157,17305
at,72,21,156,17307
at,72,22,155,17309
at,72,23,154,17311
at,72,24,153,17313
at,72,25,152,17315
at,72,26,151,17317
at,72,27,150,17319
at,72,28,149,17321
at,72,29,148,17323
at,72,30,147,17325
at,72,31,146,17327
at,72,32,145,17329
at,72,33,144,17331
at,72,34,143,17333
at,72,35,142,17335
at,72,36,141,17337
at,72,37,140,17339
at,72,38,139,17341
at,72,39,138,17343
at,72,40,137,17345
at,72,41,136,17347
at,72,42,135,17349
at,72,43,134,17351
at,72,44,133,17353
at,72,45,132,17355
at,72,46,131,17357
at,72,47,130,17359
at,72,48,129,17361
at,72,49,128,17363
at,72,50,127,17365
at,72,51,126,17367
at,72,52,125,17369
at,72,53,124,17371
at,72,54,123,17373
at,72,55,122,17375
at,72,56,121,17377
at,72,57,120,17379
at,72,58,119,17381
at,72,59,118,17383
at,72,60,117,17385
at,72,61,116,17387
at,72,62,115,17389
at,72,63,114,17391
at,72,64,113,17393
at,72,65,112,17395
at,72,66,111,17397
at,72,67,110,17399
at,72,68,109,17401
at,72,69,108,17403
at,72,70,107,17405
at,72,71,106,17407
at,72,72,105,17409
at,72,73,104,17411
at,72,74,103,17413
at,72,75,102,17415
at,72,76,101,17417
at,72,77,100,17419
at,72,78,99,17421
at,72,79,98,17423
at,72,80,97,17425
at,72,81,96,17427
at,72,82,95,17429
at,72,83,94,17431
at,72,84,93,17433
at,72,85,92,17435
at,72,86,91,17437
at,72,87,90,17439
at,72,88,89,17441
73,code,17442,17740,17447,17444
73,0,293,17447
73,1,292,17449
73,2,291,17451
73,3,290,17453
73,4,289,17455
73,5,288,17457
73,6,287,17459
73,7,286,17461
73,8,285,17463
73,9,284,17465
73,10,283,17467
73,11,282,17469
73,12,281,17471
73,13,280,17473
73,14,279,17475
73,15,278,17477
73,16,277,17479
73,17,276,17481
73,18,275,17483
73,19,274,17485
73,20,273,17487
73,21,272,17489
73,22,271,17491
73,23,270,17493
73,24,269,17495
73,25,268,17497
73,26,267,17499
73,27,266,17501
73,28,265,17503
73,29,264,17505
73,30,263,17507
73,31,262,17509
73,32,261,17511
73,33,260,17513
73,34,259,17515
73,35,258,17517
73,36,257,17519
73,37,256,17521
73,38,255,17523
73,39,254,17525
73,40,253,17527
73,41,252,17529
73,42,251,17531
73,43,250,17533
73,44,249,17535
73,45,248,17537
73,46,247,17539
73,47,246,17541
73,48,245,17543
73,49,244,17545
73,50,243,17547
73,51,242,17549
73,52,241,17551
73,53,240,17553
73,54,239,17555
73,55,238,17557
73,56,237,17559
73,57,236,17561
73,58,235,17563
73,59,234,17565
73,60,233,17567
73,61,232,17569
73,62,231,17571
73,63,230,17573
73,64,229,17575
73,65,228,17577
73,66,227,17579
73,67,226,17581
73,68,225,17583
73,69,224,17585
73,70,223,17587
73,71,222,17589
73,72,221,17591
73,73,220,17593
73,74,219,17595
73,75,218,17597
73,76,217,17599
73,77,216,17601
73,78,215,17603
73,79,214,17605
73,80,213,17607
73,81,212,17609
73,82,211,17611
73,83,210,17613
73,84,209,17615
73,85,208,17617
73,86,207,17619
73,87,206,17621
73,88,205,17623
73,89,204,17625
73,90,203,17627
73,91,202,17629
73,92,201,17631
73,93,200,17633
73,94,199,17635
73,95,198,17637
73,96,197,17639
73,97,196,17641
73,98,195,17643
73,99,194,17645
73,100,193,17647
73,101,192,17649
73,102,191,17651
73,103,190,17653
73,104,189,17655
73,105,188,17657
73,106,187,17659
73,107,186,17661
73,108,185,17663
73,109,184,17665
73,110,183,17667
73,111,182,17669
73,112,181,17671
73,113,180,17673
73,114,179,17675
73,115,178,17677
73,116,177,17679
73,117,176,17681
73,118,175,17683
73,119,174,17685
73,120,173,17687
73,121,172,17689
73,122,171,17691
73,123,170,17693
73,124,169,17695
73,125,168,17697
73,126,167,17699
73,127,166,17701
73,128,165,17703
73,129,164,17705
73,130,163,17707
73,131,162,17709
73,132,161,17711
73,133,160,17713
73,134,159,17715
73,135,158,17717
73,136,157,17719
73,137,156,17721
73,138,155,17723
73,139,154,17725
73,140,153,17727
73,141,152,17729
73,142,151,17731
73,143,150,17733
73,144,149,17735
73,145,148,17737
73,146,147,17739
seq,73,17447,293,false,17740,end,17740
at,73,0,293,17447
at,73,1,292,17449
at,73,2,291,17451
at,73,3,290,17453
at,73,4,289,17455
at,73,5,288,17457
at,73,6,287,17459
at,73,7,286,17461
at,73,8,285,17463
at,73,9,284,17465
at,73,10,283,17467
at,73,11,282,17469
at,73,12,281,17471
at,73,13,280,17473
at,73,14,279,17475
at,73,15,278,17477
at,73,16,277,17479
at,73,17,276,17481
at,73,18,275,17483
at,73,19,274,17485
at,73,20,273,17487
at,73,21,272,17489
at,73,22,271,17491
at,73,23,270,17493
at,73,24,269,17495
at,73,25,268,17497
at,73,26,267,17499
at,73,27,266,17501
at,73,28,265,17503
at,73,29,264,17505
at,73,30,263,17507
at,73,31,262,17509
at,73,32,261,17511
at,73,33,260,17513
at,73,34,259,17515
at,73,35,258,17517
at,73,36,257,17519
at,73,37,256,17521
at,73,38,255,17523
at,73,39,254,17525
at,73,40,253,17527
at,73,41,252,17529
at,73,42,251,17531
at,73,43,250,17533
at,73,44,249,17535
at,73,45,248,17537
at,73,46,247,17539
at,73,47,246,17541
at,73,48,245,17543
at,73,49,244,17545
at,73,50,243,17547
at,73,51,242,17549
at,73,52,241,17551
at,73,53,240,17553
at,73,54,239,17555
at,73,55,238,17557
at,73,56,237,17559
at,73,57,236,17561
at,73,58,235,17563
at,73,59,234,17565
at,73,60,233,17567
at,73,61,232,17569
at,73,62,231,17571
at,73,63,230,17573
at,73,64,229,17575
at,73,65,228,17577
at,73,66,227,17579
at,73,67,226,17581
at,73,68,225,17583
at,73,69,224,17585
at,73,70,223,17587
at,73,71,222,17589
at,73,72,221,17591
at,73,73,220,17593
at,73,74,219,17595
at,73,75,218,17597
at,73,76,217,17599
at,73,77,216,17601
at,73,78,215,17603
at,73,79,214,17605
at,73,80,213,17607
at,73,81,212,17609
at,73,82,211,17611
at,73,83,210,17613
at,73,84,209,17615
at,73,85,208,17617
at,73,86,207,17619
at,73,87,206,17621
at,73,88,205,17623
at,73,89,204,17625
at,73,90,203,17627
at,73,91,202,17629
at,73,92,201,17631
at,73,93,200,17633
at,73,94,199,17635
at,73,95,198,17637
at,73,96,197,17639
at,73,97,196,17641
at,73,98,195,17643
at,73,99,194,17645
at,73,100,193,17647
at,73,101,192,17649
at,73,102,191,17651
at,73,103,190,17653
at,73,104,189,17655
at,73,105,188,17657
at,73,106,187,17659
at,73,107,186,17661
at,73,108,185,17663
at,73,109,184,17665
at,73,110,183,17667
at,73,111,182,17669
at,73,112,181,17671
at,73,113,180,17673
at,73,114,179,17675
at,73,115,178,17677
at,73,116,177,17679
at,73,117,176,17681
at,73,118,175,17683
at,73,119,174,17685
at,73,120,173,17687
at,73,121,172,17689
at,73,122,171,17691
at,73,123,170,17693
at,73,124,169,17695
at,73,125,168,17697
at,73,126,167,17699
at,73,127,166,17701
at,73,128,165,17703
at,73,129,164,17705
at,73,130,163,17707
at,73,131,162,17709
at,73,132,161,17711
at,73,133,160,17713
at,73,134,159,17715
at,73,135,158,17717
at,73,136,157,17719
at,73,137,156,17721
at,73,138,155,17723
at,73,139,154,17725
at,73,140,153,17727
at,73,141,152,17729
at,73,142,151,17731
at,73,143,150,17733
at,73,144,149,17735
at,73,145,148,17737
at,73,146,147,17739
74,code,17740,18448,17745,17742
74,0,703,17745
74,1,702,17747
74,2,701,17749
74,3,700,17751
74,4,699,17753
74,5,698,17755
74,6,697,17757
74,7,696,17759
74,8,695,17761
74,9,694,17763
74,10,693,17765
74,11,692,17767
74,12,691,17769
74,13,690,17771
74,14,689,17773
74,15,688,17775
74,16,687,17777
74,17,686,17779
74,18,685,17781
74,19,684,17783
74,20,683,17785
74,21,682,17787
74,22,681,17789
74,23,680,17791
74,24,679,17793
74,25,678,17795
74,26,677,17797
74,27,676,17799
74,28,675,17801
74,29,674,17803
74,30,673,17805
74,31,672,17807
74,32,671,17809
74,33,670,17811
74,34,669,17813
74,35,668,17815
74,36,667,17817
74,37,666,17819
74,38,665,17821
74,39,664,17823
74,40,663,17825
74,41,662,17826
74,42,661,17829
74,43,660,17831
74,44,659,17833
74,45,658,17835
74,46,657,17837
74,47,656,17839
74,48,655,17841
74,49,654,17842
74,50,653,17845
74,51,652,17847
74,52,651,17849
74,53,650,17851
74,54,649,17853
74,55,648,17855
74,56,647,17857
74,57,646,17859
74,58,645,17861
74,59,644,17863
74,60,643,17865
74,61,642,17867
74,62,641,17869
74,63,640,17871
74,64,639,17873
74,65,638,17875
74,66,637,17877
74,67,636,17879
74,68,635,17881
74,69,634,17883
74,70,633,17885
74,71,632,17887
74,72,631,17889
74,73,630,17891
74,74,629,17893
74,75,628,17895
74,76,627,17897
74,77,626,17899
74,78,625,17901
74,79,624,17903
74,80,623,17904
74,81,622,17912
74,82,621,17914
74,83,620,18375
74,84,619,18377
74,85,618,18379
74,86,617,18381
74,87,616,18383
74,88,615,18385
74,89,614,18387
74,90,613,18389
74,91,612,18391
74,92,611,18393
74,93,610,18395
74,94,609,18397
74,95,608,18399
74,96,607,18401
74,97,606,18403
74,98,605,18405
74,99,604,18407
74,100,603,18409
74,101,602,18411
74,102,601,18413
74,103,600,18415
74,104,599,18417
74,105,598,18419
74,106,597,18421
74,107,596,18423
74,108,595,18425
74,109,594,18427
74,110,593,18429
74,111,592,18431
74,112,591,18433
74,113,590,18435
74,114,589,18437
74,115,588,18439
74,116,587,18441
74,117,586,18443
74,118,585,18445
74,119,584,18447
seq,74,17745,703,false,18448,end,18448
at,74,0,703,17745
at,74,1,702,17747
at,74,2,701,17749
at,74,3,700,17751
at,74,4,699,17753
at,74,5,698,17755
at,74,6,697,17757
at,74,7,696,17759
at,74,8,695,17761
at,74,9,694,17763
at,74,10,693,17765
at,74,11,692,17767
at,74,12,691,17769
at,74,13,690,17771
at,74,14,689,17773
at,74,15,688,17775
at,74,16,687,17777
at,74,17,686,17779
at,74,18,685,17781
at,74,19,684,17783
at,74,20,683,17785
at,74,21,682,17787
at,74,22,681,17789
at,74,23,680,17791
at,74,24,679,17793
at,74,25,678,17795
at,74,26,677,17797
at,74,27,676,17799
at,74,28,675,17801
at,74,29,674,17803
at,74,30,673,17805
at,74,31,672,17807
at,74,32,671,17809
at,74,33,670,17811
at,74,34,669,17813
at,74,35,668,17815
at,74,36,667,17817
at,74,37,666,17819
at,74,38,665,17821
at,74,39,664,17823
at,74,40,663,17825
at,74,41,662,17826
at,74,42,661,17829
at,74,43,660,17831
at,74,44,659,17833
at,74,45,658,17835
at,74,46,657,17837
at,74,47,656,17839
at,74,48,655,17841
at,74,49,654,17842
at,74,50,653,17845
at,74,51,652,17847
at,74,52,651,17849
at,74,53,650,17851
at,74,54,649,17853
at,74,55,648,17855
at,74,56,647,17857
at,74,57,646,17859
at,74,58,645,17861
at,74,59,644,17863
at,74,60,643,17865
at,74,61,642,17867
at,74,62,641,17869
at,74,63,640,17871
at,74,64,639,17873
at,74,65,638,17875
at,74,66,637,17877
at,74,67,636,17879
at,74,68,635,17881
at,74,69,634,17883
at,74,70,633,17885
at,74,71,632,17887
at,74,72,631,17889
at,74,73,630,17891
at,74,74,629,17893
at,74,75,628,17895
at,74,76,627,17897
at,74,77,626,17899
at,74,78,625,17901
at,74,79,624,17903
at,74,80,623,17904
seq,74.80.t,17906,621,true,17909,otherwise,18448
at,74.80.t,0,621,17906
at,74.80.t,1,620,17908
seq,74.80.e,17909,621,false,17912,end,18448
at,74.80.e,0,621,17909
at,74.80.e,1,620,17911
at,74,81,622,17912
at,74,82,621,17914
seq,74.82.t,17916,619,false,18375,end,18448
at,74.82.t,0,619,17916
seq,74.82.t.0.t,17918,617,false,18374,end,18448
at,74.82.t.0.t,0,617,17918
at,74.82.t.0.t,1,616,17920
at,74.82.t.0.t,2,615,17922
at,74.82.t.0.t,3,614,17923
at,74.82.t.0.t,4,613,17925
at,74.82.t.0.t,5,612,17927
at,74.82.t.0.t,6,611,17929
at,74.82.t.0.t,7,610,17931
at,74.82.t.0.t,8,609,17932
at,74.82.t.0.t,9,608,17934
at,74.82.t.0.t,10,607,17935
at,74.82.t.0.t,11,606,17937
at,74.82.t.0.t,12,605,17938
at,74.82.t.0.t,13,604,17939
at,74.82.t.0.t,14,603,17940
at,74.82.t.0.t,15,602,17943
at,74.82.t.0.t,16,601,17945
at,74.82.t.0.t,17,600,17947
at,74.82.t.0.t,18,599,17949
at,74.82.t.0.t,19,598,17951
at,74.82.t.0.t,20,597,17952
at,74.82.t.0.t,21,596,17954
at,74.82.t.0.t,22,595,17955
at,74.82.t.0.t,23,594,17957
at,74.82.t.0.t,24,593,17958
at,74.82.t.0.t,25,592,17959
at,74.82.t.0.t,26,591,17960
at,74.82.t.0.t,27,590,17963
at,74.82.t.0.t,28,589,17965
at,74.82.t.0.t,29,588,17967
at,74.82.t.0.t,30,587,17969
at,74.82.t.0.t,31,586,17971
at,74.82.t.0.t,32,585,17972
at,74.82.t.0.t,33,584,17974
at,74.82.t.0.t,34,583,17975
at,74.82.t.0.t,35,582,17977
at,74.82.t.0.t,36,581,17978
at,74.82.t.0.t,37,580,17979
at,74.82.t.0.t,38,579,17980
at,74.82.t.0.t,39,578,17983
at,74.82.t.0.t,40,577,17985
at,74.82.t.0.t,41,576,17987
at,74.82.t.0.t,42,575,17989
at,74.82.t.0.t,43,574,17991
at,74.82.t.0.t,44,573,17992
at,74.82.t.0.t,45,572,17994
at,74.82.t.0.t,46,571,17995
at,74.82.t.0.t,47,570,17997
at,74.82.t.0.t,48,569,17998
at,74.82.t.0.t,49,568,17999
at,74.82.t.0.t,50,567,18000
at,74.82.t.0.t,51,566,18003
at,74.82.t.0.t,52,565,18005
at,74.82.t.0.t,53,564,18007
at,74.82.t.0.t,54,563,18009
at,74.82.t.0.t,55,562,18011
at,74.82.t.0.t,56,561,18012
at,74.82.t.0.t,57,560,18014
at,74.82.t.0.t,58,559,18015
at,74.82.t.0.t,59,558,18017
at,74.82.t.0.t,60,557,18018
at,74.82.t.0.t,61,556,18019
at,74.82.t.0.t,62,555,18020
at,74.82.t.0.t,63,554,18023
at,74.82.t.0.t,64,553,18025
at,74.82.t.0.t,65,552,18027
at,74.82.t.0.t,66,551,18029
at,74.82.t.0.t,67,550,18031
at,74.82.t.0.t,68,549,18032
at,74.82.t.0.t,69,548,18034
at,74.82.t.0.t,70,547,18035
at,74.82.t.0.t,71,546,18037
at,74.82.t.0.t,72,545,18038
at,74.82.t.0.t,73,544,18039
at,74.82.t.0.t,74,543,18040
at,74.82.t.0.t,75,542,18043
at,74.82.t.0.t,76,541,18045
at,74.82.t.0.t,77,540,18047
at,74.82.t.0.t,78,539,18049
at,74.82.t.0.t,79,538,18051
at,74.82.t.0.t,80,537,18052
at,74.82.t.0.t,81,536,18054
at,74.82.t.0.t,82,535,18055
at,74.82.t.0.t,83,534,18057
at,74.82.t.0.t,84,533,18058
at,74.82.t.0.t,85,532,18059
at,74.82.t.0.t,86,531,18060
at,74.82.t.0.t,87,530,18063
at,74.82.t.0.t,88,529,18065
at,74.82.t.0.t,89,528,18067
at,74.82.t.0.t,90,527,18069
at,74.82.t.0.t,91,526,18071
at,74.82.t.0.t,92,525,18073
at,74.82.t.0.t,93,524,18075
at,74.82.t.0.t,94,523,18077
at,74.82.t.0.t,95,522,18079
at,74.82.t.0.t,96,521,18081
at,74.82.t.0.t,97,520,18083
at,74.82.t.0.t,98,519,18085
at,74.82.t.0.t,99,518,18087
at,74.82.t.0.t,100,517,18089
at,74.82.t.0.t,101,516,18091
at,74.82.t.0.t,102,515,18093
at,74.82.t.0.t,103,514,18095
at,74.82.t.0.t,104,513,18097
at,74.82.t.0.t,105,512,18099
at,74.82.t.0.t,106,511,18101
at,74.82.t.0.t,107,510,18103
at,74.82.t.0.t,108,509,18105
at,74.82.t.0.t,109,508,18107
at,74.82.t.0.t,110,507,18109
at,74.82.t.0.t,111,506,18111
at,74.82.t.0.t,112,505,18113
at,74.82.t.0.t,113,504,18115
at,74.82.t.0.t,114,503,18117
at,74.82.t.0.t,115,502,18119
at,74.82.t.0.t,116,501,18121
at,74.82.t.0.t,117,500,18123
at,74.82.t.0.t,118,499,18125
at,74.82.t.0.t,119,498,18127
at,74.82.t.0.t,120,497,18129
at,74.82.t.0.t,121,496,18131
at,74.82.t.0.t,122,495,18133
at,74.82.t.0.t,123,494,18135
at,74.82.t.0.t,124,493,18137
at,74.82.t.0.t,125,492,18139
at,74.82.t.0.t,126,491,18141
at,74.82.t.0.t,127,490,18143
at,74.82.t.0.t,128,489,18145
at,74.82.t.0.t,129,488,18147
at,74.82.t.0.t,130,487,18149
at,74.82.t.0.t,131,486,18151
at,74.82.t.0.t,132,485,18153
at,74.82.t.0.t,133,484,18155
at,74.82.t.0.t,134,483,18157
at,74.82.t.0.t,135,482,18159
at,74.82.t.0.t,136,481,18161
at,74.82.t.0.t,137,480,18163
at,74.82.t.0.t,138,479,18165
at,74.82.t.0.t,139,478,18167
at,74.82.t.0.t,140,477,18169
at,74.82.t.0.t,141,476,18171
at,74.82.t.0.t,142,475,18173
at,74.82.t.0.t,143,474,18175
at,74.82.t.0.t,144,473,18177
at,74.82.t.0.t,145,472,18179
at,74.82.t.0.t,146,471,18181
at,74.82.t.0.t,147,470,18183
at,74.82.t.0.t,148,469,18185
at,74.82.t.0.t,149,468,18187
at,74.82.t.0.t,150,467,18189
at,74.82.t.0.t,151,466,18191
at,74.82.t.0.t,152,465,18193
at,74.82.t.0.t,153,464,18195
at,74.82.t.0.t,154,463,18197
at,74.82.t.0.t,155,462,18199
at,74.82.t.0.t,156,461,18201
at,74.82.t.0.t,157,460,18203
at,74.82.t.0.t,158,459,18205
at,74.82.t.0.t,159,458,18207
at,74.82.t.0.t,160,457,18209
at,74.82.t.0.t,161,456,18211
at,74.82.t.0.t,162,455,18213
at,74.82.t.0.t,163,454,18215
at,74.82.t.0.t,164,453,18217
at,74.82.t.0.t,165,452,18219
at,74.82.t.0.t,166,451,18221
at,74.82.t.0.t,167,450,18223
at,74.82.t.0.t,168,449,18225
at,74.82.t.0.t,169,448,18227
at,74.82.t.0.t,170,447,18229
at,74.82.t.0.t,171,446,18231
at,74.82.t.0.t,172,445,18233
at,74.82.t.0.t,173,444,18235
at,74.82.t.0.t,174,443,18237
at,74.82.t.0.t,175,442,18239
at,74.82.t.0.t,176,441,18241
at,74.82.t.0.t,177,440,18243
at,74.82.t.0.t,178,439,18245
at,74.82.t.0.t,179,438,18247
at,74.82.t.0.t,180,437,18249
at,74.82.t.0.t,181,436,18251
at,74.82.t.0.t,182,435,18253
at,74.82.t.0.t,183,434,18255
at,74.82.t.0.t,184,433,18257
at,74.82.t.0.t,185,432,18259
at,74.82.t.0.t,186,431,18261
at,74.82.t.0.t,187,430,18263
at,74.82.t.0.t,188,429,18265
at,74.82.t.0.t,189,428,18267
at,74.82.t.0.t,190,427,18269
at,74.82.t.0.t,191,426,18271
at,74.82.t.0.t,192,425,18273
at,74.82.t.0.t,193,424,18275
at,74.82.t.0.t,194,423,18277
at,74.82.t.0.t,195,422,18279
at,74.82.t.0.t,196,421,18281
at,74.82.t.0.t,197,420,18283
at,74.82.t.0.t,198,419,18285
at,74.82.t.0.t,199,418,18287
at,74.82.t.0.t,200,417,18289
at,74.82.t.0.t,201,416,18291
at,74.82.t.0.t,202,415,18293
at,74.82.t.0.t,203,414,18295
at,74.82.t.0.t,204,413,18297
at,74.82.t.0.t,205,412,18299
at,74.82.t.0.t,206,411,18301
at,74.82.t.0.t,207,410,18303
at,74.82.t.0.t,208,409,18305
at,74.82.t.0.t,209,408,18307
at,74.82.t.0.t,210,407,18309
at,74.82.t.0.t,211,406,18311
at,74.82.t.0.t,212,405,18313
at,74.82.t.0.t,213,404,18315
at,74.82.t.0.t,214,403,18317
at,74.82.t.0.t,215,402,18319
at,74.82.t.0.t,216,401,18321
at,74.82.t.0.t,217,400,18323
at,74.82.t.0.t,218,399,18325
at,74.82.t.0.t,219,398,18327
at,74.82.t.0.t,220,397,18329
at,74.82.t.0.t,221,396,18331
at,74.82.t.0.t,222,395,18333
at,74.82.t.0.t,223,394,18335
at,74.82.t.0.t,224,393,18337
at,74.82.t.0.t,225,392,18339
at,74.82.t.0.t,226,391,18341
at,74.82.t.0.t,227,390,18343
at,74.82.t.0.t,228,389,18345
at,74.82.t.0.t,229,388,18347
at,74.82.t.0.t,230,387,18349
at,74.82.t.0.t,231,386,18351
at,74.82.t.0.t,232,385,18353
at,74.82.t.0.t,233,384,18355
at,74.82.t.0.t,234,383,18357
at,74.82.t.0.t,235,382,18359
at,74.82.t.0.t,236,381,18361
at,74.82.t.0.t,237,380,18362
at,74.82.t.0.t,238,379,18364
at,74.82.t.0.t,239,378,18366
at,74.82.t.0.t,240,377,18368
at,74.82.t.0.t,241,376,18369
at,74.82.t.0.t,242,375,18371
at,74.82.t.0.t,243,374,18373
at,74.82.t,1,618,18374
at,74,83,620,18375
at,74,84,619,18377
at,74,85,618,18379
at,74,86,617,18381
at,74,87,616,18383
at,74,88,615,18385
at,74,89,614,18387
at,74,90,613,18389
at,74,91,612,18391
at,74,92,611,18393
at,74,93,610,18395
at,74,94,609,18397
at,74,95,608,18399
at,74,96,607,18401
at,74,97,606,18403
at,74,98,605,18405
at,74,99,604,18407
at,74,100,603,18409
at,74,101,602,18411
at,74,102,601,18413
at,74,103,600,18415
at,74,104,599,18417
at,74,105,598,18419
at,74,106,597,18421
at,74,107,596,18423
at,74,108,595,18425
at,74,109,594,18427
at,74,110,593,18429
at,74,111,592,18431
at,74,112,591,18433
at,74,113,590,18435
at,74,114,589,18437
at,74,115,588,18439
at,74,116,587,18441
at,74,117,586,18443
at,74,118,585,18445
at,74,119,584,18447
75,code,18448,18786,18453,18450
75,0,333,18453
75,1,332,18455
75,2,331,18457
75,3,330,18459
75,4,329,18461
75,5,328,18463
75,6,327,18465
75,7,326,18467
75,8,325,18469
75,9,324,18471
75,10,323,18473
75,11,322,18475
75,12,321,18477
75,13,320,18479
75,14,319,18481
75,15,318,18483
75,16,317,18485
75,17,316,18487
75,18,315,18489
75,19,314,18491
75,20,313,18493
75,21,312,18495
75,22,311,18497
75,23,310,18499
75,24,309,18501
75,25,308,18503
75,26,307,18505
75,27,306,18507
75,28,305,18509
75,29,304,18511
75,30,303,18513
75,31,302,18515
75,32,301,18517
75,33,300,18519
75,34,299,18521
75,35,298,18523
75,36,297,18525
75,37,296,18527
75,38,295,18529
75,39,294,18531
75,40,293,18533
75,41,292,18535
75,42,291,18537
75,43,290,18539
75,44,289,18541
75,45,288,18543
75,46,287,18545
75,47,286,18547
75,48,285,18549
75,49,284,18551
75,50,283,18553
75,51,282,18555
75,52,281,18557
75,53,280,18559
75,54,279,18561
75,55,278,18563
75,56,277,18565
75,57,276,18567
75,58,275,18569
75,59,274,18571
75,60,273,18573
75,61,272,18575
75,62,271,18577
75,63,270,18579
75,64,269,18581
75,65,268,18583
75,66,267,18585
75,67,266,18587
75,68,265,18589
75,69,264,18591
75,70,263,18593
75,71,262,18595
75,72,261,18597
75,73,260,18599
75,74,259,18601
75,75,258,18603
75,76,257,18605
75,77,256,18607
75,78,255,18609
75,79,254,18611
75,80,253,18613
75,81,252,18615
75,82,251,18617
75,83,250,18619
75,84,249,18621
75,85,248,18623
75,86,247,18625
75,87,246,18627
75,88,245,18629
75,89,244,18631
75,90,243,18633
75,91,242,18635
75,92,241,18637
75,93,240,18639
75,94,239,18641
75,95,238,18643
75,96,237,18645
75,97,236,18647
75,98,235,18649
75,99,234,18651
75,100,233,18653
75,101,232,18655
75,102,231,18657
75,103,230,18659
75,104,229,18661
75,105,228,18663
75,106,227,18665
75,107,226,18667
75,108,225,18669
75,109,224,18671
75,110,223,18673
75,111,222,18675
75,112,221,18677
75,113,220,18679
75,114,219,18681
75,115,218,18683
75,116,217,18685
75,117,216,18687
75,118,215,18689
75,119,214,18691
75,120,213,18693
75,121,212,18695
75,122,211,18697
75,123,210,18699
75,124,209,18701
75,125,208,18703
75,126,207,18705
75,127,206,18707
75,128,205,18709
75,129,204,18711
75,130,203,18713
75,131,202,18715
75,132,201,18717
75,133,200,18719
75,134,199,18721
75,135,198,18723
75,136,197,18725
75,137,196,18727
75,138,195,18729
75,139,194,18731
75,140,193,18733
75,141,192,18735
75,142,191,18737
75,143,190,18739
75,144,189,18741
75,145,188,18743
75,146,187,18745
75,147,186,18747
75,148,185,18749
75,149,184,18751
75,150,183,18753
75,151,182,18755
75,152,181,18757
75,153,180,18759
75,154,179,18761
75,155,178,18763
75,156,177,18765
75,157,176,18767
75,158,175,18769
75,159,174,18771
75,160,173,18773
75,161,172,18775
75,162,171,18777
75,163,170,18779
75,164,169,18781
75,165,168,18783
75,166,167,18785
seq,75,18453,333,false,18786,end,18786
at,75,0,333,18453
at,75,1,332,18455
at,75,2,331,18457
at,75,3,330,18459
at,75,4,329,18461
at,75,5,328,18463
at,75,6,327,18465
at,75,7,326,18467
at,75,8,325,18469
at,75,9,324,18471
at,75,10,323,18473
at,75,11,322,18475
at,75,12,321,18477
at,75,13,320,18479
at,75,14,319,18481
at,75,15,318,18483
at,75,16,317,18485
at,75,17,316,18487
at,75,18,315,18489
at,75,19,314,18491
at,75,20,313,18493
at,75,21,312,18495
at,75,22,311,18497
at,75,23,310,18499
at,75,24,309,18501
at,75,25,308,18503
at,75,26,307,18505
at,75,27,306,18507
at,75,28,305,18509
at,75,29,304,18511
at,75,30,303,18513
at,75,31,302,18515
at,75,32,301,18517
at,75,33,300,18519
at,75,34,299,18521
at,75,35,298,18523
at,75,36,297,18525
at,75,37,296,18527
at,75,38,295,18529
at,75,39,294,18531
at,75,40,293,18533
at,75,41,292,18535
at,75,42,291,18537
at,75,43,290,18539
at,75,44,289,18541
at,75,45,288,18543
at,75,46,287,18545
at,75,47,286,18547
at,75,48,285,18549
at,75,49,284,18551
at,75,50,283,18553
at,75,51,282,18555
at,75,52,281,18557
at,75,53,280,18559
at,75,54,279,18561
at,75,55,278,18563
at,75,56,277,18565
at,75,57,276,18567
at,75,58,275,18569
at,75,59,274,18571
at,75,60,273,18573
at,75,61,272,18575
at,75,62,271,18577
at,75,63,270,18579
at,75,64,269,18581
at,75,65,268,18583
at,75,66,267,18585
at,75,67,266,18587
at,75,68,265,18589
at,75,69,264,18591
at,75,70,263,18593
at,75,71,262,18595
at,75,72,261,18597
at,75,73,260,18599
at,75,74,259,18601
at,75,75,258,18603
at,75,76,257,18605
at,75,77,256,18607
at,75,78,255,18609
at,75,79,254,18611
at,75,80,253,18613
at,75,81,252,18615
at,75,82,251,18617
at,75,83,250,18619
at,75,84,249,18621
at,75,85,248,18623
at,75,86,247,18625
at,75,87,246,18627
at,75,88,245,18629
at,75,89,244,18631
at,75,90,243,18633
at,75,91,242,18635
at,75,92,241,18637
at,75,93,240,18639
at,75,94,239,18641
at,75,95,238,18643
at,75,96,237,18645
at,75,97,236,18647
at,75,98,235,18649
at,75,99,234,18651
at,75,100,233,18653
at,75,101,232,18655
at,75,102,231,18657
at,75,103,230,18659
at,75,104,229,18661
at,75,105,228,18663
at,75,106,227,18665
at,75,107,226,18667
at,75,108,225,18669
at,75,109,224,18671
at,75,110,223,18673
at,75,111,222,18675
at,75,112,221,18677
at,75,113,220,18679
at,75,114,219,18681
at,75,115,218,18683
at,75,116,217,18685
at,75,117,216,18687
at,75,118,215,18689
at,75,119,214,18691
at,75,120,213,18693
at,75,121,212,18695
at,75,122,211,18697
at,75,123,210,18699
at,75,124,209,18701
at,75,125,208,18703
at,75,126,207,18705
at,75,127,206,18707
at,75,128,205,18709
at,75,129,204,18711
at,75,130,203,18713
at,75,131,202,18715
at,75,132,201,18717
at,75,133,200,18719
at,75,134,199,18721
at,75,135,198,18723
at,75,136,197,18725
at,75,137,196,18727
at,75,138,195,18729
at,75,139,194,18731
at,75,140,193,18733
at,75,141,192,18735
at,75,142,191,18737
at,75,143,190,18739
at,75,144,189,18741
at,75,145,188,18743
at,75,146,187,18745
at,75,147,186,18747
at,75,148,185,18749
at,75,149,184,18751
at,75,150,183,18753
at,75,151,182,18755
at,75,152,181,18757
at,75,153,180,18759
at,75,154,179,18761
at,75,155,178,18763
at,75,156,177,18765
at,75,157,176,18767
at,75,158,175,18769
at,75,159,174,18771
at,75,160,173,18773
at,75,161,172,18775
at,75,162,171,18777
at,75,163,170,18779
at,75,164,169,18781
at,75,165,168,18783
at,75,166,167,18785
76,code,18786,18805,18790,18787
76,0,15,18790
76,1,14,18800
76,2,13,18802
76,3,12,18804
seq,76,18790,15,false,18805,end,18805
at,76,0,15,18790
at,76,1,14,18800
at,76,2,13,18802
at,76,3,12,18804
77,code,18805,18914,18809,18806
77,0,105,18809
77,1,104,18811
77,2,103,18813
77,3,102,18814
77,4,101,18822
77,5,100,18824
77,6,99,18825
77,7,98,18826
77,8,97,18849
77,9,96,18857
77,10,95,18859
77,11,94,18860
77,12,93,18868
77,13,92,18870
77,14,91,18871
77,15,90,18872
77,16,89,18909
77,17,88,18911
77,18,87,18913
seq,77,18809,105,false,18914,end,18914
at,77,0,105,18809
at,77,1,104,18811
at,77,2,103,18813
at,77,3,102,18814
seq,77.3.t,18816,100,true,18819,otherwise,18914
at,77.3.t,0,100,18816
at,77.3.t,1,99,18818
seq,77.3.e,18819,100,false,18822,end,18914
at,77.3.e,0,100,18819
at,77.3.e,1,99,18821
at,77,4,101,18822
at,77,5,100,18824
at,77,6,99,18825
at,77,7,98,18826
seq,77.7.t,18828,96,true,18846,otherwise,18914
at,77.7.t,0,96,18828
at,77.7.t,1,95,18830
at,77.7.t,2,94,18832
at,77.7.t,3,93,18833
seq,77.7.t.3.t,18835,91,true,18838,otherwise,18914
at,77.7.t.3.t,0,91,18835
at,77.7.t.3.t,1,90,18837
seq,77.7.t.3.e,18838,91,false,18841,end,18914
at,77.7.t.3.e,0,91,18838
at,77.7.t.3.e,1,90,18840
at,77.7.t,4,92,18841
at,77.7.t,5,91,18843
at,77.7.t,6,90,18844
at,77.7.t,7,89,18845
seq,77.7.e,18846,96,false,18849,end,18914
at,77.7.e,0,96,18846
at,77.7.e,1,95,18848
at,77,8,97,18849
seq,77.8.t,18851,95,true,18854,otherwise,18914
at,77.8.t,0,95,18851
at,77.8.t,1,94,18853
seq,77.8.e,18854,95,false,18857,end,18914
at,77.8.e,0,95,18854
at,77.8.e,1,94,18856
at,77,9,96,18857
at,77,10,95,18859
at,77,11,94,18860
seq,77.11.t,18862,92,true,18865,otherwise,18914
at,77.11.t,0,92,18862
at,77.11.t,1,91,18864
seq,77.11.e,18865,92,false,18868,end,18914
at,77.11.e,0,92,18865
at,77.11.e,1,91,18867
at,77,12,93,18868
at,77,13,92,18870
at,77,14,91,18871
at,77,15,90,18872
seq,77.15.t,18874,88,true,18894,otherwise,18914
at,77.15.t,0,88,18874
at,77.15.t,1,87,18876
at,77.15.t,2,86,18878
at,77.15.t,3,85,18880
at,77.15.t,4,84,18882
at,77.15.t,5,83,18883
seq,77.15.t.5.t,18885,81,true,18888,otherwise,18914
at,77.15.t.5.t,0,81,18885
at,77.15.t.5.t,1,80,18887
seq,77.15.t.5.e,18888,81,false,18891,end,18914
at,77.15.t.5.e,0,81,18888
at,77.15.t.5.e,1,80,18890
at,77.15.t,6,82,18891
at,77.15.t,7,81,18893
seq,77.15.e,18894,88,false,18909,end,18914
at,77.15.e,0,88,18894
at,77.15.e,1,87,18896
at,77.15.e,2,86,18898
at,77.15.e,3,85,18900
at,77.15.e,4,84,18902
at,77.15.e,5,83,18904
at,77.15.e,6,82,18906
at,77.15.e,7,81,18908
at,77,16,89,18909
at,77,17,88,18911
at,77,18,87,18913
78,code,18914,19026,18918,18915
78,0,108,18918
78,1,107,18920
78,2,106,18922
78,3,105,18924
78,4,104,18926
78,5,103,18928
78,6,102,18929
78,7,101,18930
78,8,100,18948
78,9,99,18956
78,10,98,18958
78,11,97,18959
78,12,96,18967
78,13,95,18969
78,14,94,18970
78,15,93,18971
78,16,92,19021
78,17,91,19023
78,18,90,19025
seq,78,18918,108,false,19026,end,19026
at,78,0,108,18918
at,78,1,107,18920
at,78,2,106,18922
at,78,3,105,18924
at,78,4,104,18926
at,78,5,103,18928
at,78,6,102,18929
at,78,7,101,18930
seq,78.7.t,18932,99,true,18945,otherwise,19026
at,78.7.t,0,99,18932
at,78.7.t,1,98,18934
at,78.7.t,2,97,18936
at,78.7.t,3,96,18938
at,78.7.t,4,95,18940
at,78.7.t,5,94,18942
at,78.7.t,6,93,18943
at,78.7.t,7,92,18944
seq,78.7.e,18945,99,false,18948,end,19026
at,78.7.e,0,99,18945
at,78.7.e,1,98,18947
at,78,8,100,18948
seq,78.8.t,18950,98,true,18953,otherwise,19026
at,78.8.t,0,98,18950
at,78.8.t,1,97,18952
seq,78.8.e,18953,98,false,18956,end,19026
at,78.8.e,0,98,18953
at,78.8.e,1,97,18955
at,78,9,99,18956
at,78,10,98,18958
at,78,11,97,18959
seq,78.11.t,18961,95,true,18964,otherwise,19026
at,78.11.t,0,95,18961
at,78.11.t,1,94,18963
seq,78.11.e,18964,95,false,18967,end,19026
at,78.11.e,0,95,18964
at,78.11.e,1,94,18966
at,78,12,96,18967
at,78,13,95,18969
at,78,14,94,18970
at,78,15,93,18971
seq,78.15.t,18973,91,true,19006,otherwise,19026
at,78.15.t,0,91,18973
at,78.15.t,1,90,18975
at,78.15.t,2,89,18977
at,78.15.t,3,88,18979
at,78.15.t,4,87,18980
at,78.15.t,5,86,18982
at,78.15.t,6,85,18983
at,78.15.t,7,84,18984
at,78.15.t,8,83,18985
at,78.15.t,9,82,18987
at,78.15.t,10,81,18989
at,78.15.t,11,80,18991
at,78.15.t,12,79,18993
at,78.15.t,13,78,18995
at,78.15.t,14,77,18997
at,78.15.t,15,76,18999
at,78.15.t,16,75,19001
at,78.15.t,17,74,19003
at,78.15.t,18,73,19005
seq,78.15.e,19006,91,false,19021,end,19026
at,78.15.e,0,91,19006
at,78.15.e,1,90,19008
at,78.15.e,2,89,19010
at,78.15.e,3,88,19012
at,78.15.e,4,87,19014
at,78.15.e,5,86,19016
at,78.15.e,6,85,19018
at,78.15.e,7,84,19020
at,78,16,92,19021
at,78,17,91,19023
at,78,18,90,19025
79,code,19026,19377,19031,19028
79,0,346,19031
79,1,345,19033
79,2,344,19035
79,3,343,19037
79,4,342,19039
79,5,341,19041
79,6,340,19043
79,7,339,19045
79,8,338,19047
79,9,337,19049
79,10,336,19051
79,11,335,19053
79,12,334,19055
79,13,333,19057
79,14,332,19059
79,15,331,19061
79,16,330,19063
79,17,329,19065
79,18,328,19067
79,19,327,19069
79,20,326,19071
79,21,325,19073
79,22,324,19075
79,23,323,19077
79,24,322,19079
79,25,321,19081
79,26,320,19083
79,27,319,19085
79,28,318,19087
79,29,317,19089
79,30,316,19091
79,31,315,19093
79,32,314,19095
79,33,313,19097
79,34,312,19099
79,35,311,19100
79,36,310,19108
79,37,309,19110
79,38,308,19111
79,39,307,19112
79,40,306,19135
79,41,305,19143
79,42,304,19145
79,43,303,19146
79,44,302,19154
79,45,301,19156
79,46,300,19157
79,47,299,19158
79,48,298,19372
79,49,297,19374
79,50,296,19376
seq,79,19031,346,false,19377,end,19377
at,79,0,346,19031
at,79,1,345,19033
at,79,2,344,19035
at,79,3,343,19037
at,79,4,342,19039
at,79,5,341,19041
at,79,6,340,19043
at,79,7,339,19045
at,79,8,338,19047
at,79,9,337,19049
at,79,10,336,19051
at,79,11,335,19053
at,79,12,334,19055
at,79,13,333,19057
at,79,14,332,19059
at,79,15,331,19061
at,79,16,330,19063
at,79,17,329,19065
at,79,18,328,19067
at,79,19,327,19069
at,79,20,326,19071
at,79,21,325,19073
at,79,22,324,19075
at,79,23,323,19077
at,79,24,322,19079
at,79,25,321,19081
at,79,26,320,19083
at,79,27,319,19085
at,79,28,318,19087
at,79,29,317,19089
at,79,30,316,19091
at,79,31,315,19093
at,79,32,314,19095
at,79,33,313,19097
at,79,34,312,19099
at,79,35,311,19100
seq,79.35.t,19102,309,true,19105,otherwise,19377
at,79.35.t,0,309,19102
at,79.35.t,1,308,19104
seq,79.35.e,19105,309,false,19108,end,19377
at,79.35.e,0,309,19105
at,79.35.e,1,308,19107
at,79,36,310,19108
at,79,37,309,19110
at,79,38,308,19111
at,79,39,307,19112
seq,79.39.t,19114,305,true,19132,otherwise,19377
at,79.39.t,0,305,19114
at,79.39.t,1,304,19116
at,79.39.t,2,303,19118
at,79.39.t,3,302,19119
seq,79.39.t.3.t,19121,300,true,19124,otherwise,19377
at,79.39.t.3.t,0,300,19121
at,79.39.t.3.t,1,299,19123
seq,79.39.t.3.e,19124,300,false,19127,end,19377
at,79.39.t.3.e,0,300,19124
at,79.39.t.3.e,1,299,19126
at,79.39.t,4,301,19127
at,79.39.t,5,300,19129
at,79.39.t,6,299,19130
at,79.39.t,7,298,19131
seq,79.39.e,19132,305,false,19135,end,19377
at,79.39.e,0,305,19132
at,79.39.e,1,304,19134
at,79,40,306,19135
seq,79.40.t,19137,304,true,19140,otherwise,19377
at,79.40.t,0,304,19137
at,79.40.t,1,303,19139
seq,79.40.e,19140,304,false,19143,end,19377
at,79.40.e,0,304,19140
at,79.40.e,1,303,19142
at,79,41,305,19143
at,79,42,304,19145
at,79,43,303,19146
seq,79.43.t,19148,301,true,19151,otherwise,19377
at,79.43.t,0,301,19148
at,79.43.t,1,300,19150
seq,79.43.e,19151,301,false,19154,end,19377
at,79.43.e,0,301,19151
at,79.43.e,1,300,19153
at,79,44,302,19154
at,79,45,301,19156
at,79,46,300,19157
at,79,47,299,19158
seq,79.47.t,19160,297,true,19357,otherwise,19377
at,79.47.t,0,297,19160
at,79.47.t,1,296,19162
at,79.47.t,2,295,19164
at,79.47.t,3,294,19166
at,79.47.t,4,293,19168
at,79.47.t,5,292,19170
at,79.47.t,6,291,19172
at,79.47.t,7,290,19174
at,79.47.t,8,289,19176
at,79.47.t,9,288,19178
at,79.47.t,10,287,19180
at,79.47.t,11,286,19182
at,79.47.t,12,285,19184
at,79.47.t,13,284,19186
at,79.47.t,14,283,19188
at,79.47.t,15,282,19190
at,79.47.t,16,281,19192
at,79.47.t,17,280,19194
at,79.47.t,18,279,19196
at,79.47.t,19,278,19197
seq,79.47.t.19.t,19199,276,true,19202,otherwise,19377
at,79.47.t.19.t,0,276,19199
at,79.47.t.19.t,1,275,19201
seq,79.47.t.19.e,19202,276,false,19205,end,19377
at,79.47.t.19.e,0,276,19202
at,79.47.t.19.e,1,275,19204
at,79.47.t,20,277,19205
at,79.47.t,21,276,19207
at,79.47.t,22,275,19208
seq,79.47.t.22.t,19210,273,true,19213,otherwise,19377
at,79.47.t.22.t,0,273,19210
at,79.47.t.22.t,1,272,19212
seq,79.47.t.22.e,19213,273,false,19216,end,19377
at,79.47.t.22.e,0,273,19213
at,79.47.t.22.e,1,272,19215
at,79.47.t,23,274,19216
at,79.47.t,24,273,19218
at,79.47.t,25,272,19219
at,79.47.t,26,271,19220
seq,79.47.t.26.t,19222,269,true,19341,otherwise,19377
at,79.47.t.26.t,0,269,19222
at,79.47.t.26.t,1,268,19224
at,79.47.t.26.t,2,267,19226
at,79.47.t.26.t,3,266,19236
at,79.47.t.26.t,4,265,19238
at,79.47.t.26.t,5,264,19240
at,79.47.t.26.t,6,263,19242
at,79.47.t.26.t,7,262,19244
at,79.47.t.26.t,8,261,19246
at,79.47.t.26.t,9,260,19248
at,79.47.t.26.t,10,259,19250
at,79.47.t.26.t,11,258,19252
at,79.47.t.26.t,12,257,19254
at,79.47.t.26.t,13,256,19256
at,79.47.t.26.t,14,255,19258
at,79.47.t.26.t,15,254,19260
at,79.47.t.26.t,16,253,19262
at,79.47.t.26.t,17,252,19264
at,79.47.t.26.t,18,251,19266
at,79.47.t.26.t,19,250,19267
seq,79.47.t.26.t.19.t,19269,248,true,19272,otherwise,19377
at,79.47.t.26.t.19.t,0,248,19269
at,79.47.t.26.t.19.t,1,247,19271
seq,79.47.t.26.t.19.e,19272,248,false,19275,end,19377
at,79.47.t.26.t.19.e,0,248,19272
at,79.47.t.26.t.19.e,1,247,19274
at,79.47.t.26.t,20,249,19275
at,79.47.t.26.t,21,248,19277
at,79.47.t.26.t,22,247,19278
seq,79.47.t.26.t.22.t,19280,245,true,19283,otherwise,19377
at,79.47.t.26.t.22.t,0,245,19280
at,79.47.t.26.t.22.t,1,244,19282
seq,79.47.t.26.t.22.e,19283,245,false,19286,end,19377
at,79.47.t.26.t.22.e,0,245,19283
at,79.47.t.26.t.22.e,1,244,19285
at,79.47.t.26.t,23,246,19286
at,79.47.t.26.t,24,245,19288
at,79.47.t.26.t,25,244,19289
at,79.47.t.26.t,26,243,19290
seq,79.47.t.26.t.26.t,19292,241,true,19325,otherwise,19377
at,79.47.t.26.t.26.t,0,241,19292
at,79.47.t.26.t.26.t,1,240,19294
at,79.47.t.26.t.26.t,2,239,19296
at,79.47.t.26.t.26.t,3,238,19298
at,79.47.t.26.t.26.t,4,237,19300
at,79.47.t.26.t.26.t,5,236,19302
at,79.47.t.26.t.26.t,6,235,19304
at,79.47.t.26.t.26.t,7,234,19306
at,79.47.t.26.t.26.t,8,233,19308
at,79.47.t.26.t.26.t,9,232,19310
at,79.47.t.26.t.26.t,10,231,19312
at,79.47.t.26.t.26.t,11,230,19314
at,79.47.t.26.t.26.t,12,229,19316
at,79.47.t.26.t.26.t,13,228,19318
at,79.47.t.26.t.26.t,14,227,19320
at,79.47.t.26.t.26.t,15,226,19322
at,79.47.t.26.t.26.t,16,225,19324
seq,79.47.t.26.t.26.e,19325,241,false,19340,end,19377
at,79.47.t.26.t.26.e,0,241,19325
at,79.47.t.26.t.26.e,1,240,19327
at,79.47.t.26.t.26.e,2,239,19329
at,79.47.t.26.t.26.e,3,238,19331
at,79.47.t.26.t.26.e,4,237,19333
at,79.47.t.26.t.26.e,5,236,19335
at,79.47.t.26.t.26.e,6,235,19337
at,79.47.t.26.t.26.e,7,234,19339
at,79.47.t.26.t,27,242,19340
seq,79.47.t.26.e,19341,269,false,19356,end,19377
at,79.47.t.26.e,0,269,19341
at,79.47.t.26.e,1,268,19343
at,79.47.t.26.e,2,267,19345
at,79.47.t.26.e,3,266,19347
at,79.47.t.26.e,4,265,19349
at,79.47.t.26.e,5,264,19351
at,79.47.t.26.e,6,263,19353
at,79.47.t.26.e,7,262,19355
at,79.47.t,27,270,19356
seq,79.47.e,19357,297,false,19372,end,19377
at,79.47.e,0,297,19357
at,79.47.e,1,296,19359
at,79.47.e,2,295,19361
at,79.47.e,3,294,19363
at,79.47.e,4,293,19365
at,79.47.e,5,292,19367
at,79.47.e,6,291,19369
at,79.47.e,7,290,19371
at,79,48,298,19372
at,79,49,297,19374
at,79,50,296,19376
80,code,19377,19489,19381,19378
80,0,108,19381
80,1,107,19383
80,2,106,19385
80,3,105,19387
80,4,104,19389
80,5,103,19391
80,6,102,19392
80,7,101,19393
80,8,100,19411
80,9,99,19419
80,10,98,19421
80,11,97,19422
80,12,96,19430
80,13,95,19432
80,14,94,19433
80,15,93,19434
80,16,92,19484
80,17,91,19486
80,18,90,19488
seq,80,19381,108,false,19489,end,19489
at,80,0,108,19381
at,80,1,107,19383
at,80,2,106,19385
at,80,3,105,19387
at,80,4,104,19389
at,80,5,103,19391
at,80,6,102,19392
at,80,7,101,19393
seq,80.7.t,19395,99,true,19408,otherwise,19489
at,80.7.t,0,99,19395
at,80.7.t,1,98,19397
at,80.7.t,2,97,19399
at,80.7.t,3,96,19401
at,80.7.t,4,95,19403
at,80.7.t,5,94,19405
at,80.7.t,6,93,19406
at,80.7.t,7,92,19407
seq,80.7.e,19408,99,false,19411,end,19489
at,80.7.e,0,99,19408
at,80.7.e,1,98,19410
at,80,8,100,19411
seq,80.8.t,19413,98,true,19416,otherwise,19489
at,80.8.t,0,98,19413
at,80.8.t,1,97,19415
seq,80.8.e,19416,98,false,19419,end,19489
at,80.8.e,0,98,19416
at,80.8.e,1,97,19418
at,80,9,99,19419
at,80,10,98,19421
at,80,11,97,19422
seq,80.11.t,19424,95,true,19427,otherwise,19489
at,80.11.t,0,95,19424
at,80.11.t,1,94,19426
seq,80.11.e,19427,95,false,19430,end,19489
at,80.11.e,0,95,19427
at,80.11.e,1,94,19429
at,80,12,96,19430
at,80,13,95,19432
at,80,14,94,19433
at,80,15,93,19434
seq,80.15.t,19436,91,true,19469,otherwise,19489
at,80.15.t,0,91,19436
at,80.15.t,1,90,19438
at,80.15.t,2,89,19440
at,80.15.t,3,88,19442
at,80.15.t,4,87,19443
at,80.15.t,5,86,19445
at,80.15.t,6,85,19446
at,80.15.t,7,84,19447
at,80.15.t,8,83,19448
at,80.15.t,9,82,19450
at,80.15.t,10,81,19452
at,80.15.t,11,80,19454
at,80.15.t,12,79,19456
at,80.15.t,13,78,19458
at,80.15.t,14,77,19460
at,80.15.t,15,76,19462
at,80.15.t,16,75,19464
at,80.15.t,17,74,19466
at,80.15.t,18,73,19468
seq,80.15.e,19469,91,false,19484,end,19489
at,80.15.e,0,91,19469
at,80.15.e,1,90,19471
at,80.15.e,2,89,19473
at,80.15.e,3,88,19475
at,80.15.e,4,87,19477
at,80.15.e,5,86,19479
at,80.15.e,6,85,19481
at,80.15.e,7,84,19483
at,80,16,92,19484
at,80,17,91,19486
at,80,18,90,19488
81,code,19489,19608,19493,19490
81,0,115,19493
81,1,114,19495
81,2,113,19497
81,3,112,19499
81,4,111,19501
81,5,110,19503
81,6,109,19505
81,7,108,19507
81,8,107,19509
81,9,106,19511
81,10,105,19513
81,11,104,19515
81,12,103,19517
81,13,102,19519
81,14,101,19521
81,15,100,19523
81,16,99,19525
81,17,98,19527
81,18,97,19529
81,19,96,19530
81,20,95,19538
81,21,94,19540
81,22,93,19541
81,23,92,19549
81,24,91,19551
81,25,90,19552
81,26,89,19553
81,27,88,19603
81,28,87,19605
81,29,86,19607
seq,81,19493,115,false,19608,end,19608
at,81,0,115,19493
at,81,1,114,19495
at,81,2,113,19497
at,81,3,112,19499
at,81,4,111,19501
at,81,5,110,19503
at,81,6,109,19505
at,81,7,108,19507
at,81,8,107,19509
at,81,9,106,19511
at,81,10,105,19513
at,81,11,104,19515
at,81,12,103,19517
at,81,13,102,19519
at,81,14,101,19521
at,81,15,100,19523
at,81,16,99,19525
at,81,17,98,19527
at,81,18,97,19529
at,81,19,96,19530
seq,81.19.t,19532,94,true,19535,otherwise,19608
at,81.19.t,0,94,19532
at,81.19.t,1,93,19534
seq,81.19.e,19535,94,false,19538,end,19608
at,81.19.e,0,94,19535
at,81.19.e,1,93,19537
at,81,20,95,19538
at,81,21,94,19540
at,81,22,93,19541
seq,81.22.t,19543,91,true,19546,otherwise,19608
at,81.22.t,0,91,19543
at,81.22.t,1,90,19545
seq,81.22.e,19546,91,false,19549,end,19608
at,81.22.e,0,91,19546
at,81.22.e,1,90,19548
at,81,23,92,19549
at,81,24,91,19551
at,81,25,90,19552
at,81,26,89,19553
seq,81.26.t,19555,87,true,19588,otherwise,19608
at,81.26.t,0,87,19555
at,81.26.t,1,86,19557
at,81.26.t,2,85,19559
at,81.26.t,3,84,19561
at,81.26.t,4,83,19563
at,81.26.t,5,82,19565
at,81.26.t,6,81,19567
at,81.26.t,7,80,19569
at,81.26.t,8,79,19571
at,81.26.t,9,78,19573
at,81.26.t,10,77,19575
at,81.26.t,11,76,19577
at,81.26.t,12,75,19579
at,81.26.t,13,74,19581
at,81.26.t,14,73,19583
at,81.26.t,15,72,19585
at,81.26.t,16,71,19587
seq,81.26.e,19588,87,false,19603,end,19608
at,81.26.e,0,87,19588
at,81.26.e,1,86,19590
at,81.26.e,2,85,19592
at,81.26.e,3,84,19594
at,81.26.e,4,83,19596
at,81.26.e,5,82,19598
at,81.26.e,6,81,19600
at,81.26.e,7,80,19602
at,81,27,88,19603
at,81,28,87,19605
at,81,29,86,19607
82,code,19608,19742,19613,19610
82,0,129,19613
82,1,128,19615
82,2,127,19617
82,3,126,19619
82,4,125,19621
82,5,124,19623
82,6,123,19625
82,7,122,19627
82,8,121,19629
82,9,120,19631
82,10,119,19633
82,11,118,19635
82,12,117,19637
82,13,116,19639
82,14,115,19641
82,15,114,19643
82,16,113,19645
82,17,112,19647
82,18,111,19649
82,19,110,19651
82,20,109,19653
82,21,108,19655
82,22,107,19656
82,23,106,19664
82,24,105,19666
82,25,104,19667
82,26,103,19675
82,27,102,19677
82,28,101,19678
82,29,100,19679
82,30,99,19737
82,31,98,19739
82,32,97,19741
seq,82,19613,129,false,19742,end,19742
at,82,0,129,19613
at,82,1,128,19615
at,82,2,127,19617
at,82,3,126,19619
at,82,4,125,19621
at,82,5,124,19623
at,82,6,123,19625
at,82,7,122,19627
at,82,8,121,19629
at,82,9,120,19631
at,82,10,119,19633
at,82,11,118,19635
at,82,12,117,19637
at,82,13,116,19639
at,82,14,115,19641
at,82,15,114,19643
at,82,16,113,19645
at,82,17,112,19647
at,82,18,111,19649
at,82,19,110,19651
at,82,20,109,19653
at,82,21,108,19655
at,82,22,107,19656
seq,82.22.t,19658,105,true,19661,otherwise,19742
at,82.22.t,0,105,19658
at,82.22.t,1,104,19660
seq,82.22.e,19661,105,false,19664,end,19742
at,82.22.e,0,105,19661
at,82.22.e,1,104,19663
at,82,23,106,19664
at,82,24,105,19666
at,82,25,104,19667
seq,82.25.t,19669,102,true,19672,otherwise,19742
at,82.25.t,0,102,19669
at,82.25.t,1,101,19671
seq,82.25.e,19672,102,false,19675,end,19742
at,82.25.e,0,102,19672
at,82.25.e,1,101,19674
at,82,26,103,19675
at,82,27,102,19677
at,82,28,101,19678
at,82,29,100,19679
seq,82.29.t,19681,98,true,19722,otherwise,19742
at,82.29.t,0,98,19681
at,82.29.t,1,97,19683
at,82.29.t,2,96,19685
at,82.29.t,3,95,19695
at,82.29.t,4,94,19697
at,82.29.t,5,93,19699
at,82.29.t,6,92,19701
at,82.29.t,7,91,19703
at,82.29.t,8,90,19705
at,82.29.t,9,89,19707
at,82.29.t,10,88,19709
at,82.29.t,11,87,19711
at,82.29.t,12,86,19713
at,82.29.t,13,85,19715
at,82.29.t,14,84,19717
at,82.29.t,15,83,19719
at,82.29.t,16,82,19721
seq,82.29.e,19722,98,false,19737,end,19742
at,82.29.e,0,98,19722
at,82.29.e,1,97,19724
at,82.29.e,2,96,19726
at,82.29.e,3,95,19728
at,82.29.e,4,94,19730
at,82.29.e,5,93,19732
at,82.29.e,6,92,19734
at,82.29.e,7,91,19736
at,82,30,99,19737
at,82,31,98,19739
at,82,32,97,19741
83,code,19742,19954,19747,19744
83,0,207,19747
83,1,206,19749
83,2,205,19751
83,3,204,19753
83,4,203,19755
83,5,202,19757
83,6,201,19759
83,7,200,19761
83,8,199,19763
83,9,198,19765
83,10,197,19767
83,11,196,19769
83,12,195,19771
83,13,194,19773
83,14,193,19775
83,15,192,19777
83,16,191,19779
83,17,190,19781
83,18,189,19783
83,19,188,19785
83,20,187,19787
83,21,186,19789
83,22,185,19790
83,23,184,19798
83,24,183,19800
83,25,182,19801
83,26,181,19809
83,27,180,19811
83,28,179,19812
83,29,178,19813
83,30,177,19949
83,31,176,19951
83,32,175,19953
seq,83,19747,207,false,19954,end,19954
at,83,0,207,19747
at,83,1,206,19749
at,83,2,205,19751
at,83,3,204,19753
at,83,4,203,19755
at,83,5,202,19757
at,83,6,201,19759
at,83,7,200,19761
at,83,8,199,19763
at,83,9,198,19765
at,83,10,197,19767
at,83,11,196,19769
at,83,12,195,19771
at,83,13,194,19773
at,83,14,193,19775
at,83,15,192,19777
at,83,16,191,19779
at,83,17,190,19781
at,83,18,189,19783
at,83,19,188,19785
at,83,20,187,19787
at,83,21,186,19789
at,83,22,185,19790
seq,83.22.t,19792,183,true,19795,otherwise,19954
at,83.22.t,0,183,19792
at,83.22.t,1,182,19794
seq,83.22.e,19795,183,false,19798,end,19954
at,83.22.e,0,183,19795
at,83.22.e,1,182,19797
at,83,23,184,19798
at,83,24,183,19800
at,83,25,182,19801
seq,83.25.t,19803,180,true,19806,otherwise,19954
at,83.25.t,0,180,19803
at,83.25.t,1,179,19805
seq,83.25.e,19806,180,false,19809,end,19954
at,83.25.e,0,180,19806
at,83.25.e,1,179,19808
at,83,26,181,19809
at,83,27,180,19811
at,83,28,179,19812
at,83,29,178,19813
seq,83.29.t,19815,176,true,19934,otherwise,19954
at,83.29.t,0,176,19815
at,83.29.t,1,175,19817
at,83.29.t,2,174,19819
at,83.29.t,3,173,19821
at,83.29.t,4,172,19823
at,83.29.t,5,171,19825
at,83.29.t,6,170,19827
at,83.29.t,7,169,19829
at,83.29.t,8,168,19831
at,83.29.t,9,167,19833
at,83.29.t,10,166,19835
at,83.29.t,11,165,19837
at,83.29.t,12,164,19839
at,83.29.t,13,163,19841
at,83.29.t,14,162,19843
at,83.29.t,15,161,19845
at,83.29.t,16,160,19847
at,83.29.t,17,159,19849
at,83.29.t,18,158,19851
at,83.29.t,19,157,19852
seq,83.29.t.19.t,19854,155,true,19857,otherwise,19954
at,83.29.t.19.t,0,155,19854
at,83.29.t.19.t,1,154,19856
seq,83.29.t.19.e,19857,155,false,19860,end,19954
at,83.29.t.19.e,0,155,19857
at,83.29.t.19.e,1,154,19859
at,83.29.t,20,156,19860
at,83.29.t,21,155,19862
at,83.29.t,22,154,19863
seq,83.29.t.22.t,19865,152,true,19868,otherwise,19954
at,83.29.t.22.t,0,152,19865
at,83.29.t.22.t,1,151,19867
seq,83.29.t.22.e,19868,152,false,19871,end,19954
at,83.29.t.22.e,0,152,19868
at,83.29.t.22.e,1,151,19870
at,83.29.t,23,153,19871
at,83.29.t,24,152,19873
at,83.29.t,25,151,19874
at,83.29.t,26,150,19875
seq,83.29.t.26.t,19877,148,true,19918,otherwise,19954
at,83.29.t.26.t,0,148,19877
at,83.29.t.26.t,1,147,19879
at,83.29.t.26.t,2,146,19881
at,83.29.t.26.t,3,145,19891
at,83.29.t.26.t,4,144,19893
at,83.29.t.26.t,5,143,19895
at,83.29.t.26.t,6,142,19897
at,83.29.t.26.t,7,141,19899
at,83.29.t.26.t,8,140,19901
at,83.29.t.26.t,9,139,19903
at,83.29.t.26.t,10,138,19905
at,83.29.t.26.t,11,137,19907
at,83.29.t.26.t,12,136,19909
at,83.29.t.26.t,13,135,19911
at,83.29.t.26.t,14,134,19913
at,83.29.t.26.t,15,133,19915
at,83.29.t.26.t,16,132,19917
seq,83.29.t.26.e,19918,148,false,19933,end,19954
at,83.29.t.26.e,0,148,19918
at,83.29.t.26.e,1,147,19920
at,83.29.t.26.e,2,146,19922
at,83.29.t.26.e,3,145,19924
at,83.29.t.26.e,4,144,19926
at,83.29.t.26.e,5,143,19928
at,83.29.t.26.e,6,142,19930
at,83.29.t.26.e,7,141,19932
at,83.29.t,27,149,19933
seq,83.29.e,19934,176,false,19949,end,19954
at,83.29.e,0,176,19934
at,83.29.e,1,175,19936
at,83.29.e,2,174,19938
at,83.29.e,3,173,19940
at,83.29.e,4,172,19942
at,83.29.e,5,171,19944
at,83.29.e,6,170,19946
at,83.29.e,7,169,19948
at,83,30,177,19949
at,83,31,176,19951
at,83,32,175,19953
84,code,19954,20065,19958,19955
84,0,107,19958
84,1,106,19960
84,2,105,19962
84,3,104,19964
84,4,103,19966
84,5,102,19968
84,6,101,19969
84,7,100,19970
84,8,99,19990
84,9,98,19998
84,10,97,20000
84,11,96,20001
84,12,95,20009
84,13,94,20011
84,14,93,20012
84,15,92,20013
84,16,91,20060
84,17,90,20062
84,18,89,20064
seq,84,19958,107,false,20065,end,20065
at,84,0,107,19958
at,84,1,106,19960
at,84,2,105,19962
at,84,3,104,19964
at,84,4,103,19966
at,84,5,102,19968
at,84,6,101,19969
at,84,7,100,19970
seq,84.7.t,19972,98,true,19987,otherwise,20065
at,84.7.t,0,98,19972
at,84.7.t,1,97,19974
at,84.7.t,2,96,19985
at,84.7.t,3,95,19986
seq,84.7.e,19987,98,false,19990,end,20065
at,84.7.e,0,98,19987
at,84.7.e,1,97,19989
at,84,8,99,19990
seq,84.8.t,19992,97,true,19995,otherwise,20065
at,84.8.t,0,97,19992
at,84.8.t,1,96,19994
seq,84.8.e,19995,97,false,19998,end,20065
at,84.8.e,0,97,19995
at,84.8.e,1,96,19997
at,84,9,98,19998
at,84,10,97,20000
at,84,11,96,20001
seq,84.11.t,20003,94,true,20006,otherwise,20065
at,84.11.t,0,94,20003
at,84.11.t,1,93,20005
seq,84.11.e,20006,94,false,20009,end,20065
at,84.11.e,0,94,20006
at,84.11.e,1,93,20008
at,84,12,95,20009
at,84,13,94,20011
at,84,14,93,20012
at,84,15,92,20013
seq,84.15.t,20015,90,true,20045,otherwise,20065
at,84.15.t,0,90,20015
at,84.15.t,1,89,20017
at,84.15.t,2,88,20019
at,84.15.t,3,87,20021
at,84.15.t,4,86,20022
at,84.15.t,5,85,20023
at,84.15.t,6,84,20024
at,84.15.t,7,83,20026
at,84.15.t,8,82,20028
at,84.15.t,9,81,20030
at,84.15.t,10,80,20032
at,84.15.t,11,79,20034
at,84.15.t,12,78,20036
at,84.15.t,13,77,20038
at,84.15.t,14,76,20040
at,84.15.t,15,75,20042
at,84.15.t,16,74,20044
seq,84.15.e,20045,90,false,20060,end,20065
at,84.15.e,0,90,20045
at,84.15.e,1,89,20047
at,84.15.e,2,88,20049
at,84.15.e,3,87,20051
at,84.15.e,4,86,20053
at,84.15.e,5,85,20055
at,84.15.e,6,84,20057
at,84.15.e,7,83,20059
at,84,16,91,20060
at,84,17,90,20062
at,84,18,89,20064
85,code,20065,20184,20069,20066
85,0,115,20069
85,1,114,20071
85,2,113,20073
85,3,112,20075
85,4,111,20077
85,5,110,20079
85,6,109,20081
85,7,108,20083
85,8,107,20085
85,9,106,20087
85,10,105,20089
85,11,104,20091
85,12,103,20093
85,13,102,20095
85,14,101,20097
85,15,100,20099
85,16,99,20101
85,17,98,20103
85,18,97,20105
85,19,96,20107
85,20,95,20109
85,21,94,20111
85,22,93,20112
85,23,92,20120
85,24,91,20122
85,25,90,20123
85,26,89,20131
85,27,88,20133
85,28,87,20134
85,29,86,20135
85,30,85,20179
85,31,84,20181
85,32,83,20183
seq,85,20069,115,false,20184,end,20184
at,85,0,115,20069
at,85,1,114,20071
at,85,2,113,20073
at,85,3,112,20075
at,85,4,111,20077
at,85,5,110,20079
at,85,6,109,20081
at,85,7,108,20083
at,85,8,107,20085
at,85,9,106,20087
at,85,10,105,20089
at,85,11,104,20091
at,85,12,103,20093
at,85,13,102,20095
at,85,14,101,20097
at,85,15,100,20099
at,85,16,99,20101
at,85,17,98,20103
at,85,18,97,20105
at,85,19,96,20107
at,85,20,95,20109
at,85,21,94,20111
at,85,22,93,20112
seq,85.22.t,20114,91,true,20117,otherwise,20184
at,85.22.t,0,91,20114
at,85.22.t,1,90,20116
seq,85.22.e,20117,91,false,20120,end,20184
at,85.22.e,0,91,20117
at,85.22.e,1,90,20119
at,85,23,92,20120
at,85,24,91,20122
at,85,25,90,20123
seq,85.25.t,20125,88,true,20128,otherwise,20184
at,85.25.t,0,88,20125
at,85.25.t,1,87,20127
seq,85.25.e,20128,88,false,20131,end,20184
at,85.25.e,0,88,20128
at,85.25.e,1,87,20130
at,85,26,89,20131
at,85,27,88,20133
at,85,28,87,20134
at,85,29,86,20135
seq,85.29.t,20137,84,true,20164,otherwise,20184
at,85.29.t,0,84,20137
at,85.29.t,1,83,20139
at,85.29.t,2,82,20141
at,85.29.t,3,81,20143
at,85.29.t,4,80,20145
at,85.29.t,5,79,20147
at,85.29.t,6,78,20149
at,85.29.t,7,77,20151
at,85.29.t,8,76,20153
at,85.29.t,9,75,20155
at,85.29.t,10,74,20157
at,85.29.t,11,73,20159
at,85.29.t,12,72,20161
at,85.29.t,13,71,20163
seq,85.29.e,20164,84,false,20179,end,20184
at,85.29.e,0,84,20164
at,85.29.e,1,83,20166
at,85.29.e,2,82,20168
at,85.29.e,3,81,20170
at,85.29.e,4,80,20172
at,85.29.e,5,79,20174
at,85.29.e,6,78,20176
at,85.29.e,7,77,20178
at,85,30,85,20179
at,85,31,84,20181
at,85,32,83,20183
86,code,20184,20450,20189,20186
86,0,261,20189
86,1,260,20191
86,2,259,20193
86,3,258,20195
86,4,257,20197
86,5,256,20199
86,6,255,20201
86,7,254,20203
86,8,253,20205
86,9,252,20207
86,10,251,20209
86,11,250,20211
86,12,249,20213
86,13,248,20215
86,14,247,20217
86,15,246,20219
86,16,245,20221
86,17,244,20222
86,18,243,20230
86,19,242,20232
86,20,241,20233
86,21,240,20234
86,22,239,20445
86,23,238,20447
86,24,237,20449
seq,86,20189,261,false,20450,end,20450
at,86,0,261,20189
at,86,1,260,20191
at,86,2,259,20193
at,86,3,258,20195
at,86,4,257,20197
at,86,5,256,20199
at,86,6,255,20201
at,86,7,254,20203
at,86,8,253,20205
at,86,9,252,20207
at,86,10,251,20209
at,86,11,250,20211
at,86,12,249,20213
at,86,13,248,20215
at,86,14,247,20217
at,86,15,246,20219
at,86,16,245,20221
at,86,17,244,20222
seq,86.17.t,20224,242,true,20227,otherwise,20450
at,86.17.t,0,242,20224
at,86.17.t,1,241,20226
seq,86.17.e,20227,242,false,20230,end,20450
at,86.17.e,0,242,20227
at,86.17.e,1,241,20229
at,86,18,243,20230
at,86,19,242,20232
at,86,20,241,20233
at,86,21,240,20234
seq,86.21.t,20236,238,true,20430,otherwise,20450
at,86.21.t,0,238,20236
at,86.21.t,1,237,20238
at,86.21.t,2,236,20240
at,86.21.t,3,235,20242
at,86.21.t,4,234,20244
at,86.21.t,5,233,20246
at,86.21.t,6,232,20248
at,86.21.t,7,231,20250
at,86.21.t,8,230,20252
at,86.21.t,9,229,20254
at,86.21.t,10,228,20256
at,86.21.t,11,227,20258
at,86.21.t,12,226,20260
at,86.21.t,13,225,20262
at,86.21.t,14,224,20264
at,86.21.t,15,223,20266
at,86.21.t,16,222,20268
at,86.21.t,17,221,20270
at,86.21.t,18,220,20272
at,86.21.t,19,219,20274
at,86.21.t,20,218,20276
at,86.21.t,21,217,20278
at,86.21.t,22,216,20280
at,86.21.t,23,215,20282
at,86.21.t,24,214,20284
at,86.21.t,25,213,20286
at,86.21.t,26,212,20288
at,86.21.t,27,211,20290
at,86.21.t,28,210,20292
at,86.21.t,29,209,20294
at,86.21.t,30,208,20296
at,86.21.t,31,207,20298
at,86.21.t,32,206,20300
at,86.21.t,33,205,20302
at,86.21.t,34,204,20304
at,86.21.t,35,203,20306
at,86.21.t,36,202,20308
at,86.21.t,37,201,20310
at,86.21.t,38,200,20312
at,86.21.t,39,199,20314
at,86.21.t,40,198,20316
at,86.21.t,41,197,20318
at,86.21.t,42,196,20320
at,86.21.t,43,195,20321
seq,86.21.t.43.t,20323,193,true,20326,otherwise,20450
at,86.21.t.43.t,0,193,20323
at,86.21.t.43.t,1,192,20325
seq,86.21.t.43.e,20326,193,false,20329,end,20450
at,86.21.t.43.e,0,193,20326
at,86.21.t.43.e,1,192,20328
at,86.21.t,44,194,20329
at,86.21.t,45,193,20331
at,86.21.t,46,192,20332
at,86.21.t,47,191,20333
seq,86.21.t.47.t,20335,189,true,20353,otherwise,20450
at,86.21.t.47.t,0,189,20335
at,86.21.t.47.t,1,188,20337
at,86.21.t.47.t,2,187,20339
at,86.21.t.47.t,3,186,20340
seq,86.21.t.47.t.3.t,20342,184,true,20345,otherwise,20450
at,86.21.t.47.t.3.t,0,184,20342
at,86.21.t.47.t.3.t,1,183,20344
seq,86.21.t.47.t.3.e,20345,184,false,20348,end,20450
at,86.21.t.47.t.3.e,0,184,20345
at,86.21.t.47.t.3.e,1,183,20347
at,86.21.t.47.t,4,185,20348
at,86.21.t.47.t,5,184,20350
at,86.21.t.47.t,6,183,20351
at,86.21.t.47.t,7,182,20352
seq,86.21.t.47.e,20353,189,false,20356,end,20450
at,86.21.t.47.e,0,189,20353
at,86.21.t.47.e,1,188,20355
at,86.21.t,48,190,20356
seq,86.21.t.48.t,20358,188,true,20361,otherwise,20450
at,86.21.t.48.t,0,188,20358
at,86.21.t.48.t,1,187,20360
seq,86.21.t.48.e,20361,188,false,20364,end,20450
at,86.21.t.48.e,0,188,20361
at,86.21.t.48.e,1,187,20363
at,86.21.t,49,189,20364
at,86.21.t,50,188,20366
at,86.21.t,51,187,20367
seq,86.21.t.51.t,20369,185,true,20372,otherwise,20450
at,86.21.t.51.t,0,185,20369
at,86.21.t.51.t,1,184,20371
seq,86.21.t.51.e,20372,185,false,20375,end,20450
at,86.21.t.51.e,0,185,20372
at,86.21.t.51.e,1,184,20374
at,86.21.t,52,186,20375
at,86.21.t,53,185,20377
at,86.21.t,54,184,20378
at,86.21.t,55,183,20379
seq,86.21.t.55.t,20381,181,true,20414,otherwise,20450
at,86.21.t.55.t,0,181,20381
at,86.21.t.55.t,1,180,20383
at,86.21.t.55.t,2,179,20385
at,86.21.t.55.t,3,178,20387
at,86.21.t.55.t,4,177,20389
at,86.21.t.55.t,5,176,20391
at,86.21.t.55.t,6,175,20393
at,86.21.t.55.t,7,174,20395
at,86.21.t.55.t,8,173,20397
at,86.21.t.55.t,9,172,20399
at,86.21.t.55.t,10,171,20401
at,86.21.t.55.t,11,170,20403
at,86.21.t.55.t,12,169,20405
at,86.21.t.55.t,13,168,20407
at,86.21.t.55.t,14,167,20409
at,86.21.t.55.t,15,166,20411
at,86.21.t.55.t,16,165,20413
seq,86.21.t.55.e,20414,181,false,20429,end,20450
at,86.21.t.55.e,0,181,20414
at,86.21.t.55.e,1,180,20416
at,86.21.t.55.e,2,179,20418
at,86.21.t.55.e,3,178,20420
at,86.21.t.55.e,4,177,20422
at,86.21.t.55.e,5,176,20424
at,86.21.t.55.e,6,175,20426
at,86.21.t.55.e,7,174,20428
at,86.21.t,56,182,20429
seq,86.21.e,20430,238,false,20445,end,20450
at,86.21.e,0,238,20430
at,86.21.e,1,237,20432
at,86.21.e,2,236,20434
at,86.21.e,3,235,20436
at,86.21.e,4,234,20438
at,86.21.e,5,233,20440
at,86.21.e,6,232,20442
at,86.21.e,7,231,20444
at,86,22,239,20445
at,86,23,238,20447
at,86,24,237,20449
87,code,20450,20557,20454,20451
87,0,103,20454
87,1,102,20456
87,2,101,20458
87,3,100,20460
87,4,99,20462
87,5,98,20464
87,6,97,20466
87,7,96,20468
87,8,95,20470
87,9,94,20472
87,10,93,20474
87,11,92,20476
87,12,91,20478
87,13,90,20480
87,14,89,20482
87,15,88,20484
87,16,87,20486
87,17,86,20488
87,18,85,20490
87,19,84,20492
87,20,83,20494
87,21,82,20496
87,22,81,20498
87,23,80,20500
87,24,79,20502
87,25,78,20504
87,26,77,20506
87,27,76,20508
87,28,75,20510
87,29,74,20512
87,30,73,20514
87,31,72,20516
87,32,71,20518
87,33,70,20520
87,34,69,20522
87,35,68,20524
87,36,67,20526
87,37,66,20528
87,38,65,20530
87,39,64,20532
87,40,63,20534
87,41,62,20536
87,42,61,20538
87,43,60,20540
87,44,59,20542
87,45,58,20544
87,46,57,20546
87,47,56,20548
87,48,55,20550
87,49,54,20552
87,50,53,20554
87,51,52,20556
seq,87,20454,103,false,20557,end,20557
at,87,0,103,20454
at,87,1,102,20456
at,87,2,101,20458
at,87,3,100,20460
at,87,4,99,20462
at,87,5,98,20464
at,87,6,97,20466
at,87,7,96,20468
at,87,8,95,20470
at,87,9,94,20472
at,87,10,93,20474
at,87,11,92,20476
at,87,12,91,20478
at,87,13,90,20480
at,87,14,89,20482
at,87,15,88,20484
at,87,16,87,20486
at,87,17,86,20488
at,87,18,85,20490
at,87,19,84,20492
at,87,20,83,20494
at,87,21,82,20496
at,87,22,81,20498
at,87,23,80,20500
at,87,24,79,20502
at,87,25,78,20504
at,87,26,77,20506
at,87,27,76,20508
at,87,28,75,20510
at,87,29,74,20512
at,87,30,73,20514
at,87,31,72,20516
at,87,32,71,20518
at,87,33,70,20520
at,87,34,69,20522
at,87,35,68,20524
at,87,36,67,20526
at,87,37,66,20528
at,87,38,65,20530
at,87,39,64,20532
at,87,40,63,20534
at,87,41,62,20536
at,87,42,61,20538
at,87,43,60,20540
at,87,44,59,20542
at,87,45,58,20544
at,87,46,57,20546
at,87,47,56,20548
at,87,48,55,20550
at,87,49,54,20552
at,87,50,53,20554
at,87,51,52,20556
88,code,20557,20634,20561,20558
88,0,73,20561
88,1,72,20563
88,2,71,20565
88,3,70,20567
88,4,69,20569
88,5,68,20571
88,6,67,20573
88,7,66,20575
88,8,65,20577
88,9,64,20579
88,10,63,20581
88,11,62,20583
88,12,61,20585
88,13,60,20587
88,14,59,20589
88,15,58,20591
88,16,57,20593
88,17,56,20595
88,18,55,20597
88,19,54,20599
88,20,53,20601
88,21,52,20603
88,22,51,20605
88,23,50,20607
88,24,49,20609
88,25,48,20611
88,26,47,20613
88,27,46,20615
88,28,45,20617
88,29,44,20619
88,30,43,20621
88,31,42,20623
88,32,41,20625
88,33,40,20627
88,34,39,20629
88,35,38,20631
88,36,37,20633
seq,88,20561,73,false,20634,end,20634
at,88,0,73,20561
at,88,1,72,20563
at,88,2,71,20565
at,88,3,70,20567
at,88,4,69,20569
at,88,5,68,20571
at,88,6,67,20573
at,88,7,66,20575
at,88,8,65,20577
at,88,9,64,20579
at,88,10,63,20581
at,88,11,62,20583
at,88,12,61,20585
at,88,13,60,20587
at,88,14,59,20589
at,88,15,58,20591
at,88,16,57,20593
at,88,17,56,20595
at,88,18,55,20597
at,88,19,54,20599
at,88,20,53,20601
at,88,21,52,20603
at,88,22,51,20605
at,88,23,50,20607
at,88,24,49,20609
at,88,25,48,20611
at,88,26,47,20613
at,88,27,46,20615
at,88,28,45,20617
at,88,29,44,20619
at,88,30,43,20621
at,88,31,42,20623
at,88,32,41,20625
at,88,33,40,20627
at,88,34,39,20629
at,88,35,38,20631
at,88,36,37,20633
89,code,20634,20968,20639,20636
89,0,329,20639
89,1,328,20641
89,2,327,20643
89,3,326,20645
89,4,325,20646
89,5,324,20649
89,6,323,20651
89,7,322,20653
89,8,321,20655
89,9,320,20657
89,10,319,20659
89,11,318,20661
89,12,317,20662
89,13,316,20665
89,14,315,20667
89,15,314,20669
89,16,313,20671
89,17,312,20673
89,18,311,20675
89,19,310,20677
89,20,309,20679
89,21,308,20681
89,22,307,20683
89,23,306,20684
89,24,305,20692
89,25,304,20694
89,26,303,20955
89,27,302,20957
89,28,301,20959
89,29,300,20961
89,30,299,20963
89,31,298,20965
89,32,297,20967
seq,89,20639,329,false,20968,end,20968
at,89,0,329,20639
at,89,1,328,20641
at,89,2,327,20643
at,89,3,326,20645
at,89,4,325,20646
at,89,5,324,20649
at,89,6,323,20651
at,89,7,322,20653
at,89,8,321,20655
at,89,9,320,20657
at,89,10,319,20659
at,89,11,318,20661
at,89,12,317,20662
at,89,13,316,20665
at,89,14,315,20667
at,89,15,314,20669
at,89,16,313,20671
at,89,17,312,20673
at,89,18,311,20675
at,89,19,310,20677
at,89,20,309,20679
at,89,21,308,20681
at,89,22,307,20683
at,89,23,306,20684
seq,89.23.t,20686,304,true,20689,otherwise,20968
at,89.23.t,0,304,20686
at,89.23.t,1,303,20688
seq,89.23.e,20689,304,false,20692,end,20968
at,89.23.e,0,304,20689
at,89.23.e,1,303,20691
at,89,24,305,20692
at,89,25,304,20694
seq,89.25.t,20696,302,false,20955,end,20968
at,89.25.t,0,302,20696
seq,89.25.t.0.t,20698,300,false,20954,end,20968
at,89.25.t.0.t,0,300,20698
at,89.25.t.0.t,1,299,20700
at,89.25.t.0.t,2,298,20702
at,89.25.t.0.t,3,297,20703
at,89.25.t.0.t,4,296,20705
at,89.25.t.0.t,5,295,20707
at,89.25.t.0.t,6,294,20709
at,89.25.t.0.t,7,293,20711
at,89.25.t.0.t,8,292,20712
at,89.25.t.0.t,9,291,20714
at,89.25.t.0.t,10,290,20715
at,89.25.t.0.t,11,289,20717
at,89.25.t.0.t,12,288,20718
at,89.25.t.0.t,13,287,20719
at,89.25.t.0.t,14,286,20720
at,89.25.t.0.t,15,285,20723
at,89.25.t.0.t,16,284,20725
at,89.25.t.0.t,17,283,20727
at,89.25.t.0.t,18,282,20729
at,89.25.t.0.t,19,281,20731
at,89.25.t.0.t,20,280,20732
at,89.25.t.0.t,21,279,20734
at,89.25.t.0.t,22,278,20735
at,89.25.t.0.t,23,277,20737
at,89.25.t.0.t,24,276,20738
at,89.25.t.0.t,25,275,20739
at,89.25.t.0.t,26,274,20740
at,89.25.t.0.t,27,273,20743
at,89.25.t.0.t,28,272,20745
at,89.25.t.0.t,29,271,20747
at,89.25.t.0.t,30,270,20749
at,89.25.t.0.t,31,269,20751
at,89.25.t.0.t,32,268,20752
at,89.25.t.0.t,33,267,20754
at,89.25.t.0.t,34,266,20755
at,89.25.t.0.t,35,265,20757
at,89.25.t.0.t,36,264,20758
at,89.25.t.0.t,37,263,20759
at,89.25.t.0.t,38,262,20760
at,89.25.t.0.t,39,261,20763
at,89.25.t.0.t,40,260,20765
at,89.25.t.0.t,41,259,20767
at,89.25.t.0.t,42,258,20769
at,89.25.t.0.t,43,257,20771
at,89.25.t.0.t,44,256,20772
at,89.25.t.0.t,45,255,20774
at,89.25.t.0.t,46,254,20775
at,89.25.t.0.t,47,253,20777
at,89.25.t.0.t,48,252,20778
at,89.25.t.0.t,49,251,20779
at,89.25.t.0.t,50,250,20780
at,89.25.t.0.t,51,249,20783
at,89.25.t.0.t,52,248,20785
at,89.25.t.0.t,53,247,20787
at,89.25.t.0.t,54,246,20789
at,89.25.t.0.t,55,245,20791
at,89.25.t.0.t,56,244,20792
at,89.25.t.0.t,57,243,20794
at,89.25.t.0.t,58,242,20795
at,89.25.t.0.t,59,241,20797
at,89.25.t.0.t,60,240,20798
at,89.25.t.0.t,61,239,20799
at,89.25.t.0.t,62,238,20800
at,89.25.t.0.t,63,237,20803
at,89.25.t.0.t,64,236,20805
at,89.25.t.0.t,65,235,20807
at,89.25.t.0.t,66,234,20809
at,89.25.t.0.t,67,233,20811
at,89.25.t.0.t,68,232,20812
at,89.25.t.0.t,69,231,20814
at,89.25.t.0.t,70,230,20815
at,89.25.t.0.t,71,229,20817
at,89.25.t.0.t,72,228,20818
at,89.25.t.0.t,73,227,20819
at,89.25.t.0.t,74,226,20820
at,89.25.t.0.t,75,225,20823
at,89.25.t.0.t,76,224,20825
at,89.25.t.0.t,77,223,20827
at,89.25.t.0.t,78,222,20829
at,89.25.t.0.t,79,221,20831
at,89.25.t.0.t,80,220,20832
at,89.25.t.0.t,81,219,20834
at,89.25.t.0.t,82,218,20835
at,89.25.t.0.t,83,217,20837
at,89.25.t.0.t,84,216,20838
at,89.25.t.0.t,85,215,20839
at,89.25.t.0.t,86,214,20840
at,89.25.t.0.t,87,213,20843
at,89.25.t.0.t,88,212,20845
at,89.25.t.0.t,89,211,20847
at,89.25.t.0.t,90,210,20849
at,89.25.t.0.t,91,209,20851
at,89.25.t.0.t,92,208,20853
at,89.25.t.0.t,93,207,20855
at,89.25.t.0.t,94,206,20857
at,89.25.t.0.t,95,205,20859
at,89.25.t.0.t,96,204,20861
at,89.25.t.0.t,97,203,20863
at,89.25.t.0.t,98,202,20865
at,89.25.t.0.t,99,201,20867
at,89.25.t.0.t,100,200,20869
at,89.25.t.0.t,101,199,20871
at,89.25.t.0.t,102,198,20873
at,89.25.t.0.t,103,197,20875
at,89.25.t.0.t,104,196,20877
at,89.25.t.0.t,105,195,20879
at,89.25.t.0.t,106,194,20881
at,89.25.t.0.t,107,193,20883
at,89.25.t.0.t,108,192,20885
at,89.25.t.0.t,109,191,20887
at,89.25.t.0.t,110,190,20889
at,89.25.t.0.t,111,189,20891
at,89.25.t.0.t,112,188,20893
at,89.25.t.0.t,113,187,20895
at,89.25.t.0.t,114,186,20897
at,89.25.t.0.t,115,185,20899
at,89.25.t.0.t,116,184,20901
at,89.25.t.0.t,117,183,20903
at,89.25.t.0.t,118,182,20905
at,89.25.t.0.t,119,181,20907
at,89.25.t.0.t,120,180,20909
at,89.25.t.0.t,121,179,20911
at,89.25.t.0.t,122,178,20913
at,89.25.t.0.t,123,177,20915
at,89.25.t.0.t,124,176,20917
at,89.25.t.0.t,125,175,20919
at,89.25.t.0.t,126,174,20921
at,89.25.t.0.t,127,173,20923
at,89.25.t.0.t,128,172,20925
at,89.25.t.0.t,129,171,20927
at,89.25.t.0.t,130,170,20929
at,89.25.t.0.t,131,169,20931
at,89.25.t.0.t,132,168,20933
at,89.25.t.0.t,133,167,20935
at,89.25.t.0.t,134,166,20937
at,89.25.t.0.t,135,165,20939
at,89.25.t.0.t,136,164,20941
at,89.25.t.0.t,137,163,20942
at,89.25.t.0.t,138,162,20944
at,89.25.t.0.t,139,161,20946
at,89.25.t.0.t,140,160,20948
at,89.25.t.0.t,141,159,20949
at,89.25.t.0.t,142,158,20951
at,89.25.t.0.t,143,157,20953
at,89.25.t,1,301,20954
at,89,26,303,20955
at,89,27,302,20957
at,89,28,301,20959
at,89,29,300,20961
at,89,30,299,20963
at,89,31,298,20965
at,89,32,297,20967
90,code,20968,20999,20972,20969
90,0,27,20972
90,1,26,20982
90,2,25,20983
90,3,24,20985
90,4,23,20987
90,5,22,20989
90,6,21,20991
90,7,20,20992
90,8,19,20993
90,9,18,20994
90,10,17,20996
90,11,16,20998
seq,90,20972,27,false,20999,end,20999
at,90,0,27,20972
at,90,1,26,20982
at,90,2,25,20983
at,90,3,24,20985
at,90,4,23,20987
at,90,5,22,20989
at,90,6,21,20991
at,90,7,20,20992
at,90,8,19,20993
at,90,9,18,20994
at,90,10,17,20996
at,90,11,16,20998
91,code,20999,21085,21003,21000
91,0,82,21003
91,1,81,21013
91,2,80,21014
91,3,79,21016
91,4,78,21018
91,5,77,21020
91,6,76,21022
91,7,75,21023
91,8,74,21024
91,9,73,21025
91,10,72,21026
91,11,71,21028
91,12,70,21029
91,13,69,21030
91,14,68,21031
91,15,67,21033
91,16,66,21034
91,17,65,21036
91,18,64,21037
91,19,63,21038
91,20,62,21039
91,21,61,21040
91,22,60,21080
91,23,59,21082
91,24,58,21084
seq,91,21003,82,false,21085,end,21085
at,91,0,82,21003
at,91,1,81,21013
at,91,2,80,21014
at,91,3,79,21016
at,91,4,78,21018
at,91,5,77,21020
at,91,6,76,21022
at,91,7,75,21023
at,91,8,74,21024
at,91,9,73,21025
at,91,10,72,21026
at,91,11,71,21028
at,91,12,70,21029
at,91,13,69,21030
at,91,14,68,21031
at,91,15,67,21033
at,91,16,66,21034
at,91,17,65,21036
at,91,18,64,21037
at,91,19,63,21038
at,91,20,62,21039
at,91,21,61,21040
seq,91.21.t,21042,59,true,21071,otherwise,21085
at,91.21.t,0,59,21042
at,91.21.t,1,58,21052
at,91.21.t,2,57,21053
at,91.21.t,3,56,21055
at,91.21.t,4,55,21057
at,91.21.t,5,54,21059
at,91.21.t,6,53,21061
at,91.21.t,7,52,21062
at,91.21.t,8,51,21063
at,91.21.t,9,50,21064
at,91.21.t,10,49,21065
at,91.21.t,11,48,21067
at,91.21.t,12,47,21068
at,91.21.t,13,46,21069
at,91.21.t,14,45,21070
seq,91.21.e,21071,59,false,21080,end,21085
at,91.21.e,0,59,21071
at,91.21.e,1,58,21073
at,91.21.e,2,57,21074
at,91.21.e,3,56,21076
at,91.21.e,4,55,21077
at,91.21.e,5,54,21078
at,91.21.e,6,53,21079
at,91,22,60,21080
at,91,23,59,21082
at,91,24,58,21084
92,code,21085,21148,21089,21086
92,0,59,21089
92,1,58,21091
92,2,57,21093
92,3,56,21095
92,4,55,21097
92,5,54,21099
92,6,53,21100
92,7,52,21101
92,8,51,21118
92,9,50,21135
92,10,49,21143
92,11,48,21145
92,12,47,21147
seq,92,21089,59,false,21148,end,21148
at,92,0,59,21089
at,92,1,58,21091
at,92,2,57,21093
at,92,3,56,21095
at,92,4,55,21097
at,92,5,54,21099
at,92,6,53,21100
at,92,7,52,21101
seq,92.7.t,21103,50,true,21115,otherwise,21148
at,92.7.t,0,50,21103
at,92.7.t,1,49,21105
at,92.7.t,2,48,21107
at,92.7.t,3,47,21108
at,92.7.t,4,46,21110
at,92.7.t,5,45,21111
at,92.7.t,6,44,21112
at,92.7.t,7,43,21113
at,92.7.t,8,42,21114
seq,92.7.e,21115,50,false,21118,end,21148
at,92.7.e,0,50,21115
at,92.7.e,1,49,21117
at,92,8,51,21118
seq,92.8.t,21120,49,true,21132,otherwise,21148
at,92.8.t,0,49,21120
at,92.8.t,1,48,21122
at,92.8.t,2,47,21123
at,92.8.t,3,46,21125
at,92.8.t,4,45,21126
at,92.8.t,5,44,21127
at,92.8.t,6,43,21128
at,92.8.t,7,42,21130
at,92.8.t,8,41,21131
seq,92.8.e,21132,49,false,21135,end,21148
at,92.8.e,0,49,21132
at,92.8.e,1,48,21134
at,92,9,50,21135
seq,92.9.t,21137,48,true,21140,otherwise,21148
at,92.9.t,0,48,21137
at,92.9.t,1,47,21139
seq,92.9.e,21140,48,false,21143,end,21148
at,92.9.e,0,48,21140
at,92.9.e,1,47,21142
at,92,10,49,21143
at,92,11,48,21145
at,92,12,47,21147
93,code,21148,21207,21152,21149
93,0,55,21152
93,1,54,21154
93,2,53,21156
93,3,52,21166
93,4,51,21168
93,5,50,21170
93,6,49,21172
93,7,48,21174
93,8,47,21176
93,9,46,21178
93,10,45,21180
93,11,44,21182
93,12,43,21184
93,13,42,21186
93,14,41,21188
93,15,40,21190
93,16,39,21192
93,17,38,21194
93,18,37,21196
93,19,36,21198
93,20,35,21200
93,21,34,21202
93,22,33,21204
93,23,32,21206
seq,93,21152,55,false,21207,end,21207
at,93,0,55,21152
at,93,1,54,21154
at,93,2,53,21156
at,93,3,52,21166
at,93,4,51,21168
at,93,5,50,21170
at,93,6,49,21172
at,93,7,48,21174
at,93,8,47,21176
at,93,9,46,21178
at,93,10,45,21180
at,93,11,44,21182
at,93,12,43,21184
at,93,13,42,21186
at,93,14,41,21188
at,93,15,40,21190
at,93,16,39,21192
at,93,17,38,21194
at,93,18,37,21196
at,93,19,36,21198
at,93,20,35,21200
at,93,21,34,21202
at,93,22,33,21204
at,93,23,32,21206
94,code,21207,21501,21212,21209
94,0,289,21212
94,1,288,21214
94,2,287,21216
94,3,286,21218
94,4,285,21220
94,5,284,21222
94,6,283,21223
94,7,282,21224
94,8,281,21242
94,9,280,21260
94,10,279,21268
94,11,278,21270
94,12,277,21271
94,13,276,21279
94,14,275,21281
94,15,274,21282
94,16,273,21283
94,17,272,21496
94,18,271,21498
94,19,270,21500
seq,94,21212,289,false,21501,end,21501
at,94,0,289,21212
at,94,1,288,21214
at,94,2,287,21216
at,94,3,286,21218
at,94,4,285,21220
at,94,5,284,21222
at,94,6,283,21223
at,94,7,282,21224
seq,94.7.t,21226,280,true,21239,otherwise,21501
at,94.7.t,0,280,21226
at,94.7.t,1,279,21228
at,94.7.t,2,278,21230
at,94.7.t,3,277,21232
at,94.7.t,4,276,21234
at,94.7.t,5,275,21236
at,94.7.t,6,274,21237
at,94.7.t,7,273,21238
seq,94.7.e,21239,280,false,21242,end,21501
at,94.7.e,0,280,21239
at,94.7.e,1,279,21241
at,94,8,281,21242
seq,94.8.t,21244,279,true,21257,otherwise,21501
at,94.8.t,0,279,21244
at,94.8.t,1,278,21246
at,94.8.t,2,277,21248
at,94.8.t,3,276,21250
at,94.8.t,4,275,21252
at,94.8.t,5,274,21254
at,94.8.t,6,273,21255
at,94.8.t,7,272,21256
seq,94.8.e,21257,279,false,21260,end,21501
at,94.8.e,0,279,21257
at,94.8.e,1,278,21259
at,94,9,280,21260
seq,94.9.t,21262,278,true,21265,otherwise,21501
at,94.9.t,0,278,21262
at,94.9.t,1,277,21264
seq,94.9.e,21265,278,false,21268,end,21501
at,94.9.e,0,278,21265
at,94.9.e,1,277,21267
at,94,10,279,21268
at,94,11,278,21270
at,94,12,277,21271
seq,94.12.t,21273,275,true,21276,otherwise,21501
at,94.12.t,0,275,21273
at,94.12.t,1,274,21275
seq,94.12.e,21276,275,false,21279,end,21501
at,94.12.e,0,275,21276
at,94.12.e,1,274,21278
at,94,13,276,21279
at,94,14,275,21281
at,94,15,274,21282
at,94,16,273,21283
seq,94.16.t,21285,271,true,21481,otherwise,21501
at,94.16.t,0,271,21285
at,94.16.t,1,270,21287
at,94.16.t,2,269,21289
at,94.16.t,3,268,21291
at,94.16.t,4,267,21293
at,94.16.t,5,266,21295
at,94.16.t,6,265,21297
at,94.16.t,7,264,21299
at,94.16.t,8,263,21301
at,94.16.t,9,262,21303
at,94.16.t,10,261,21305
at,94.16.t,11,260,21307
at,94.16.t,12,259,21309
at,94.16.t,13,258,21311
at,94.16.t,14,257,21313
at,94.16.t,15,256,21315
at,94.16.t,16,255,21317
at,94.16.t,17,254,21319
at,94.16.t,18,253,21321
at,94.16.t,19,252,21322
seq,94.16.t.19.t,21324,250,true,21327,otherwise,21501
at,94.16.t.19.t,0,250,21324
at,94.16.t.19.t,1,249,21326
seq,94.16.t.19.e,21327,250,false,21330,end,21501
at,94.16.t.19.e,0,250,21327
at,94.16.t.19.e,1,249,21329
at,94.16.t,20,251,21330
at,94.16.t,21,250,21332
at,94.16.t,22,249,21333
seq,94.16.t.22.t,21335,247,true,21338,otherwise,21501
at,94.16.t.22.t,0,247,21335
at,94.16.t.22.t,1,246,21337
seq,94.16.t.22.e,21338,247,false,21341,end,21501
at,94.16.t.22.e,0,247,21338
at,94.16.t.22.e,1,246,21340
at,94.16.t,23,248,21341
at,94.16.t,24,247,21343
at,94.16.t,25,246,21344
at,94.16.t,26,245,21345
seq,94.16.t.26.t,21347,243,true,21465,otherwise,21501
at,94.16.t.26.t,0,243,21347
at,94.16.t.26.t,1,242,21349
at,94.16.t.26.t,2,241,21351
at,94.16.t.26.t,3,240,21353
at,94.16.t.26.t,4,239,21355
at,94.16.t.26.t,5,238,21357
at,94.16.t.26.t,6,237,21359
at,94.16.t.26.t,7,236,21361
at,94.16.t.26.t,8,235,21363
at,94.16.t.26.t,9,234,21365
at,94.16.t.26.t,10,233,21367
at,94.16.t.26.t,11,232,21369
at,94.16.t.26.t,12,231,21371
at,94.16.t.26.t,13,230,21373
at,94.16.t.26.t,14,229,21375
at,94.16.t.26.t,15,228,21377
at,94.16.t.26.t,16,227,21379
at,94.16.t.26.t,17,226,21381
at,94.16.t.26.t,18,225,21383
at,94.16.t.26.t,19,224,21384
seq,94.16.t.26.t.19.t,21386,222,true,21389,otherwise,21501
at,94.16.t.26.t.19.t,0,222,21386
at,94.16.t.26.t.19.t,1,221,21388
seq,94.16.t.26.t.19.e,21389,222,false,21392,end,21501
at,94.16.t.26.t.19.e,0,222,21389
at,94.16.t.26.t.19.e,1,221,21391
at,94.16.t.26.t,20,223,21392
at,94.16.t.26.t,21,222,21394
at,94.16.t.26.t,22,221,21395
at,94.16.t.26.t,23,220,21396
seq,94.16.t.26.t.23.t,21398,218,true,21412,otherwise,21501
at,94.16.t.26.t.23.t,0,218,21398
at,94.16.t.26.t.23.t,1,217,21400
at,94.16.t.26.t.23.t,2,216,21410
at,94.16.t.26.t.23.t,3,215,21411
seq,94.16.t.26.t.23.e,21412,218,false,21415,end,21501
at,94.16.t.26.t.23.e,0,218,21412
at,94.16.t.26.t.23.e,1,217,21414
at,94.16.t.26.t,24,219,21415
seq,94.16.t.26.t.24.t,21417,217,true,21420,otherwise,21501
at,94.16.t.26.t.24.t,0,217,21417
at,94.16.t.26.t.24.t,1,216,21419
seq,94.16.t.26.t.24.e,21420,217,false,21423,end,21501
at,94.16.t.26.t.24.e,0,217,21420
at,94.16.t.26.t.24.e,1,216,21422
at,94.16.t.26.t,25,218,21423
at,94.16.t.26.t,26,217,21425
at,94.16.t.26.t,27,216,21426
seq,94.16.t.26.t.27.t,21428,214,true,21431,otherwise,21501
at,94.16.t.26.t.27.t,0,214,21428
at,94.16.t.26.t.27.t,1,213,21430
seq,94.16.t.26.t.27.e,21431,214,false,21434,end,21501
at,94.16.t.26.t.27.e,0,214,21431
at,94.16.t.26.t.27.e,1,213,21433
at,94.16.t.26.t,28,215,21434
at,94.16.t.26.t,29,214,21436
at,94.16.t.26.t,30,213,21437
at,94.16.t.26.t,31,212,21438
seq,94.16.t.26.t.31.t,21440,210,true,21449,otherwise,21501
at,94.16.t.26.t.31.t,0,210,21440
at,94.16.t.26.t.31.t,1,209,21442
at,94.16.t.26.t.31.t,2,208,21444
at,94.16.t.26.t.31.t,3,207,21446
at,94.16.t.26.t.31.t,4,206,21448
seq,94.16.t.26.t.31.e,21449,210,false,21464,end,21501
at,94.16.t.26.t.31.e,0,210,21449
at,94.16.t.26.t.31.e,1,209,21451
at,94.16.t.26.t.31.e,2,208,21453
at,94.16.t.26.t.31.e,3,207,21455
at,94.16.t.26.t.31.e,4,206,21457
at,94.16.t.26.t.31.e,5,205,21459
at,94.16.t.26.t.31.e,6,204,21461
at,94.16.t.26.t.31.e,7,203,21463
at,94.16.t.26.t,32,211,21464
seq,94.16.t.26.e,21465,243,false,21480,end,21501
at,94.16.t.26.e,0,243,21465
at,94.16.t.26.e,1,242,21467
at,94.16.t.26.e,2,241,21469
at,94.16.t.26.e,3,240,21471
at,94.16.t.26.e,4,239,21473
at,94.16.t.26.e,5,238,21475
at,94.16.t.26.e,6,237,21477
at,94.16.t.26.e,7,236,21479
at,94.16.t,27,244,21480
seq,94.16.e,21481,271,false,21496,end,21501
at,94.16.e,0,271,21481
at,94.16.e,1,270,21483
at,94.16.e,2,269,21485
at,94.16.e,3,268,21487
at,94.16.e,4,267,21489
at,94.16.e,5,266,21491
at,94.16.e,6,265,21493
at,94.16.e,7,264,21495
at,94,17,272,21496
at,94,18,271,21498
at,94,19,270,21500
95,code,21501,21644,21506,21503
95,0,138,21506
95,1,137,21508
95,2,136,21510
95,3,135,21511
95,4,134,21523
95,5,133,21639
95,6,132,21641
95,7,131,21643
seq,95,21506,138,false,21644,end,21644
at,95,0,138,21506
at,95,1,137,21508
at,95,2,136,21510
at,95,3,135,21511
seq,95.3.t,21513,133,true,21520,otherwise,21644
at,95.3.t,0,133,21513
at,95.3.t,1,132,21515
at,95.3.t,2,131,21518
at,95.3.t,3,130,21519
seq,95.3.e,21520,133,false,21523,end,21644
at,95.3.e,0,133,21520
at,95.3.e,1,132,21522
at,95,4,134,21523
seq,95.4.t,21525,132,true,21624,otherwise,21644
at,95.4.t,0,132,21525
at,95.4.t,1,131,21527
at,95.4.t,2,130,21529
at,95.4.t,3,129,21531
at,95.4.t,4,128,21533
at,95.4.t,5,127,21535
at,95.4.t,6,126,21537
at,95.4.t,7,125,21539
at,95.4.t,8,124,21541
at,95.4.t,9,123,21543
at,95.4.t,10,122,21545
at,95.4.t,11,121,21547
at,95.4.t,12,120,21549
at,95.4.t,13,119,21550
seq,95.4.t.13.t,21552,117,true,21555,otherwise,21644
at,95.4.t.13.t,0,117,21552
at,95.4.t.13.t,1,116,21554
seq,95.4.t.13.e,21555,117,false,21558,end,21644
at,95.4.t.13.e,0,117,21555
at,95.4.t.13.e,1,116,21557
at,95.4.t,14,118,21558
at,95.4.t,15,117,21560
at,95.4.t,16,116,21561
seq,95.4.t.16.t,21563,114,true,21566,otherwise,21644
at,95.4.t.16.t,0,114,21563
at,95.4.t.16.t,1,113,21565
seq,95.4.t.16.e,21566,114,false,21569,end,21644
at,95.4.t.16.e,0,114,21566
at,95.4.t.16.e,1,113,21568
at,95.4.t,17,115,21569
at,95.4.t,18,114,21571
at,95.4.t,19,113,21572
at,95.4.t,20,112,21573
seq,95.4.t.20.t,21575,110,true,21608,otherwise,21644
at,95.4.t.20.t,0,110,21575
at,95.4.t.20.t,1,109,21577
at,95.4.t.20.t,2,108,21579
at,95.4.t.20.t,3,107,21581
at,95.4.t.20.t,4,106,21583
at,95.4.t.20.t,5,105,21585
at,95.4.t.20.t,6,104,21587
at,95.4.t.20.t,7,103,21589
at,95.4.t.20.t,8,102,21591
at,95.4.t.20.t,9,101,21593
at,95.4.t.20.t,10,100,21595
at,95.4.t.20.t,11,99,21597
at,95.4.t.20.t,12,98,21599
at,95.4.t.20.t,13,97,21601
at,95.4.t.20.t,14,96,21603
at,95.4.t.20.t,15,95,21605
at,95.4.t.20.t,16,94,21607
seq,95.4.t.20.e,21608,110,false,21623,end,21644
at,95.4.t.20.e,0,110,21608
at,95.4.t.20.e,1,109,21610
at,95.4.t.20.e,2,108,21612
at,95.4.t.20.e,3,107,21614
at,95.4.t.20.e,4,106,21616
at,95.4.t.20.e,5,105,21618
at,95.4.t.20.e,6,104,21620
at,95.4.t.20.e,7,103,21622
at,95.4.t,21,111,21623
seq,95.4.e,21624,132,false,21639,end,21644
at,95.4.e,0,132,21624
at,95.4.e,1,131,21626
at,95.4.e,2,130,21628
at,95.4.e,3,129,21630
at,95.4.e,4,128,21632
at,95.4.e,5,127,21634
at,95.4.e,6,126,21636
at,95.4.e,7,125,21638
at,95,5,133,21639
at,95,6,132,21641
at,95,7,131,21643
96,code,21644,21879,21649,21646
96,0,230,21649
96,1,229,21651
96,2,228,21653
96,3,227,21654
96,4,226,21662
96,5,225,21664
96,6,224,21665
96,7,223,21666
96,8,222,21674
96,9,221,21676
96,10,220,21678
96,11,219,21680
96,12,218,21681
96,13,217,21689
96,14,216,21691
96,15,215,21692
96,16,214,21693
96,17,213,21745
96,18,212,21747
96,19,211,21749
96,20,210,21751
96,21,209,21752
96,22,208,21760
96,23,207,21762
96,24,206,21763
96,25,205,21764
96,26,204,21874
96,27,203,21876
96,28,202,21878
seq,96,21649,230,false,21879,end,21879
at,96,0,230,21649
at,96,1,229,21651
at,96,2,228,21653
at,96,3,227,21654
seq,96.3.t,21656,225,true,21659,otherwise,21879
at,96.3.t,0,225,21656
at,96.3.t,1,224,21658
seq,96.3.e,21659,225,false,21662,end,21879
at,96.3.e,0,225,21659
at,96.3.e,1,224,21661
at,96,4,226,21662
at,96,5,225,21664
at,96,6,224,21665
at,96,7,223,21666
seq,96.7.t,21668,221,true,21671,otherwise,21879
at,96.7.t,0,221,21668
at,96.7.t,1,220,21670
seq,96.7.e,21671,221,false,21674,end,21879
at,96.7.e,0,221,21671
at,96.7.e,1,220,21673
at,96,8,222,21674
at,96,9,221,21676
at,96,10,220,21678
at,96,11,219,21680
at,96,12,218,21681
seq,96.12.t,21683,216,true,21686,otherwise,21879
at,96.12.t,0,216,21683
at,96.12.t,1,215,21685
seq,96.12.e,21686,216,false,21689,end,21879
at,96.12.e,0,216,21686
at,96.12.e,1,215,21688
at,96,13,217,21689
at,96,14,216,21691
at,96,15,215,21692
at,96,16,214,21693
seq,96.16.t,21695,212,true,21720,otherwise,21879
at,96.16.t,0,212,21695
at,96.16.t,1,211,21697
at,96.16.t,2,210,21699
at,96.16.t,3,209,21701
at,96.16.t,4,208,21703
at,96.16.t,5,207,21705
at,96.16.t,6,206,21707
at,96.16.t,7,205,21708
seq,96.16.t.7.t,21710,203,true,21713,otherwise,21879
at,96.16.t.7.t,0,203,21710
at,96.16.t.7.t,1,202,21712
seq,96.16.t.7.e,21713,203,false,21719,end,21879
at,96.16.t.7.e,0,203,21713
at,96.16.t.7.e,1,202,21715
at,96.16.t.7.e,2,201,21717
at,96.16.t.7.e,3,200,21718
at,96.16.t,8,204,21719
seq,96.16.e,21720,212,false,21745,end,21879
at,96.16.e,0,212,21720
at,96.16.e,1,211,21722
at,96.16.e,2,210,21724
at,96.16.e,3,209,21726
at,96.16.e,4,208,21728
at,96.16.e,5,207,21730
at,96.16.e,6,206,21732
at,96.16.e,7,205,21733
seq,96.16.e.7.t,21735,203,true,21738,otherwise,21879
at,96.16.e.7.t,0,203,21735
at,96.16.e.7.t,1,202,21737
seq,96.16.e.7.e,21738,203,false,21744,end,21879
at,96.16.e.7.e,0,203,21738
at,96.16.e.7.e,1,202,21740
at,96.16.e.7.e,2,201,21742
at,96.16.e.7.e,3,200,21743
at,96.16.e,8,204,21744
at,96,17,213,21745
at,96,18,212,21747
at,96,19,211,21749
at,96,20,210,21751
at,96,21,209,21752
seq,96.21.t,21754,207,true,21757,otherwise,21879
at,96.21.t,0,207,21754
at,96.21.t,1,206,21756
seq,96.21.e,21757,207,false,21760,end,21879
at,96.21.e,0,207,21757
at,96.21.e,1,206,21759
at,96,22,208,21760
at,96,23,207,21762
at,96,24,206,21763
at,96,25,205,21764
seq,96.25.t,21766,203,true,21826,otherwise,21879
at,96.25.t,0,203,21766
at,96.25.t,1,202,21768
at,96.25.t,2,201,21770
at,96.25.t,3,200,21772
at,96.25.t,4,199,21774
at,96.25.t,5,198,21776
at,96.25.t,6,197,21778
at,96.25.t,7,196,21779
at,96.25.t,8,195,21781
at,96.25.t,9,194,21783
at,96.25.t,10,193,21784
seq,96.25.t.10.t,21786,191,true,21788,otherwise,21879
at,96.25.t.10.t,0,191,21786
at,96.25.t.10.t,1,190,21787
seq,96.25.t.10.e,21788,191,false,21791,end,21879
at,96.25.t.10.e,0,191,21788
at,96.25.t.10.e,1,190,21790
at,96.25.t,11,192,21791
at,96.25.t,12,191,21793
at,96.25.t,13,190,21794
seq,96.25.t.13.t,21796,188,true,21822,otherwise,21879
at,96.25.t.13.t,0,188,21796
at,96.25.t.13.t,1,187,21798
at,96.25.t.13.t,2,186,21800
at,96.25.t.13.t,3,185,21802
at,96.25.t.13.t,4,184,21804
at,96.25.t.13.t,5,183,21806
at,96.25.t.13.t,6,182,21808
at,96.25.t.13.t,7,181,21809
at,96.25.t.13.t,8,180,21811
at,96.25.t.13.t,9,179,21813
at,96.25.t.13.t,10,178,21814
seq,96.25.t.13.t.10.t,21816,176,true,21818,otherwise,21879
at,96.25.t.13.t.10.t,0,176,21816
at,96.25.t.13.t.10.t,1,175,21817
seq,96.25.t.13.t.10.e,21818,176,false,21821,end,21879
at,96.25.t.13.t.10.e,0,176,21818
at,96.25.t.13.t.10.e,1,175,21820
at,96.25.t.13.t,11,177,21821
seq,96.25.t.13.e,21822,188,false,21825,end,21879
at,96.25.t.13.e,0,188,21822
at,96.25.t.13.e,1,187,21824
at,96.25.t,14,189,21825
seq,96.25.e,21826,203,false,21874,end,21879
at,96.25.e,0,203,21826
at,96.25.e,1,202,21828
at,96.25.e,2,201,21830
at,96.25.e,3,200,21831
seq,96.25.e.3.t,21833,198,true,21836,otherwise,21879
at,96.25.e.3.t,0,198,21833
at,96.25.e.3.t,1,197,21835
seq,96.25.e.3.e,21836,198,false,21839,end,21879
at,96.25.e.3.e,0,198,21836
at,96.25.e.3.e,1,197,21838
at,96.25.e,4,199,21839
at,96.25.e,5,198,21841
at,96.25.e,6,197,21842
at,96.25.e,7,196,21843
seq,96.25.e.7.t,21845,194,true,21848,otherwise,21879
at,96.25.e.7.t,0,194,21845
at,96.25.e.7.t,1,193,21847
seq,96.25.e.7.e,21848,194,false,21873,end,21879
at,96.25.e.7.e,0,194,21848
at,96.25.e.7.e,1,193,21850
at,96.25.e.7.e,2,192,21852
at,96.25.e.7.e,3,191,21854
at,96.25.e.7.e,4,190,21856
at,96.25.e.7.e,5,189,21858
at,96.25.e.7.e,6,188,21860
at,96.25.e.7.e,7,187,21861
seq,96.25.e.7.e.7.t,21863,185,true,21866,otherwise,21879
at,96.25.e.7.e.7.t,0,185,21863
at,96.25.e.7.e.7.t,1,184,21865
seq,96.25.e.7.e.7.e,21866,185,false,21872,end,21879
at,96.25.e.7.e.7.e,0,185,21866
at,96.25.e.7.e.7.e,1,184,21868
at,96.25.e.7.e.7.e,2,183,21870
at,96.25.e.7.e.7.e,3,182,21871
at,96.25.e.7.e,8,186,21872
at,96.25.e,8,195,21873
at,96,26,204,21874
at,96,27,203,21876
at,96,28,202,21878
97,code,21879,21945,21883,21880
97,0,62,21883
97,1,61,21885
97,2,60,21887
97,3,59,21888
97,4,58,21896
97,5,57,21898
97,6,56,21899
97,7,55,21900
97,8,54,21936
97,9,53,21938
97,10,52,21940
97,11,51,21942
97,12,50,21944
seq,97,21883,62,false,21945,end,21945
at,97,0,62,21883
at,97,1,61,21885
at,97,2,60,21887
at,97,3,59,21888
seq,97.3.t,21890,57,true,21893,otherwise,21945
at,97.3.t,0,57,21890
at,97.3.t,1,56,21892
seq,97.3.e,21893,57,false,21896,end,21945
at,97.3.e,0,57,21893
at,97.3.e,1,56,21895
at,97,4,58,21896
at,97,5,57,21898
at,97,6,56,21899
at,97,7,55,21900
seq,97.7.t,21902,53,true,21919,otherwise,21945
at,97.7.t,0,53,21902
at,97.7.t,1,52,21904
at,97.7.t,2,51,21906
at,97.7.t,3,50,21908
at,97.7.t,4,49,21910
at,97.7.t,5,48,21912
at,97.7.t,6,47,21914
at,97.7.t,7,46,21916
at,97.7.t,8,45,21918
seq,97.7.e,21919,53,false,21936,end,21945
at,97.7.e,0,53,21919
at,97.7.e,1,52,21921
at,97.7.e,2,51,21923
at,97.7.e,3,50,21925
at,97.7.e,4,49,21927
at,97.7.e,5,48,21929
at,97.7.e,6,47,21931
at,97.7.e,7,46,21933
at,97.7.e,8,45,21935
at,97,8,54,21936
at,97,9,53,21938
at,97,10,52,21940
at,97,11,51,21942
at,97,12,50,21944
98,code,21945,23603,21950,21947
98,0,1653,21950
98,1,1652,21952
98,2,1651,21954
98,3,1650,21956
98,4,1649,21958
98,5,1648,21960
98,6,1647,21962
98,7,1646,21964
98,8,1645,21966
98,9,1644,21968
98,10,1643,21970
98,11,1642,21972
98,12,1641,21974
98,13,1640,21976
98,14,1639,21978
98,15,1638,21980
98,16,1637,21982
98,17,1636,21984
98,18,1635,21986
98,19,1634,21988
98,20,1633,21990
98,21,1632,21992
98,22,1631,21994
98,23,1630,21996
98,24,1629,21998
98,25,1628,22000
98,26,1627,22002
98,27,1626,22004
98,28,1625,22006
98,29,1624,22008
98,30,1623,22010
98,31,1622,22012
98,32,1621,22014
98,33,1620,22016
98,34,1619,22018
98,35,1618,22020
98,36,1617,22022
98,37,1616,22024
98,38,1615,22026
98,39,1614,22028
98,40,1613,22030
98,41,1612,22032
98,42,1611,22034
98,43,1610,22036
98,44,1609,22038
98,45,1608,22040
98,46,1607,22042
98,47,1606,22044
98,48,1605,22046
98,49,1604,22048
98,50,1603,22050
98,51,1602,22052
98,52,1601,22054
98,53,1600,22056
98,54,1599,22058
98,55,1598,22060
98,56,1597,22062
98,57,1596,22064
98,58,1595,22066
98,59,1594,22068
98,60,1593,22070
98,61,1592,22072
98,62,1591,22074
98,63,1590,22076
98,64,1589,22078
98,65,1588,22080
98,66,1587,22082
98,67,1586,22083
98,68,1585,22091
98,69,1584,22093
98,70,1583,22094
98,71,1582,22095
98,72,1581,22435
98,73,1580,22437
98,74,1579,22439
98,75,1578,22440
98,76,1577,22448
98,77,1576,22450
98,78,1575,22451
98,79,1574,22452
98,80,1573,22792
98,81,1572,22794
98,82,1571,22796
98,83,1570,22798
98,84,1569,22800
98,85,1568,22802
98,86,1567,22804
98,87,1566,22806
98,88,1565,22808
98,89,1564,22810
98,90,1563,22812
98,91,1562,22814
98,92,1561,22816
98,93,1560,22818
98,94,1559,22820
98,95,1558,22822
98,96,1557,22824
98,97,1556,22826
98,98,1555,22828
98,99,1554,22830
98,100,1553,22832
98,101,1552,22834
98,102,1551,22836
98,103,1550,22838
98,104,1549,22840
98,105,1548,22842
98,106,1547,22844
98,107,1546,22846
98,108,1545,22848
98,109,1544,22850
98,110,1543,22852
98,111,1542,22853
98,112,1541,22861
98,113,1540,22863
98,114,1539,22864
98,115,1538,22865
98,116,1537,23205
98,117,1536,23207
98,118,1535,23209
98,119,1534,23210
98,120,1533,23218
98,121,1532,23220
98,122,1531,23221
98,123,1530,23222
98,124,1529,23562
98,125,1528,23564
98,126,1527,23566
98,127,1526,23568
98,128,1525,23570
98,129,1524,23572
98,130,1523,23574
98,131,1522,23576
98,132,1521,23578
98,133,1520,23580
98,134,1519,23582
98,135,1518,23584
98,136,1517,23586
98,137,1516,23588
98,138,1515,23590
98,139,1514,23592
98,140,1513,23594
98,141,1512,23596
98,142,1511,23598
98,143,1510,23600
98,144,1509,23602
seq,98,21950,1653,false,23603,end,23603
at,98,0,1653,21950
at,98,1,1652,21952
at,98,2,1651,21954
at,98,3,1650,21956
at,98,4,1649,21958
at,98,5,1648,21960
at,98,6,1647,21962
at,98,7,1646,21964
at,98,8,1645,21966
at,98,9,1644,21968
at,98,10,1643,21970
at,98,11,1642,21972
at,98,12,1641,21974
at,98,13,1640,21976
at,98,14,1639,21978
at,98,15,1638,21980
at,98,16,1637,21982
at,98,17,1636,21984
at,98,18,1635,21986
at,98,19,1634,21988
at,98,20,1633,21990
at,98,21,1632,21992
at,98,22,1631,21994
at,98,23,1630,21996
at,98,24,1629,21998
at,98,25,1628,22000
at,98,26,1627,22002
at,98,27,1626,22004
at,98,28,1625,22006
at,98,29,1624,22008
at,98,30,1623,22010
at,98,31,1622,22012
at,98,32,1621,22014
at,98,33,1620,22016
at,98,34,1619,22018
at,98,35,1618,22020
at,98,36,1617,22022
at,98,37,1616,22024
at,98,38,1615,22026
at,98,39,1614,22028
at,98,40,1613,22030
at,98,41,1612,22032
at,98,42,1611,22034
at,98,43,1610,22036
at,98,44,1609,22038
at,98,45,1608,22040
at,98,46,1607,22042
at,98,47,1606,22044
at,98,48,1605,22046
at,98,49,1604,22048
at,98,50,1603,22050
at,98,51,1602,22052
at,98,52,1601,22054
at,98,53,1600,22056
at,98,54,1599,22058
at,98,55,1598,22060
at,98,56,1597,22062
at,98,57,1596,22064
at,98,58,1595,22066
at,98,59,1594,22068
at,98,60,1593,22070
at,98,61,1592,22072
at,98,62,1591,22074
at,98,63,1590,22076
at,98,64,1589,22078
at,98,65,1588,22080
at,98,66,1587,22082
at,98,67,1586,22083
seq,98.67.t,22085,1584,true,22088,otherwise,23603
at,98.67.t,0,1584,22085
at,98.67.t,1,1583,22087
seq,98.67.e,22088,1584,false,22091,end,23603
at,98.67.e,0,1584,22088
at,98.67.e,1,1583,22090
at,98,68,1585,22091
at,98,69,1584,22093
at,98,70,1583,22094
at,98,71,1582,22095
seq,98.71.t,22097,1580,true,22266,otherwise,23603
at,98.71.t,0,1580,22097
at,98.71.t,1,1579,22099
at,98.71.t,2,1578,22101
at,98.71.t,3,1577,22103
at,98.71.t,4,1576,22105
at,98.71.t,5,1575,22107
at,98.71.t,6,1574,22109
at,98.71.t,7,1573,22110
at,98.71.t,8,1572,22113
at,98.71.t,9,1571,22114
seq,98.71.t.9.t,22116,1569,true,22135,otherwise,23603
at,98.71.t.9.t,0,1569,22116
at,98.71.t.9.t,1,1568,22118
at,98.71.t.9.t,2,1567,22120
at,98.71.t.9.t,3,1566,22122
at,98.71.t.9.t,4,1565,22123
at,98.71.t.9.t,5,1564,22125
at,98.71.t.9.t,6,1563,22126
at,98.71.t.9.t,7,1562,22128
at,98.71.t.9.t,8,1561,22129
at,98.71.t.9.t,9,1560,22130
at,98.71.t.9.t,10,1559,22131
at,98.71.t.9.t,11,1558,22134
seq,98.71.t.9.e,22135,1569,false,22137,end,23603
at,98.71.t.9.e,0,1569,22135
at,98.71.t.9.e,1,1568,22136
at,98.71.t,10,1570,22137
at,98.71.t,11,1569,22139
at,98.71.t,12,1568,22141
at,98.71.t,13,1567,22143
at,98.71.t,14,1566,22145
at,98.71.t,15,1565,22147
at,98.71.t,16,1564,22149
at,98.71.t,17,1563,22151
at,98.71.t,18,1562,22152
at,98.71.t,19,1561,22155
at,98.71.t,20,1560,22156
seq,98.71.t.20.t,22158,1558,true,22177,otherwise,23603
at,98.71.t.20.t,0,1558,22158
at,98.71.t.20.t,1,1557,22160
at,98.71.t.20.t,2,1556,22162
at,98.71.t.20.t,3,1555,22164
at,98.71.t.20.t,4,1554,22165
at,98.71.t.20.t,5,1553,22167
at,98.71.t.20.t,6,1552,22168
at,98.71.t.20.t,7,1551,22170
at,98.71.t.20.t,8,1550,22171
at,98.71.t.20.t,9,1549,22172
at,98.71.t.20.t,10,1548,22173
at,98.71.t.20.t,11,1547,22176
seq,98.71.t.20.e,22177,1558,false,22179,end,23603
at,98.71.t.20.e,0,1558,22177
at,98.71.t.20.e,1,1557,22178
at,98.71.t,21,1559,22179
at,98.71.t,22,1558,22181
at,98.71.t,23,1557,22183
at,98.71.t,24,1556,22185
at,98.71.t,25,1555,22187
at,98.71.t,26,1554,22189
at,98.71.t,27,1553,22191
at,98.71.t,28,1552,22193
at,98.71.t,29,1551,22194
at,98.71.t,30,1550,22197
at,98.71.t,31,1549,22198
seq,98.71.t.31.t,22200,1547,true,22219,otherwise,23603
at,98.71.t.31.t,0,1547,22200
at,98.71.t.31.t,1,1546,22202
at,98.71.t.31.t,2,1545,22204
at,98.71.t.31.t,3,1544,22206
at,98.71.t.31.t,4,1543,22207
at,98.71.t.31.t,5,1542,22209
at,98.71.t.31.t,6,1541,22210
at,98.71.t.31.t,7,1540,22212
at,98.71.t.31.t,8,1539,22213
at,98.71.t.31.t,9,1538,22214
at,98.71.t.31.t,10,1537,22215
at,98.71.t.31.t,11,1536,22218
seq,98.71.t.31.e,22219,1547,false,22221,end,23603
at,98.71.t.31.e,0,1547,22219
at,98.71.t.31.e,1,1546,22220
at,98.71.t,32,1548,22221
at,98.71.t,33,1547,22223
at,98.71.t,34,1546,22225
at,98.71.t,35,1545,22227
at,98.71.t,36,1544,22229
at,98.71.t,37,1543,22231
at,98.71.t,38,1542,22233
at,98.71.t,39,1541,22235
at,98.71.t,40,1540,22236
at,98.71.t,41,1539,22239
at,98.71.t,42,1538,22240
seq,98.71.t.42.t,22242,1536,true,22261,otherwise,23603
at,98.71.t.42.t,0,1536,22242
at,98.71.t.42.t,1,1535,22244
at,98.71.t.42.t,2,1534,22246
at,98.71.t.42.t,3,1533,22248
at,98.71.t.42.t,4,1532,22249
at,98.71.t.42.t,5,1531,22251
at,98.71.t.42.t,6,1530,22252
at,98.71.t.42.t,7,1529,22254
at,98.71.t.42.t,8,1528,22255
at,98.71.t.42.t,9,1527,22256
at,98.71.t.42.t,10,1526,22257
at,98.71.t.42.t,11,1525,22260
seq,98.71.t.42.e,22261,1536,false,22263,end,23603
at,98.71.t.42.e,0,1536,22261
at,98.71.t.42.e,1,1535,22262
at,98.71.t,43,1537,22263
at,98.71.t,44,1536,22265
seq,98.71.e,22266,1580,false,22435,end,23603
at,98.71.e,0,1580,22266
at,98.71.e,1,1579,22268
at,98.71.e,2,1578,22270
at,98.71.e,3,1577,22272
at,98.71.e,4,1576,22274
at,98.71.e,5,1575,22276
at,98.71.e,6,1574,22278
at,98.71.e,7,1573,22279
at,98.71.e,8,1572,22282
at,98.71.e,9,1571,22283
seq,98.71.e.9.t,22285,1569,true,22304,otherwise,23603
at,98.71.e.9.t,0,1569,22285
at,98.71.e.9.t,1,1568,22287
at,98.71.e.9.t,2,1567,22289
at,98.71.e.9.t,3,1566,22291
at,98.71.e.9.t,4,1565,22292
at,98.71.e.9.t,5,1564,22294
at,98.71.e.9.t,6,1563,22295
at,98.71.e.9.t,7,1562,22297
at,98.71.e.9.t,8,1561,22298
at,98.71.e.9.t,9,1560,22299
at,98.71.e.9.t,10,1559,22300
at,98.71.e.9.t,11,1558,22303
seq,98.71.e.9.e,22304,1569,false,22306,end,23603
at,98.71.e.9.e,0,1569,22304
at,98.71.e.9.e,1,1568,22305
at,98.71.e,10,1570,22306
at,98.71.e,11,1569,22308
at,98.71.e,12,1568,22310
at,98.71.e,13,1567,22312
at,98.71.e,14,1566,22314
at,98.71.e,15,1565,22316
at,98.71.e,16,1564,22318
at,98.71.e,17,1563,22320
at,98.71.e,18,1562,22321
at,98.71.e,19,1561,22324
at,98.71.e,20,1560,22325
seq,98.71.e.20.t,22327,1558,true,22346,otherwise,23603
at,98.71.e.20.t,0,1558,22327
at,98.71.e.20.t,1,1557,22329
at,98.71.e.20.t,2,1556,22331
at,98.71.e.20.t,3,1555,22333
at,98.71.e.20.t,4,1554,22334
at,98.71.e.20.t,5,1553,22336
at,98.71.e.20.t,6,1552,22337
at,98.71.e.20.t,7,1551,22339
at,98.71.e.20.t,8,1550,22340
at,98.71.e.20.t,9,1549,22341
at,98.71.e.20.t,10,1548,22342
at,98.71.e.20.t,11,1547,22345
seq,98.71.e.20.e,22346,1558,false,22348,end,23603
at,98.71.e.20.e,0,1558,22346
at,98.71.e.20.e,1,1557,22347
at,98.71.e,21,1559,22348
at,98.71.e,22,1558,22350
at,98.71.e,23,1557,22352
at,98.71.e,24,1556,22354
at,98.71.e,25,1555,22356
at,98.71.e,26,1554,22358
at,98.71.e,27,1553,22360
at,98.71.e,28,1552,22362
at,98.71.e,29,1551,22363
at,98.71.e,30,1550,22366
at,98.71.e,31,1549,22367
seq,98.71.e.31.t,22369,1547,true,22388,otherwise,23603
at,98.71.e.31.t,0,1547,22369
at,98.71.e.31.t,1,1546,22371
at,98.71.e.31.t,2,1545,22373
at,98.71.e.31.t,3,1544,22375
at,98.71.e.31.t,4,1543,22376
at,98.71.e.31.t,5,1542,22378
at,98.71.e.31.t,6,1541,22379
at,98.71.e.31.t,7,1540,22381
at,98.71.e.31.t,8,1539,22382
at,98.71.e.31.t,9,1538,22383
at,98.71.e.31.t,10,1537,22384
at,98.71.e.31.t,11,1536,22387
seq,98.71.e.31.e,22388,1547,false,22390,end,23603
at,98.71.e.31.e,0,1547,22388
at,98.71.e.31.e,1,1546,22389
at,98.71.e,32,1548,22390
at,98.71.e,33,1547,22392
at,98.71.e,34,1546,22394
at,98.71.e,35,1545,22396
at,98.71.e,36,1544,22398
at,98.71.e,37,1543,22400
at,98.71.e,38,1542,22402
at,98.71.e,39,1541,22404
at,98.71.e,40,1540,22405
at,98.71.e,41,1539,22408
at,98.71.e,42,1538,22409
seq,98.71.e.42.t,22411,1536,true,22430,otherwise,23603
at,98.71.e.42.t,0,1536,22411
at,98.71.e.42.t,1,1535,22413
at,98.71.e.42.t,2,1534,22415
at,98.71.e.42.t,3,1533,22417
at,98.71.e.42.t,4,1532,22418
at,98.71.e.42.t,5,1531,22420
at,98.71.e.42.t,6,1530,22421
at,98.71.e.42.t,7,1529,22423
at,98.71.e.42.t,8,1528,22424
at,98.71.e.42.t,9,1527,22425
at,98.71.e.42.t,10,1526,22426
at,98.71.e.42.t,11,1525,22429
seq,98.71.e.42.e,22430,1536,false,22432,end,23603
at,98.71.e.42.e,0,1536,22430
at,98.71.e.42.e,1,1535,22431
at,98.71.e,43,1537,22432
at,98.71.e,44,1536,22434
at,98,72,1581,22435
at,98,73,1580,22437
at,98,74,1579,22439
at,98,75,1578,22440
seq,98.75.t,22442,1576,true,22445,otherwise,23603
at,98.75.t,0,1576,22442
at,98.75.t,1,1575,22444
seq,98.75.e,22445,1576,false,22448,end,23603
at,98.75.e,0,1576,22445
at,98.75.e,1,1575,22447
at,98,76,1577,22448
at,98,77,1576,22450
at,98,78,1575,22451
at,98,79,1574,22452
seq,98.79.t,22454,1572,true,22623,otherwise,23603
at,98.79.t,0,1572,22454
at,98.79.t,1,1571,22456
at,98.79.t,2,1570,22458
at,98.79.t,3,1569,22460
at,98.79.t,4,1568,22462
at,98.79.t,5,1567,22464
at,98.79.t,6,1566,22466
at,98.79.t,7,1565,22467
at,98.79.t,8,1564,22470
at,98.79.t,9,1563,22471
seq,98.79.t.9.t,22473,1561,true,22492,otherwise,23603
at,98.79.t.9.t,0,1561,22473
at,98.79.t.9.t,1,1560,22475
at,98.79.t.9.t,2,1559,22477
at,98.79.t.9.t,3,1558,22479
at,98.79.t.9.t,4,1557,22480
at,98.79.t.9.t,5,1556,22482
at,98.79.t.9.t,6,1555,22483
at,98.79.t.9.t,7,1554,22485
at,98.79.t.9.t,8,1553,22486
at,98.79.t.9.t,9,1552,22487
at,98.79.t.9.t,10,1551,22488
at,98.79.t.9.t,11,1550,22491
seq,98.79.t.9.e,22492,1561,false,22494,end,23603
at,98.79.t.9.e,0,1561,22492
at,98.79.t.9.e,1,1560,22493
at,98.79.t,10,1562,22494
at,98.79.t,11,1561,22496
at,98.79.t,12,1560,22498
at,98.79.t,13,1559,22500
at,98.79.t,14,1558,22502
at,98.79.t,15,1557,22504
at,98.79.t,16,1556,22506
at,98.79.t,17,1555,22508
at,98.79.t,18,1554,22509
at,98.79.t,19,1553,22512
at,98.79.t,20,1552,22513
seq,98.79.t.20.t,22515,1550,true,22534,otherwise,23603
at,98.79.t.20.t,0,1550,22515
at,98.79.t.20.t,1,1549,22517
at,98.79.t.20.t,2,1548,22519
at,98.79.t.20.t,3,1547,22521
at,98.79.t.20.t,4,1546,22522
at,98.79.t.20.t,5,1545,22524
at,98.79.t.20.t,6,1544,22525
at,98.79.t.20.t,7,1543,22527
at,98.79.t.20.t,8,1542,22528
at,98.79.t.20.t,9,1541,22529
at,98.79.t.20.t,10,1540,22530
at,98.79.t.20.t,11,1539,22533
seq,98.79.t.20.e,22534,1550,false,22536,end,23603
at,98.79.t.20.e,0,1550,22534
at,98.79.t.20.e,1,1549,22535
at,98.79.t,21,1551,22536
at,98.79.t,22,1550,22538
at,98.79.t,23,1549,22540
at,98.79.t,24,1548,22542
at,98.79.t,25,1547,22544
at,98.79.t,26,1546,22546
at,98.79.t,27,1545,22548
at,98.79.t,28,1544,22550
at,98.79.t,29,1543,22551
at,98.79.t,30,1542,22554
at,98.79.t,31,1541,22555
seq,98.79.t.31.t,22557,1539,true,22576,otherwise,23603
at,98.79.t.31.t,0,1539,22557
at,98.79.t.31.t,1,1538,22559
at,98.79.t.31.t,2,1537,22561
at,98.79.t.31.t,3,1536,22563
at,98.79.t.31.t,4,1535,22564
at,98.79.t.31.t,5,1534,22566
at,98.79.t.31.t,6,1533,22567
at,98.79.t.31.t,7,1532,22569
at,98.79.t.31.t,8,1531,22570
at,98.79.t.31.t,9,1530,22571
at,98.79.t.31.t,10,1529,22572
at,98.79.t.31.t,11,1528,22575
seq,98.79.t.31.e,22576,1539,false,22578,end,23603
at,98.79.t.31.e,0,1539,22576
at,98.79.t.31.e,1,1538,22577
at,98.79.t,32,1540,22578
at,98.79.t,33,1539,22580
at,98.79.t,34,1538,22582
at,98.79.t,35,1537,22584
at,98.79.t,36,1536,22586
at,98.79.t,37,1535,22588
at,98.79.t,38,1534,22590
at,98.79.t,39,1533,22592
at,98.79.t,40,1532,22593
at,98.79.t,41,1531,22596
at,98.79.t,42,1530,22597
seq,98.79.t.42.t,22599,1528,true,22618,otherwise,23603
at,98.79.t.42.t,0,1528,22599
at,98.79.t.42.t,1,1527,22601
at,98.79.t.42.t,2,1526,22603
at,98.79.t.42.t,3,1525,22605
at,98.79.t.42.t,4,1524,22606
at,98.79.t.42.t,5,1523,22608
at,98.79.t.42.t,6,1522,22609
at,98.79.t.42.t,7,1521,22611
at,98.79.t.42.t,8,1520,22612
at,98.79.t.42.t,9,1519,22613
at,98.79.t.42.t,10,1518,22614
at,98.79.t.42.t,11,1517,22617
seq,98.79.t.42.e,22618,1528,false,22620,end,23603
at,98.79.t.42.e,0,1528,22618
at,98.79.t.42.e,1,1527,22619
at,98.79.t,43,1529,22620
at,98.79.t,44,1528,22622
seq,98.79.e,22623,1572,false,22792,end,23603
at,98.79.e,0,1572,22623
at,98.79.e,1,1571,22625
at,98.79.e,2,1570,22627
at,98.79.e,3,1569,22629
at,98.79.e,4,1568,22631
at,98.79.e,5,1567,22633
at,98.79.e,6,1566,22635
at,98.79.e,7,1565,22636
at,98.79.e,8,1564,22639
at,98.79.e,9,1563,22640
seq,98.79.e.9.t,22642,1561,true,22661,otherwise,23603
at,98.79.e.9.t,0,1561,22642
at,98.79.e.9.t,1,1560,22644
at,98.79.e.9.t,2,1559,22646
at,98.79.e.9.t,3,1558,22648
at,98.79.e.9.t,4,1557,22649
at,98.79.e.9.t,5,1556,22651
at,98.79.e.9.t,6,1555,22652
at,98.79.e.9.t,7,1554,22654
at,98.79.e.9.t,8,1553,22655
at,98.79.e.9.t,9,1552,22656
at,98.79.e.9.t,10,1551,22657
at,98.79.e.9.t,11,1550,22660
seq,98.79.e.9.e,22661,1561,false,22663,end,23603
at,98.79.e.9.e,0,1561,22661
at,98.79.e.9.e,1,1560,22662
at,98.79.e,10,1562,22663
at,98.79.e,11,1561,22665
at,98.79.e,12,1560,22667
at,98.79.e,13,1559,22669
at,98.79.e,14,1558,22671
at,98.79.e,15,1557,22673
at,98.79.e,16,1556,22675
at,98.79.e,17,1555,22677
at,98.79.e,18,1554,22678
at,98.79.e,19,1553,22681
at,98.79.e,20,1552,22682
seq,98.79.e.20.t,22684,1550,true,22703,otherwise,23603
at,98.79.e.20.t,0,1550,22684
at,98.79.e.20.t,1,1549,22686
at,98.79.e.20.t,2,1548,22688
at,98.79.e.20.t,3,1547,22690
at,98.79.e.20.t,4,1546,22691
at,98.79.e.20.t,5,1545,22693
at,98.79.e.20.t,6,1544,22694
at,98.79.e.20.t,7,1543,22696
at,98.79.e.20.t,8,1542,22697
at,98.79.e.20.t,9,1541,22698
at,98.79.e.20.t,10,1540,22699
at,98.79.e.20.t,11,1539,22702
seq,98.79.e.20.e,22703,1550,false,22705,end,23603
at,98.79.e.20.e,0,1550,22703
at,98.79.e.20.e,1,1549,22704
at,98.79.e,21,1551,22705
at,98.79.e,22,1550,22707
at,98.79.e,23,1549,22709
at,98.79.e,24,1548,22711
at,98.79.e,25,1547,22713
at,98.79.e,26,1546,22715
at,98.79.e,27,1545,22717
at,98.79.e,28,1544,22719
at,98.79.e,29,1543,22720
at,98.79.e,30,1542,22723
at,98.79.e,31,1541,22724
seq,98.79.e.31.t,22726,1539,true,22745,otherwise,23603
at,98.79.e.31.t,0,1539,22726
at,98.79.e.31.t,1,1538,22728
at,98.79.e.31.t,2,1537,22730
at,98.79.e.31.t,3,1536,22732
at,98.79.e.31.t,4,1535,22733
at,98.79.e.31.t,5,1534,22735
at,98.79.e.31.t,6,1533,22736
at,98.79.e.31.t,7,1532,22738
at,98.79.e.31.t,8,1531,22739
at,98.79.e.31.t,9,1530,22740
at,98.79.e.31.t,10,1529,22741
at,98.79.e.31.t,11,1528,22744
seq,98.79.e.31.e,22745,1539,false,22747,end,23603
at,98.79.e.31.e,0,1539,22745
at,98.79.e.31.e,1,1538,22746
at,98.79.e,32,1540,22747
at,98.79.e,33,1539,22749
at,98.79.e,34,1538,22751
at,98.79.e,35,1537,22753
at,98.79.e,36,1536,22755
at,98.79.e,37,1535,22757
at,98.79.e,38,1534,22759
at,98.79.e,39,1533,22761
at,98.79.e,40,1532,22762
at,98.79.e,41,1531,22765
at,98.79.e,42,1530,22766
seq,98.79.e.42.t,22768,1528,true,22787,otherwise,23603
at,98.79.e.42.t,0,1528,22768
at,98.79.e.42.t,1,1527,22770
at,98.79.e.42.t,2,1526,22772
at,98.79.e.42.t,3,1525,22774
at,98.79.e.42.t,4,1524,22775
at,98.79.e.42.t,5,1523,22777
at,98.79.e.42.t,6,1522,22778
at,98.79.e.42.t,7,1521,22780
at,98.79.e.42.t,8,1520,22781
at,98.79.e.42.t,9,1519,22782
at,98.79.e.42.t,10,1518,22783
at,98.79.e.42.t,11,1517,22786
seq,98.79.e.42.e,22787,1528,false,22789,end,23603
at,98.79.e.42.e,0,1528,22787
at,98.79.e.42.e,1,1527,22788
at,98.79.e,43,1529,22789
at,98.79.e,44,1528,22791
at,98,80,1573,22792
at,98,81,1572,22794
at,98,82,1571,22796
at,98,83,1570,22798
at,98,84,1569,22800
at,98,85,1568,22802
at,98,86,1567,22804
at,98,87,1566,22806
at,98,88,1565,22808
at,98,89,1564,22810
at,98,90,1563,22812
at,98,91,1562,22814
at,98,92,1561,22816
at,98,93,1560,22818
at,98,94,1559,22820
at,98,95,1558,22822
at,98,96,1557,22824
at,98,97,1556,22826
at,98,98,1555,22828
at,98,99,1554,22830
at,98,100,1553,22832
at,98,101,1552,22834
at,98,102,1551,22836
at,98,103,1550,22838
at,98,104,1549,22840
at,98,105,1548,22842
at,98,106,1547,22844
at,98,107,1546,22846
at,98,108,1545,22848
at,98,109,1544,22850
at,98,110,1543,22852
at,98,111,1542,22853
seq,98.111.t,22855,1540,true,22858,otherwise,23603
at,98.111.t,0,1540,22855
at,98.111.t,1,1539,22857
seq,98.111.e,22858,1540,false,22861,end,23603
at,98.111.e,0,1540,22858
at,98.111.e,1,1539,22860
at,98,112,1541,22861
at,98,113,1540,22863
at,98,114,1539,22864
at,98,115,1538,22865
seq,98.115.t,22867,1536,true,23036,otherwise,23603
at,98.115.t,0,1536,22867
at,98.115.t,1,1535,22869
at,98.115.t,2,1534,22871
at,98.115.t,3,1533,22873
at,98.115.t,4,1532,22875
at,98.115.t,5,1531,22877
at,98.115.t,6,1530,22879
at,98.115.t,7,1529,22880
at,98.115.t,8,1528,22883
at,98.115.t,9,1527,22884
seq,98.115.t.9.t,22886,1525,true,22905,otherwise,23603
at,98.115.t.9.t,0,1525,22886
at,98.115.t.9.t,1,1524,22888
at,98.115.t.9.t,2,1523,22890
at,98.115.t.9.t,3,1522,22892
at,98.115.t.9.t,4,1521,22893
at,98.115.t.9.t,5,1520,22895
at,98.115.t.9.t,6,1519,22896
at,98.115.t.9.t,7,1518,22898
at,98.115.t.9.t,8,1517,22899
at,98.115.t.9.t,9,1516,22900
at,98.115.t.9.t,10,1515,22901
at,98.115.t.9.t,11,1514,22904
seq,98.115.t.9.e,22905,1525,false,22907,end,23603
at,98.115.t.9.e,0,1525,22905
at,98.115.t.9.e,1,1524,22906
at,98.115.t,10,1526,22907
at,98.115.t,11,1525,22909
at,98.115.t,12,1524,22911
at,98.115.t,13,1523,22913
at,98.115.t,14,1522,22915
at,98.115.t,15,1521,22917
at,98.115.t,16,1520,22919
at,98.115.t,17,1519,22921
at,98.115.t,18,1518,22922
at,98.115.t,19,1517,22925
at,98.115.t,20,1516,22926
seq,98.115.t.20.t,22928,1514,true,22947,otherwise,23603
at,98.115.t.20.t,0,1514,22928
at,98.115.t.20.t,1,1513,22930
at,98.115.t.20.t,2,1512,22932
at,98.115.t.20.t,3,1511,22934
at,98.115.t.20.t,4,1510,22935
at,98.115.t.20.t,5,1509,22937
at,98.115.t.20.t,6,1508,22938
at,98.115.t.20.t,7,1507,22940
at,98.115.t.20.t,8,1506,22941
at,98.115.t.20.t,9,1505,22942
at,98.115.t.20.t,10,1504,22943
at,98.115.t.20.t,11,1503,22946
seq,98.115.t.20.e,22947,1514,false,22949,end,23603
at,98.115.t.20.e,0,1514,22947
at,98.115.t.20.e,1,1513,22948
at,98.115.t,21,1515,22949
at,98.115.t,22,1514,22951
at,98.115.t,23,1513,22953
at,98.115.t,24,1512,22955
at,98.115.t,25,1511,22957
at,98.115.t,26,1510,22959
at,98.115.t,27,1509,22961
at,98.115.t,28,1508,22963
at,98.115.t,29,1507,22964
at,98.115.t,30,1506,22967
at,98.115.t,31,1505,22968
seq,98.115.t.31.t,22970,1503,true,22989,otherwise,23603
at,98.115.t.31.t,0,1503,22970
at,98.115.t.31.t,1,1502,22972
at,98.115.t.31.t,2,1501,22974
at,98.115.t.31.t,3,1500,22976
at,98.115.t.31.t,4,1499,22977
at,98.115.t.31.t,5,1498,22979
at,98.115.t.31.t,6,1497,22980
at,98.115.t.31.t,7,1496,22982
at,98.115.t.31.t,8,1495,22983
at,98.115.t.31.t,9,1494,22984
at,98.115.t.31.t,10,1493,22985
at,98.115.t.31.t,11,1492,22988
seq,98.115.t.31.e,22989,1503,false,22991,end,23603
at,98.115.t.31.e,0,1503,22989
at,98.115.t.31.e,1,1502,22990
at,98.115.t,32,1504,22991
at,98.115.t,33,1503,22993
at,98.115.t,34,1502,22995
at,98.115.t,35,1501,22997
at,98.115.t,36,1500,22999
at,98.115.t,37,1499,23001
at,98.115.t,38,1498,23003
at,98.115.t,39,1497,23005
at,98.115.t,40,1496,23006
at,98.115.t,41,1495,23009
at,98.115.t,42,1494,23010
seq,98.115.t.42.t,23012,1492,true,23031,otherwise,23603
at,98.115.t.42.t,0,1492,23012
at,98.115.t.42.t,1,1491,23014
at,98.115.t.42.t,2,1490,23016
at,98.115.t.42.t,3,1489,23018
at,98.115.t.42.t,4,1488,23019
at,98.115.t.42.t,5,1487,23021
at,98.115.t.42.t,6,1486,23022
at,98.115.t.42.t,7,1485,23024
at,98.115.t.42.t,8,1484,23025
at,98.115.t.42.t,9,1483,23026
at,98.115.t.42.t,10,1482,23027
at,98.115.t.42.t,11,1481,23030
seq,98.115.t.42.e,23031,1492,false,23033,end,23603
at,98.115.t.42.e,0,1492,23031
at,98.115.t.42.e,1,1491,23032
at,98.115.t,43,1493,23033
at,98.115.t,44,1492,23035
seq,98.115.e,23036,1536,false,23205,end,23603
at,98.115.e,0,1536,23036
at,98.115.e,1,1535,23038
at,98.115.e,2,1534,23040
at,98.115.e,3,1533,23042
at,98.115.e,4,1532,23044
at,98.115.e,5,1531,23046
at,98.115.e,6,1530,23048
at,98.115.e,7,1529,23049
at,98.115.e,8,1528,23052
at,98.115.e,9,1527,23053
seq,98.115.e.9.t,23055,1525,true,23074,otherwise,23603
at,98.115.e.9.t,0,1525,23055
at,98.115.e.9.t,1,1524,23057
at,98.115.e.9.t,2,1523,23059
at,98.115.e.9.t,3,1522,23061
at,98.115.e.9.t,4,1521,23062
at,98.115.e.9.t,5,1520,23064
at,98.115.e.9.t,6,1519,23065
at,98.115.e.9.t,7,1518,23067
at,98.115.e.9.t,8,1517,23068
at,98.115.e.9.t,9,1516,23069
at,98.115.e.9.t,10,1515,23070
at,98.115.e.9.t,11,1514,23073
seq,98.115.e.9.e,23074,1525,false,23076,end,23603
at,98.115.e.9.e,0,1525,23074
at,98.115.e.9.e,1,1524,23075
at,98.115.e,10,1526,23076
at,98.115.e,11,1525,23078
at,98.115.e,12,1524,23080
at,98.115.e,13,1523,23082
at,98.115.e,14,1522,23084
at,98.115.e,15,1521,23086
at,98.115.e,16,1520,23088
at,98.115.e,17,1519,23090
at,98.115.e,18,1518,23091
at,98.115.e,19,1517,23094
at,98.115.e,20,1516,23095
seq,98.115.e.20.t,23097,1514,true,23116,otherwise,23603
at,98.115.e.20.t,0,1514,23097
at,98.115.e.20.t,1,1513,23099
at,98.115.e.20.t,2,1512,23101
at,98.115.e.20.t,3,1511,23103
at,98.115.e.20.t,4,1510,23104
at,98.115.e.20.t,5,1509,23106
at,98.115.e.20.t,6,1508,23107
at,98.115.e.20.t,7,1507,23109
at,98.115.e.20.t,8,1506,23110
at,98.115.e.20.t,9,1505,23111
at,98.115.e.20.t,10,1504,23112
at,98.115.e.20.t,11,1503,23115
seq,98.115.e.20.e,23116,1514,false,23118,end,23603
at,98.115.e.20.e,0,1514,23116
at,98.115.e.20.e,1,1513,23117
at,98.115.e,21,1515,23118
at,98.115.e,22,1514,23120
at,98.115.e,23,1513,23122
at,98.115.e,24,1512,23124
at,98.115.e,25,1511,23126
at,98.115.e,26,1510,23128
at,98.115.e,27,1509,23130
at,98.115.e,28,1508,23132
at,98.115.e,29,1507,23133
at,98.115.e,30,1506,23136
at,98.115.e,31,1505,23137
seq,98.115.e.31.t,23139,1503,true,23158,otherwise,23603
at,98.115.e.31.t,0,1503,23139
at,98.115.e.31.t,1,1502,23141
at,98.115.e.31.t,2,1501,23143
at,98.115.e.31.t,3,1500,23145
at,98.115.e.31.t,4,1499,23146
at,98.115.e.31.t,5,1498,23148
at,98.115.e.31.t,6,1497,23149
at,98.115.e.31.t,7,1496,23151
at,98.115.e.31.t,8,1495,23152
at,98.115.e.31.t,9,1494,23153
at,98.115.e.31.t,10,1493,23154
at,98.115.e.31.t,11,1492,23157
seq,98.115.e.31.e,23158,1503,false,23160,end,23603
at,98.115.e.31.e,0,1503,23158
at,98.115.e.31.e,1,1502,23159
at,98.115.e,32,1504,23160
at,98.115.e,33,1503,23162
at,98.115.e,34,1502,23164
at,98.115.e,35,1501,23166
at,98.115.e,36,1500,23168
at,98.115.e,37,1499,23170
at,98.115.e,38,1498,23172
at,98.115.e,39,1497,23174
at,98.115.e,40,1496,23175
at,98.115.e,41,1495,23178
at,98.115.e,42,1494,23179
seq,98.115.e.42.t,23181,1492,true,23200,otherwise,23603
at,98.115.e.42.t,0,1492,23181
at,98.115.e.42.t,1,1491,23183
at,98.115.e.42.t,2,1490,23185
at,98.115.e.42.t,3,1489,23187
at,98.115.e.42.t,4,1488,23188
at,98.115.e.42.t,5,1487,23190
at,98.115.e.42.t,6,1486,23191
at,98.115.e.42.t,7,1485,23193
at,98.115.e.42.t,8,1484,23194
at,98.115.e.42.t,9,1483,23195
at,98.115.e.42.t,10,1482,23196
at,98.115.e.42.t,11,1481,23199
seq,98.115.e.42.e,23200,1492,false,23202,end,23603
at,98.115.e.42.e,0,1492,23200
at,98.115.e.42.e,1,1491,23201
at,98.115.e,43,1493,23202
at,98.115.e,44,1492,23204
at,98,116,1537,23205
at,98,117,1536,23207
at,98,118,1535,23209
at,98,119,1534,23210
seq,98.119.t,23212,1532,true,23215,otherwise,23603
at,98.119.t,0,1532,23212
at,98.119.t,1,1531,23214
seq,98.119.e,23215,1532,false,23218,end,23603
at,98.119.e,0,1532,23215
at,98.119.e,1,1531,23217
at,98,120,1533,23218
at,98,121,1532,23220
at,98,122,1531,23221
at,98,123,1530,23222
seq,98.123.t,23224,1528,true,23393,otherwise,23603
at,98.123.t,0,1528,23224
at,98.123.t,1,1527,23226
at,98.123.t,2,1526,23228
at,98.123.t,3,1525,23230
at,98.123.t,4,1524,23232
at,98.123.t,5,1523,23234
at,98.123.t,6,1522,23236
at,98.123.t,7,1521,23237
at,98.123.t,8,1520,23240
at,98.123.t,9,1519,23241
seq,98.123.t.9.t,23243,1517,true,23262,otherwise,23603
at,98.123.t.9.t,0,1517,23243
at,98.123.t.9.t,1,1516,23245
at,98.123.t.9.t,2,1515,23247
at,98.123.t.9.t,3,1514,23249
at,98.123.t.9.t,4,1513,23250
at,98.123.t.9.t,5,1512,23252
at,98.123.t.9.t,6,1511,23253
at,98.123.t.9.t,7,1510,23255
at,98.123.t.9.t,8,1509,23256
at,98.123.t.9.t,9,1508,23257
at,98.123.t.9.t,10,1507,23258
at,98.123.t.9.t,11,1506,23261
seq,98.123.t.9.e,23262,1517,false,23264,end,23603
at,98.123.t.9.e,0,1517,23262
at,98.123.t.9.e,1,1516,23263
at,98.123.t,10,1518,23264
at,98.123.t,11,1517,23266
at,98.123.t,12,1516,23268
at,98.123.t,13,1515,23270
at,98.123.t,14,1514,23272
at,98.123.t,15,1513,23274
at,98.123.t,16,1512,23276
at,98.123.t,17,1511,23278
at,98.123.t,18,1510,23279
at,98.123.t,19,1509,23282
at,98.123.t,20,1508,23283
seq,98.123.t.20.t,23285,1506,true,23304,otherwise,23603
at,98.123.t.20.t,0,1506,23285
at,98.123.t.20.t,1,1505,23287
at,98.123.t.20.t,2,1504,23289
at,98.123.t.20.t,3,1503,23291
at,98.123.t.20.t,4,1502,23292
at,98.123.t.20.t,5,1501,23294
at,98.123.t.20.t,6,1500,23295
at,98.123.t.20.t,7,1499,23297
at,98.123.t.20.t,8,1498,23298
at,98.123.t.20.t,9,1497,23299
at,98.123.t.20.t,10,1496,23300
at,98.123.t.20.t,11,1495,23303
seq,98.123.t.20.e,23304,1506,false,23306,end,23603
at,98.123.t.20.e,0,1506,23304
at,98.123.t.20.e,1,1505,23305
at,98.123.t,21,1507,23306
at,98.123.t,22,1506,23308
at,98.123.t,23,1505,23310
at,98.123.t,24,1504,23312
at,98.123.t,25,1503,23314
at,98.123.t,26,1502,23316
at,98.123.t,27,1501,23318
at,98.123.t,28,1500,23320
at,98.123.t,29,1499,23321
at,98.123.t,30,1498,23324
at,98.123.t,31,1497,23325
seq,98.123.t.31.t,23327,1495,true,23346,otherwise,23603
at,98.123.t.31.t,0,1495,23327
at,98.123.t.31.t,1,1494,23329
at,98.123.t.31.t,2,1493,23331
at,98.123.t.31.t,3,1492,23333
at,98.123.t.31.t,4,1491,23334
at,98.123.t.31.t,5,1490,23336
at,98.123.t.31.t,6,1489,23337
at,98.123.t.31.t,7,1488,23339
at,98.123.t.31.t,8,1487,23340
at,98.123.t.31.t,9,1486,23341
at,98.123.t.31.t,10,1485,23342
at,98.123.t.31.t,11,1484,23345
seq,98.123.t.31.e,23346,1495,false,23348,end,23603
at,98.123.t.31.e,0,1495,23346
at,98.123.t.31.e,1,1494,23347
at,98.123.t,32,1496,23348
at,98.123.t,33,1495,23350
at,98.123.t,34,1494,23352
at,98.123.t,35,1493,23354
at,98.123.t,36,1492,23356
at,98.123.t,37,1491,23358
at,98.123.t,38,1490,23360
at,98.123.t,39,1489,23362
at,98.123.t,40,1488,23363
at,98.123.t,41,1487,23366
at,98.123.t,42,1486,23367
seq,98.123.t.42.t,23369,1484,true,23388,otherwise,23603
at,98.123.t.42.t,0,1484,23369
at,98.123.t.42.t,1,1483,23371
at,98.123.t.42.t,2,1482,23373
at,98.123.t.42.t,3,1481,23375
at,98.123.t.42.t,4,1480,23376
at,98.123.t.42.t,5,1479,23378
at,98.123.t.42.t,6,1478,23379
at,98.123.t.42.t,7,1477,23381
at,98.123.t.42.t,8,1476,23382
at,98.123.t.42.t,9,1475,23383
at,98.123.t.42.t,10,1474,23384
at,98.123.t.42.t,11,1473,23387
seq,98.123.t.42.e,23388,1484,false,23390,end,23603
at,98.123.t.42.e,0,1484,23388
at,98.123.t.42.e,1,1483,23389
at,98.123.t,43,1485,23390
at,98.123.t,44,1484,23392
seq,98.123.e,23393,1528,false,23562,end,23603
at,98.123.e,0,1528,23393
at,98.123.e,1,1527,23395
at,98.123.e,2,1526,23397
at,98.123.e,3,1525,23399
at,98.123.e,4,1524,23401
at,98.123.e,5,1523,23403
at,98.123.e,6,1522,23405
at,98.123.e,7,1521,23406
at,98.123.e,8,1520,23409
at,98.123.e,9,1519,23410
seq,98.123.e.9.t,23412,1517,true,23431,otherwise,23603
at,98.123.e.9.t,0,1517,23412
at,98.123.e.9.t,1,1516,23414
at,98.123.e.9.t,2,1515,23416
at,98.123.e.9.t,3,1514,23418
at,98.123.e.9.t,4,1513,23419
at,98.123.e.9.t,5,1512,23421
at,98.123.e.9.t,6,1511,23422
at,98.123.e.9.t,7,1510,23424
at,98.123.e.9.t,8,1509,23425
at,98.123.e.9.t,9,1508,23426
at,98.123.e.9.t,10,1507,23427
at,98.123.e.9.t,11,1506,23430
seq,98.123.e.9.e,23431,1517,false,23433,end,23603
at,98.123.e.9.e,0,1517,23431
at,98.123.e.9.e,1,1516,23432
at,98.123.e,10,1518,23433
at,98.123.e,11,1517,23435
at,98.123.e,12,1516,23437
at,98.123.e,13,1515,23439
at,98.123.e,14,1514,23441
at,98.123.e,15,1513,23443
at,98.123.e,16,1512,23445
at,98.123.e,17,1511,23447
at,98.123.e,18,1510,23448
at,98.123.e,19,1509,23451
at,98.123.e,20,1508,23452
seq,98.123.e.20.t,23454,1506,true,23473,otherwise,23603
at,98.123.e.20.t,0,1506,23454
at,98.123.e.20.t,1,1505,23456
at,98.123.e.20.t,2,1504,23458
at,98.123.e.20.t,3,1503,23460
at,98.123.e.20.t,4,1502,23461
at,98.123.e.20.t,5,1501,23463
at,98.123.e.20.t,6,1500,23464
at,98.123.e.20.t,7,1499,23466
at,98.123.e.20.t,8,1498,23467
at,98.123.e.20.t,9,1497,23468
at,98.123.e.20.t,10,1496,23469
at,98.123.e.20.t,11,1495,23472
seq,98.123.e.20.e,23473,1506,false,23475,end,23603
at,98.123.e.20.e,0,1506,23473
at,98.123.e.20.e,1,1505,23474
at,98.123.e,21,1507,23475
at,98.123.e,22,1506,23477
at,98.123.e,23,1505,23479
at,98.123.e,24,1504,23481
at,98.123.e,25,1503,23483
at,98.123.e,26,1502,23485
at,98.123.e,27,1501,23487
at,98.123.e,28,1500,23489
at,98.123.e,29,1499,23490
at,98.123.e,30,1498,23493
at,98.123.e,31,1497,23494
seq,98.123.e.31.t,23496,1495,true,23515,otherwise,23603
at,98.123.e.31.t,0,1495,23496
at,98.123.e.31.t,1,1494,23498
at,98.123.e.31.t,2,1493,23500
at,98.123.e.31.t,3,1492,23502
at,98.123.e.31.t,4,1491,23503
at,98.123.e.31.t,5,1490,23505
at,98.123.e.31.t,6,1489,23506
at,98.123.e.31.t,7,1488,23508
at,98.123.e.31.t,8,1487,23509
at,98.123.e.31.t,9,1486,23510
at,98.123.e.31.t,10,1485,23511
at,98.123.e.31.t,11,1484,23514
seq,98.123.e.31.e,23515,1495,false,23517,end,23603
at,98.123.e.31.e,0,1495,23515
at,98.123.e.31.e,1,1494,23516
at,98.123.e,32,1496,23517
at,98.123.e,33,1495,23519
at,98.123.e,34,1494,23521
at,98.123.e,35,1493,23523
at,98.123.e,36,1492,23525
at,98.123.e,37,1491,23527
at,98.123.e,38,1490,23529
at,98.123.e,39,1489,23531
at,98.123.e,40,1488,23532
at,98.123.e,41,1487,23535
at,98.123.e,42,1486,23536
seq,98.123.e.42.t,23538,1484,true,23557,otherwise,23603
at,98.123.e.42.t,0,1484,23538
at,98.123.e.42.t,1,1483,23540
at,98.123.e.42.t,2,1482,23542
at,98.123.e.42.t,3,1481,23544
at,98.123.e.42.t,4,1480,23545
at,98.123.e.42.t,5,1479,23547
at,98.123.e.42.t,6,1478,23548
at,98.123.e.42.t,7,1477,23550
at,98.123.e.42.t,8,1476,23551
at,98.123.e.42.t,9,1475,23552
at,98.123.e.42.t,10,1474,23553
at,98.123.e.42.t,11,1473,23556
seq,98.123.e.42.e,23557,1484,false,23559,end,23603
at,98.123.e.42.e,0,1484,23557
at,98.123.e.42.e,1,1483,23558
at,98.123.e,43,1485,23559
at,98.123.e,44,1484,23561
at,98,124,1529,23562
at,98,125,1528,23564
at,98,126,1527,23566
at,98,127,1526,23568
at,98,128,1525,23570
at,98,129,1524,23572
at,98,130,1523,23574
at,98,131,1522,23576
at,98,132,1521,23578
at,98,133,1520,23580
at,98,134,1519,23582
at,98,135,1518,23584
at,98,136,1517,23586
at,98,137,1516,23588
at,98,138,1515,23590
at,98,139,1514,23592
at,98,140,1513,23594
at,98,141,1512,23596
at,98,142,1511,23598
at,98,143,1510,23600
at,98,144,1509,23602
99,code,23603,23642,23607,23604
99,0,35,23607
99,1,34,23609
99,2,33,23611
99,3,32,23613
99,4,31,23615
99,5,30,23617
99,6,29,23619
99,7,28,23621
99,8,27,23623
99,9,26,23625
99,10,25,23627
99,11,24,23629
99,12,23,23631
99,13,22,23633
99,14,21,23635
99,15,20,23637
99,16,19,23639
99,17,18,23641
seq,99,23607,35,false,23642,end,23642
at,99,0,35,23607
at,99,1,34,23609
at,99,2,33,23611
at,99,3,32,23613
at,99,4,31,23615
at,99,5,30,23617
at,99,6,29,23619
at,99,7,28,23621
at,99,8,27,23623
at,99,9,26,23625
at,99,10,25,23627
at,99,11,24,23629
at,99,12,23,23631
at,99,13,22,23633
at,99,14,21,23635
at,99,15,20,23637
at,99,16,19,23639
at,99,17,18,23641
100,code,23642,23695,23646,23643
100,0,49,23646
100,1,48,23648
100,2,47,23649
100,3,46,23651
100,4,45,23652
100,5,44,23653
100,6,43,23654
100,7,42,23656
100,8,41,23658
100,9,40,23659
100,10,39,23661
100,11,38,23662
100,12,37,23663
100,13,36,23664
100,14,35,23666
100,15,34,23668
100,16,33,23669
100,17,32,23671
100,18,31,23672
100,19,30,23673
100,20,29,23674
100,21,28,23676
100,22,27,23678
100,23,26,23679
100,24,25,23681
100,25,24,23682
100,26,23,23683
100,27,22,23684
100,28,21,23686
100,29,20,23688
100,30,19,23690
100,31,18,23692
100,32,17,23694
seq,100,23646,49,false,23695,end,23695
at,100,0,49,23646
at,100,1,48,23648
at,100,2,47,23649
at,100,3,46,23651
at,100,4,45,23652
at,100,5,44,23653
at,100,6,43,23654
at,100,7,42,23656
at,100,8,41,23658
at,100,9,40,23659
at,100,10,39,23661
at,100,11,38,23662
at,100,12,37,23663
at,100,13,36,23664
at,100,14,35,23666
at,100,15,34,23668
at,100,16,33,23669
at,100,17,32,23671
at,100,18,31,23672
at,100,19,30,23673
at,100,20,29,23674
at,100,21,28,23676
at,100,22,27,23678
at,100,23,26,23679
at,100,24,25,23681
at,100,25,24,23682
at,100,26,23,23683
at,100,27,22,23684
at,100,28,21,23686
at,100,29,20,23688
at,100,30,19,23690
at,100,31,18,23692
at,100,32,17,23694
101,code,23695,23778,23699,23696
101,0,79,23699
101,1,78,23701
101,2,77,23703
101,3,76,23705
101,4,75,23707
101,5,74,23709
101,6,73,23710
101,7,72,23711
101,8,71,23729
101,9,70,23747
101,10,69,23765
101,11,68,23773
101,12,67,23775
101,13,66,23777
seq,101,23699,79,false,23778,end,23778
at,101,0,79,23699
at,101,1,78,23701
at,101,2,77,23703
at,101,3,76,23705
at,101,4,75,23707
at,101,5,74,23709
at,101,6,73,23710
at,101,7,72,23711
seq,101.7.t,23713,70,true,23726,otherwise,23778
at,101.7.t,0,70,23713
at,101.7.t,1,69,23715
at,101.7.t,2,68,23717
at,101.7.t,3,67,23719
at,101.7.t,4,66,23721
at,101.7.t,5,65,23723
at,101.7.t,6,64,23724
at,101.7.t,7,63,23725
seq,101.7.e,23726,70,false,23729,end,23778
at,101.7.e,0,70,23726
at,101.7.e,1,69,23728
at,101,8,71,23729
seq,101.8.t,23731,69,true,23744,otherwise,23778
at,101.8.t,0,69,23731
at,101.8.t,1,68,23733
at,101.8.t,2,67,23735
at,101.8.t,3,66,23737
at,101.8.t,4,65,23739
at,101.8.t,5,64,23741
at,101.8.t,6,63,23742
at,101.8.t,7,62,23743
seq,101.8.e,23744,69,false,23747,end,23778
at,101.8.e,0,69,23744
at,101.8.e,1,68,23746
at,101,9,70,23747
seq,101.9.t,23749,68,true,23762,otherwise,23778
at,101.9.t,0,68,23749
at,101.9.t,1,67,23751
at,101.9.t,2,66,23753
at,101.9.t,3,65,23755
at,101.9.t,4,64,23757
at,101.9.t,5,63,23759
at,101.9.t,6,62,23760
at,101.9.t,7,61,23761
seq,101.9.e,23762,68,false,23765,end,23778
at,101.9.e,0,68,23762
at,101.9.e,1,67,23764
at,101,10,69,23765
seq,101.10.t,23767,67,true,23770,otherwise,23778
at,101.10.t,0,67,23767
at,101.10.t,1,66,23769
seq,101.10.e,23770,67,false,23773,end,23778
at,101.10.e,0,67,23770
at,101.10.e,1,66,23772
at,101,11,68,23773
at,101,12,67,23775
at,101,13,66,23777
102,code,23778,23886,23782,23779
102,0,104,23782
102,1,103,23784
102,2,102,23795
102,3,101,23796
102,4,100,23804
102,5,99,23806
102,6,98,23817
102,7,97,23818
102,8,96,23826
102,9,95,23827
102,10,94,23835
102,11,93,23837
102,12,92,23838
102,13,91,23846
102,14,90,23848
102,15,89,23849
102,16,88,23850
102,17,87,23881
102,18,86,23883
102,19,85,23885
seq,102,23782,104,false,23886,end,23886
at,102,0,104,23782
at,102,1,103,23784
at,102,2,102,23795
at,102,3,101,23796
seq,102.3.t,23798,99,true,23801,otherwise,23886
at,102.3.t,0,99,23798
at,102.3.t,1,98,23800
seq,102.3.e,23801,99,false,23804,end,23886
at,102.3.e,0,99,23801
at,102.3.e,1,98,23803
at,102,4,100,23804
at,102,5,99,23806
at,102,6,98,23817
at,102,7,97,23818
seq,102.7.t,23820,95,true,23823,otherwise,23886
at,102.7.t,0,95,23820
at,102.7.t,1,94,23822
seq,102.7.e,23823,95,false,23826,end,23886
at,102.7.e,0,95,23823
at,102.7.e,1,94,23825
at,102,8,96,23826
at,102,9,95,23827
seq,102.9.t,23829,93,true,23832,otherwise,23886
at,102.9.t,0,93,23829
at,102.9.t,1,92,23831
seq,102.9.e,23832,93,false,23835,end,23886
at,102.9.e,0,93,23832
at,102.9.e,1,92,23834
at,102,10,94,23835
at,102,11,93,23837
at,102,12,92,23838
seq,102.12.t,23840,90,true,23843,otherwise,23886
at,102.12.t,0,90,23840
at,102.12.t,1,89,23842
seq,102.12.e,23843,90,false,23846,end,23886
at,102.12.e,0,90,23843
at,102.12.e,1,89,23845
at,102,13,91,23846
at,102,14,90,23848
at,102,15,89,23849
at,102,16,88,23850
seq,102.16.t,23852,86,true,23878,otherwise,23886
at,102.16.t,0,86,23852
at,102.16.t,1,85,23854
at,102.16.t,2,84,23856
at,102.16.t,3,83,23858
at,102.16.t,4,82,23860
at,102.16.t,5,81,23862
at,102.16.t,6,80,23864
at,102.16.t,7,79,23866
at,102.16.t,8,78,23868
at,102.16.t,9,77,23869
seq,102.16.t.9.t,23871,75,true,23874,otherwise,23886
at,102.16.t.9.t,0,75,23871
at,102.16.t.9.t,1,74,23873
seq,102.16.t.9.e,23874,75,false,23877,end,23886
at,102.16.t.9.e,0,75,23874
at,102.16.t.9.e,1,74,23876
at,102.16.t,10,76,23877
seq,102.16.e,23878,86,false,23881,end,23886
at,102.16.e,0,86,23878
at,102.16.e,1,85,23880
at,102,17,87,23881
at,102,18,86,23883
at,102,19,85,23885
103,code,23886,23979,23890,23887
103,0,89,23890
103,1,88,23892
103,2,87,23894
103,3,86,23896
103,4,85,23898
103,5,84,23900
103,6,83,23902
103,7,82,23904
103,8,81,23906
103,9,80,23908
103,10,79,23910
103,11,78,23912
103,12,77,23914
103,13,76,23916
103,14,75,23918
103,15,74,23920
103,16,73,23922
103,17,72,23924
103,18,71,23926
103,19,70,23928
103,20,69,23930
103,21,68,23932
103,22,67,23934
103,23,66,23936
103,24,65,23938
103,25,64,23940
103,26,63,23942
103,27,62,23944
103,28,61,23946
103,29,60,23948
103,30,59,23950
103,31,58,23952
103,32,57,23954
103,33,56,23956
103,34,55,23958
103,35,54,23960
103,36,53,23962
103,37,52,23964
103,38,51,23966
103,39,50,23968
103,40,49,23970
103,41,48,23972
103,42,47,23974
103,43,46,23976
103,44,45,23978
seq,103,23890,89,false,23979,end,23979
at,103,0,89,23890
at,103,1,88,23892
at,103,2,87,23894
at,103,3,86,23896
at,103,4,85,23898
at,103,5,84,23900
at,103,6,83,23902
at,103,7,82,23904
at,103,8,81,23906
at,103,9,80,23908
at,103,10,79,23910
at,103,11,78,23912
at,103,12,77,23914
at,103,13,76,23916
at,103,14,75,23918
at,103,15,74,23920
at,103,16,73,23922
at,103,17,72,23924
at,103,18,71,23926
at,103,19,70,23928
at,103,20,69,23930
at,103,21,68,23932
at,103,22,67,23934
at,103,23,66,23936
at,103,24,65,23938
at,103,25,64,23940
at,103,26,63,23942
at,103,27,62,23944
at,103,28,61,23946
at,103,29,60,23948
at,103,30,59,23950
at,103,31,58,23952
at,103,32,57,23954
at,103,33,56,23956
at,103,34,55,23958
at,103,35,54,23960
at,103,36,53,23962
at,103,37,52,23964
at,103,38,51,23966
at,103,39,50,23968
at,103,40,49,23970
at,103,41,48,23972
at,103,42,47,23974
at,103,43,46,23976
at,103,44,45,23978
104,code,23979,24008,23983,23980
104,0,25,23983
104,1,24,23985
104,2,23,23987
104,3,22,23989
104,4,21,23991
104,5,20,23993
104,6,19,23995
104,7,18,23997
104,8,17,23999
104,9,16,24001
104,10,15,24003
104,11,14,24005
104,12,13,24007
seq,104,23983,25,false,24008,end,24008
at,104,0,25,23983
at,104,1,24,23985
at,104,2,23,23987
at,104,3,22,23989
at,104,4,21,23991
at,104,5,20,23993
at,104,6,19,23995
at,104,7,18,23997
at,104,8,17,23999
at,104,9,16,24001
at,104,10,15,24003
at,104,11,14,24005
at,104,12,13,24007
105,code,24008,24053,24012,24009
105,0,41,24012
105,1,40,24014
105,2,39,24016
105,3,38,24018
105,4,37,24020
105,5,36,24022
105,6,35,24024
105,7,34,24026
105,8,33,24028
105,9,32,24030
105,10,31,24032
105,11,30,24034
105,12,29,24036
105,13,28,24038
105,14,27,24040
105,15,26,24042
105,16,25,24044
105,17,24,24046
105,18,23,24048
105,19,22,24050
105,20,21,24052
seq,105,24012,41,false,24053,end,24053
at,105,0,41,24012
at,105,1,40,24014
at,105,2,39,24016
at,105,3,38,24018
at,105,4,37,24020
at,105,5,36,24022
at,105,6,35,24024
at,105,7,34,24026
at,105,8,33,24028
at,105,9,32,24030
at,105,10,31,24032
at,105,11,30,24034
at,105,12,29,24036
at,105,13,28,24038
at,105,14,27,24040
at,105,15,26,24042
at,105,16,25,24044
at,105,17,24,24046
at,105,18,23,24048
at,105,19,22,24050
at,105,20,21,24052
106,code,24053,24420,24058,24055
106,0,362,24058
106,1,361,24060
106,2,360,24062
106,3,359,24064
106,4,358,24066
106,5,357,24068
106,6,356,24070
106,7,355,24072
106,8,354,24074
106,9,353,24076
106,10,352,24078
106,11,351,24080
106,12,350,24082
106,13,349,24084
106,14,348,24086
106,15,347,24088
106,16,346,24090
106,17,345,24092
106,18,344,24094
106,19,343,24096
106,20,342,24098
106,21,341,24100
106,22,340,24102
106,23,339,24104
106,24,338,24106
106,25,337,24108
106,26,336,24110
106,27,335,24112
106,28,334,24114
106,29,333,24116
106,30,332,24118
106,31,331,24120
106,32,330,24122
106,33,329,24124
106,34,328,24126
106,35,327,24128
106,36,326,24130
106,37,325,24132
106,38,324,24134
106,39,323,24136
106,40,322,24138
106,41,321,24140
106,42,320,24142
106,43,319,24144
106,44,318,24146
106,45,317,24148
106,46,316,24150
106,47,315,24152
106,48,314,24154
106,49,313,24156
106,50,312,24158
106,51,311,24160
106,52,310,24162
106,53,309,24164
106,54,308,24166
106,55,307,24168
106,56,306,24170
106,57,305,24172
106,58,304,24174
106,59,303,24176
106,60,302,24178
106,61,301,24180
106,62,300,24182
106,63,299,24184
106,64,298,24186
106,65,297,24188
106,66,296,24190
106,67,295,24192
106,68,294,24194
106,69,293,24196
106,70,292,24198
106,71,291,24200
106,72,290,24202
106,73,289,24204
106,74,288,24206
106,75,287,24208
106,76,286,24210
106,77,285,24212
106,78,284,24214
106,79,283,24216
106,80,282,24218
106,81,281,24220
106,82,280,24222
106,83,279,24224
106,84,278,24226
106,85,277,24228
106,86,276,24230
106,87,275,24232
106,88,274,24234
106,89,273,24235
106,90,272,24236
106,91,271,24272
106,92,270,24280
106,93,269,24282
106,94,268,24283
106,95,267,24291
106,96,266,24293
106,97,265,24294
106,98,264,24295
106,99,263,24409
106,100,262,24411
106,101,261,24413
106,102,260,24415
106,103,259,24417
106,104,258,24419
seq,106,24058,362,false,24420,end,24420
at,106,0,362,24058
at,106,1,361,24060
at,106,2,360,24062
at,106,3,359,24064
at,106,4,358,24066
at,106,5,357,24068
at,106,6,356,24070
at,106,7,355,24072
at,106,8,354,24074
at,106,9,353,24076
at,106,10,352,24078
at,106,11,351,24080
at,106,12,350,24082
at,106,13,349,24084
at,106,14,348,24086
at,106,15,347,24088
at,106,16,346,24090
at,106,17,345,24092
at,106,18,344,24094
at,106,19,343,24096
at,106,20,342,24098
at,106,21,341,24100
at,106,22,340,24102
at,106,23,339,24104
at,106,24,338,24106
at,106,25,337,24108
at,106,26,336,24110
at,106,27,335,24112
at,106,28,334,24114
at,106,29,333,24116
at,106,30,332,24118
at,106,31,331,24120
at,106,32,330,24122
at,106,33,329,24124
at,106,34,328,24126
at,106,35,327,24128
at,106,36,326,24130
at,106,37,325,24132
at,106,38,324,24134
at,106,39,323,24136
at,106,40,322,24138
at,106,41,321,24140
at,106,42,320,24142
at,106,43,319,24144
at,106,44,318,24146
at,106,45,317,24148
at,106,46,316,24150
at,106,47,315,24152
at,106,48,314,24154
at,106,49,313,24156
at,106,50,312,24158
at,106,51,311,24160
at,106,52,310,24162
at,106,53,309,24164
at,106,54,308,24166
at,106,55,307,24168
at,106,56,306,24170
at,106,57,305,24172
at,106,58,304,24174
at,106,59,303,24176
at,106,60,302,24178
at,106,61,301,24180
at,106,62,300,24182
at,106,63,299,24184
at,106,64,298,24186
at,106,65,297,24188
at,106,66,296,24190
at,106,67,295,24192
at,106,68,294,24194
at,106,69,293,24196
at,106,70,292,24198
at,106,71,291,24200
at,106,72,290,24202
at,106,73,289,24204
at,106,74,288,24206
at,106,75,287,24208
at,106,76,286,24210
at,106,77,285,24212
at,106,78,284,24214
at,106,79,283,24216
at,106,80,282,24218
at,106,81,281,24220
at,106,82,280,24222
at,106,83,279,24224
at,106,84,278,24226
at,106,85,277,24228
at,106,86,276,24230
at,106,87,275,24232
at,106,88,274,24234
at,106,89,273,24235
at,106,90,272,24236
seq,106.90.t,24238,270,true,24269,otherwise,24420
at,106.90.t,0,270,24238
at,106.90.t,1,269,24240
at,106.90.t,2,268,24242
at,106.90.t,3,267,24244
at,106.90.t,4,266,24246
at,106.90.t,5,265,24248
at,106.90.t,6,264,24250
at,106.90.t,7,263,24252
at,106.90.t,8,262,24254
at,106.90.t,9,261,24256
at,106.90.t,10,260,24258
at,106.90.t,11,259,24260
at,106.90.t,12,258,24262
at,106.90.t,13,257,24264
at,106.90.t,14,256,24266
at,106.90.t,15,255,24267
at,106.90.t,16,254,24268
seq,106.90.e,24269,270,false,24272,end,24420
at,106.90.e,0,270,24269
at,106.90.e,1,269,24271
at,106,91,271,24272
seq,106.91.t,24274,269,true,24277,otherwise,24420
at,106.91.t,0,269,24274
at,106.91.t,1,268,24276
seq,106.91.e,24277,269,false,24280,end,24420
at,106.91.e,0,269,24277
at,106.91.e,1,268,24279
at,106,92,270,24280
at,106,93,269,24282
at,106,94,268,24283
seq,106.94.t,24285,266,true,24288,otherwise,24420
at,106.94.t,0,266,24285
at,106.94.t,1,265,24287
seq,106.94.e,24288,266,false,24291,end,24420
at,106.94.e,0,266,24288
at,106.94.e,1,265,24290
at,106,95,267,24291
at,106,96,266,24293
at,106,97,265,24294
at,106,98,264,24295
seq,106.98.t,24297,262,true,24376,otherwise,24420
at,106.98.t,0,262,24297
at,106.98.t,1,261,24299
at,106.98.t,2,260,24301
at,106.98.t,3,259,24303
at,106.98.t,4,258,24305
at,106.98.t,5,257,24307
at,106.98.t,6,256,24309
at,106.98.t,7,255,24311
at,106.98.t,8,254,24313
at,106.98.t,9,253,24315
at,106.98.t,10,252,24317
at,106.98.t,11,251,24319
at,106.98.t,12,250,24321
at,106.98.t,13,249,24323
at,106.98.t,14,248,24325
at,106.98.t,15,247,24327
at,106.98.t,16,246,24329
at,106.98.t,17,245,24331
at,106.98.t,18,244,24333
at,106.98.t,19,243,24335
at,106.98.t,20,242,24337
at,106.98.t,21,241,24339
at,106.98.t,22,240,24341
at,106.98.t,23,239,24343
at,106.98.t,24,238,24345
at,106.98.t,25,237,24347
at,106.98.t,26,236,24349
at,106.98.t,27,235,24351
at,106.98.t,28,234,24353
at,106.98.t,29,233,24355
at,106.98.t,30,232,24357
at,106.98.t,31,231,24359
at,106.98.t,32,230,24361
at,106.98.t,33,229,24363
at,106.98.t,34,228,24365
at,106.98.t,35,227,24367
at,106.98.t,36,226,24369
at,106.98.t,37,225,24371
at,106.98.t,38,224,24373
at,106.98.t,39,223,24375
seq,106.98.e,24376,262,false,24409,end,24420
at,106.98.e,0,262,24376
at,106.98.e,1,261,24378
at,106.98.e,2,260,24380
at,106.98.e,3,259,24382
at,106.98.e,4,258,24384
at,106.98.e,5,257,24386
at,106.98.e,6,256,24388
at,106.98.e,7,255,24390
at,106.98.e,8,254,24392
at,106.98.e,9,253,24394
at,106.98.e,10,252,24396
at,106.98.e,11,251,24398
at,106.98.e,12,250,24400
at,106.98.e,13,249,24402
at,106.98.e,14,248,24404
at,106.98.e,15,247,24406
at,106.98.e,16,246,24408
at,106,99,263,24409
at,106,100,262,24411
at,106,101,261,24413
at,106,102,260,24415
at,106,103,259,24417
at,106,104,258,24419
107,code,24420,24431,24424,24421
107,0,7,24424
107,1,6,24426
107,2,5,24428
107,3,4,24430
seq,107,24424,7,false,24431,end,24431
at,107,0,7,24424
at,107,1,6,24426
at,107,2,5,24428
at,107,3,4,24430
108,code,24431,24496,24435,24432
108,0,61,24435
108,1,60,24437
108,2,59,24439
108,3,58,24441
108,4,57,24443
108,5,56,24445
108,6,55,24447
108,7,54,24449
108,8,53,24451
108,9,52,24453
108,10,51,24455
108,11,50,24457
108,12,49,24459
108,13,48,24461
108,14,47,24463
108,15,46,24465
108,16,45,24467
108,17,44,24469
108,18,43,24471
108,19,42,24473
108,20,41,24475
108,21,40,24477
108,22,39,24479
108,23,38,24481
108,24,37,24483
108,25,36,24485
108,26,35,24487
108,27,34,24489
108,28,33,24491
108,29,32,24493
108,30,31,24495
seq,108,24435,61,false,24496,end,24496
at,108,0,61,24435
at,108,1,60,24437
at,108,2,59,24439
at,108,3,58,24441
at,108,4,57,24443
at,108,5,56,24445
at,108,6,55,24447
at,108,7,54,24449
at,108,8,53,24451
at,108,9,52,24453
at,108,10,51,24455
at,108,11,50,24457
at,108,12,49,24459
at,108,13,48,24461
at,108,14,47,24463
at,108,15,46,24465
at,108,16,45,24467
at,108,17,44,24469
at,108,18,43,24471
at,108,19,42,24473
at,108,20,41,24475
at,108,21,40,24477
at,108,22,39,24479
at,108,23,38,24481
at,108,24,37,24483
at,108,25,36,24485
at,108,26,35,24487
at,108,27,34,24489
at,108,28,33,24491
at,108,29,32,24493
at,108,30,31,24495
109,code,24496,24549,24500,24497
109,0,49,24500
109,1,48,24502
109,2,47,24503
109,3,46,24505
109,4,45,24506
109,5,44,24507
109,6,43,24508
109,7,42,24510
109,8,41,24512
109,9,40,24513
109,10,39,24515
109,11,38,24516
109,12,37,24517
109,13,36,24518
109,14,35,24520
109,15,34,24522
109,16,33,24523
109,17,32,24525
109,18,31,24526
109,19,30,24527
109,20,29,24528
109,21,28,24530
109,22,27,24532
109,23,26,24533
109,24,25,24535
109,25,24,24536
109,26,23,24537
109,27,22,24538
109,28,21,24540
109,29,20,24542
109,30,19,24544
109,31,18,24546
109,32,17,24548
seq,109,24500,49,false,24549,end,24549
at,109,0,49,24500
at,109,1,48,24502
at,109,2,47,24503
at,109,3,46,24505
at,109,4,45,24506
at,109,5,44,24507
at,109,6,43,24508
at,109,7,42,24510
at,109,8,41,24512
at,109,9,40,24513
at,109,10,39,24515
at,109,11,38,24516
at,109,12,37,24517
at,109,13,36,24518
at,109,14,35,24520
at,109,15,34,24522
at,109,16,33,24523
at,109,17,32,24525
at,109,18,31,24526
at,109,19,30,24527
at,109,20,29,24528
at,109,21,28,24530
at,109,22,27,24532
at,109,23,26,24533
at,109,24,25,24535
at,109,25,24,24536
at,109,26,23,24537
at,109,27,22,24538
at,109,28,21,24540
at,109,29,20,24542
at,109,30,19,24544
at,109,31,18,24546
at,109,32,17,24548
110,code,24549,24602,24553,24550
110,0,49,24553
110,1,48,24555
110,2,47,24556
110,3,46,24558
110,4,45,24559
110,5,44,24560
110,6,43,24561
110,7,42,24563
110,8,41,24565
110,9,40,24566
110,10,39,24568
110,11,38,24569
110,12,37,24570
110,13,36,24571
110,14,35,24573
110,15,34,24575
110,16,33,24576
110,17,32,24578
110,18,31,24579
110,19,30,24580
110,20,29,24581
110,21,28,24583
110,22,27,24585
110,23,26,24586
110,24,25,24588
110,25,24,24589
110,26,23,24590
110,27,22,24591
110,28,21,24593
110,29,20,24595
110,30,19,24597
110,31,18,24599
110,32,17,24601
seq,110,24553,49,false,24602,end,24602
at,110,0,49,24553
at,110,1,48,24555
at,110,2,47,24556
at,110,3,46,24558
at,110,4,45,24559
at,110,5,44,24560
at,110,6,43,24561
at,110,7,42,24563
at,110,8,41,24565
at,110,9,40,24566
at,110,10,39,24568
at,110,11,38,24569
at,110,12,37,24570
at,110,13,36,24571
at,110,14,35,24573
at,110,15,34,24575
at,110,16,33,24576
at,110,17,32,24578
at,110,18,31,24579
at,110,19,30,24580
at,110,20,29,24581
at,110,21,28,24583
at,110,22,27,24585
at,110,23,26,24586
at,110,24,25,24588
at,110,25,24,24589
at,110,26,23,24590
at,110,27,22,24591
at,110,28,21,24593
at,110,29,20,24595
at,110,30,19,24597
at,110,31,18,24599
at,110,32,17,24601
111,code,24602,24687,24606,24603
111,0,81,24606
111,1,80,24608
111,2,79,24610
111,3,78,24612
111,4,77,24614
111,5,76,24616
111,6,75,24618
111,7,74,24620
111,8,73,24622
111,9,72,24624
111,10,71,24626
111,11,70,24628
111,12,69,24630
111,13,68,24632
111,14,67,24634
111,15,66,24636
111,16,65,24638
111,17,64,24640
111,18,63,24642
111,19,62,24644
111,20,61,24646
111,21,60,24648
111,22,59,24650
111,23,58,24652
111,24,57,24654
111,25,56,24656
111,26,55,24658
111,27,54,24660
111,28,53,24662
111,29,52,24664
111,30,51,24666
111,31,50,24668
111,32,49,24670
111,33,48,24672
111,34,47,24674
111,35,46,24676
111,36,45,24678
111,37,44,24680
111,38,43,24682
111,39,42,24684
111,40,41,24686
seq,111,24606,81,false,24687,end,24687
at,111,0,81,24606
at,111,1,80,24608
at,111,2,79,24610
at,111,3,78,24612
at,111,4,77,24614
at,111,5,76,24616
at,111,6,75,24618
at,111,7,74,24620
at,111,8,73,24622
at,111,9,72,24624
at,111,10,71,24626
at,111,11,70,24628
at,111,12,69,24630
at,111,13,68,24632
at,111,14,67,24634
at,111,15,66,24636
at,111,16,65,24638
at,111,17,64,24640
at,111,18,63,24642
at,111,19,62,24644
at,111,20,61,24646
at,111,21,60,24648
at,111,22,59,24650
at,111,23,58,24652
at,111,24,57,24654
at,111,25,56,24656
at,111,26,55,24658
at,111,27,54,24660
at,111,28,53,24662
at,111,29,52,24664
at,111,30,51,24666
at,111,31,50,24668
at,111,32,49,24670
at,111,33,48,24672
at,111,34,47,24674
at,111,35,46,24676
at,111,36,45,24678
at,111,37,44,24680
at,111,38,43,24682
at,111,39,42,24684
at,111,40,41,24686
112,code,24687,25166,24692,24689
112,0,474,24692
112,1,473,24694
112,2,472,24696
112,3,471,24698
112,4,470,24700
112,5,469,24702
112,6,468,24704
112,7,467,24706
112,8,466,24708
112,9,465,24710
112,10,464,24712
112,11,463,24714
112,12,462,24716
112,13,461,24718
112,14,460,24720
112,15,459,24722
112,16,458,24724
112,17,457,24726
112,18,456,24728
112,19,455,24730
112,20,454,24732
112,21,453,24734
112,22,452,24736
112,23,451,24738
112,24,450,24740
112,25,449,24742
112,26,448,24744
112,27,447,24746
112,28,446,24748
112,29,445,24750
112,30,444,24752
112,31,443,24754
112,32,442,24756
112,33,441,24758
112,34,440,24760
112,35,439,24762
112,36,438,24764
112,37,437,24766
112,38,436,24768
112,39,435,24770
112,40,434,24772
112,41,433,24774
112,42,432,24776
112,43,431,24778
112,44,430,24780
112,45,429,24782
112,46,428,24784
112,47,427,24786
112,48,426,24788
112,49,425,24790
112,50,424,24792
112,51,423,24794
112,52,422,24796
112,53,421,24798
112,54,420,24800
112,55,419,24802
112,56,418,24804
112,57,417,24806
112,58,416,24808
112,59,415,24810
112,60,414,24812
112,61,413,24814
112,62,412,24816
112,63,411,24818
112,64,410,24820
112,65,409,24822
112,66,408,24824
112,67,407,24826
112,68,406,24828
112,69,405,24830
112,70,404,24832
112,71,403,24834
112,72,402,24836
112,73,401,24838
112,74,400,24840
112,75,399,24842
112,76,398,24844
112,77,397,24846
112,78,396,24848
112,79,395,24850
112,80,394,24852
112,81,393,24854
112,82,392,24856
112,83,391,24858
112,84,390,24860
112,85,389,24862
112,86,388,24864
112,87,387,24866
112,88,386,24868
112,89,385,24870
112,90,384,24872
112,91,383,24874
112,92,382,24876
112,93,381,24878
112,94,380,24880
112,95,379,24882
112,96,378,24884
112,97,377,24886
112,98,376,24888
112,99,375,24890
112,100,374,24892
112,101,373,24894
112,102,372,24896
112,103,371,24898
112,104,370,24900
112,105,369,24902
112,106,368,24904
112,107,367,24906
112,108,366,24907
112,109,365,24908
112,110,364,24944
112,111,363,24980
112,112,362,25016
112,113,361,25024
112,114,360,25026
112,115,359,25027
112,116,358,25035
112,117,357,25037
112,118,356,25038
112,119,355,25039
112,120,354,25145
112,121,353,25147
112,122,352,25149
112,123,351,25151
112,124,350,25153
112,125,349,25155
112,126,348,25157
112,127,347,25159
112,128,346,25161
112,129,345,25163
112,130,344,25165
seq,112,24692,474,false,25166,end,25166
at,112,0,474,24692
at,112,1,473,24694
at,112,2,472,24696
at,112,3,471,24698
at,112,4,470,24700
at,112,5,469,24702
at,112,6,468,24704
at,112,7,467,24706
at,112,8,466,24708
at,112,9,465,24710
at,112,10,464,24712
at,112,11,463,24714
at,112,12,462,24716
at,112,13,461,24718
at,112,14,460,24720
at,112,15,459,24722
at,112,16,458,24724
at,112,17,457,24726
at,112,18,456,24728
at,112,19,455,24730
at,112,20,454,24732
at,112,21,453,24734
at,112,22,452,24736
at,112,23,451,24738
at,112,24,450,24740
at,112,25,449,24742
at,112,26,448,24744
at,112,27,447,24746
at,112,28,446,24748
at,112,29,445,24750
at,112,30,444,24752
at,112,31,443,24754
at,112,32,442,24756
at,112,33,441,24758
at,112,34,440,24760
at,112,35,439,24762
at,112,36,438,24764
at,112,37,437,24766
at,112,38,436,24768
at,112,39,435,24770
at,112,40,434,24772
at,112,41,433,24774
at,112,42,432,24776
at,112,43,431,24778
at,112,44,430,24780
at,112,45,429,24782
at,112,46,428,24784
at,112,47,427,24786
at,112,48,426,24788
at,112,49,425,24790
at,112,50,424,24792
at,112,51,423,24794
at,112,52,422,24796
at,112,53,421,24798
at,112,54,420,24800
at,112,55,419,24802
at,112,56,418,24804
at,112,57,417,24806
at,112,58,416,24808
at,112,59,415,24810
at,112,60,414,24812
at,112,61,413,24814
at,112,62,412,24816
at,112,63,411,24818
at,112,64,410,24820
at,112,65,409,24822
at,112,66,408,24824
at,112,67,407,24826
at,112,68,406,24828
at,112,69,405,24830
at,112,70,404,24832
at,112,71,403,24834
at,112,72,402,24836
at,112,73,401,24838
at,112,74,400,24840
at,112,75,399,24842
at,112,76,398,24844
at,112,77,397,24846
at,112,78,396,24848
at,112,79,395,24850
at,112,80,394,24852
at,112,81,393,24854
at,112,82,392,24856
at,112,83,391,24858
at,112,84,390,24860
at,112,85,389,24862
at,112,86,388,24864
at,112,87,387,24866
at,112,88,386,24868
at,112,89,385,24870
at,112,90,384,24872
at,112,91,383,24874
at,112,92,382,24876
at,112,93,381,24878
at,112,94,380,24880
at,112,95,379,24882
at,112,96,378,24884
at,112,97,377,24886
at,112,98,376,24888
at,112,99,375,24890
at,112,100,374,24892
at,112,101,373,24894
at,112,102,372,24896
at,112,103,371,24898
at,112,104,370,24900
at,112,105,369,24902
at,112,106,368,24904
at,112,107,367,24906
at,112,108,366,24907
at,112,109,365,24908
seq,112.109.t,24910,363,true,24941,otherwise,25166
at,112.109.t,0,363,24910
at,112.109.t,1,362,24912
at,112.109.t,2,361,24914
at,112.109.t,3,360,24916
at,112.109.t,4,359,24918
at,112.109.t,5,358,24920
at,112.109.t,6,357,24922
at,112.109.t,7,356,24924
at,112.109.t,8,355,24926
at,112.109.t,9,354,24928
at,112.109.t,10,353,24930
at,112.109.t,11,352,24932
at,112.109.t,12,351,24934
at,112.109.t,13,350,24936
at,112.109.t,14,349,24938
at,112.109.t,15,348,24939
at,112.109.t,16,347,24940
seq,112.109.e,24941,363,false,24944,end,25166
at,112.109.e,0,363,24941
at,112.109.e,1,362,24943
at,112,110,364,24944
seq,112.110.t,24946,362,true,24977,otherwise,25166
at,112.110.t,0,362,24946
at,112.110.t,1,361,24948
at,112.110.t,2,360,24950
at,112.110.t,3,359,24952
at,112.110.t,4,358,24954
at,112.110.t,5,357,24956
at,112.110.t,6,356,24958
at,112.110.t,7,355,24960
at,112.110.t,8,354,24962
at,112.110.t,9,353,24964
at,112.110.t,10,352,24966
at,112.110.t,11,351,24968
at,112.110.t,12,350,24970
at,112.110.t,13,349,24972
at,112.110.t,14,348,24974
at,112.110.t,15,347,24975
at,112.110.t,16,346,24976
seq,112.110.e,24977,362,false,24980,end,25166
at,112.110.e,0,362,24977
at,112.110.e,1,361,24979
at,112,111,363,24980
seq,112.111.t,24982,361,true,25013,otherwise,25166
at,112.111.t,0,361,24982
at,112.111.t,1,360,24984
at,112.111.t,2,359,24986
at,112.111.t,3,358,24988
at,112.111.t,4,357,24990
at,112.111.t,5,356,24992
at,112.111.t,6,355,24994
at,112.111.t,7,354,24996
at,112.111.t,8,353,24998
at,112.111.t,9,352,25000
at,112.111.t,10,351,25002
at,112.111.t,11,350,25004
at,112.111.t,12,349,25006
at,112.111.t,13,348,25008
at,112.111.t,14,347,25010
at,112.111.t,15,346,25011
at,112.111.t,16,345,25012
seq,112.111.e,25013,361,false,25016,end,25166
at,112.111.e,0,361,25013
at,112.111.e,1,360,25015
at,112,112,362,25016
seq,112.112.t,25018,360,true,25021,otherwise,25166
at,112.112.t,0,360,25018
at,112.112.t,1,359,25020
seq,112.112.e,25021,360,false,25024,end,25166
at,112.112.e,0,360,25021
at,112.112.e,1,359,25023
at,112,113,361,25024
at,112,114,360,25026
at,112,115,359,25027
seq,112.115.t,25029,357,true,25032,otherwise,25166
at,112.115.t,0,357,25029
at,112.115.t,1,356,25031
seq,112.115.e,25032,357,false,25035,end,25166
at,112.115.e,0,357,25032
at,112.115.e,1,356,25034
at,112,116,358,25035
at,112,117,357,25037
at,112,118,356,25038
at,112,119,355,25039
seq,112.119.t,25041,353,true,25082,otherwise,25166
at,112.119.t,0,353,25041
at,112.119.t,1,352,25043
at,112.119.t,2,351,25045
at,112.119.t,3,350,25047
at,112.119.t,4,349,25049
at,112.119.t,5,348,25051
at,112.119.t,6,347,25053
at,112.119.t,7,346,25055
at,112.119.t,8,345,25057
at,112.119.t,9,344,25059
at,112.119.t,10,343,25061
at,112.119.t,11,342,25063
at,112.119.t,12,341,25065
at,112.119.t,13,340,25067
at,112.119.t,14,339,25069
at,112.119.t,15,338,25071
at,112.119.t,16,337,25073
at,112.119.t,17,336,25075
at,112.119.t,18,335,25077
at,112.119.t,19,334,25079
at,112.119.t,20,333,25081
seq,112.119.e,25082,353,false,25145,end,25166
at,112.119.e,0,353,25082
at,112.119.e,1,352,25084
at,112.119.e,2,351,25086
at,112.119.e,3,350,25088
at,112.119.e,4,349,25090
at,112.119.e,5,348,25092
at,112.119.e,6,347,25094
at,112.119.e,7,346,25096
at,112.119.e,8,345,25098
at,112.119.e,9,344,25100
at,112.119.e,10,343,25102
at,112.119.e,11,342,25104
at,112.119.e,12,341,25106
at,112.119.e,13,340,25108
at,112.119.e,14,339,25110
at,112.119.e,15,338,25112
at,112.119.e,16,337,25114
at,112.119.e,17,336,25116
at,112.119.e,18,335,25118
at,112.119.e,19,334,25120
at,112.119.e,20,333,25122
at,112.119.e,21,332,25124
at,112.119.e,22,331,25126
at,112.119.e,23,330,25128
at,112.119.e,24,329,25130
at,112.119.e,25,328,25132
at,112.119.e,26,327,25134
at,112.119.e,27,326,25136
at,112.119.e,28,325,25138
at,112.119.e,29,324,25140
at,112.119.e,30,323,25142
at,112.119.e,31,322,25144
at,112,120,354,25145
at,112,121,353,25147
at,112,122,352,25149
at,112,123,351,25151
at,112,124,350,25153
at,112,125,349,25155
at,112,126,348,25157
at,112,127,347,25159
at,112,128,346,25161
at,112,129,345,25163
at,112,130,344,25165
113,code,25166,25177,25170,25167
113,0,7,25170
113,1,6,25172
113,2,5,25174
113,3,4,25176
seq,113,25170,7,false,25177,end,25177
at,113,0,7,25170
at,113,1,6,25172
at,113,2,5,25174
at,113,3,4,25176
114,code,25177,25651,25182,25179
114,0,469,25182
114,1,468,25184
114,2,467,25186
114,3,466,25535
114,4,465,25537
114,5,464,25539
114,6,463,25540
114,7,462,25630
114,8,461,25632
114,9,460,25634
114,10,459,25636
114,11,458,25638
114,12,457,25640
114,13,456,25642
114,14,455,25644
114,15,454,25646
114,16,453,25648
114,17,452,25650
seq,114,25182,469,false,25651,end,25651
at,114,0,469,25182
at,114,1,468,25184
at,114,2,467,25186
seq,114.2.t,25188,465,false,25535,end,25651
at,114.2.t,0,465,25188
seq,114.2.t.0.t,25190,463,false,25534,end,25651
at,114.2.t.0.t,0,463,25190
at,114.2.t.0.t,1,462,25192
at,114.2.t.0.t,2,461,25194
at,114.2.t.0.t,3,460,25195
at,114.2.t.0.t,4,459,25196
seq,114.2.t.0.t.4.t,25198,457,true,25204,otherwise,25651
at,114.2.t.0.t.4.t,0,457,25198
at,114.2.t.0.t.4.t,1,456,25200
at,114.2.t.0.t.4.t,2,455,25202
at,114.2.t.0.t.4.t,3,454,25203
seq,114.2.t.0.t.4.e,25204,457,false,25207,end,25651
at,114.2.t.0.t.4.e,0,457,25204
at,114.2.t.0.t.4.e,1,456,25206
at,114.2.t.0.t,5,458,25207
at,114.2.t.0.t,6,457,25208
at,114.2.t.0.t,7,456,25210
at,114.2.t.0.t,8,455,25212
at,114.2.t.0.t,9,454,25214
at,114.2.t.0.t,10,453,25216
at,114.2.t.0.t,11,452,25218
at,114.2.t.0.t,12,451,25220
at,114.2.t.0.t,13,450,25222
at,114.2.t.0.t,14,449,25224
at,114.2.t.0.t,15,448,25226
at,114.2.t.0.t,16,447,25228
at,114.2.t.0.t,17,446,25230
at,114.2.t.0.t,18,445,25232
at,114.2.t.0.t,19,444,25234
at,114.2.t.0.t,20,443,25236
at,114.2.t.0.t,21,442,25238
at,114.2.t.0.t,22,441,25240
at,114.2.t.0.t,23,440,25242
at,114.2.t.0.t,24,439,25244
at,114.2.t.0.t,25,438,25246
at,114.2.t.0.t,26,437,25248
at,114.2.t.0.t,27,436,25250
at,114.2.t.0.t,28,435,25252
at,114.2.t.0.t,29,434,25254
at,114.2.t.0.t,30,433,25256
at,114.2.t.0.t,31,432,25258
at,114.2.t.0.t,32,431,25260
at,114.2.t.0.t,33,430,25262
at,114.2.t.0.t,34,429,25264
at,114.2.t.0.t,35,428,25266
at,114.2.t.0.t,36,427,25268
at,114.2.t.0.t,37,426,25270
at,114.2.t.0.t,38,425,25272
at,114.2.t.0.t,39,424,25274
at,114.2.t.0.t,40,423,25276
at,114.2.t.0.t,41,422,25278
at,114.2.t.0.t,42,421,25280
at,114.2.t.0.t,43,420,25282
at,114.2.t.0.t,44,419,25284
at,114.2.t.0.t,45,418,25286
at,114.2.t.0.t,46,417,25288
at,114.2.t.0.t,47,416,25290
at,114.2.t.0.t,48,415,25292
at,114.2.t.0.t,49,414,25294
at,114.2.t.0.t,50,413,25296
at,114.2.t.0.t,51,412,25298
at,114.2.t.0.t,52,411,25300
at,114.2.t.0.t,53,410,25302
at,114.2.t.0.t,54,409,25304
at,114.2.t.0.t,55,408,25306
at,114.2.t.0.t,56,407,25308
at,114.2.t.0.t,57,406,25310
at,114.2.t.0.t,58,405,25312
at,114.2.t.0.t,59,404,25314
at,114.2.t.0.t,60,403,25316
at,114.2.t.0.t,61,402,25318
at,114.2.t.0.t,62,401,25320
at,114.2.t.0.t,63,400,25322
at,114.2.t.0.t,64,399,25324
at,114.2.t.0.t,65,398,25326
at,114.2.t.0.t,66,397,25328
at,114.2.t.0.t,67,396,25330
at,114.2.t.0.t,68,395,25331
seq,114.2.t.0.t.68.t,25333,393,true,25336,otherwise,25651
at,114.2.t.0.t.68.t,0,393,25333
at,114.2.t.0.t.68.t,1,392,25335
seq,114.2.t.0.t.68.e,25336,393,false,25339,end,25651
at,114.2.t.0.t.68.e,0,393,25336
at,114.2.t.0.t.68.e,1,392,25338
at,114.2.t.0.t,69,394,25339
at,114.2.t.0.t,70,393,25341
at,114.2.t.0.t,71,392,25342
seq,114.2.t.0.t.71.t,25344,390,true,25347,otherwise,25651
at,114.2.t.0.t.71.t,0,390,25344
at,114.2.t.0.t.71.t,1,389,25346
seq,114.2.t.0.t.71.e,25347,390,false,25350,end,25651
at,114.2.t.0.t.71.e,0,390,25347
at,114.2.t.0.t.71.e,1,389,25349
at,114.2.t.0.t,72,391,25350
at,114.2.t.0.t,73,390,25352
at,114.2.t.0.t,74,389,25353
at,114.2.t.0.t,75,388,25354
seq,114.2.t.0.t.75.t,25356,386,true,25401,otherwise,25651
at,114.2.t.0.t.75.t,0,386,25356
at,114.2.t.0.t.75.t,1,385,25358
at,114.2.t.0.t.75.t,2,384,25360
at,114.2.t.0.t.75.t,3,383,25362
at,114.2.t.0.t.75.t,4,382,25364
at,114.2.t.0.t.75.t,5,381,25366
at,114.2.t.0.t.75.t,6,380,25368
at,114.2.t.0.t.75.t,7,379,25370
at,114.2.t.0.t.75.t,8,378,25372
at,114.2.t.0.t.75.t,9,377,25374
at,114.2.t.0.t.75.t,10,376,25376
at,114.2.t.0.t.75.t,11,375,25378
at,114.2.t.0.t.75.t,12,374,25380
at,114.2.t.0.t.75.t,13,373,25382
at,114.2.t.0.t.75.t,14,372,25384
at,114.2.t.0.t.75.t,15,371,25386
at,114.2.t.0.t.75.t,16,370,25388
at,114.2.t.0.t.75.t,17,369,25390
at,114.2.t.0.t.75.t,18,368,25392
at,114.2.t.0.t.75.t,19,367,25394
at,114.2.t.0.t.75.t,20,366,25396
at,114.2.t.0.t.75.t,21,365,25398
at,114.2.t.0.t.75.t,22,364,25400
seq,114.2.t.0.t.75.e,25401,386,false,25531,end,25651
at,114.2.t.0.t.75.e,0,386,25401
at,114.2.t.0.t.75.e,1,385,25403
at,114.2.t.0.t.75.e,2,384,25405
at,114.2.t.0.t.75.e,3,383,25407
at,114.2.t.0.t.75.e,4,382,25409
at,114.2.t.0.t.75.e,5,381,25411
at,114.2.t.0.t.75.e,6,380,25413
at,114.2.t.0.t.75.e,7,379,25415
at,114.2.t.0.t.75.e,8,378,25417
at,114.2.t.0.t.75.e,9,377,25419
at,114.2.t.0.t.75.e,10,376,25421
at,114.2.t.0.t.75.e,11,375,25423
at,114.2.t.0.t.75.e,12,374,25425
at,114.2.t.0.t.75.e,13,373,25427
at,114.2.t.0.t.75.e,14,372,25429
at,114.2.t.0.t.75.e,15,371,25431
at,114.2.t.0.t.75.e,16,370,25433
at,114.2.t.0.t.75.e,17,369,25443
at,114.2.t.0.t.75.e,18,368,25444
at,114.2.t.0.t.75.e,19,367,25446
at,114.2.t.0.t.75.e,20,366,25447
at,114.2.t.0.t.75.e,21,365,25448
at,114.2.t.0.t.75.e,22,364,25449
at,114.2.t.0.t.75.e,23,363,25451
at,114.2.t.0.t.75.e,24,362,25453
at,114.2.t.0.t.75.e,25,361,25455
at,114.2.t.0.t.75.e,26,360,25457
at,114.2.t.0.t.75.e,27,359,25459
at,114.2.t.0.t.75.e,28,358,25461
at,114.2.t.0.t.75.e,29,357,25463
at,114.2.t.0.t.75.e,30,356,25465
at,114.2.t.0.t.75.e,31,355,25467
at,114.2.t.0.t.75.e,32,354,25469
at,114.2.t.0.t.75.e,33,353,25471
at,114.2.t.0.t.75.e,34,352,25473
at,114.2.t.0.t.75.e,35,351,25475
at,114.2.t.0.t.75.e,36,350,25477
at,114.2.t.0.t.75.e,37,349,25479
at,114.2.t.0.t.75.e,38,348,25481
at,114.2.t.0.t.75.e,39,347,25483
at,114.2.t.0.t.75.e,40,346,25485
at,114.2.t.0.t.75.e,41,345,25487
at,114.2.t.0.t.75.e,42,344,25489
at,114.2.t.0.t.75.e,43,343,25491
at,114.2.t.0.t.75.e,44,342,25493
at,114.2.t.0.t.75.e,45,341,25495
at,114.2.t.0.t.75.e,46,340,25497
at,114.2.t.0.t.75.e,47,339,25499
at,114.2.t.0.t.75.e,48,338,25501
at,114.2.t.0.t.75.e,49,337,25503
at,114.2.t.0.t.75.e,50,336,25505
at,114.2.t.0.t.75.e,51,335,25507
at,114.2.t.0.t.75.e,52,334,25509
at,114.2.t.0.t.75.e,53,333,25511
at,114.2.t.0.t.75.e,54,332,25513
at,114.2.t.0.t.75.e,55,331,25515
at,114.2.t.0.t.75.e,56,330,25517
at,114.2.t.0.t.75.e,57,329,25519
at,114.2.t.0.t.75.e,58,328,25521
at,114.2.t.0.t.75.e,59,327,25523
at,114.2.t.0.t.75.e,60,326,25525
at,114.2.t.0.t.75.e,61,325,25527
at,114.2.t.0.t.75.e,62,324,25528
at,114.2.t.0.t.75.e,63,323,25530
at,114.2.t.0.t,76,387,25531
at,114.2.t.0.t,77,386,25533
at,114.2.t,1,464,25534
at,114,3,466,25535
at,114,4,465,25537
at,114,5,464,25539
at,114,6,463,25540
seq,114.6.t,25542,461,true,25629,otherwise,25651
at,114.6.t,0,461,25542
at,114.6.t,1,460,25544
at,114.6.t,2,459,25546
at,114.6.t,3,458,25548
at,114.6.t,4,457,25550
at,114.6.t,5,456,25552
at,114.6.t,6,455,25554
at,114.6.t,7,454,25556
at,114.6.t,8,453,25558
at,114.6.t,9,452,25560
at,114.6.t,10,451,25562
at,114.6.t,11,450,25564
at,114.6.t,12,449,25566
at,114.6.t,13,448,25568
at,114.6.t,14,447,25570
at,114.6.t,15,446,25572
at,114.6.t,16,445,25574
at,114.6.t,17,444,25576
at,114.6.t,18,443,25578
at,114.6.t,19,442,25580
at,114.6.t,20,441,25582
at,114.6.t,21,440,25584
at,114.6.t,22,439,25586
at,114.6.t,23,438,25588
at,114.6.t,24,437,25590
at,114.6.t,25,436,25592
at,114.6.t,26,435,25594
at,114.6.t,27,434,25596
at,114.6.t,28,433,25598
at,114.6.t,29,432,25600
at,114.6.t,30,431,25602
at,114.6.t,31,430,25604
at,114.6.t,32,429,25606
at,114.6.t,33,428,25608
at,114.6.t,34,427,25610
at,114.6.t,35,426,25612
at,114.6.t,36,425,25614
at,114.6.t,37,424,25616
at,114.6.t,38,423,25618
at,114.6.t,39,422,25620
at,114.6.t,40,421,25622
at,114.6.t,41,420,25624
at,114.6.t,42,419,25626
at,114.6.t,43,418,25628
seq,114.6.e,25629,461,false,25630,end,25651
at,114.6.e,0,461,25629
at,114,7,462,25630
at,114,8,461,25632
at,114,9,460,25634
at,114,10,459,25636
at,114,11,458,25638
at,114,12,457,25640
at,114,13,456,25642
at,114,14,455,25644
at,114,15,454,25646
at,114,16,453,25648
at,114,17,452,25650
115,code,25651,25680,25655,25652
115,0,25,25655
115,1,24,25657
115,2,23,25659
115,3,22,25661
115,4,21,25663
115,5,20,25665
115,6,19,25667
115,7,18,25669
115,8,17,25671
115,9,16,25673
115,10,15,25675
115,11,14,25677
115,12,13,25679
seq,115,25655,25,false,25680,end,25680
at,115,0,25,25655
at,115,1,24,25657
at,115,2,23,25659
at,115,3,22,25661
at,115,4,21,25663
at,115,5,20,25665
at,115,6,19,25667
at,115,7,18,25669
at,115,8,17,25671
at,115,9,16,25673
at,115,10,15,25675
at,115,11,14,25677
at,115,12,13,25679
116,code,25680,26225,25685,25682
116,0,540,25685
116,1,539,25687
116,2,538,25689
116,3,537,25691
116,4,536,25693
116,5,535,25695
116,6,534,25697
116,7,533,25699
116,8,532,25701
116,9,531,25703
116,10,530,25705
116,11,529,25707
116,12,528,25709
116,13,527,25711
116,14,526,25713
116,15,525,25714
116,16,524,25715
116,17,523,25751
116,18,522,25787
116,19,521,25795
116,20,520,25797
116,21,519,25798
116,22,518,25806
116,23,517,25808
116,24,516,25809
116,25,515,25810
116,26,514,26204
116,27,513,26206
116,28,512,26208
116,29,511,26210
116,30,510,26212
116,31,509,26214
116,32,508,26216
116,33,507,26218
116,34,506,26220
116,35,505,26222
116,36,504,26224
seq,116,25685,540,false,26225,end,26225
at,116,0,540,25685
at,116,1,539,25687
at,116,2,538,25689
at,116,3,537,25691
at,116,4,536,25693
at,116,5,535,25695
at,116,6,534,25697
at,116,7,533,25699
at,116,8,532,25701
at,116,9,531,25703
at,116,10,530,25705
at,116,11,529,25707
at,116,12,528,25709
at,116,13,527,25711
at,116,14,526,25713
at,116,15,525,25714
at,116,16,524,25715
seq,116.16.t,25717,522,true,25748,otherwise,26225
at,116.16.t,0,522,25717
at,116.16.t,1,521,25719
at,116.16.t,2,520,25721
at,116.16.t,3,519,25723
at,116.16.t,4,518,25725
at,116.16.t,5,517,25727
at,116.16.t,6,516,25729
at,116.16.t,7,515,25731
at,116.16.t,8,514,25733
at,116.16.t,9,513,25735
at,116.16.t,10,512,25737
at,116.16.t,11,511,25739
at,116.16.t,12,510,25741
at,116.16.t,13,509,25743
at,116.16.t,14,508,25745
at,116.16.t,15,507,25746
at,116.16.t,16,506,25747
seq,116.16.e,25748,522,false,25751,end,26225
at,116.16.e,0,522,25748
at,116.16.e,1,521,25750
at,116,17,523,25751
seq,116.17.t,25753,521,true,25784,otherwise,26225
at,116.17.t,0,521,25753
at,116.17.t,1,520,25755
at,116.17.t,2,519,25757
at,116.17.t,3,518,25759
at,116.17.t,4,517,25761
at,116.17.t,5,516,25763
at,116.17.t,6,515,25765
at,116.17.t,7,514,25767
at,116.17.t,8,513,25769
at,116.17.t,9,512,25771
at,116.17.t,10,511,25773
at,116.17.t,11,510,25775
at,116.17.t,12,509,25777
at,116.17.t,13,508,25779
at,116.17.t,14,507,25781
at,116.17.t,15,506,25782
at,116.17.t,16,505,25783
seq,116.17.e,25784,521,false,25787,end,26225
at,116.17.e,0,521,25784
at,116.17.e,1,520,25786
at,116,18,522,25787
seq,116.18.t,25789,520,true,25792,otherwise,26225
at,116.18.t,0,520,25789
at,116.18.t,1,519,25791
seq,116.18.e,25792,520,false,25795,end,26225
at,116.18.e,0,520,25792
at,116.18.e,1,519,25794
at,116,19,521,25795
at,116,20,520,25797
at,116,21,519,25798
seq,116.21.t,25800,517,true,25803,otherwise,26225
at,116.21.t,0,517,25800
at,116.21.t,1,516,25802
seq,116.21.e,25803,517,false,25806,end,26225
at,116.21.e,0,517,25803
at,116.21.e,1,516,25805
at,116,22,518,25806
at,116,23,517,25808
at,116,24,516,25809
at,116,25,515,25810
seq,116.25.t,25812,513,true,26141,otherwise,26225
at,116.25.t,0,513,25812
at,116.25.t,1,512,25814
at,116.25.t,2,511,25816
at,116.25.t,3,510,25818
at,116.25.t,4,509,25820
at,116.25.t,5,508,25822
at,116.25.t,6,507,25824
at,116.25.t,7,506,25826
at,116.25.t,8,505,25828
at,116.25.t,9,504,25830
at,116.25.t,10,503,25832
at,116.25.t,11,502,25834
at,116.25.t,12,501,25836
at,116.25.t,13,500,25838
at,116.25.t,14,499,25840
at,116.25.t,15,498,25842
at,116.25.t,16,497,25844
at,116.25.t,17,496,25846
at,116.25.t,18,495,25848
at,116.25.t,19,494,25850
at,116.25.t,20,493,25852
at,116.25.t,21,492,25854
at,116.25.t,22,491,25856
at,116.25.t,23,490,25858
at,116.25.t,24,489,25860
at,116.25.t,25,488,25862
at,116.25.t,26,487,25864
at,116.25.t,27,486,25866
at,116.25.t,28,485,25868
at,116.25.t,29,484,25870
at,116.25.t,30,483,25872
at,116.25.t,31,482,25874
at,116.25.t,32,481,25876
at,116.25.t,33,480,25878
at,116.25.t,34,479,25880
at,116.25.t,35,478,25882
at,116.25.t,36,477,25884
at,116.25.t,37,476,25886
at,116.25.t,38,475,25888
at,116.25.t,39,474,25890
at,116.25.t,40,473,25892
at,116.25.t,41,472,25894
at,116.25.t,42,471,25896
at,116.25.t,43,470,25898
at,116.25.t,44,469,25900
at,116.25.t,45,468,25902
at,116.25.t,46,467,25904
at,116.25.t,47,466,25906
at,116.25.t,48,465,25908
at,116.25.t,49,464,25910
at,116.25.t,50,463,25912
at,116.25.t,51,462,25914
at,116.25.t,52,461,25916
at,116.25.t,53,460,25918
at,116.25.t,54,459,25920
at,116.25.t,55,458,25921
seq,116.25.t.55.t,25923,456,true,25926,otherwise,26225
at,116.25.t.55.t,0,456,25923
at,116.25.t.55.t,1,455,25925
seq,116.25.t.55.e,25926,456,false,25929,end,26225
at,116.25.t.55.e,0,456,25926
at,116.25.t.55.e,1,455,25928
at,116.25.t,56,457,25929
at,116.25.t,57,456,25931
at,116.25.t,58,455,25932
seq,116.25.t.58.t,25934,453,true,25937,otherwise,26225
at,116.25.t.58.t,0,453,25934
at,116.25.t.58.t,1,452,25936
seq,116.25.t.58.e,25937,453,false,25940,end,26225
at,116.25.t.58.e,0,453,25937
at,116.25.t.58.e,1,452,25939
at,116.25.t,59,454,25940
at,116.25.t,60,453,25942
at,116.25.t,61,452,25943
at,116.25.t,62,451,25944
seq,116.25.t.62.t,25946,449,true,26077,otherwise,26225
at,116.25.t.62.t,0,449,25946
at,116.25.t.62.t,1,448,25948
at,116.25.t.62.t,2,447,25950
at,116.25.t.62.t,3,446,25952
at,116.25.t.62.t,4,445,25954
at,116.25.t.62.t,5,444,25956
at,116.25.t.62.t,6,443,25958
at,116.25.t.62.t,7,442,25960
at,116.25.t.62.t,8,441,25962
at,116.25.t.62.t,9,440,25964
at,116.25.t.62.t,10,439,25966
at,116.25.t.62.t,11,438,25968
at,116.25.t.62.t,12,437,25970
at,116.25.t.62.t,13,436,25972
at,116.25.t.62.t,14,435,25974
at,116.25.t.62.t,15,434,25976
at,116.25.t.62.t,16,433,25978
at,116.25.t.62.t,17,432,25980
at,116.25.t.62.t,18,431,25982
at,116.25.t.62.t,19,430,25992
at,116.25.t.62.t,20,429,25994
at,116.25.t.62.t,21,428,25996
at,116.25.t.62.t,22,427,25998
at,116.25.t.62.t,23,426,26000
at,116.25.t.62.t,24,425,26002
at,116.25.t.62.t,25,424,26004
at,116.25.t.62.t,26,423,26006
at,116.25.t.62.t,27,422,26008
at,116.25.t.62.t,28,421,26010
at,116.25.t.62.t,29,420,26012
at,116.25.t.62.t,30,419,26014
at,116.25.t.62.t,31,418,26016
at,116.25.t.62.t,32,417,26018
at,116.25.t.62.t,33,416,26020
at,116.25.t.62.t,34,415,26022
at,116.25.t.62.t,35,414,26024
at,116.25.t.62.t,36,413,26026
at,116.25.t.62.t,37,412,26028
at,116.25.t.62.t,38,411,26030
at,116.25.t.62.t,39,410,26032
at,116.25.t.62.t,40,409,26034
at,116.25.t.62.t,41,408,26036
at,116.25.t.62.t,42,407,26038
at,116.25.t.62.t,43,406,26040
at,116.25.t.62.t,44,405,26042
at,116.25.t.62.t,45,404,26044
at,116.25.t.62.t,46,403,26046
at,116.25.t.62.t,47,402,26048
at,116.25.t.62.t,48,401,26050
at,116.25.t.62.t,49,400,26052
at,116.25.t.62.t,50,399,26054
at,116.25.t.62.t,51,398,26056
at,116.25.t.62.t,52,397,26058
at,116.25.t.62.t,53,396,26060
at,116.25.t.62.t,54,395,26062
at,116.25.t.62.t,55,394,26064
at,116.25.t.62.t,56,393,26066
at,116.25.t.62.t,57,392,26068
at,116.25.t.62.t,58,391,26070
at,116.25.t.62.t,59,390,26072
at,116.25.t.62.t,60,389,26074
at,116.25.t.62.t,61,388,26076
seq,116.25.t.62.e,26077,449,false,26140,end,26225
at,116.25.t.62.e,0,449,26077
at,116.25.t.62.e,1,448,26079
at,116.25.t.62.e,2,447,26081
at,116.25.t.62.e,3,446,26083
at,116.25.t.62.e,4,445,26085
at,116.25.t.62.e,5,444,26087
at,116.25.t.62.e,6,443,26089
at,116.25.t.62.e,7,442,26091
at,116.25.t.62.e,8,441,26093
at,116.25.t.62.e,9,440,26095
at,116.25.t.62.e,10,439,26097
at,116.25.t.62.e,11,438,26099
at,116.25.t.62.e,12,437,26101
at,116.25.t.62.e,13,436,26103
at,116.25.t.62.e,14,435,26105
at,116.25.t.62.e,15,434,26107
at,116.25.t.62.e,16,433,26109
at,116.25.t.62.e,17,432,26111
at,116.25.t.62.e,18,431,26113
at,116.25.t.62.e,19,430,26115
at,116.25.t.62.e,20,429,26117
at,116.25.t.62.e,21,428,26119
at,116.25.t.62.e,22,427,26121
at,116.25.t.62.e,23,426,26123
at,116.25.t.62.e,24,425,26125
at,116.25.t.62.e,25,424,26127
at,116.25.t.62.e,26,423,26129
at,116.25.t.62.e,27,422,26131
at,116.25.t.62.e,28,421,26133
at,116.25.t.62.e,29,420,26135
at,116.25.t.62.e,30,419,26137
at,116.25.t.62.e,31,418,26139
at,116.25.t,63,450,26140
seq,116.25.e,26141,513,false,26204,end,26225
at,116.25.e,0,513,26141
at,116.25.e,1,512,26143
at,116.25.e,2,511,26145
at,116.25.e,3,510,26147
at,116.25.e,4,509,26149
at,116.25.e,5,508,26151
at,116.25.e,6,507,26153
at,116.25.e,7,506,26155
at,116.25.e,8,505,26157
at,116.25.e,9,504,26159
at,116.25.e,10,503,26161
at,116.25.e,11,502,26163
at,116.25.e,12,501,26165
at,116.25.e,13,500,26167
at,116.25.e,14,499,26169
at,116.25.e,15,498,26171
at,116.25.e,16,497,26173
at,116.25.e,17,496,26175
at,116.25.e,18,495,26177
at,116.25.e,19,494,26179
at,116.25.e,20,493,26181
at,116.25.e,21,492,26183
at,116.25.e,22,491,26185
at,116.25.e,23,490,26187
at,116.25.e,24,489,26189
at,116.25.e,25,488,26191
at,116.25.e,26,487,26193
at,116.25.e,27,486,26195
at,116.25.e,28,485,26197
at,116.25.e,29,484,26199
at,116.25.e,30,483,26201
at,116.25.e,31,482,26203
at,116,26,514,26204
at,116,27,513,26206
at,116,28,512,26208
at,116,29,511,26210
at,116,30,510,26212
at,116,31,509,26214
at,116,32,508,26216
at,116,33,507,26218
at,116,34,506,26220
at,116,35,505,26222
at,116,36,504,26224
117,code,26225,26893,26230,26227
117,0,663,26230
117,1,662,26232
117,2,661,26234
117,3,660,26236
117,4,659,26238
117,5,658,26240
117,6,657,26242
117,7,656,26244
117,8,655,26246
117,9,654,26248
117,10,653,26250
117,11,652,26252
117,12,651,26254
117,13,650,26256
117,14,649,26258
117,15,648,26260
117,16,647,26262
117,17,646,26264
117,18,645,26266
117,19,644,26268
117,20,643,26270
117,21,642,26272
117,22,641,26273
117,23,640,26281
117,24,639,26283
117,25,638,26284
117,26,637,26292
117,27,636,26294
117,28,635,26295
117,29,634,26296
117,30,633,26876
117,31,632,26878
117,32,631,26880
117,33,630,26882
117,34,629,26884
117,35,628,26886
117,36,627,26888
117,37,626,26890
117,38,625,26892
seq,117,26230,663,false,26893,end,26893
at,117,0,663,26230
at,117,1,662,26232
at,117,2,661,26234
at,117,3,660,26236
at,117,4,659,26238
at,117,5,658,26240
at,117,6,657,26242
at,117,7,656,26244
at,117,8,655,26246
at,117,9,654,26248
at,117,10,653,26250
at,117,11,652,26252
at,117,12,651,26254
at,117,13,650,26256
at,117,14,649,26258
at,117,15,648,26260
at,117,16,647,26262
at,117,17,646,26264
at,117,18,645,26266
at,117,19,644,26268
at,117,20,643,26270
at,117,21,642,26272
at,117,22,641,26273
seq,117.22.t,26275,639,true,26278,otherwise,26893
at,117.22.t,0,639,26275
at,117.22.t,1,638,26277
seq,117.22.e,26278,639,false,26281,end,26893
at,117.22.e,0,639,26278
at,117.22.e,1,638,26280
at,117,23,640,26281
at,117,24,639,26283
at,117,25,638,26284
seq,117.25.t,26286,636,true,26289,otherwise,26893
at,117.25.t,0,636,26286
at,117.25.t,1,635,26288
seq,117.25.e,26289,636,false,26292,end,26893
at,117.25.e,0,636,26289
at,117.25.e,1,635,26291
at,117,26,637,26292
at,117,27,636,26294
at,117,28,635,26295
at,117,29,634,26296
seq,117.29.t,26298,632,true,26825,otherwise,26893
at,117.29.t,0,632,26298
at,117.29.t,1,631,26300
at,117.29.t,2,630,26301
at,117.29.t,3,629,26303
at,117.29.t,4,628,26304
at,117.29.t,5,627,26305
at,117.29.t,6,626,26306
at,117.29.t,7,625,26308
at,117.29.t,8,624,26310
at,117.29.t,9,623,26311
at,117.29.t,10,622,26313
at,117.29.t,11,621,26314
at,117.29.t,12,620,26315
at,117.29.t,13,619,26316
at,117.29.t,14,618,26318
at,117.29.t,15,617,26320
at,117.29.t,16,616,26321
at,117.29.t,17,615,26323
at,117.29.t,18,614,26324
at,117.29.t,19,613,26325
at,117.29.t,20,612,26326
at,117.29.t,21,611,26328
at,117.29.t,22,610,26330
at,117.29.t,23,609,26331
at,117.29.t,24,608,26333
at,117.29.t,25,607,26334
at,117.29.t,26,606,26335
at,117.29.t,27,605,26336
at,117.29.t,28,604,26338
at,117.29.t,29,603,26340
at,117.29.t,30,602,26341
at,117.29.t,31,601,26343
at,117.29.t,32,600,26344
at,117.29.t,33,599,26345
at,117.29.t,34,598,26346
at,117.29.t,35,597,26348
at,117.29.t,36,596,26358
at,117.29.t,37,595,26359
at,117.29.t,38,594,26361
at,117.29.t,39,593,26362
at,117.29.t,40,592,26363
at,117.29.t,41,591,26364
at,117.29.t,42,590,26366
at,117.29.t,43,589,26368
at,117.29.t,44,588,26369
at,117.29.t,45,587,26371
at,117.29.t,46,586,26372
at,117.29.t,47,585,26373
at,117.29.t,48,584,26374
at,117.29.t,49,583,26376
at,117.29.t,50,582,26378
at,117.29.t,51,581,26380
at,117.29.t,52,580,26382
at,117.29.t,53,579,26384
at,117.29.t,54,578,26386
at,117.29.t,55,577,26387
at,117.29.t,56,576,26388
seq,117.29.t.56.t,26390,574,true,26403,otherwise,26893
at,117.29.t.56.t,0,574,26390
at,117.29.t.56.t,1,573,26392
at,117.29.t.56.t,2,572,26394
at,117.29.t.56.t,3,571,26396
at,117.29.t.56.t,4,570,26398
at,117.29.t.56.t,5,569,26400
at,117.29.t.56.t,6,568,26401
at,117.29.t.56.t,7,567,26402
seq,117.29.t.56.e,26403,574,false,26406,end,26893
at,117.29.t.56.e,0,574,26403
at,117.29.t.56.e,1,573,26405
at,117.29.t,57,575,26406
seq,117.29.t.57.t,26408,573,true,26421,otherwise,26893
at,117.29.t.57.t,0,573,26408
at,117.29.t.57.t,1,572,26410
at,117.29.t.57.t,2,571,26412
at,117.29.t.57.t,3,570,26414
at,117.29.t.57.t,4,569,26416
at,117.29.t.57.t,5,568,26418
at,117.29.t.57.t,6,567,26419
at,117.29.t.57.t,7,566,26420
seq,117.29.t.57.e,26421,573,false,26424,end,26893
at,117.29.t.57.e,0,573,26421
at,117.29.t.57.e,1,572,26423
at,117.29.t,58,574,26424
seq,117.29.t.58.t,26426,572,true,26439,otherwise,26893
at,117.29.t.58.t,0,572,26426
at,117.29.t.58.t,1,571,26428
at,117.29.t.58.t,2,570,26430
at,117.29.t.58.t,3,569,26432
at,117.29.t.58.t,4,568,26434
at,117.29.t.58.t,5,567,26436
at,117.29.t.58.t,6,566,26437
at,117.29.t.58.t,7,565,26438
seq,117.29.t.58.e,26439,572,false,26442,end,26893
at,117.29.t.58.e,0,572,26439
at,117.29.t.58.e,1,571,26441
at,117.29.t,59,573,26442
seq,117.29.t.59.t,26444,571,true,26457,otherwise,26893
at,117.29.t.59.t,0,571,26444
at,117.29.t.59.t,1,570,26446
at,117.29.t.59.t,2,569,26448
at,117.29.t.59.t,3,568,26450
at,117.29.t.59.t,4,567,26452
at,117.29.t.59.t,5,566,26454
at,117.29.t.59.t,6,565,26455
at,117.29.t.59.t,7,564,26456
seq,117.29.t.59.e,26457,571,false,26460,end,26893
at,117.29.t.59.e,0,571,26457
at,117.29.t.59.e,1,570,26459
at,117.29.t,60,572,26460
seq,117.29.t.60.t,26462,570,true,26475,otherwise,26893
at,117.29.t.60.t,0,570,26462
at,117.29.t.60.t,1,569,26464
at,117.29.t.60.t,2,568,26466
at,117.29.t.60.t,3,567,26468
at,117.29.t.60.t,4,566,26470
at,117.29.t.60.t,5,565,26472
at,117.29.t.60.t,6,564,26473
at,117.29.t.60.t,7,563,26474
seq,117.29.t.60.e,26475,570,false,26478,end,26893
at,117.29.t.60.e,0,570,26475
at,117.29.t.60.e,1,569,26477
at,117.29.t,61,571,26478
seq,117.29.t.61.t,26480,569,true,26493,otherwise,26893
at,117.29.t.61.t,0,569,26480
at,117.29.t.61.t,1,568,26482
at,117.29.t.61.t,2,567,26484
at,117.29.t.61.t,3,566,26486
at,117.29.t.61.t,4,565,26488
at,117.29.t.61.t,5,564,26490
at,117.29.t.61.t,6,563,26491
at,117.29.t.61.t,7,562,26492
seq,117.29.t.61.e,26493,569,false,26496,end,26893
at,117.29.t.61.e,0,569,26493
at,117.29.t.61.e,1,568,26495
at,117.29.t,62,570,26496
seq,117.29.t.62.t,26498,568,true,26501,otherwise,26893
at,117.29.t.62.t,0,568,26498
at,117.29.t.62.t,1,567,26500
seq,117.29.t.62.e,26501,568,false,26504,end,26893
at,117.29.t.62.e,0,568,26501
at,117.29.t.62.e,1,567,26503
at,117.29.t,63,569,26504
at,117.29.t,64,568,26506
at,117.29.t,65,567,26507
seq,117.29.t.65.t,26509,565,true,26512,otherwise,26893
at,117.29.t.65.t,0,565,26509
at,117.29.t.65.t,1,564,26511
seq,117.29.t.65.e,26512,565,false,26515,end,26893
at,117.29.t.65.e,0,565,26512
at,117.29.t.65.e,1,564,26514
at,117.29.t,66,566,26515
at,117.29.t,67,565,26517
at,117.29.t,68,564,26518
at,117.29.t,69,563,26519
seq,117.29.t.69.t,26521,561,true,26773,otherwise,26893
at,117.29.t.69.t,0,561,26521
at,117.29.t.69.t,1,560,26531
at,117.29.t.69.t,2,559,26532
at,117.29.t.69.t,3,558,26534
at,117.29.t.69.t,4,557,26535
at,117.29.t.69.t,5,556,26536
at,117.29.t.69.t,6,555,26537
at,117.29.t.69.t,7,554,26539
at,117.29.t.69.t,8,553,26541
at,117.29.t.69.t,9,552,26542
at,117.29.t.69.t,10,551,26544
at,117.29.t.69.t,11,550,26545
at,117.29.t.69.t,12,549,26546
at,117.29.t.69.t,13,548,26547
at,117.29.t.69.t,14,547,26549
at,117.29.t.69.t,15,546,26551
at,117.29.t.69.t,16,545,26552
at,117.29.t.69.t,17,544,26554
at,117.29.t.69.t,18,543,26555
at,117.29.t.69.t,19,542,26556
at,117.29.t.69.t,20,541,26557
at,117.29.t.69.t,21,540,26559
at,117.29.t.69.t,22,539,26561
at,117.29.t.69.t,23,538,26562
at,117.29.t.69.t,24,537,26564
at,117.29.t.69.t,25,536,26565
at,117.29.t.69.t,26,535,26566
at,117.29.t.69.t,27,534,26567
at,117.29.t.69.t,28,533,26569
at,117.29.t.69.t,29,532,26571
at,117.29.t.69.t,30,531,26572
at,117.29.t.69.t,31,530,26574
at,117.29.t.69.t,32,529,26575
at,117.29.t.69.t,33,528,26576
at,117.29.t.69.t,34,527,26577
at,117.29.t.69.t,35,526,26579
at,117.29.t.69.t,36,525,26581
at,117.29.t.69.t,37,524,26583
at,117.29.t.69.t,38,523,26585
at,117.29.t.69.t,39,522,26587
at,117.29.t.69.t,40,521,26589
at,117.29.t.69.t,41,520,26590
at,117.29.t.69.t,42,519,26591
seq,117.29.t.69.t.42.t,26593,517,true,26606,otherwise,26893
at,117.29.t.69.t.42.t,0,517,26593
at,117.29.t.69.t.42.t,1,516,26595
at,117.29.t.69.t.42.t,2,515,26597
at,117.29.t.69.t.42.t,3,514,26599
at,117.29.t.69.t.42.t,4,513,26601
at,117.29.t.69.t.42.t,5,512,26603
at,117.29.t.69.t.42.t,6,511,26604
at,117.29.t.69.t.42.t,7,510,26605
seq,117.29.t.69.t.42.e,26606,517,false,26609,end,26893
at,117.29.t.69.t.42.e,0,517,26606
at,117.29.t.69.t.42.e,1,516,26608
at,117.29.t.69.t,43,518,26609
seq,117.29.t.69.t.43.t,26611,516,true,26624,otherwise,26893
at,117.29.t.69.t.43.t,0,516,26611
at,117.29.t.69.t.43.t,1,515,26613
at,117.29.t.69.t.43.t,2,514,26615
at,117.29.t.69.t.43.t,3,513,26617
at,117.29.t.69.t.43.t,4,512,26619
at,117.29.t.69.t.43.t,5,511,26621
at,117.29.t.69.t.43.t,6,510,26622
at,117.29.t.69.t.43.t,7,509,26623
seq,117.29.t.69.t.43.e,26624,516,false,26627,end,26893
at,117.29.t.69.t.43.e,0,516,26624
at,117.29.t.69.t.43.e,1,515,26626
at,117.29.t.69.t,44,517,26627
seq,117.29.t.69.t.44.t,26629,515,true,26642,otherwise,26893
at,117.29.t.69.t.44.t,0,515,26629
at,117.29.t.69.t.44.t,1,514,26631
at,117.29.t.69.t.44.t,2,513,26633
at,117.29.t.69.t.44.t,3,512,26635
at,117.29.t.69.t.44.t,4,511,26637
at,117.29.t.69.t.44.t,5,510,26639
at,117.29.t.69.t.44.t,6,509,26640
at,117.29.t.69.t.44.t,7,508,26641
seq,117.29.t.69.t.44.e,26642,515,false,26645,end,26893
at,117.29.t.69.t.44.e,0,515,26642
at,117.29.t.69.t.44.e,1,514,26644
at,117.29.t.69.t,45,516,26645
seq,117.29.t.69.t.45.t,26647,514,true,26660,otherwise,26893
at,117.29.t.69.t.45.t,0,514,26647
at,117.29.t.69.t.45.t,1,513,26649
at,117.29.t.69.t.45.t,2,512,26651
at,117.29.t.69.t.45.t,3,511,26653
at,117.29.t.69.t.45.t,4,510,26655
at,117.29.t.69.t.45.t,5,509,26657
at,117.29.t.69.t.45.t,6,508,26658
at,117.29.t.69.t.45.t,7,507,26659
seq,117.29.t.69.t.45.e,26660,514,false,26663,end,26893
at,117.29.t.69.t.45.e,0,514,26660
at,117.29.t.69.t.45.e,1,513,26662
at,117.29.t.69.t,46,515,26663
seq,117.29.t.69.t.46.t,26665,513,true,26668,otherwise,26893
at,117.29.t.69.t.46.t,0,513,26665
at,117.29.t.69.t.46.t,1,512,26667
seq,117.29.t.69.t.46.e,26668,513,false,26671,end,26893
at,117.29.t.69.t.46.e,0,513,26668
at,117.29.t.69.t.46.e,1,512,26670
at,117.29.t.69.t,47,514,26671
at,117.29.t.69.t,48,513,26673
at,117.29.t.69.t,49,512,26674
seq,117.29.t.69.t.49.t,26676,510,true,26679,otherwise,26893
at,117.29.t.69.t.49.t,0,510,26676
at,117.29.t.69.t.49.t,1,509,26678
seq,117.29.t.69.t.49.e,26679,510,false,26682,end,26893
at,117.29.t.69.t.49.e,0,510,26679
at,117.29.t.69.t.49.e,1,509,26681
at,117.29.t.69.t,50,511,26682
at,117.29.t.69.t,51,510,26684
at,117.29.t.69.t,52,509,26685
at,117.29.t.69.t,53,508,26686
seq,117.29.t.69.t.53.t,26688,506,true,26721,otherwise,26893
at,117.29.t.69.t.53.t,0,506,26688
at,117.29.t.69.t.53.t,1,505,26690
at,117.29.t.69.t.53.t,2,504,26692
at,117.29.t.69.t.53.t,3,503,26694
at,117.29.t.69.t.53.t,4,502,26696
at,117.29.t.69.t.53.t,5,501,26698
at,117.29.t.69.t.53.t,6,500,26700
at,117.29.t.69.t.53.t,7,499,26702
at,117.29.t.69.t.53.t,8,498,26704
at,117.29.t.69.t.53.t,9,497,26706
at,117.29.t.69.t.53.t,10,496,26708
at,117.29.t.69.t.53.t,11,495,26710
at,117.29.t.69.t.53.t,12,494,26712
at,117.29.t.69.t.53.t,13,493,26714
at,117.29.t.69.t.53.t,14,492,26716
at,117.29.t.69.t.53.t,15,491,26718
at,117.29.t.69.t.53.t,16,490,26720
seq,117.29.t.69.t.53.e,26721,506,false,26772,end,26893
at,117.29.t.69.t.53.e,0,506,26721
at,117.29.t.69.t.53.e,1,505,26723
at,117.29.t.69.t.53.e,2,504,26725
at,117.29.t.69.t.53.e,3,503,26727
at,117.29.t.69.t.53.e,4,502,26729
at,117.29.t.69.t.53.e,5,501,26731
at,117.29.t.69.t.53.e,6,500,26733
at,117.29.t.69.t.53.e,7,499,26735
at,117.29.t.69.t.53.e,8,498,26737
at,117.29.t.69.t.53.e,9,497,26739
at,117.29.t.69.t.53.e,10,496,26741
at,117.29.t.69.t.53.e,11,495,26743
at,117.29.t.69.t.53.e,12,494,26745
at,117.29.t.69.t.53.e,13,493,26747
at,117.29.t.69.t.53.e,14,492,26749
at,117.29.t.69.t.53.e,15,491,26751
at,117.29.t.69.t.53.e,16,490,26753
at,117.29.t.69.t.53.e,17,489,26755
at,117.29.t.69.t.53.e,18,488,26757
at,117.29.t.69.t.53.e,19,487,26759
at,117.29.t.69.t.53.e,20,486,26761
at,117.29.t.69.t.53.e,21,485,26763
at,117.29.t.69.t.53.e,22,484,26765
at,117.29.t.69.t.53.e,23,483,26767
at,117.29.t.69.t.53.e,24,482,26769
at,117.29.t.69.t.53.e,25,481,26771
at,117.29.t.69.t,54,507,26772
seq,117.29.t.69.e,26773,561,false,26824,end,26893
at,117.29.t.69.e,0,561,26773
at,117.29.t.69.e,1,560,26775
at,117.29.t.69.e,2,559,26777
at,117.29.t.69.e,3,558,26779
at,117.29.t.69.e,4,557,26781
at,117.29.t.69.e,5,556,26783
at,117.29.t.69.e,6,555,26785
at,117.29.t.69.e,7,554,26787
at,117.29.t.69.e,8,553,26789
at,117.29.t.69.e,9,552,26791
at,117.29.t.69.e,10,551,26793
at,117.29.t.69.e,11,550,26795
at,117.29.t.69.e,12,549,26797
at,117.29.t.69.e,13,548,26799
at,117.29.t.69.e,14,547,26801
at,117.29.t.69.e,15,546,26803
at,117.29.t.69.e,16,545,26805
at,117.29.t.69.e,17,544,26807
at,117.29.t.69.e,18,543,26809
at,117.29.t.69.e,19,542,26811
at,117.29.t.69.e,20,541,26813
at,117.29.t.69.e,21,540,26815
at,117.29.t.69.e,22,539,26817
at,117.29.t.69.e,23,538,26819
at,117.29.t.69.e,24,537,26821
at,117.29.t.69.e,25,536,26823
at,117.29.t,70,562,26824
seq,117.29.e,26825,632,false,26876,end,26893
at,117.29.e,0,632,26825
at,117.29.e,1,631,26827
at,117.29.e,2,630,26829
at,117.29.e,3,629,26831
at,117.29.e,4,628,26833
at,117.29.e,5,627,26835
at,117.29.e,6,626,26837
at,117.29.e,7,625,26839
at,117.29.e,8,624,26841
at,117.29.e,9,623,26843
at,117.29.e,10,622,26845
at,117.29.e,11,621,26847
at,117.29.e,12,620,26849
at,117.29.e,13,619,26851
at,117.29.e,14,618,26853
at,117.29.e,15,617,26855
at,117.29.e,16,616,26857
at,117.29.e,17,615,26859
at,117.29.e,18,614,26861
at,117.29.e,19,613,26863
at,117.29.e,20,612,26865
at,117.29.e,21,611,26867
at,117.29.e,22,610,26869
at,117.29.e,23,609,26871
at,117.29.e,24,608,26873
at,117.29.e,25,607,26875
at,117,30,633,26876
at,117,31,632,26878
at,117,32,631,26880
at,117,33,630,26882
at,117,34,629,26884
at,117,35,628,26886
at,117,36,627,26888
at,117,37,626,26890
at,117,38,625,26892
118,code,26893,26904,26897,26894
118,0,7,26897
118,1,6,26899
118,2,5,26901
118,3,4,26903
seq,118,26897,7,false,26904,end,26904
at,118,0,7,26897
at,118,1,6,26899
at,118,2,5,26901
at,118,3,4,26903
119,code,26904,26946,26908,26905
119,0,38,26908
119,1,37,26910
119,2,36,26912
119,3,35,26913
119,4,34,26933
119,5,33,26941
119,6,32,26943
119,7,31,26945
seq,119,26908,38,false,26946,end,26946
at,119,0,38,26908
at,119,1,37,26910
at,119,2,36,26912
at,119,3,35,26913
seq,119.3.t,26915,33,true,26930,otherwise,26946
at,119.3.t,0,33,26915
at,119.3.t,1,32,26917
at,119.3.t,2,31,26928
at,119.3.t,3,30,26929
seq,119.3.e,26930,33,false,26933,end,26946
at,119.3.e,0,33,26930
at,119.3.e,1,32,26932
at,119,4,34,26933
seq,119.4.t,26935,32,true,26938,otherwise,26946
at,119.4.t,0,32,26935
at,119.4.t,1,31,26937
seq,119.4.e,26938,32,false,26941,end,26946
at,119.4.e,0,32,26938
at,119.4.e,1,31,26940
at,119,5,33,26941
at,119,6,32,26943
at,119,7,31,26945
120,code,26946,26969,26950,26947
120,0,19,26950
120,1,18,26952
120,2,17,26963
120,3,16,26964
120,4,15,26966
120,5,14,26968
seq,120,26950,19,false,26969,end,26969
at,120,0,19,26950
at,120,1,18,26952
at,120,2,17,26963
at,120,3,16,26964
at,120,4,15,26966
at,120,5,14,26968
121,code,26969,27006,26973,26970
121,0,33,26973
121,1,32,26975
121,2,31,26977
121,3,30,26979
121,4,29,26981
121,5,28,26992
121,6,27,26993
121,7,26,27001
121,8,25,27003
121,9,24,27005
seq,121,26973,33,false,27006,end,27006
at,121,0,33,26973
at,121,1,32,26975
at,121,2,31,26977
at,121,3,30,26979
at,121,4,29,26981
at,121,5,28,26992
at,121,6,27,26993
seq,121.6.t,26995,25,true,26998,otherwise,27006
at,121.6.t,0,25,26995
at,121.6.t,1,24,26997
seq,121.6.e,26998,25,false,27001,end,27006
at,121.6.e,0,25,26998
at,121.6.e,1,24,27000
at,121,7,26,27001
at,121,8,25,27003
at,121,9,24,27005
122,code,27006,27023,27010,27007
122,0,13,27010
122,1,12,27012
122,2,11,27014
122,3,10,27016
122,4,9,27018
122,5,8,27020
122,6,7,27022
seq,122,27010,13,false,27023,end,27023
at,122,0,13,27010
at,122,1,12,27012
at,122,2,11,27014
at,122,3,10,27016
at,122,4,9,27018
at,122,5,8,27020
at,122,6,7,27022
123,code,27023,27385,27028,27025
123,0,357,27028
123,1,356,27030
123,2,355,27032
123,3,354,27034
123,4,353,27036
123,5,352,27038
123,6,351,27039
123,7,350,27040
123,8,349,27058
123,9,348,27076
123,10,347,27094
123,11,346,27112
123,12,345,27120
123,13,344,27122
123,14,343,27123
123,15,342,27131
123,16,341,27133
123,17,340,27134
123,18,339,27135
123,19,338,27380
123,20,337,27382
123,21,336,27384
seq,123,27028,357,false,27385,end,27385
at,123,0,357,27028
at,123,1,356,27030
at,123,2,355,27032
at,123,3,354,27034
at,123,4,353,27036
at,123,5,352,27038
at,123,6,351,27039
at,123,7,350,27040
seq,123.7.t,27042,348,true,27055,otherwise,27385
at,123.7.t,0,348,27042
at,123.7.t,1,347,27044
at,123.7.t,2,346,27046
at,123.7.t,3,345,27048
at,123.7.t,4,344,27050
at,123.7.t,5,343,27052
at,123.7.t,6,342,27053
at,123.7.t,7,341,27054
seq,123.7.e,27055,348,false,27058,end,27385
at,123.7.e,0,348,27055
at,123.7.e,1,347,27057
at,123,8,349,27058
seq,123.8.t,27060,347,true,27073,otherwise,27385
at,123.8.t,0,347,27060
at,123.8.t,1,346,27062
at,123.8.t,2,345,27064
at,123.8.t,3,344,27066
at,123.8.t,4,343,27068
at,123.8.t,5,342,27070
at,123.8.t,6,341,27071
at,123.8.t,7,340,27072
seq,123.8.e,27073,347,false,27076,end,27385
at,123.8.e,0,347,27073
at,123.8.e,1,346,27075
at,123,9,348,27076
seq,123.9.t,27078,346,true,27091,otherwise,27385
at,123.9.t,0,346,27078
at,123.9.t,1,345,27080
at,123.9.t,2,344,27082
at,123.9.t,3,343,27084
at,123.9.t,4,342,27086
at,123.9.t,5,341,27088
at,123.9.t,6,340,27089
at,123.9.t,7,339,27090
seq,123.9.e,27091,346,false,27094,end,27385
at,123.9.e,0,346,27091
at,123.9.e,1,345,27093
at,123,10,347,27094
seq,123.10.t,27096,345,true,27109,otherwise,27385
at,123.10.t,0,345,27096
at,123.10.t,1,344,27098
at,123.10.t,2,343,27100
at,123.10.t,3,342,27102
at,123.10.t,4,341,27104
at,123.10.t,5,340,27106
at,123.10.t,6,339,27107
at,123.10.t,7,338,27108
seq,123.10.e,27109,345,false,27112,end,27385
at,123.10.e,0,345,27109
at,123.10.e,1,344,27111
at,123,11,346,27112
seq,123.11.t,27114,344,true,27117,otherwise,27385
at,123.11.t,0,344,27114
at,123.11.t,1,343,27116
seq,123.11.e,27117,344,false,27120,end,27385
at,123.11.e,0,344,27117
at,123.11.e,1,343,27119
at,123,12,345,27120
at,123,13,344,27122
at,123,14,343,27123
seq,123.14.t,27125,341,true,27128,otherwise,27385
at,123.14.t,0,341,27125
at,123.14.t,1,340,27127
seq,123.14.e,27128,341,false,27131,end,27385
at,123.14.e,0,341,27128
at,123.14.e,1,340,27130
at,123,15,342,27131
at,123,16,341,27133
at,123,17,340,27134
at,123,18,339,27135
seq,123.18.t,27137,337,true,27365,otherwise,27385
at,123.18.t,0,337,27137
at,123.18.t,1,336,27139
at,123.18.t,2,335,27140
at,123.18.t,3,334,27142
at,123.18.t,4,333,27143
at,123.18.t,5,332,27144
at,123.18.t,6,331,27145
at,123.18.t,7,330,27147
at,123.18.t,8,329,27157
at,123.18.t,9,328,27158
at,123.18.t,10,327,27160
at,123.18.t,11,326,27161
at,123.18.t,12,325,27162
at,123.18.t,13,324,27163
at,123.18.t,14,323,27165
at,123.18.t,15,322,27167
at,123.18.t,16,321,27168
at,123.18.t,17,320,27170
at,123.18.t,18,319,27171
at,123.18.t,19,318,27172
at,123.18.t,20,317,27173
at,123.18.t,21,316,27175
at,123.18.t,22,315,27177
at,123.18.t,23,314,27178
at,123.18.t,24,313,27180
at,123.18.t,25,312,27181
at,123.18.t,26,311,27182
at,123.18.t,27,310,27183
at,123.18.t,28,309,27185
at,123.18.t,29,308,27195
at,123.18.t,30,307,27196
at,123.18.t,31,306,27198
at,123.18.t,32,305,27199
at,123.18.t,33,304,27200
at,123.18.t,34,303,27201
at,123.18.t,35,302,27203
at,123.18.t,36,301,27205
at,123.18.t,37,300,27206
at,123.18.t,38,299,27208
at,123.18.t,39,298,27209
at,123.18.t,40,297,27210
at,123.18.t,41,296,27211
at,123.18.t,42,295,27213
at,123.18.t,43,294,27215
at,123.18.t,44,293,27217
at,123.18.t,45,292,27219
at,123.18.t,46,291,27221
at,123.18.t,47,290,27223
at,123.18.t,48,289,27224
at,123.18.t,49,288,27225
seq,123.18.t.49.t,27227,286,true,27240,otherwise,27385
at,123.18.t.49.t,0,286,27227
at,123.18.t.49.t,1,285,27229
at,123.18.t.49.t,2,284,27231
at,123.18.t.49.t,3,283,27233
at,123.18.t.49.t,4,282,27235
at,123.18.t.49.t,5,281,27237
at,123.18.t.49.t,6,280,27238
at,123.18.t.49.t,7,279,27239
seq,123.18.t.49.e,27240,286,false,27243,end,27385
at,123.18.t.49.e,0,286,27240
at,123.18.t.49.e,1,285,27242
at,123.18.t,50,287,27243
seq,123.18.t.50.t,27245,285,true,27258,otherwise,27385
at,123.18.t.50.t,0,285,27245
at,123.18.t.50.t,1,284,27247
at,123.18.t.50.t,2,283,27249
at,123.18.t.50.t,3,282,27251
at,123.18.t.50.t,4,281,27253
at,123.18.t.50.t,5,280,27255
at,123.18.t.50.t,6,279,27256
at,123.18.t.50.t,7,278,27257
seq,123.18.t.50.e,27258,285,false,27261,end,27385
at,123.18.t.50.e,0,285,27258
at,123.18.t.50.e,1,284,27260
at,123.18.t,51,286,27261
seq,123.18.t.51.t,27263,284,true,27276,otherwise,27385
at,123.18.t.51.t,0,284,27263
at,123.18.t.51.t,1,283,27265
at,123.18.t.51.t,2,282,27267
at,123.18.t.51.t,3,281,27269
at,123.18.t.51.t,4,280,27271
at,123.18.t.51.t,5,279,27273
at,123.18.t.51.t,6,278,27274
at,123.18.t.51.t,7,277,27275
seq,123.18.t.51.e,27276,284,false,27279,end,27385
at,123.18.t.51.e,0,284,27276
at,123.18.t.51.e,1,283,27278
at,123.18.t,52,285,27279
seq,123.18.t.52.t,27281,283,true,27294,otherwise,27385
at,123.18.t.52.t,0,283,27281
at,123.18.t.52.t,1,282,27283
at,123.18.t.52.t,2,281,27285
at,123.18.t.52.t,3,280,27287
at,123.18.t.52.t,4,279,27289
at,123.18.t.52.t,5,278,27291
at,123.18.t.52.t,6,277,27292
at,123.18.t.52.t,7,276,27293
seq,123.18.t.52.e,27294,283,false,27297,end,27385
at,123.18.t.52.e,0,283,27294
at,123.18.t.52.e,1,282,27296
at,123.18.t,53,284,27297
seq,123.18.t.53.t,27299,282,true,27312,otherwise,27385
at,123.18.t.53.t,0,282,27299
at,123.18.t.53.t,1,281,27301
at,123.18.t.53.t,2,280,27303
at,123.18.t.53.t,3,279,27305
at,123.18.t.53.t,4,278,27307
at,123.18.t.53.t,5,277,27309
at,123.18.t.53.t,6,276,27310
at,123.18.t.53.t,7,275,27311
seq,123.18.t.53.e,27312,282,false,27315,end,27385
at,123.18.t.53.e,0,282,27312
at,123.18.t.53.e,1,281,27314
at,123.18.t,54,283,27315
seq,123.18.t.54.t,27317,281,true,27320,otherwise,27385
at,123.18.t.54.t,0,281,27317
at,123.18.t.54.t,1,280,27319
seq,123.18.t.54.e,27320,281,false,27323,end,27385
at,123.18.t.54.e,0,281,27320
at,123.18.t.54.e,1,280,27322
at,123.18.t,55,282,27323
at,123.18.t,56,281,27325
at,123.18.t,57,280,27326
seq,123.18.t.57.t,27328,278,true,27331,otherwise,27385
at,123.18.t.57.t,0,278,27328
at,123.18.t.57.t,1,277,27330
seq,123.18.t.57.e,27331,278,false,27334,end,27385
at,123.18.t.57.e,0,278,27331
at,123.18.t.57.e,1,277,27333
at,123.18.t,58,279,27334
at,123.18.t,59,278,27336
at,123.18.t,60,277,27337
at,123.18.t,61,276,27338
seq,123.18.t.61.t,27340,274,true,27349,otherwise,27385
at,123.18.t.61.t,0,274,27340
at,123.18.t.61.t,1,273,27342
at,123.18.t.61.t,2,272,27344
at,123.18.t.61.t,3,271,27346
at,123.18.t.61.t,4,270,27348
seq,123.18.t.61.e,27349,274,false,27364,end,27385
at,123.18.t.61.e,0,274,27349
at,123.18.t.61.e,1,273,27351
at,123.18.t.61.e,2,272,27353
at,123.18.t.61.e,3,271,27355
at,123.18.t.61.e,4,270,27357
at,123.18.t.61.e,5,269,27359
at,123.18.t.61.e,6,268,27361
at,123.18.t.61.e,7,267,27363
at,123.18.t,62,275,27364
seq,123.18.e,27365,337,false,27380,end,27385
at,123.18.e,0,337,27365
at,123.18.e,1,336,27367
at,123.18.e,2,335,27369
at,123.18.e,3,334,27371
at,123.18.e,4,333,27373
at,123.18.e,5,332,27375
at,123.18.e,6,331,27377
at,123.18.e,7,330,27379
at,123,19,338,27380
at,123,20,337,27382
at,123,21,336,27384
124,code,27385,27438,27389,27386
124,0,49,27389
124,1,48,27391
124,2,47,27393
124,3,46,27395
124,4,45,27397
124,5,44,27399
124,6,43,27401
124,7,42,27403
124,8,41,27405
124,9,40,27407
124,10,39,27409
124,11,38,27411
124,12,37,27413
124,13,36,27415
124,14,35,27417
124,15,34,27419
124,16,33,27421
124,17,32,27423
124,18,31,27425
124,19,30,27427
124,20,29,27429
124,21,28,27431
124,22,27,27433
124,23,26,27435
124,24,25,27437
seq,124,27389,49,false,27438,end,27438
at,124,0,49,27389
at,124,1,48,27391
at,124,2,47,27393
at,124,3,46,27395
at,124,4,45,27397
at,124,5,44,27399
at,124,6,43,27401
at,124,7,42,27403
at,124,8,41,27405
at,124,9,40,27407
at,124,10,39,27409
at,124,11,38,27411
at,124,12,37,27413
at,124,13,36,27415
at,124,14,35,27417
at,124,15,34,27419
at,124,16,33,27421
at,124,17,32,27423
at,124,18,31,27425
at,124,19,30,27427
at,124,20,29,27429
at,124,21,28,27431
at,124,22,27,27433
at,124,23,26,27435
at,124,24,25,27437
125,code,27438,27449,27442,27439
125,0,7,27442
125,1,6,27444
125,2,5,27446
125,3,4,27448
seq,125,27442,7,false,27449,end,27449
at,125,0,7,27442
at,125,1,6,27444
at,125,2,5,27446
at,125,3,4,27448
126,code,27449,27460,27453,27450
126,0,7,27453
126,1,6,27455
126,2,5,27457
126,3,4,27459
seq,126,27453,7,false,27460,end,27460
at,126,0,7,27453
at,126,1,6,27455
at,126,2,5,27457
at,126,3,4,27459
127,code,27460,27471,27464,27461
127,0,7,27464
127,1,6,27466
127,2,5,27468
127,3,4,27470
seq,127,27464,7,false,27471,end,27471
at,127,0,7,27464
at,127,1,6,27466
at,127,2,5,27468
at,127,3,4,27470
128,code,27471,27482,27475,27472
128,0,7,27475
128,1,6,27477
128,2,5,27479
128,3,4,27481
seq,128,27475,7,false,27482,end,27482
at,128,0,7,27475
at,128,1,6,27477
at,128,2,5,27479
at,128,3,4,27481
129,code,27482,27493,27486,27483
129,0,7,27486
129,1,6,27488
129,2,5,27490
129,3,4,27492
seq,129,27486,7,false,27493,end,27493
at,129,0,7,27486
at,129,1,6,27488
at,129,2,5,27490
at,129,3,4,27492
130,code,27493,27504,27497,27494
130,0,7,27497
130,1,6,27499
130,2,5,27501
130,3,4,27503
seq,130,27497,7,false,27504,end,27504
at,130,0,7,27497
at,130,1,6,27499
at,130,2,5,27501
at,130,3,4,27503
131,code,27504,27545,27508,27505
131,0,37,27508
131,1,36,27510
131,2,35,27512
131,3,34,27514
131,4,33,27516
131,5,32,27518
131,6,31,27520
131,7,30,27522
131,8,29,27524
131,9,28,27526
131,10,27,27528
131,11,26,27530
131,12,25,27532
131,13,24,27534
131,14,23,27536
131,15,22,27538
131,16,21,27540
131,17,20,27542
131,18,19,27544
seq,131,27508,37,false,27545,end,27545
at,131,0,37,27508
at,131,1,36,27510
at,131,2,35,27512
at,131,3,34,27514
at,131,4,33,27516
at,131,5,32,27518
at,131,6,31,27520
at,131,7,30,27522
at,131,8,29,27524
at,131,9,28,27526
at,131,10,27,27528
at,131,11,26,27530
at,131,12,25,27532
at,131,13,24,27534
at,131,14,23,27536
at,131,15,22,27538
at,131,16,21,27540
at,131,17,20,27542
at,131,18,19,27544
132,code,27545,28204,27550,27547
132,0,654,27550
132,1,653,27552
132,2,652,27554
132,3,651,27556
132,4,650,27558
132,5,649,27560
132,6,648,27562
132,7,647,27564
132,8,646,27566
132,9,645,27568
132,10,644,27570
132,11,643,27572
132,12,642,27574
132,13,641,27576
132,14,640,27578
132,15,639,27580
132,16,638,27582
132,17,637,27584
132,18,636,27586
132,19,635,27588
132,20,634,27590
132,21,633,27592
132,22,632,27594
132,23,631,27596
132,24,630,27598
132,25,629,27600
132,26,628,27602
132,27,627,27604
132,28,626,27606
132,29,625,27608
132,30,624,27610
132,31,623,27612
132,32,622,27614
132,33,621,27616
132,34,620,27618
132,35,619,27620
132,36,618,27621
132,37,617,27629
132,38,616,27631
132,39,615,27632
132,40,614,27640
132,41,613,27642
132,42,612,27643
132,43,611,27644
132,44,610,28191
132,45,609,28193
132,46,608,28195
132,47,607,28197
132,48,606,28199
132,49,605,28201
132,50,604,28203
seq,132,27550,654,false,28204,end,28204
at,132,0,654,27550
at,132,1,653,27552
at,132,2,652,27554
at,132,3,651,27556
at,132,4,650,27558
at,132,5,649,27560
at,132,6,648,27562
at,132,7,647,27564
at,132,8,646,27566
at,132,9,645,27568
at,132,10,644,27570
at,132,11,643,27572
at,132,12,642,27574
at,132,13,641,27576
at,132,14,640,27578
at,132,15,639,27580
at,132,16,638,27582
at,132,17,637,27584
at,132,18,636,27586
at,132,19,635,27588
at,132,20,634,27590
at,132,21,633,27592
at,132,22,632,27594
at,132,23,631,27596
at,132,24,630,27598
at,132,25,629,27600
at,132,26,628,27602
at,132,27,627,27604
at,132,28,626,27606
at,132,29,625,27608
at,132,30,624,27610
at,132,31,623,27612
at,132,32,622,27614
at,132,33,621,27616
at,132,34,620,27618
at,132,35,619,27620
at,132,36,618,27621
seq,132.36.t,27623,616,true,27626,otherwise,28204
at,132.36.t,0,616,27623
at,132.36.t,1,615,27625
seq,132.36.e,27626,616,false,27629,end,28204
at,132.36.e,0,616,27626
at,132.36.e,1,615,27628
at,132,37,617,27629
at,132,38,616,27631
at,132,39,615,27632
seq,132.39.t,27634,613,true,27637,otherwise,28204
at,132.39.t,0,613,27634
at,132.39.t,1,612,27636
seq,132.39.e,27637,613,false,27640,end,28204
at,132.39.e,0,613,27637
at,132.39.e,1,612,27639
at,132,40,614,27640
at,132,41,613,27642
at,132,42,612,27643
at,132,43,611,27644
seq,132.43.t,27646,609,true,28151,otherwise,28204
at,132.43.t,0,609,27646
at,132.43.t,1,608,27648
at,132.43.t,2,607,27650
at,132.43.t,3,606,27652
at,132.43.t,4,605,27654
at,132.43.t,5,604,27656
at,132.43.t,6,603,27658
at,132.43.t,7,602,27660
at,132.43.t,8,601,27662
at,132.43.t,9,600,27664
at,132.43.t,10,599,27666
at,132.43.t,11,598,27668
at,132.43.t,12,597,27670
at,132.43.t,13,596,27672
at,132.43.t,14,595,27674
at,132.43.t,15,594,27676
at,132.43.t,16,593,27678
at,132.43.t,17,592,27680
at,132.43.t,18,591,27682
at,132.43.t,19,590,27684
at,132.43.t,20,589,27686
at,132.43.t,21,588,27688
at,132.43.t,22,587,27690
at,132.43.t,23,586,27692
at,132.43.t,24,585,27694
at,132.43.t,25,584,27696
at,132.43.t,26,583,27698
at,132.43.t,27,582,27700
at,132.43.t,28,581,27702
at,132.43.t,29,580,27704
at,132.43.t,30,579,27706
at,132.43.t,31,578,27708
at,132.43.t,32,577,27710
at,132.43.t,33,576,27712
at,132.43.t,34,575,27714
at,132.43.t,35,574,27716
at,132.43.t,36,573,27717
seq,132.43.t.36.t,27719,571,true,27722,otherwise,28204
at,132.43.t.36.t,0,571,27719
at,132.43.t.36.t,1,570,27721
seq,132.43.t.36.e,27722,571,false,27725,end,28204
at,132.43.t.36.e,0,571,27722
at,132.43.t.36.e,1,570,27724
at,132.43.t,37,572,27725
at,132.43.t,38,571,27727
at,132.43.t,39,570,27728
seq,132.43.t.39.t,27730,568,true,27733,otherwise,28204
at,132.43.t.39.t,0,568,27730
at,132.43.t.39.t,1,567,27732
seq,132.43.t.39.e,27733,568,false,27736,end,28204
at,132.43.t.39.e,0,568,27733
at,132.43.t.39.e,1,567,27735
at,132.43.t,40,569,27736
at,132.43.t,41,568,27738
at,132.43.t,42,567,27739
at,132.43.t,43,566,27740
seq,132.43.t.43.t,27742,564,true,28110,otherwise,28204
at,132.43.t.43.t,0,564,27742
at,132.43.t.43.t,1,563,27744
at,132.43.t.43.t,2,562,27746
at,132.43.t.43.t,3,561,27747
seq,132.43.t.43.t.3.t,27749,559,true,27752,otherwise,28204
at,132.43.t.43.t.3.t,0,559,27749
at,132.43.t.43.t.3.t,1,558,27751
seq,132.43.t.43.t.3.e,27752,559,false,27755,end,28204
at,132.43.t.43.t.3.e,0,559,27752
at,132.43.t.43.t.3.e,1,558,27754
at,132.43.t.43.t,4,560,27755
at,132.43.t.43.t,5,559,27757
at,132.43.t.43.t,6,558,27759
at,132.43.t.43.t,7,557,27761
at,132.43.t.43.t,8,556,27763
at,132.43.t.43.t,9,555,27765
at,132.43.t.43.t,10,554,27767
at,132.43.t.43.t,11,553,27769
at,132.43.t.43.t,12,552,27771
at,132.43.t.43.t,13,551,27773
at,132.43.t.43.t,14,550,27775
at,132.43.t.43.t,15,549,27777
at,132.43.t.43.t,16,548,27779
at,132.43.t.43.t,17,547,27781
at,132.43.t.43.t,18,546,27783
at,132.43.t.43.t,19,545,27785
at,132.43.t.43.t,20,544,27787
at,132.43.t.43.t,21,543,27789
at,132.43.t.43.t,22,542,27791
at,132.43.t.43.t,23,541,27793
at,132.43.t.43.t,24,540,27795
at,132.43.t.43.t,25,539,27797
at,132.43.t.43.t,26,538,27799
at,132.43.t.43.t,27,537,27801
at,132.43.t.43.t,28,536,27803
at,132.43.t.43.t,29,535,27805
at,132.43.t.43.t,30,534,27807
at,132.43.t.43.t,31,533,27809
at,132.43.t.43.t,32,532,27811
at,132.43.t.43.t,33,531,27813
at,132.43.t.43.t,34,530,27815
at,132.43.t.43.t,35,529,27817
at,132.43.t.43.t,36,528,27819
at,132.43.t.43.t,37,527,27821
at,132.43.t.43.t,38,526,27823
at,132.43.t.43.t,39,525,27825
at,132.43.t.43.t,40,524,27827
at,132.43.t.43.t,41,523,27829
at,132.43.t.43.t,42,522,27831
at,132.43.t.43.t,43,521,27833
at,132.43.t.43.t,44,520,27835
at,132.43.t.43.t,45,519,27837
at,132.43.t.43.t,46,518,27839
at,132.43.t.43.t,47,517,27841
at,132.43.t.43.t,48,516,27843
at,132.43.t.43.t,49,515,27845
at,132.43.t.43.t,50,514,27847
at,132.43.t.43.t,51,513,27849
at,132.43.t.43.t,52,512,27851
at,132.43.t.43.t,53,511,27853
at,132.43.t.43.t,54,510,27855
at,132.43.t.43.t,55,509,27857
at,132.43.t.43.t,56,508,27859
at,132.43.t.43.t,57,507,27861
at,132.43.t.43.t,58,506,27863
at,132.43.t.43.t,59,505,27865
at,132.43.t.43.t,60,504,27867
at,132.43.t.43.t,61,503,27869
at,132.43.t.43.t,62,502,27871
at,132.43.t.43.t,63,501,27873
at,132.43.t.43.t,64,500,27875
at,132.43.t.43.t,65,499,27877
at,132.43.t.43.t,66,498,27879
at,132.43.t.43.t,67,497,27881
at,132.43.t.43.t,68,496,27883
at,132.43.t.43.t,69,495,27885
at,132.43.t.43.t,70,494,27887
at,132.43.t.43.t,71,493,27889
at,132.43.t.43.t,72,492,27891
at,132.43.t.43.t,73,491,27893
at,132.43.t.43.t,74,490,27895
at,132.43.t.43.t,75,489,27897
at,132.43.t.43.t,76,488,27899
at,132.43.t.43.t,77,487,27901
at,132.43.t.43.t,78,486,27903
at,132.43.t.43.t,79,485,27905
at,132.43.t.43.t,80,484,27907
at,132.43.t.43.t,81,483,27909
at,132.43.t.43.t,82,482,27911
at,132.43.t.43.t,83,481,27913
at,132.43.t.43.t,84,480,27915
at,132.43.t.43.t,85,479,27917
at,132.43.t.43.t,86,478,27919
at,132.43.t.43.t,87,477,27921
at,132.43.t.43.t,88,476,27923
at,132.43.t.43.t,89,475,27925
at,132.43.t.43.t,90,474,27927
at,132.43.t.43.t,91,473,27929
at,132.43.t.43.t,92,472,27931
at,132.43.t.43.t,93,471,27933
at,132.43.t.43.t,94,470,27935
at,132.43.t.43.t,95,469,27937
at,132.43.t.43.t,96,468,27938
seq,132.43.t.43.t.96.t,27940,466,true,27943,otherwise,28204
at,132.43.t.43.t.96.t,0,466,27940
at,132.43.t.43.t.96.t,1,465,27942
seq,132.43.t.43.t.96.e,27943,466,false,27946,end,28204
at,132.43.t.43.t.96.e,0,466,27943
at,132.43.t.43.t.96.e,1,465,27945
at,132.43.t.43.t,97,467,27946
at,132.43.t.43.t,98,466,27948
at,132.43.t.43.t,99,465,27949
at,132.43.t.43.t,100,464,27950
seq,132.43.t.43.t.100.t,27952,462,true,27970,otherwise,28204
at,132.43.t.43.t.100.t,0,462,27952
at,132.43.t.43.t.100.t,1,461,27954
at,132.43.t.43.t.100.t,2,460,27956
at,132.43.t.43.t.100.t,3,459,27957
seq,132.43.t.43.t.100.t.3.t,27959,457,true,27962,otherwise,28204
at,132.43.t.43.t.100.t.3.t,0,457,27959
at,132.43.t.43.t.100.t.3.t,1,456,27961
seq,132.43.t.43.t.100.t.3.e,27962,457,false,27965,end,28204
at,132.43.t.43.t.100.t.3.e,0,457,27962
at,132.43.t.43.t.100.t.3.e,1,456,27964
at,132.43.t.43.t.100.t,4,458,27965
at,132.43.t.43.t.100.t,5,457,27967
at,132.43.t.43.t.100.t,6,456,27968
at,132.43.t.43.t.100.t,7,455,27969
seq,132.43.t.43.t.100.e,27970,462,false,27973,end,28204
at,132.43.t.43.t.100.e,0,462,27970
at,132.43.t.43.t.100.e,1,461,27972
at,132.43.t.43.t,101,463,27973
seq,132.43.t.43.t.101.t,27975,461,true,27993,otherwise,28204
at,132.43.t.43.t.101.t,0,461,27975
at,132.43.t.43.t.101.t,1,460,27977
at,132.43.t.43.t.101.t,2,459,27979
at,132.43.t.43.t.101.t,3,458,27980
seq,132.43.t.43.t.101.t.3.t,27982,456,true,27985,otherwise,28204
at,132.43.t.43.t.101.t.3.t,0,456,27982
at,132.43.t.43.t.101.t.3.t,1,455,27984
seq,132.43.t.43.t.101.t.3.e,27985,456,false,27988,end,28204
at,132.43.t.43.t.101.t.3.e,0,456,27985
at,132.43.t.43.t.101.t.3.e,1,455,27987
at,132.43.t.43.t.101.t,4,457,27988
at,132.43.t.43.t.101.t,5,456,27990
at,132.43.t.43.t.101.t,6,455,27991
at,132.43.t.43.t.101.t,7,454,27992
seq,132.43.t.43.t.101.e,27993,461,false,27996,end,28204
at,132.43.t.43.t.101.e,0,461,27993
at,132.43.t.43.t.101.e,1,460,27995
at,132.43.t.43.t,102,462,27996
seq,132.43.t.43.t.102.t,27998,460,true,28016,otherwise,28204
at,132.43.t.43.t.102.t,0,460,27998
at,132.43.t.43.t.102.t,1,459,28000
at,132.43.t.43.t.102.t,2,458,28002
at,132.43.t.43.t.102.t,3,457,28003
seq,132.43.t.43.t.102.t.3.t,28005,455,true,28008,otherwise,28204
at,132.43.t.43.t.102.t.3.t,0,455,28005
at,132.43.t.43.t.102.t.3.t,1,454,28007
seq,132.43.t.43.t.102.t.3.e,28008,455,false,28011,end,28204
at,132.43.t.43.t.102.t.3.e,0,455,28008
at,132.43.t.43.t.102.t.3.e,1,454,28010
at,132.43.t.43.t.102.t,4,456,28011
at,132.43.t.43.t.102.t,5,455,28013
at,132.43.t.43.t.102.t,6,454,28014
at,132.43.t.43.t.102.t,7,453,28015
seq,132.43.t.43.t.102.e,28016,460,false,28019,end,28204
at,132.43.t.43.t.102.e,0,460,28016
at,132.43.t.43.t.102.e,1,459,28018
at,132.43.t.43.t,103,461,28019
seq,132.43.t.43.t.103.t,28021,459,true,28024,otherwise,28204
at,132.43.t.43.t.103.t,0,459,28021
at,132.43.t.43.t.103.t,1,458,28023
seq,132.43.t.43.t.103.e,28024,459,false,28027,end,28204
at,132.43.t.43.t.103.e,0,459,28024
at,132.43.t.43.t.103.e,1,458,28026
at,132.43.t.43.t,104,460,28027
at,132.43.t.43.t,105,459,28029
at,132.43.t.43.t,106,458,28030
seq,132.43.t.43.t.106.t,28032,456,true,28035,otherwise,28204
at,132.43.t.43.t.106.t,0,456,28032
at,132.43.t.43.t.106.t,1,455,28034
seq,132.43.t.43.t.106.e,28035,456,false,28038,end,28204
at,132.43.t.43.t.106.e,0,456,28035
at,132.43.t.43.t.106.e,1,455,28037
at,132.43.t.43.t,107,457,28038
at,132.43.t.43.t,108,456,28040
at,132.43.t.43.t,109,455,28041
at,132.43.t.43.t,110,454,28042
seq,132.43.t.43.t.110.t,28044,452,true,28069,otherwise,28204
at,132.43.t.43.t.110.t,0,452,28044
at,132.43.t.43.t.110.t,1,451,28046
at,132.43.t.43.t.110.t,2,450,28048
at,132.43.t.43.t.110.t,3,449,28050
at,132.43.t.43.t.110.t,4,448,28052
at,132.43.t.43.t.110.t,5,447,28054
at,132.43.t.43.t.110.t,6,446,28056
at,132.43.t.43.t.110.t,7,445,28058
at,132.43.t.43.t.110.t,8,444,28060
at,132.43.t.43.t.110.t,9,443,28062
at,132.43.t.43.t.110.t,10,442,28064
at,132.43.t.43.t.110.t,11,441,28066
at,132.43.t.43.t.110.t,12,440,28068
seq,132.43.t.43.t.110.e,28069,452,false,28109,end,28204
at,132.43.t.43.t.110.e,0,452,28069
at,132.43.t.43.t.110.e,1,451,28072
at,132.43.t.43.t.110.e,2,450,28074
at,132.43.t.43.t.110.e,3,449,28076
at,132.43.t.43.t.110.e,4,448,28078
at,132.43.t.43.t.110.e,5,447,28080
at,132.43.t.43.t.110.e,6,446,28082
at,132.43.t.43.t.110.e,7,445,28084
at,132.43.t.43.t.110.e,8,444,28086
at,132.43.t.43.t.110.e,9,443,28088
at,132.43.t.43.t.110.e,10,442,28090
at,132.43.t.43.t.110.e,11,441,28092
at,132.43.t.43.t.110.e,12,440,28094
at,132.43.t.43.t.110.e,13,439,28096
at,132.43.t.43.t.110.e,14,438,28098
at,132.43.t.43.t.110.e,15,437,28100
at,132.43.t.43.t.110.e,16,436,28102
at,132.43.t.43.t.110.e,17,435,28104
at,132.43.t.43.t.110.e,18,434,28106
at,132.43.t.43.t.110.e,19,433,28108
at,132.43.t.43.t,111,453,28109
seq,132.43.t.43.e,28110,564,false,28150,end,28204
at,132.43.t.43.e,0,564,28110
at,132.43.t.43.e,1,563,28113
at,132.43.t.43.e,2,562,28115
at,132.43.t.43.e,3,561,28117
at,132.43.t.43.e,4,560,28119
at,132.43.t.43.e,5,559,28121
at,132.43.t.43.e,6,558,28123
at,132.43.t.43.e,7,557,28125
at,132.43.t.43.e,8,556,28127
at,132.43.t.43.e,9,555,28129
at,132.43.t.43.e,10,554,28131
at,132.43.t.43.e,11,553,28133
at,132.43.t.43.e,12,552,28135
at,132.43.t.43.e,13,551,28137
at,132.43.t.43.e,14,550,28139
at,132.43.t.43.e,15,549,28141
at,132.43.t.43.e,16,548,28143
at,132.43.t.43.e,17,547,28145
at,132.43.t.43.e,18,546,28147
at,132.43.t.43.e,19,545,28149
at,132.43.t,44,565,28150
seq,132.43.e,28151,609,false,28191,end,28204
at,132.43.e,0,609,28151
at,132.43.e,1,608,28154
at,132.43.e,2,607,28156
at,132.43.e,3,606,28158
at,132.43.e,4,605,28160
at,132.43.e,5,604,28162
at,132.43.e,6,603,28164
at,132.43.e,7,602,28166
at,132.43.e,8,601,28168
at,132.43.e,9,600,28170
at,132.43.e,10,599,28172
at,132.43.e,11,598,28174
at,132.43.e,12,597,28176
at,132.43.e,13,596,28178
at,132.43.e,14,595,28180
at,132.43.e,15,594,28182
at,132.43.e,16,593,28184
at,132.43.e,17,592,28186
at,132.43.e,18,591,28188
at,132.43.e,19,590,28190
at,132,44,610,28191
at,132,45,609,28193
at,132,46,608,28195
at,132,47,607,28197
at,132,48,606,28199
at,132,49,605,28201
at,132,50,604,28203
133,code,28204,28215,28208,28205
133,0,7,28208
133,1,6,28210
133,2,5,28212
133,3,4,28214
seq,133,28208,7,false,28215,end,28215
at,133,0,7,28208
at,133,1,6,28210
at,133,2,5,28212
at,133,3,4,28214
134,code,28215,28226,28219,28216
134,0,7,28219
134,1,6,28221
134,2,5,28223
134,3,4,28225
seq,134,28219,7,false,28226,end,28226
at,134,0,7,28219
at,134,1,6,28221
at,134,2,5,28223
at,134,3,4,28225
135,code,28226,28470,28231,28228
135,0,239,28231
135,1,238,28233
135,2,237,28235
135,3,236,28237
135,4,235,28239
135,5,234,28241
135,6,233,28242
135,7,232,28243
135,8,231,28261
135,9,230,28279
135,10,229,28297
135,11,228,28305
135,12,227,28307
135,13,226,28308
135,14,225,28316
135,15,224,28318
135,16,223,28319
135,17,222,28320
135,18,221,28465
135,19,220,28467
135,20,219,28469
seq,135,28231,239,false,28470,end,28470
at,135,0,239,28231
at,135,1,238,28233
at,135,2,237,28235
at,135,3,236,28237
at,135,4,235,28239
at,135,5,234,28241
at,135,6,233,28242
at,135,7,232,28243
seq,135.7.t,28245,230,true,28258,otherwise,28470
at,135.7.t,0,230,28245
at,135.7.t,1,229,28247
at,135.7.t,2,228,28249
at,135.7.t,3,227,28251
at,135.7.t,4,226,28253
at,135.7.t,5,225,28255
at,135.7.t,6,224,28256
at,135.7.t,7,223,28257
seq,135.7.e,28258,230,false,28261,end,28470
at,135.7.e,0,230,28258
at,135.7.e,1,229,28260
at,135,8,231,28261
seq,135.8.t,28263,229,true,28276,otherwise,28470
at,135.8.t,0,229,28263
at,135.8.t,1,228,28265
at,135.8.t,2,227,28267
at,135.8.t,3,226,28269
at,135.8.t,4,225,28271
at,135.8.t,5,224,28273
at,135.8.t,6,223,28274
at,135.8.t,7,222,28275
seq,135.8.e,28276,229,false,28279,end,28470
at,135.8.e,0,229,28276
at,135.8.e,1,228,28278
at,135,9,230,28279
seq,135.9.t,28281,228,true,28294,otherwise,28470
at,135.9.t,0,228,28281
at,135.9.t,1,227,28283
at,135.9.t,2,226,28285
at,135.9.t,3,225,28287
at,135.9.t,4,224,28289
at,135.9.t,5,223,28291
at,135.9.t,6,222,28292
at,135.9.t,7,221,28293
seq,135.9.e,28294,228,false,28297,end,28470
at,135.9.e,0,228,28294
at,135.9.e,1,227,28296
at,135,10,229,28297
seq,135.10.t,28299,227,true,28302,otherwise,28470
at,135.10.t,0,227,28299
at,135.10.t,1,226,28301
seq,135.10.e,28302,227,false,28305,end,28470
at,135.10.e,0,227,28302
at,135.10.e,1,226,28304
at,135,11,228,28305
at,135,12,227,28307
at,135,13,226,28308
seq,135.13.t,28310,224,true,28313,otherwise,28470
at,135.13.t,0,224,28310
at,135.13.t,1,223,28312
seq,135.13.e,28313,224,false,28316,end,28470
at,135.13.e,0,224,28313
at,135.13.e,1,223,28315
at,135,14,225,28316
at,135,15,224,28318
at,135,16,223,28319
at,135,17,222,28320
seq,135.17.t,28322,220,true,28450,otherwise,28470
at,135.17.t,0,220,28322
at,135.17.t,1,219,28324
at,135.17.t,2,218,28325
at,135.17.t,3,217,28327
at,135.17.t,4,216,28328
at,135.17.t,5,215,28329
at,135.17.t,6,214,28330
at,135.17.t,7,213,28332
at,135.17.t,8,212,28334
at,135.17.t,9,211,28335
at,135.17.t,10,210,28337
at,135.17.t,11,209,28338
at,135.17.t,12,208,28339
at,135.17.t,13,207,28340
at,135.17.t,14,206,28342
at,135.17.t,15,205,28344
at,135.17.t,16,204,28345
at,135.17.t,17,203,28347
at,135.17.t,18,202,28348
at,135.17.t,19,201,28349
at,135.17.t,20,200,28350
at,135.17.t,21,199,28352
at,135.17.t,22,198,28354
at,135.17.t,23,197,28356
at,135.17.t,24,196,28358
at,135.17.t,25,195,28360
at,135.17.t,26,194,28362
at,135.17.t,27,193,28363
at,135.17.t,28,192,28364
seq,135.17.t.28.t,28366,190,true,28379,otherwise,28470
at,135.17.t.28.t,0,190,28366
at,135.17.t.28.t,1,189,28368
at,135.17.t.28.t,2,188,28370
at,135.17.t.28.t,3,187,28372
at,135.17.t.28.t,4,186,28374
at,135.17.t.28.t,5,185,28376
at,135.17.t.28.t,6,184,28377
at,135.17.t.28.t,7,183,28378
seq,135.17.t.28.e,28379,190,false,28382,end,28470
at,135.17.t.28.e,0,190,28379
at,135.17.t.28.e,1,189,28381
at,135.17.t,29,191,28382
seq,135.17.t.29.t,28384,189,true,28397,otherwise,28470
at,135.17.t.29.t,0,189,28384
at,135.17.t.29.t,1,188,28386
at,135.17.t.29.t,2,187,28388
at,135.17.t.29.t,3,186,28390
at,135.17.t.29.t,4,185,28392
at,135.17.t.29.t,5,184,28394
at,135.17.t.29.t,6,183,28395
at,135.17.t.29.t,7,182,28396
seq,135.17.t.29.e,28397,189,false,28400,end,28470
at,135.17.t.29.e,0,189,28397
at,135.17.t.29.e,1,188,28399
at,135.17.t,30,190,28400
seq,135.17.t.30.t,28402,188,true,28405,otherwise,28470
at,135.17.t.30.t,0,188,28402
at,135.17.t.30.t,1,187,28404
seq,135.17.t.30.e,28405,188,false,28408,end,28470
at,135.17.t.30.e,0,188,28405
at,135.17.t.30.e,1,187,28407
at,135.17.t,31,189,28408
at,135.17.t,32,188,28410
at,135.17.t,33,187,28411
seq,135.17.t.33.t,28413,185,true,28416,otherwise,28470
at,135.17.t.33.t,0,185,28413
at,135.17.t.33.t,1,184,28415
seq,135.17.t.33.e,28416,185,false,28419,end,28470
at,135.17.t.33.e,0,185,28416
at,135.17.t.33.e,1,184,28418
at,135.17.t,34,186,28419
at,135.17.t,35,185,28421
at,135.17.t,36,184,28422
at,135.17.t,37,183,28423
seq,135.17.t.37.t,28425,181,true,28434,otherwise,28470
at,135.17.t.37.t,0,181,28425
at,135.17.t.37.t,1,180,28427
at,135.17.t.37.t,2,179,28429
at,135.17.t.37.t,3,178,28431
at,135.17.t.37.t,4,177,28433
seq,135.17.t.37.e,28434,181,false,28449,end,28470
at,135.17.t.37.e,0,181,28434
at,135.17.t.37.e,1,180,28436
at,135.17.t.37.e,2,179,28438
at,135.17.t.37.e,3,178,28440
at,135.17.t.37.e,4,177,28442
at,135.17.t.37.e,5,176,28444
at,135.17.t.37.e,6,175,28446
at,135.17.t.37.e,7,174,28448
at,135.17.t,38,182,28449
seq,135.17.e,28450,220,false,28465,end,28470
at,135.17.e,0,220,28450
at,135.17.e,1,219,28452
at,135.17.e,2,218,28454
at,135.17.e,3,217,28456
at,135.17.e,4,216,28458
at,135.17.e,5,215,28460
at,135.17.e,6,214,28462
at,135.17.e,7,213,28464
at,135,18,221,28465
at,135,19,220,28467
at,135,20,219,28469
136,code,28470,28518,28474,28471
136,0,44,28474
136,1,43,28476
136,2,42,28478
136,3,41,28480
136,4,40,28482
136,5,39,28484
136,6,38,28486
136,7,37,28488
136,8,36,28490
136,9,35,28492
136,10,34,28494
136,11,33,28496
136,12,32,28498
136,13,31,28501
136,14,30,28503
136,15,29,28505
136,16,28,28507
136,17,27,28509
136,18,26,28511
136,19,25,28513
136,20,24,28515
136,21,23,28517
seq,136,28474,44,false,28518,end,28518
at,136,0,44,28474
at,136,1,43,28476
at,136,2,42,28478
at,136,3,41,28480
at,136,4,40,28482
at,136,5,39,28484
at,136,6,38,28486
at,136,7,37,28488
at,136,8,36,28490
at,136,9,35,28492
at,136,10,34,28494
at,136,11,33,28496
at,136,12,32,28498
at,136,13,31,28501
at,136,14,30,28503
at,136,15,29,28505
at,136,16,28,28507
at,136,17,27,28509
at,136,18,26,28511
at,136,19,25,28513
at,136,20,24,28515
at,136,21,23,28517
137,code,28518,28529,28522,28519
137,0,7,28522
137,1,6,28524
137,2,5,28526
137,3,4,28528
seq,137,28522,7,false,28529,end,28529
at,137,0,7,28522
at,137,1,6,28524
at,137,2,5,28526
at,137,3,4,28528
138,code,28529,28540,28533,28530
138,0,7,28533
138,1,6,28535
138,2,5,28537
138,3,4,28539
seq,138,28533,7,false,28540,end,28540
at,138,0,7,28533
at,138,1,6,28535
at,138,2,5,28537
at,138,3,4,28539
139,code,28540,28551,28544,28541
139,0,7,28544
139,1,6,28546
139,2,5,28548
139,3,4,28550
seq,139,28544,7,false,28551,end,28551
at,139,0,7,28544
at,139,1,6,28546
at,139,2,5,28548
at,139,3,4,28550
140,code,28551,28562,28555,28552
140,0,7,28555
140,1,6,28557
140,2,5,28559
140,3,4,28561
seq,140,28555,7,false,28562,end,28562
at,140,0,7,28555
at,140,1,6,28557
at,140,2,5,28559
at,140,3,4,28561
141,code,28562,28615,28566,28563
141,0,49,28566
141,1,48,28568
141,2,47,28570
141,3,46,28572
141,4,45,28574
141,5,44,28576
141,6,43,28578
141,7,42,28580
141,8,41,28582
141,9,40,28584
141,10,39,28586
141,11,38,28588
141,12,37,28590
141,13,36,28592
141,14,35,28594
141,15,34,28596
141,16,33,28598
141,17,32,28600
141,18,31,28602
141,19,30,28604
141,20,29,28606
141,21,28,28608
141,22,27,28610
141,23,26,28612
141,24,25,28614
seq,141,28566,49,false,28615,end,28615
at,141,0,49,28566
at,141,1,48,28568
at,141,2,47,28570
at,141,3,46,28572
at,141,4,45,28574
at,141,5,44,28576
at,141,6,43,28578
at,141,7,42,28580
at,141,8,41,28582
at,141,9,40,28584
at,141,10,39,28586
at,141,11,38,28588
at,141,12,37,28590
at,141,13,36,28592
at,141,14,35,28594
at,141,15,34,28596
at,141,16,33,28598
at,141,17,32,28600
at,141,18,31,28602
at,141,19,30,28604
at,141,20,29,28606
at,141,21,28,28608
at,141,22,27,28610
at,141,23,26,28612
at,141,24,25,28614
142,code,28615,29501,28620,28617
142,0,881,28620
142,1,880,28622
142,2,879,28624
142,3,878,28626
142,4,877,28628
142,5,876,28630
142,6,875,28631
142,7,874,28632
142,8,873,28655
142,9,872,28678
142,10,871,28686
142,11,870,28688
142,12,869,28689
142,13,868,28697
142,14,867,28699
142,15,866,28700
142,16,865,28701
142,17,864,29484
142,18,863,29486
142,19,862,29488
142,20,861,29490
142,21,860,29492
142,22,859,29494
142,23,858,29496
142,24,857,29498
142,25,856,29500
seq,142,28620,881,false,29501,end,29501
at,142,0,881,28620
at,142,1,880,28622
at,142,2,879,28624
at,142,3,878,28626
at,142,4,877,28628
at,142,5,876,28630
at,142,6,875,28631
at,142,7,874,28632
seq,142.7.t,28634,872,true,28652,otherwise,29501
at,142.7.t,0,872,28634
at,142.7.t,1,871,28636
at,142.7.t,2,870,28638
at,142.7.t,3,869,28639
seq,142.7.t.3.t,28641,867,true,28644,otherwise,29501
at,142.7.t.3.t,0,867,28641
at,142.7.t.3.t,1,866,28643
seq,142.7.t.3.e,28644,867,false,28647,end,29501
at,142.7.t.3.e,0,867,28644
at,142.7.t.3.e,1,866,28646
at,142.7.t,4,868,28647
at,142.7.t,5,867,28649
at,142.7.t,6,866,28650
at,142.7.t,7,865,28651
seq,142.7.e,28652,872,false,28655,end,29501
at,142.7.e,0,872,28652
at,142.7.e,1,871,28654
at,142,8,873,28655
seq,142.8.t,28657,871,true,28675,otherwise,29501
at,142.8.t,0,871,28657
at,142.8.t,1,870,28659
at,142.8.t,2,869,28661
at,142.8.t,3,868,28662
seq,142.8.t.3.t,28664,866,true,28667,otherwise,29501
at,142.8.t.3.t,0,866,28664
at,142.8.t.3.t,1,865,28666
seq,142.8.t.3.e,28667,866,false,28670,end,29501
at,142.8.t.3.e,0,866,28667
at,142.8.t.3.e,1,865,28669
at,142.8.t,4,867,28670
at,142.8.t,5,866,28672
at,142.8.t,6,865,28673
at,142.8.t,7,864,28674
seq,142.8.e,28675,871,false,28678,end,29501
at,142.8.e,0,871,28675
at,142.8.e,1,870,28677
at,142,9,872,28678
seq,142.9.t,28680,870,true,28683,otherwise,29501
at,142.9.t,0,870,28680
at,142.9.t,1,869,28682
seq,142.9.e,28683,870,false,28686,end,29501
at,142.9.e,0,870,28683
at,142.9.e,1,869,28685
at,142,10,871,28686
at,142,11,870,28688
at,142,12,869,28689
seq,142.12.t,28691,867,true,28694,otherwise,29501
at,142.12.t,0,867,28691
at,142.12.t,1,866,28693
seq,142.12.e,28694,867,false,28697,end,29501
at,142.12.e,0,867,28694
at,142.12.e,1,866,28696
at,142,13,868,28697
at,142,14,867,28699
at,142,15,866,28700
at,142,16,865,28701
seq,142.16.t,28703,863,true,29432,otherwise,29501
at,142.16.t,0,863,28703
at,142.16.t,1,862,28705
at,142.16.t,2,861,28707
at,142.16.t,3,860,28708
seq,142.16.t.3.t,28710,858,true,28713,otherwise,29501
at,142.16.t.3.t,0,858,28710
at,142.16.t.3.t,1,857,28712
seq,142.16.t.3.e,28713,858,false,28716,end,29501
at,142.16.t.3.e,0,858,28713
at,142.16.t.3.e,1,857,28715
at,142.16.t,4,859,28716
at,142.16.t,5,858,28718
at,142.16.t,6,857,28720
at,142.16.t,7,856,28722
at,142.16.t,8,855,28724
at,142.16.t,9,854,28726
at,142.16.t,10,853,28728
at,142.16.t,11,852,28730
at,142.16.t,12,851,28732
at,142.16.t,13,850,28733
seq,142.16.t.13.t,28735,848,true,28738,otherwise,29501
at,142.16.t.13.t,0,848,28735
at,142.16.t.13.t,1,847,28737
seq,142.16.t.13.e,28738,848,false,28741,end,29501
at,142.16.t.13.e,0,848,28738
at,142.16.t.13.e,1,847,28740
at,142.16.t,14,849,28741
at,142.16.t,15,848,28743
at,142.16.t,16,847,28744
at,142.16.t,17,846,28745
seq,142.16.t.17.t,28747,844,true,29379,otherwise,29501
at,142.16.t.17.t,0,844,28747
at,142.16.t.17.t,1,843,28749
at,142.16.t.17.t,2,842,28751
at,142.16.t.17.t,3,841,28753
at,142.16.t.17.t,4,840,28755
at,142.16.t.17.t,5,839,28757
at,142.16.t.17.t,6,838,28759
at,142.16.t.17.t,7,837,28761
at,142.16.t.17.t,8,836,28763
at,142.16.t.17.t,9,835,28765
at,142.16.t.17.t,10,834,28767
at,142.16.t.17.t,11,833,28769
at,142.16.t.17.t,12,832,28771
at,142.16.t.17.t,13,831,28773
at,142.16.t.17.t,14,830,28775
at,142.16.t.17.t,15,829,28777
at,142.16.t.17.t,16,828,28779
at,142.16.t.17.t,17,827,28781
at,142.16.t.17.t,18,826,28783
at,142.16.t.17.t,19,825,28784
seq,142.16.t.17.t.19.t,28786,823,true,28789,otherwise,29501
at,142.16.t.17.t.19.t,0,823,28786
at,142.16.t.17.t.19.t,1,822,28788
seq,142.16.t.17.t.19.e,28789,823,false,28792,end,29501
at,142.16.t.17.t.19.e,0,823,28789
at,142.16.t.17.t.19.e,1,822,28791
at,142.16.t.17.t,20,824,28792
at,142.16.t.17.t,21,823,28794
at,142.16.t.17.t,22,822,28795
at,142.16.t.17.t,23,821,28796
seq,142.16.t.17.t.23.t,28798,819,true,28812,otherwise,29501
at,142.16.t.17.t.23.t,0,819,28798
at,142.16.t.17.t.23.t,1,818,28800
at,142.16.t.17.t.23.t,2,817,28810
at,142.16.t.17.t.23.t,3,816,28811
seq,142.16.t.17.t.23.e,28812,819,false,28815,end,29501
at,142.16.t.17.t.23.e,0,819,28812
at,142.16.t.17.t.23.e,1,818,28814
at,142.16.t.17.t,24,820,28815
seq,142.16.t.17.t.24.t,28817,818,true,28820,otherwise,29501
at,142.16.t.17.t.24.t,0,818,28817
at,142.16.t.17.t.24.t,1,817,28819
seq,142.16.t.17.t.24.e,28820,818,false,28823,end,29501
at,142.16.t.17.t.24.e,0,818,28820
at,142.16.t.17.t.24.e,1,817,28822
at,142.16.t.17.t,25,819,28823
at,142.16.t.17.t,26,818,28825
at,142.16.t.17.t,27,817,28826
seq,142.16.t.17.t.27.t,28828,815,true,28831,otherwise,29501
at,142.16.t.17.t.27.t,0,815,28828
at,142.16.t.17.t.27.t,1,814,28830
seq,142.16.t.17.t.27.e,28831,815,false,28834,end,29501
at,142.16.t.17.t.27.e,0,815,28831
at,142.16.t.17.t.27.e,1,814,28833
at,142.16.t.17.t,28,816,28834
at,142.16.t.17.t,29,815,28836
at,142.16.t.17.t,30,814,28837
at,142.16.t.17.t,31,813,28838
seq,142.16.t.17.t.31.t,28840,811,true,29326,otherwise,29501
at,142.16.t.17.t.31.t,0,811,28840
at,142.16.t.17.t.31.t,1,810,28842
at,142.16.t.17.t.31.t,2,809,28844
at,142.16.t.17.t.31.t,3,808,28846
at,142.16.t.17.t.31.t,4,807,28848
at,142.16.t.17.t.31.t,5,806,28850
at,142.16.t.17.t.31.t,6,805,28852
at,142.16.t.17.t.31.t,7,804,28854
at,142.16.t.17.t.31.t,8,803,28856
at,142.16.t.17.t.31.t,9,802,28858
at,142.16.t.17.t.31.t,10,801,28860
at,142.16.t.17.t.31.t,11,800,28862
at,142.16.t.17.t.31.t,12,799,28864
at,142.16.t.17.t.31.t,13,798,28867
at,142.16.t.17.t.31.t,14,797,28869
at,142.16.t.17.t.31.t,15,796,28871
at,142.16.t.17.t.31.t,16,795,28873
at,142.16.t.17.t.31.t,17,794,28875
at,142.16.t.17.t.31.t,18,793,28877
at,142.16.t.17.t.31.t,19,792,28879
at,142.16.t.17.t.31.t,20,791,28881
at,142.16.t.17.t.31.t,21,790,28883
at,142.16.t.17.t.31.t,22,789,28885
at,142.16.t.17.t.31.t,23,788,28887
at,142.16.t.17.t.31.t,24,787,28889
at,142.16.t.17.t.31.t,25,786,28891
at,142.16.t.17.t.31.t,26,785,28893
at,142.16.t.17.t.31.t,27,784,28895
at,142.16.t.17.t.31.t,28,783,28897
at,142.16.t.17.t.31.t,29,782,28899
at,142.16.t.17.t.31.t,30,781,28901
at,142.16.t.17.t.31.t,31,780,28903
at,142.16.t.17.t.31.t,32,779,28906
at,142.16.t.17.t.31.t,33,778,28908
at,142.16.t.17.t.31.t,34,777,28910
at,142.16.t.17.t.31.t,35,776,28912
at,142.16.t.17.t.31.t,36,775,28914
at,142.16.t.17.t.31.t,37,774,28916
at,142.16.t.17.t.31.t,38,773,28918
at,142.16.t.17.t.31.t,39,772,28920
at,142.16.t.17.t.31.t,40,771,28922
at,142.16.t.17.t.31.t,41,770,28924
at,142.16.t.17.t.31.t,42,769,28926
at,142.16.t.17.t.31.t,43,768,28928
at,142.16.t.17.t.31.t,44,767,28930
at,142.16.t.17.t.31.t,45,766,28932
at,142.16.t.17.t.31.t,46,765,28934
at,142.16.t.17.t.31.t,47,764,28936
at,142.16.t.17.t.31.t,48,763,28938
at,142.16.t.17.t.31.t,49,762,28940
at,142.16.t.17.t.31.t,50,761,28942
at,142.16.t.17.t.31.t,51,760,28945
at,142.16.t.17.t.31.t,52,759,28947
at,142.16.t.17.t.31.t,53,758,28949
at,142.16.t.17.t.31.t,54,757,28951
at,142.16.t.17.t.31.t,55,756,28953
at,142.16.t.17.t.31.t,56,755,28955
at,142.16.t.17.t.31.t,57,754,28957
at,142.16.t.17.t.31.t,58,753,28959
at,142.16.t.17.t.31.t,59,752,28961
at,142.16.t.17.t.31.t,60,751,28963
at,142.16.t.17.t.31.t,61,750,28965
at,142.16.t.17.t.31.t,62,749,28967
at,142.16.t.17.t.31.t,63,748,28969
at,142.16.t.17.t.31.t,64,747,28971
at,142.16.t.17.t.31.t,65,746,28973
at,142.16.t.17.t.31.t,66,745,28975
at,142.16.t.17.t.31.t,67,744,28977
at,142.16.t.17.t.31.t,68,743,28979
at,142.16.t.17.t.31.t,69,742,28981
at,142.16.t.17.t.31.t,70,741,28984
at,142.16.t.17.t.31.t,71,740,28986
at,142.16.t.17.t.31.t,72,739,28988
at,142.16.t.17.t.31.t,73,738,28990
at,142.16.t.17.t.31.t,74,737,28992
at,142.16.t.17.t.31.t,75,736,28994
at,142.16.t.17.t.31.t,76,735,28996
at,142.16.t.17.t.31.t,77,734,28998
at,142.16.t.17.t.31.t,78,733,29000
at,142.16.t.17.t.31.t,79,732,29001
seq,142.16.t.17.t.31.t.79.t,29003,730,true,29006,otherwise,29501
at,142.16.t.17.t.31.t.79.t,0,730,29003
at,142.16.t.17.t.31.t.79.t,1,729,29005
seq,142.16.t.17.t.31.t.79.e,29006,730,false,29009,end,29501
at,142.16.t.17.t.31.t.79.e,0,730,29006
at,142.16.t.17.t.31.t.79.e,1,729,29008
at,142.16.t.17.t.31.t,80,731,29009
at,142.16.t.17.t.31.t,81,730,29011
at,142.16.t.17.t.31.t,82,729,29012
at,142.16.t.17.t.31.t,83,728,29013
seq,142.16.t.17.t.31.t.83.t,29015,726,true,29033,otherwise,29501
at,142.16.t.17.t.31.t.83.t,0,726,29015
at,142.16.t.17.t.31.t.83.t,1,725,29017
at,142.16.t.17.t.31.t.83.t,2,724,29019
at,142.16.t.17.t.31.t.83.t,3,723,29020
seq,142.16.t.17.t.31.t.83.t.3.t,29022,721,true,29025,otherwise,29501
at,142.16.t.17.t.31.t.83.t.3.t,0,721,29022
at,142.16.t.17.t.31.t.83.t.3.t,1,720,29024
seq,142.16.t.17.t.31.t.83.t.3.e,29025,721,false,29028,end,29501
at,142.16.t.17.t.31.t.83.t.3.e,0,721,29025
at,142.16.t.17.t.31.t.83.t.3.e,1,720,29027
at,142.16.t.17.t.31.t.83.t,4,722,29028
at,142.16.t.17.t.31.t.83.t,5,721,29030
at,142.16.t.17.t.31.t.83.t,6,720,29031
at,142.16.t.17.t.31.t.83.t,7,719,29032
seq,142.16.t.17.t.31.t.83.e,29033,726,false,29036,end,29501
at,142.16.t.17.t.31.t.83.e,0,726,29033
at,142.16.t.17.t.31.t.83.e,1,725,29035
at,142.16.t.17.t.31.t,84,727,29036
seq,142.16.t.17.t.31.t.84.t,29038,725,true,29056,otherwise,29501
at,142.16.t.17.t.31.t.84.t,0,725,29038
at,142.16.t.17.t.31.t.84.t,1,724,29040
at,142.16.t.17.t.31.t.84.t,2,723,29042
at,142.16.t.17.t.31.t.84.t,3,722,29043
seq,142.16.t.17.t.31.t.84.t.3.t,29045,720,true,29048,otherwise,29501
at,142.16.t.17.t.31.t.84.t.3.t,0,720,29045
at,142.16.t.17.t.31.t.84.t.3.t,1,719,29047
seq,142.16.t.17.t.31.t.84.t.3.e,29048,720,false,29051,end,29501
at,142.16.t.17.t.31.t.84.t.3.e,0,720,29048
at,142.16.t.17.t.31.t.84.t.3.e,1,719,29050
at,142.16.t.17.t.31.t.84.t,4,721,29051
at,142.16.t.17.t.31.t.84.t,5,720,29053
at,142.16.t.17.t.31.t.84.t,6,719,29054
at,142.16.t.17.t.31.t.84.t,7,718,29055
seq,142.16.t.17.t.31.t.84.e,29056,725,false,29059,end,29501
at,142.16.t.17.t.31.t.84.e,0,725,29056
at,142.16.t.17.t.31.t.84.e,1,724,29058
at,142.16.t.17.t.31.t,85,726,29059
seq,142.16.t.17.t.31.t.85.t,29061,724,true,29079,otherwise,29501
at,142.16.t.17.t.31.t.85.t,0,724,29061
at,142.16.t.17.t.31.t.85.t,1,723,29063
at,142.16.t.17.t.31.t.85.t,2,722,29065
at,142.16.t.17.t.31.t.85.t,3,721,29066
seq,142.16.t.17.t.31.t.85.t.3.t,29068,719,true,29071,otherwise,29501
at,142.16.t.17.t.31.t.85.t.3.t,0,719,29068
at,142.16.t.17.t.31.t.85.t.3.t,1,718,29070
seq,142.16.t.17.t.31.t.85.t.3.e,29071,719,false,29074,end,29501
at,142.16.t.17.t.31.t.85.t.3.e,0,719,29071
at,142.16.t.17.t.31.t.85.t.3.e,1,718,29073
at,142.16.t.17.t.31.t.85.t,4,720,29074
at,142.16.t.17.t.31.t.85.t,5,719,29076
at,142.16.t.17.t.31.t.85.t,6,718,29077
at,142.16.t.17.t.31.t.85.t,7,717,29078
seq,142.16.t.17.t.31.t.85.e,29079,724,false,29082,end,29501
at,142.16.t.17.t.31.t.85.e,0,724,29079
at,142.16.t.17.t.31.t.85.e,1,723,29081
at,142.16.t.17.t.31.t,86,725,29082
seq,142.16.t.17.t.31.t.86.t,29084,723,true,29087,otherwise,29501
at,142.16.t.17.t.31.t.86.t,0,723,29084
at,142.16.t.17.t.31.t.86.t,1,722,29086
seq,142.16.t.17.t.31.t.86.e,29087,723,false,29090,end,29501
at,142.16.t.17.t.31.t.86.e,0,723,29087
at,142.16.t.17.t.31.t.86.e,1,722,29089
at,142.16.t.17.t.31.t,87,724,29090
at,142.16.t.17.t.31.t,88,723,29092
at,142.16.t.17.t.31.t,89,722,29093
seq,142.16.t.17.t.31.t.89.t,29095,720,true,29098,otherwise,29501
at,142.16.t.17.t.31.t.89.t,0,720,29095
at,142.16.t.17.t.31.t.89.t,1,719,29097
seq,142.16.t.17.t.31.t.89.e,29098,720,false,29101,end,29501
at,142.16.t.17.t.31.t.89.e,0,720,29098
at,142.16.t.17.t.31.t.89.e,1,719,29100
at,142.16.t.17.t.31.t,90,721,29101
at,142.16.t.17.t.31.t,91,720,29103
at,142.16.t.17.t.31.t,92,719,29104
at,142.16.t.17.t.31.t,93,718,29105
seq,142.16.t.17.t.31.t.93.t,29107,716,true,29273,otherwise,29501
at,142.16.t.17.t.31.t.93.t,0,716,29107
at,142.16.t.17.t.31.t.93.t,1,715,29109
at,142.16.t.17.t.31.t.93.t,2,714,29111
at,142.16.t.17.t.31.t.93.t,3,713,29113
at,142.16.t.17.t.31.t.93.t,4,712,29115
at,142.16.t.17.t.31.t.93.t,5,711,29117
at,142.16.t.17.t.31.t.93.t,6,710,29119
at,142.16.t.17.t.31.t.93.t,7,709,29121
at,142.16.t.17.t.31.t.93.t,8,708,29123
at,142.16.t.17.t.31.t.93.t,9,707,29125
at,142.16.t.17.t.31.t.93.t,10,706,29127
at,142.16.t.17.t.31.t.93.t,11,705,29129
at,142.16.t.17.t.31.t.93.t,12,704,29131
at,142.16.t.17.t.31.t.93.t,13,703,29133
at,142.16.t.17.t.31.t.93.t,14,702,29135
at,142.16.t.17.t.31.t.93.t,15,701,29137
at,142.16.t.17.t.31.t.93.t,16,700,29139
at,142.16.t.17.t.31.t.93.t,17,699,29141
at,142.16.t.17.t.31.t.93.t,18,698,29143
at,142.16.t.17.t.31.t.93.t,19,697,29145
at,142.16.t.17.t.31.t.93.t,20,696,29147
at,142.16.t.17.t.31.t.93.t,21,695,29149
at,142.16.t.17.t.31.t.93.t,22,694,29151
at,142.16.t.17.t.31.t.93.t,23,693,29153
at,142.16.t.17.t.31.t.93.t,24,692,29155
at,142.16.t.17.t.31.t.93.t,25,691,29157
at,142.16.t.17.t.31.t.93.t,26,690,29159
at,142.16.t.17.t.31.t.93.t,27,689,29161
at,142.16.t.17.t.31.t.93.t,28,688,29162
seq,142.16.t.17.t.31.t.93.t.28.t,29164,686,true,29167,otherwise,29501
at,142.16.t.17.t.31.t.93.t.28.t,0,686,29164
at,142.16.t.17.t.31.t.93.t.28.t,1,685,29166
seq,142.16.t.17.t.31.t.93.t.28.e,29167,686,false,29170,end,29501
at,142.16.t.17.t.31.t.93.t.28.e,0,686,29167
at,142.16.t.17.t.31.t.93.t.28.e,1,685,29169
at,142.16.t.17.t.31.t.93.t,29,687,29170
at,142.16.t.17.t.31.t.93.t,30,686,29172
at,142.16.t.17.t.31.t.93.t,31,685,29173
seq,142.16.t.17.t.31.t.93.t.31.t,29175,683,true,29178,otherwise,29501
at,142.16.t.17.t.31.t.93.t.31.t,0,683,29175
at,142.16.t.17.t.31.t.93.t.31.t,1,682,29177
seq,142.16.t.17.t.31.t.93.t.31.e,29178,683,false,29181,end,29501
at,142.16.t.17.t.31.t.93.t.31.e,0,683,29178
at,142.16.t.17.t.31.t.93.t.31.e,1,682,29180
at,142.16.t.17.t.31.t.93.t,32,684,29181
at,142.16.t.17.t.31.t.93.t,33,683,29183
at,142.16.t.17.t.31.t.93.t,34,682,29184
at,142.16.t.17.t.31.t.93.t,35,681,29185
seq,142.16.t.17.t.31.t.93.t.35.t,29187,679,true,29220,otherwise,29501
at,142.16.t.17.t.31.t.93.t.35.t,0,679,29187
at,142.16.t.17.t.31.t.93.t.35.t,1,678,29189
at,142.16.t.17.t.31.t.93.t.35.t,2,677,29191
at,142.16.t.17.t.31.t.93.t.35.t,3,676,29193
at,142.16.t.17.t.31.t.93.t.35.t,4,675,29195
at,142.16.t.17.t.31.t.93.t.35.t,5,674,29197
at,142.16.t.17.t.31.t.93.t.35.t,6,673,29199
at,142.16.t.17.t.31.t.93.t.35.t,7,672,29201
at,142.16.t.17.t.31.t.93.t.35.t,8,671,29203
at,142.16.t.17.t.31.t.93.t.35.t,9,670,29205
at,142.16.t.17.t.31.t.93.t.35.t,10,669,29207
at,142.16.t.17.t.31.t.93.t.35.t,11,668,29209
at,142.16.t.17.t.31.t.93.t.35.t,12,667,29211
at,142.16.t.17.t.31.t.93.t.35.t,13,666,29213
at,142.16.t.17.t.31.t.93.t.35.t,14,665,29215
at,142.16.t.17.t.31.t.93.t.35.t,15,664,29217
at,142.16.t.17.t.31.t.93.t.35.t,16,663,29219
seq,142.16.t.17.t.31.t.93.t.35.e,29220,679,false,29272,end,29501
at,142.16.t.17.t.31.t.93.t.35.e,0,679,29220
at,142.16.t.17.t.31.t.93.t.35.e,1,678,29223
at,142.16.t.17.t.31.t.93.t.35.e,2,677,29225
at,142.16.t.17.t.31.t.93.t.35.e,3,676,29227
at,142.16.t.17.t.31.t.93.t.35.e,4,675,29229
at,142.16.t.17.t.31.t.93.t.35.e,5,674,29231
at,142.16.t.17.t.31.t.93.t.35.e,6,673,29233
at,142.16.t.17.t.31.t.93.t.35.e,7,672,29235
at,142.16.t.17.t.31.t.93.t.35.e,8,671,29237
at,142.16.t.17.t.31.t.93.t.35.e,9,670,29239
at,142.16.t.17.t.31.t.93.t.35.e,10,669,29241
at,142.16.t.17.t.31.t.93.t.35.e,11,668,29243
at,142.16.t.17.t.31.t.93.t.35.e,12,667,29245
at,142.16.t.17.t.31.t.93.t.35.e,13,666,29247
at,142.16.t.17.t.31.t.93.t.35.e,14,665,29249
at,142.16.t.17.t.31.t.93.t.35.e,15,664,29251
at,142.16.t.17.t.31.t.93.t.35.e,16,663,29253
at,142.16.t.17.t.31.t.93.t.35.e,17,662,29255
at,142.16.t.17.t.31.t.93.t.35.e,18,661,29257
at,142.16.t.17.t.31.t.93.t.35.e,19,660,29259
at,142.16.t.17.t.31.t.93.t.35.e,20,659,29261
at,142.16.t.17.t.31.t.93.t.35.e,21,658,29263
at,142.16.t.17.t.31.t.93.t.35.e,22,657,29265
at,142.16.t.17.t.31.t.93.t.35.e,23,656,29267
at,142.16.t.17.t.31.t.93.t.35.e,24,655,29269
at,142.16.t.17.t.31.t.93.t.35.e,25,654,29271
at,142.16.t.17.t.31.t.93.t,36,680,29272
seq,142.16.t.17.t.31.t.93.e,29273,716,false,29325,end,29501
at,142.16.t.17.t.31.t.93.e,0,716,29273
at,142.16.t.17.t.31.t.93.e,1,715,29276
at,142.16.t.17.t.31.t.93.e,2,714,29278
at,142.16.t.17.t.31.t.93.e,3,713,29280
at,142.16.t.17.t.31.t.93.e,4,712,29282
at,142.16.t.17.t.31.t.93.e,5,711,29284
at,142.16.t.17.t.31.t.93.e,6,710,29286
at,142.16.t.17.t.31.t.93.e,7,709,29288
at,142.16.t.17.t.31.t.93.e,8,708,29290
at,142.16.t.17.t.31.t.93.e,9,707,29292
at,142.16.t.17.t.31.t.93.e,10,706,29294
at,142.16.t.17.t.31.t.93.e,11,705,29296
at,142.16.t.17.t.31.t.93.e,12,704,29298
at,142.16.t.17.t.31.t.93.e,13,703,29300
at,142.16.t.17.t.31.t.93.e,14,702,29302
at,142.16.t.17.t.31.t.93.e,15,701,29304
at,142.16.t.17.t.31.t.93.e,16,700,29306
at,142.16.t.17.t.31.t.93.e,17,699,29308
at,142.16.t.17.t.31.t.93.e,18,698,29310
at,142.16.t.17.t.31.t.93.e,19,697,29312
at,142.16.t.17.t.31.t.93.e,20,696,29314
at,142.16.t.17.t.31.t.93.e,21,695,29316
at,142.16.t.17.t.31.t.93.e,22,694,29318
at,142.16.t.17.t.31.t.93.e,23,693,29320
at,142.16.t.17.t.31.t.93.e,24,692,29322
at,142.16.t.17.t.31.t.93.e,25,691,29324
at,142.16.t.17.t.31.t,94,717,29325
seq,142.16.t.17.t.31.e,29326,811,false,29378,end,29501
at,142.16.t.17.t.31.e,0,811,29326
at,142.16.t.17.t.31.e,1,810,29329
at,142.16.t.17.t.31.e,2,809,29331
at,142.16.t.17.t.31.e,3,808,29333
at,142.16.t.17.t.31.e,4,807,29335
at,142.16.t.17.t.31.e,5,806,29337
at,142.16.t.17.t.31.e,6,805,29339
at,142.16.t.17.t.31.e,7,804,29341
at,142.16.t.17.t.31.e,8,803,29343
at,142.16.t.17.t.31.e,9,802,29345
at,142.16.t.17.t.31.e,10,801,29347
at,142.16.t.17.t.31.e,11,800,29349
at,142.16.t.17.t.31.e,12,799,29351
at,142.16.t.17.t.31.e,13,798,29353
at,142.16.t.17.t.31.e,14,797,29355
at,142.16.t.17.t.31.e,15,796,29357
at,142.16.t.17.t.31.e,16,795,29359
at,142.16.t.17.t.31.e,17,794,29361
at,142.16.t.17.t.31.e,18,793,29363
at,142.16.t.17.t.31.e,19,792,29365
at,142.16.t.17.t.31.e,20,791,29367
at,142.16.t.17.t.31.e,21,790,29369
at,142.16.t.17.t.31.e,22,789,29371
at,142.16.t.17.t.31.e,23,788,29373
at,142.16.t.17.t.31.e,24,787,29375
at,142.16.t.17.t.31.e,25,786,29377
at,142.16.t.17.t,32,812,29378
seq,142.16.t.17.e,29379,844,false,29431,end,29501
at,142.16.t.17.e,0,844,29379
at,142.16.t.17.e,1,843,29382
at,142.16.t.17.e,2,842,29384
at,142.16.t.17.e,3,841,29386
at,142.16.t.17.e,4,840,29388
at,142.16.t.17.e,5,839,29390
at,142.16.t.17.e,6,838,29392
at,142.16.t.17.e,7,837,29394
at,142.16.t.17.e,8,836,29396
at,142.16.t.17.e,9,835,29398
at,142.16.t.17.e,10,834,29400
at,142.16.t.17.e,11,833,29402
at,142.16.t.17.e,12,832,29404
at,142.16.t.17.e,13,831,29406
at,142.16.t.17.e,14,830,29408
at,142.16.t.17.e,15,829,29410
at,142.16.t.17.e,16,828,29412
at,142.16.t.17.e,17,827,29414
at,142.16.t.17.e,18,826,29416
at,142.16.t.17.e,19,825,29418
at,142.16.t.17.e,20,824,29420
at,142.16.t.17.e,21,823,29422
at,142.16.t.17.e,22,822,29424
at,142.16.t.17.e,23,821,29426
at,142.16.t.17.e,24,820,29428
at,142.16.t.17.e,25,819,29430
at,142.16.t,18,845,29431
seq,142.16.e,29432,863,false,29484,end,29501
at,142.16.e,0,863,29432
at,142.16.e,1,862,29435
at,142.16.e,2,861,29437
at,142.16.e,3,860,29439
at,142.16.e,4,859,29441
at,142.16.e,5,858,29443
at,142.16.e,6,857,29445
at,142.16.e,7,856,29447
at,142.16.e,8,855,29449
at,142.16.e,9,854,29451
at,142.16.e,10,853,29453
at,142.16.e,11,852,29455
at,142.16.e,12,851,29457
at,142.16.e,13,850,29459
at,142.16.e,14,849,29461
at,142.16.e,15,848,29463
at,142.16.e,16,847,29465
at,142.16.e,17,846,29467
at,142.16.e,18,845,29469
at,142.16.e,19,844,29471
at,142.16.e,20,843,29473
at,142.16.e,21,842,29475
at,142.16.e,22,841,29477
at,142.16.e,23,840,29479
at,142.16.e,24,839,29481
at,142.16.e,25,838,29483
at,142,17,864,29484
at,142,18,863,29486
at,142,19,862,29488
at,142,20,861,29490
at,142,21,860,29492
at,142,22,859,29494
at,142,23,858,29496
at,142,24,857,29498
at,142,25,856,29500
143,code,29501,29850,29506,29503
143,0,344,29506
143,1,343,29508
143,2,342,29510
143,3,341,29512
143,4,340,29514
143,5,339,29516
143,6,338,29518
143,7,337,29520
143,8,336,29522
143,9,335,29524
143,10,334,29526
143,11,333,29528
143,12,332,29530
143,13,331,29532
143,14,330,29534
143,15,329,29536
143,16,328,29538
143,17,327,29540
143,18,326,29542
143,19,325,29544
143,20,324,29546
143,21,323,29548
143,22,322,29550
143,23,321,29552
143,24,320,29554
143,25,319,29557
143,26,318,29559
143,27,317,29561
143,28,316,29563
143,29,315,29565
143,30,314,29567
143,31,313,29569
143,32,312,29571
143,33,311,29573
143,34,310,29575
143,35,309,29577
143,36,308,29579
143,37,307,29581
143,38,306,29583
143,39,305,29585
143,40,304,29587
143,41,303,29589
143,42,302,29591
143,43,301,29593
143,44,300,29595
143,45,299,29597
143,46,298,29599
143,47,297,29601
143,48,296,29603
143,49,295,29605
143,50,294,29607
143,51,293,29609
143,52,292,29611
143,53,291,29613
143,54,290,29615
143,55,289,29617
143,56,288,29619
143,57,287,29621
143,58,286,29623
143,59,285,29625
143,60,284,29627
143,61,283,29629
143,62,282,29631
143,63,281,29633
143,64,280,29635
143,65,279,29637
143,66,278,29639
143,67,277,29641
143,68,276,29644
143,69,275,29646
143,70,274,29648
143,71,273,29650
143,72,272,29652
143,73,271,29654
143,74,270,29656
143,75,269,29658
143,76,268,29660
143,77,267,29662
143,78,266,29664
143,79,265,29666
143,80,264,29668
143,81,263,29670
143,82,262,29672
143,83,261,29674
143,84,260,29676
143,85,259,29678
143,86,258,29680
143,87,257,29682
143,88,256,29684
143,89,255,29686
143,90,254,29688
143,91,253,29690
143,92,252,29692
143,93,251,29694
143,94,250,29696
143,95,249,29698
143,96,248,29700
143,97,247,29702
143,98,246,29704
143,99,245,29706
143,100,244,29708
143,101,243,29710
143,102,242,29712
143,103,241,29714
143,104,240,29716
143,105,239,29718
143,106,238,29720
143,107,237,29722
143,108,236,29724
143,109,235,29726
143,110,234,29728
143,111,233,29730
143,112,232,29732
143,113,231,29734
143,114,230,29736
143,115,229,29738
143,116,228,29740
143,117,227,29742
143,118,226,29744
143,119,225,29746
143,120,224,29748
143,121,223,29750
143,122,222,29752
143,123,221,29754
143,124,220,29756
143,125,219,29758
143,126,218,29760
143,127,217,29762
143,128,216,29764
143,129,215,29766
143,130,214,29768
143,131,213,29770
143,132,212,29772
143,133,211,29774
143,134,210,29776
143,135,209,29778
143,136,208,29780
143,137,207,29782
143,138,206,29785
143,139,205,29787
143,140,204,29789
143,141,203,29791
143,142,202,29793
143,143,201,29795
143,144,200,29797
143,145,199,29799
143,146,198,29801
143,147,197,29803
143,148,196,29805
143,149,195,29807
143,150,194,29809
143,151,193,29811
143,152,192,29813
143,153,191,29815
143,154,190,29817
143,155,189,29819
143,156,188,29821
143,157,187,29823
143,158,186,29825
143,159,185,29827
143,160,184,29829
143,161,183,29831
143,162,182,29833
143,163,181,29835
143,164,180,29837
143,165,179,29839
143,166,178,29841
143,167,177,29843
143,168,176,29845
143,169,175,29847
143,170,174,29849
seq,143,29506,344,false,29850,end,29850
at,143,0,344,29506
at,143,1,343,29508
at,143,2,342,29510
at,143,3,341,29512
at,143,4,340,29514
at,143,5,339,29516
at,143,6,338,29518
at,143,7,337,29520
at,143,8,336,29522
at,143,9,335,29524
at,143,10,334,29526
at,143,11,333,29528
at,143,12,332,29530
at,143,13,331,29532
at,143,14,330,29534
at,143,15,329,29536
at,143,16,328,29538
at,143,17,327,29540
at,143,18,326,29542
at,143,19,325,29544
at,143,20,324,29546
at,143,21,323,29548
at,143,22,322,29550
at,143,23,321,29552
at,143,24,320,29554
at,143,25,319,29557
at,143,26,318,29559
at,143,27,317,29561
at,143,28,316,29563
at,143,29,315,29565
at,143,30,314,29567
at,143,31,313,29569
at,143,32,312,29571
at,143,33,311,29573
at,143,34,310,29575
at,143,35,309,29577
at,143,36,308,29579
at,143,37,307,29581
at,143,38,306,29583
at,143,39,305,29585
at,143,40,304,29587
at,143,41,303,29589
at,143,42,302,29591
at,143,43,301,29593
at,143,44,300,29595
at,143,45,299,29597
at,143,46,298,29599
at,143,47,297,29601
at,143,48,296,29603
at,143,49,295,29605
at,143,50,294,29607
at,143,51,293,29609
at,143,52,292,29611
at,143,53,291,29613
at,143,54,290,29615
at,143,55,289,29617
at,143,56,288,29619
at,143,57,287,29621
at,143,58,286,29623
at,143,59,285,29625
at,143,60,284,29627
at,143,61,283,29629
at,143,62,282,29631
at,143,63,281,29633
at,143,64,280,29635
at,143,65,279,29637
at,143,66,278,29639
at,143,67,277,29641
at,143,68,276,29644
at,143,69,275,29646
at,143,70,274,29648
at,143,71,273,29650
at,143,72,272,29652
at,143,73,271,29654
at,143,74,270,29656
at,143,75,269,29658
at,143,76,268,29660
at,143,77,267,29662
at,143,78,266,29664
at,143,79,265,29666
at,143,80,264,29668
at,143,81,263,29670
at,143,82,262,29672
at,143,83,261,29674
at,143,84,260,29676
at,143,85,259,29678
at,143,86,258,29680
at,143,87,257,29682
at,143,88,256,29684
at,143,89,255,29686
at,143,90,254,29688
at,143,91,253,29690
at,143,92,252,29692
at,143,93,251,29694
at,143,94,250,29696
at,143,95,249,29698
at,143,96,248,29700
at,143,97,247,29702
at,143,98,246,29704
at,143,99,245,29706
at,143,100,244,29708
at,143,101,243,29710
at,143,102,242,29712
at,143,103,241,29714
at,143,104,240,29716
at,143,105,239,29718
at,143,106,238,29720
at,143,107,237,29722
at,143,108,236,29724
at,143,109,235,29726
at,143,110,234,29728
at,143,111,233,29730
at,143,112,232,29732
at,143,113,231,29734
at,143,114,230,29736
at,143,115,229,29738
at,143,116,228,29740
at,143,117,227,29742
at,143,118,226,29744
at,143,119,225,29746
at,143,120,224,29748
at,143,121,223,29750
at,143,122,222,29752
at,143,123,221,29754
at,143,124,220,29756
at,143,125,219,29758
at,143,126,218,29760
at,143,127,217,29762
at,143,128,216,29764
at,143,129,215,29766
at,143,130,214,29768
at,143,131,213,29770
at,143,132,212,29772
at,143,133,211,29774
at,143,134,210,29776
at,143,135,209,29778
at,143,136,208,29780
at,143,137,207,29782
at,143,138,206,29785
at,143,139,205,29787
at,143,140,204,29789
at,143,141,203,29791
at,143,142,202,29793
at,143,143,201,29795
at,143,144,200,29797
at,143,145,199,29799
at,143,146,198,29801
at,143,147,197,29803
at,143,148,196,29805
at,143,149,195,29807
at,143,150,194,29809
at,143,151,193,29811
at,143,152,192,29813
at,143,153,191,29815
at,143,154,190,29817
at,143,155,189,29819
at,143,156,188,29821
at,143,157,187,29823
at,143,158,186,29825
at,143,159,185,29827
at,143,160,184,29829
at,143,161,183,29831
at,143,162,182,29833
at,143,163,181,29835
at,143,164,180,29837
at,143,165,179,29839
at,143,166,178,29841
at,143,167,177,29843
at,143,168,176,29845
at,143,169,175,29847
at,143,170,174,29849
144,code,29850,29879,29854,29851
144,0,25,29854
144,1,24,29856
144,2,23,29858
144,3,22,29860
144,4,21,29862
144,5,20,29864
144,6,19,29866
144,7,18,29868
144,8,17,29870
144,9,16,29872
144,10,15,29874
144,11,14,29876
144,12,13,29878
seq,144,29854,25,false,29879,end,29879
at,144,0,25,29854
at,144,1,24,29856
at,144,2,23,29858
at,144,3,22,29860
at,144,4,21,29862
at,144,5,20,29864
at,144,6,19,29866
at,144,7,18,29868
at,144,8,17,29870
at,144,9,16,29872
at,144,10,15,29874
at,144,11,14,29876
at,144,12,13,29878
145,code,29879,29908,29883,29880
145,0,25,29883
145,1,24,29885
145,2,23,29887
145,3,22,29889
145,4,21,29891
145,5,20,29893
145,6,19,29895
145,7,18,29897
145,8,17,29899
145,9,16,29901
145,10,15,29903
145,11,14,29905
145,12,13,29907
seq,145,29883,25,false,29908,end,29908
at,145,0,25,29883
at,145,1,24,29885
at,145,2,23,29887
at,145,3,22,29889
at,145,4,21,29891
at,145,5,20,29893
at,145,6,19,29895
at,145,7,18,29897
at,145,8,17,29899
at,145,9,16,29901
at,145,10,15,29903
at,145,11,14,29905
at,145,12,13,29907
146,code,29908,30709,29914,29910
146,0,795,29914
146,1,794,29916
146,2,793,29918
146,3,792,29920
146,4,791,29922
146,5,790,29924
146,6,789,29926
146,7,788,29928
146,8,787,29930
146,9,786,29932
146,10,785,29934
146,11,784,29936
146,12,783,29938
146,13,782,29940
146,14,781,29942
146,15,780,29944
146,16,779,29946
146,17,778,29948
146,18,777,29950
146,19,776,29952
146,20,775,29954
146,21,774,29956
146,22,773,29958
146,23,772,29960
146,24,771,29962
146,25,770,29964
146,26,769,29966
146,27,768,29968
146,28,767,29970
146,29,766,29972
146,30,765,29974
146,31,764,29976
146,32,763,29978
146,33,762,29980
146,34,761,29982
146,35,760,29984
146,36,759,29986
146,37,758,29988
146,38,757,29990
146,39,756,29992
146,40,755,29994
146,41,754,29996
146,42,753,29998
146,43,752,30000
146,44,751,30002
146,45,750,30004
146,46,749,30006
146,47,748,30008
146,48,747,30010
146,49,746,30012
146,50,745,30014
146,51,744,30016
146,52,743,30018
146,53,742,30020
146,54,741,30022
146,55,740,30024
146,56,739,30026
146,57,738,30028
146,58,737,30030
146,59,736,30032
146,60,735,30034
146,61,734,30036
146,62,733,30038
146,63,732,30040
146,64,731,30042
146,65,730,30044
146,66,729,30046
146,67,728,30048
146,68,727,30050
146,69,726,30052
146,70,725,30054
146,71,724,30056
146,72,723,30058
146,73,722,30060
146,74,721,30062
146,75,720,30064
146,76,719,30066
146,77,718,30068
146,78,717,30070
146,79,716,30072
146,80,715,30074
146,81,714,30076
146,82,713,30078
146,83,712,30080
146,84,711,30082
146,85,710,30084
146,86,709,30086
146,87,708,30088
146,88,707,30090
146,89,706,30092
146,90,705,30094
146,91,704,30096
146,92,703,30098
146,93,702,30100
146,94,701,30102
146,95,700,30104
146,96,699,30106
146,97,698,30108
146,98,697,30110
146,99,696,30112
146,100,695,30114
146,101,694,30116
146,102,693,30118
146,103,692,30120
146,104,691,30122
146,105,690,30124
146,106,689,30126
146,107,688,30128
146,108,687,30130
146,109,686,30132
146,110,685,30134
146,111,684,30136
146,112,683,30138
146,113,682,30140
146,114,681,30142
146,115,680,30144
146,116,679,30146
146,117,678,30148
146,118,677,30150
146,119,676,30152
146,120,675,30154
146,121,674,30156
146,122,673,30158
146,123,672,30160
146,124,671,30162
146,125,670,30164
146,126,669,30166
146,127,668,30168
146,128,667,30170
146,129,666,30172
146,130,665,30174
146,131,664,30176
146,132,663,30178
146,133,662,30180
146,134,661,30182
146,135,660,30184
146,136,659,30186
146,137,658,30188
146,138,657,30190
146,139,656,30192
146,140,655,30194
146,141,654,30196
146,142,653,30198
146,143,652,30200
146,144,651,30202
146,145,650,30204
146,146,649,30206
146,147,648,30208
146,148,647,30210
146,149,646,30212
146,150,645,30214
146,151,644,30216
146,152,643,30218
146,153,642,30220
146,154,641,30222
146,155,640,30224
146,156,639,30226
146,157,638,30228
146,158,637,30230
146,159,636,30232
146,160,635,30234
146,161,634,30236
146,162,633,30238
146,163,632,30240
146,164,631,30242
146,165,630,30244
146,166,629,30246
146,167,628,30248
146,168,627,30250
146,169,626,30252
146,170,625,30254
146,171,624,30256
146,172,623,30258
146,173,622,30260
146,174,621,30262
146,175,620,30264
146,176,619,30266
146,177,618,30268
146,178,617,30270
146,179,616,30272
146,180,615,30274
146,181,614,30276
146,182,613,30278
146,183,612,30280
146,184,611,30282
146,185,610,30284
146,186,609,30286
146,187,608,30288
146,188,607,30290
146,189,606,30292
146,190,605,30294
146,191,604,30295
146,192,603,30303
146,193,602,30305
146,194,601,30306
146,195,600,30307
146,196,599,30330
146,197,598,30353
146,198,597,30361
146,199,596,30363
146,200,595,30364
146,201,594,30372
146,202,593,30374
146,203,592,30375
146,204,591,30376
146,205,590,30684
146,206,589,30687
146,207,588,30690
146,208,587,30693
146,209,586,30696
146,210,585,30699
146,211,584,30702
146,212,583,30705
146,213,582,30708
seq,146,29914,795,false,30709,end,30709
at,146,0,795,29914
at,146,1,794,29916
at,146,2,793,29918
at,146,3,792,29920
at,146,4,791,29922
at,146,5,790,29924
at,146,6,789,29926
at,146,7,788,29928
at,146,8,787,29930
at,146,9,786,29932
at,146,10,785,29934
at,146,11,784,29936
at,146,12,783,29938
at,146,13,782,29940
at,146,14,781,29942
at,146,15,780,29944
at,146,16,779,29946
at,146,17,778,29948
at,146,18,777,29950
at,146,19,776,29952
at,146,20,775,29954
at,146,21,774,29956
at,146,22,773,29958
at,146,23,772,29960
at,146,24,771,29962
at,146,25,770,29964
at,146,26,769,29966
at,146,27,768,29968
at,146,28,767,29970
at,146,29,766,29972
at,146,30,765,29974
at,146,31,764,29976
at,146,32,763,29978
at,146,33,762,29980
at,146,34,761,29982
at,146,35,760,29984
at,146,36,759,29986
at,146,37,758,29988
at,146,38,757,29990
at,146,39,756,29992
at,146,40,755,29994
at,146,41,754,29996
at,146,42,753,29998
at,146,43,752,30000
at,146,44,751,30002
at,146,45,750,30004
at,146,46,749,30006
at,146,47,748,30008
at,146,48,747,30010
at,146,49,746,30012
at,146,50,745,30014
at,146,51,744,30016
at,146,52,743,30018
at,146,53,742,30020
at,146,54,741,30022
at,146,55,740,30024
at,146,56,739,30026
at,146,57,738,30028
at,146,58,737,30030
at,146,59,736,30032
at,146,60,735,30034
at,146,61,734,30036
at,146,62,733,30038
at,146,63,732,30040
at,146,64,731,30042
at,146,65,730,30044
at,146,66,729,30046
at,146,67,728,30048
at,146,68,727,30050
at,146,69,726,30052
at,146,70,725,30054
at,146,71,724,30056
at,146,72,723,30058
at,146,73,722,30060
at,146,74,721,30062
at,146,75,720,30064
at,146,76,719,30066
at,146,77,718,30068
at,146,78,717,30070
at,146,79,716,30072
at,146,80,715,30074
at,146,81,714,30076
at,146,82,713,30078
at,146,83,712,30080
at,146,84,711,30082
at,146,85,710,30084
at,146,86,709,30086
at,146,87,708,30088
at,146,88,707,30090
at,146,89,706,30092
at,146,90,705,30094
at,146,91,704,30096
at,146,92,703,30098
at,146,93,702,30100
at,146,94,701,30102
at,146,95,700,30104
at,146,96,699,30106
at,146,97,698,30108
at,146,98,697,30110
at,146,99,696,30112
at,146,100,695,30114
at,146,101,694,30116
at,146,102,693,30118
at,146,103,692,30120
at,146,104,691,30122
at,146,105,690,30124
at,146,106,689,30126
at,146,107,688,30128
at,146,108,687,30130
at,146,109,686,30132
at,146,110,685,30134
at,146,111,684,30136
at,146,112,683,30138
at,146,113,682,30140
at,146,114,681,30142
at,146,115,680,30144
at,146,116,679,30146
at,146,117,678,30148
at,146,118,677,30150
at,146,119,676,30152
at,146,120,675,30154
at,146,121,674,30156
at,146,122,673,30158
at,146,123,672,30160
at,146,124,671,30162
at,146,125,670,30164
at,146,126,669,30166
at,146,127,668,30168
at,146,128,667,30170
at,146,129,666,30172
at,146,130,665,30174
at,146,131,664,30176
at,146,132,663,30178
at,146,133,662,30180
at,146,134,661,30182
at,146,135,660,30184
at,146,136,659,30186
at,146,137,658,30188
at,146,138,657,30190
at,146,139,656,30192
at,146,140,655,30194
at,146,141,654,30196
at,146,142,653,30198
at,146,143,652,30200
at,146,144,651,30202
at,146,145,650,30204
at,146,146,649,30206
at,146,147,648,30208
at,146,148,647,30210
at,146,149,646,30212
at,146,150,645,30214
at,146,151,644,30216
at,146,152,643,30218
at,146,153,642,30220
at,146,154,641,30222
at,146,155,640,30224
at,146,156,639,30226
at,146,157,638,30228
at,146,158,637,30230
at,146,159,636,30232
at,146,160,635,30234
at,146,161,634,30236
at,146,162,633,30238
at,146,163,632,30240
at,146,164,631,30242
at,146,165,630,30244
at,146,166,629,30246
at,146,167,628,30248
at,146,168,627,30250
at,146,169,626,30252
at,146,170,625,30254
at,146,171,624,30256
at,146,172,623,30258
at,146,173,622,30260
at,146,174,621,30262
at,146,175,620,30264
at,146,176,619,30266
at,146,177,618,30268
at,146,178,617,30270
at,146,179,616,30272
at,146,180,615,30274
at,146,181,614,30276
at,146,182,613,30278
at,146,183,612,30280
at,146,184,611,30282
at,146,185,610,30284
at,146,186,609,30286
at,146,187,608,30288
at,146,188,607,30290
at,146,189,606,30292
at,146,190,605,30294
at,146,191,604,30295
seq,146.191.t,30297,602,true,30300,otherwise,30709
at,146.191.t,0,602,30297
at,146.191.t,1,601,30299
seq,146.191.e,30300,602,false,30303,end,30709
at,146.191.e,0,602,30300
at,146.191.e,1,601,30302
at,146,192,603,30303
at,146,193,602,30305
at,146,194,601,30306
at,146,195,600,30307
seq,146.195.t,30309,598,true,30327,otherwise,30709
at,146.195.t,0,598,30309
at,146.195.t,1,597,30311
at,146.195.t,2,596,30313
at,146.195.t,3,595,30314
seq,146.195.t.3.t,30316,593,true,30319,otherwise,30709
at,146.195.t.3.t,0,593,30316
at,146.195.t.3.t,1,592,30318
seq,146.195.t.3.e,30319,593,false,30322,end,30709
at,146.195.t.3.e,0,593,30319
at,146.195.t.3.e,1,592,30321
at,146.195.t,4,594,30322
at,146.195.t,5,593,30324
at,146.195.t,6,592,30325
at,146.195.t,7,591,30326
seq,146.195.e,30327,598,false,30330,end,30709
at,146.195.e,0,598,30327
at,146.195.e,1,597,30329
at,146,196,599,30330
seq,146.196.t,30332,597,true,30350,otherwise,30709
at,146.196.t,0,597,30332
at,146.196.t,1,596,30334
at,146.196.t,2,595,30336
at,146.196.t,3,594,30337
seq,146.196.t.3.t,30339,592,true,30342,otherwise,30709
at,146.196.t.3.t,0,592,30339
at,146.196.t.3.t,1,591,30341
seq,146.196.t.3.e,30342,592,false,30345,end,30709
at,146.196.t.3.e,0,592,30342
at,146.196.t.3.e,1,591,30344
at,146.196.t,4,593,30345
at,146.196.t,5,592,30347
at,146.196.t,6,591,30348
at,146.196.t,7,590,30349
seq,146.196.e,30350,597,false,30353,end,30709
at,146.196.e,0,597,30350
at,146.196.e,1,596,30352
at,146,197,598,30353
seq,146.197.t,30355,596,true,30358,otherwise,30709
at,146.197.t,0,596,30355
at,146.197.t,1,595,30357
seq,146.197.e,30358,596,false,30361,end,30709
at,146.197.e,0,596,30358
at,146.197.e,1,595,30360
at,146,198,597,30361
at,146,199,596,30363
at,146,200,595,30364
seq,146.200.t,30366,593,true,30369,otherwise,30709
at,146.200.t,0,593,30366
at,146.200.t,1,592,30368
seq,146.200.e,30369,593,false,30372,end,30709
at,146.200.e,0,593,30369
at,146.200.e,1,592,30371
at,146,201,594,30372
at,146,202,593,30374
at,146,203,592,30375
at,146,204,591,30376
seq,146.204.t,30378,589,true,30608,otherwise,30709
at,146.204.t,0,589,30378
at,146.204.t,1,588,30380
at,146.204.t,2,587,30382
at,146.204.t,3,586,30384
at,146.204.t,4,585,30386
at,146.204.t,5,584,30388
at,146.204.t,6,583,30390
at,146.204.t,7,582,30392
at,146.204.t,8,581,30394
at,146.204.t,9,580,30396
at,146.204.t,10,579,30398
at,146.204.t,11,578,30400
at,146.204.t,12,577,30402
at,146.204.t,13,576,30404
at,146.204.t,14,575,30406
at,146.204.t,15,574,30408
at,146.204.t,16,573,30411
at,146.204.t,17,572,30413
at,146.204.t,18,571,30416
at,146.204.t,19,570,30418
at,146.204.t,20,569,30421
at,146.204.t,21,568,30423
at,146.204.t,22,567,30426
at,146.204.t,23,566,30428
at,146.204.t,24,565,30431
at,146.204.t,25,564,30433
at,146.204.t,26,563,30436
at,146.204.t,27,562,30438
at,146.204.t,28,561,30441
at,146.204.t,29,560,30443
at,146.204.t,30,559,30446
at,146.204.t,31,558,30448
at,146.204.t,32,557,30451
at,146.204.t,33,556,30453
at,146.204.t,34,555,30456
at,146.204.t,35,554,30458
at,146.204.t,36,553,30461
at,146.204.t,37,552,30463
at,146.204.t,38,551,30466
at,146.204.t,39,550,30468
at,146.204.t,40,549,30471
at,146.204.t,41,548,30473
at,146.204.t,42,547,30476
at,146.204.t,43,546,30478
at,146.204.t,44,545,30480
at,146.204.t,45,544,30482
at,146.204.t,46,543,30484
at,146.204.t,47,542,30486
at,146.204.t,48,541,30488
at,146.204.t,49,540,30490
at,146.204.t,50,539,30493
at,146.204.t,51,538,30496
at,146.204.t,52,537,30499
at,146.204.t,53,536,30502
at,146.204.t,54,535,30505
at,146.204.t,55,534,30508
at,146.204.t,56,533,30511
at,146.204.t,57,532,30514
at,146.204.t,58,531,30517
at,146.204.t,59,530,30520
at,146.204.t,60,529,30523
at,146.204.t,61,528,30526
at,146.204.t,62,527,30529
at,146.204.t,63,526,30532
at,146.204.t,64,525,30535
at,146.204.t,65,524,30538
at,146.204.t,66,523,30541
at,146.204.t,67,522,30544
at,146.204.t,68,521,30547
at,146.204.t,69,520,30550
at,146.204.t,70,519,30553
at,146.204.t,71,518,30556
at,146.204.t,72,517,30559
at,146.204.t,73,516,30562
at,146.204.t,74,515,30565
at,146.204.t,75,514,30568
at,146.204.t,76,513,30571
at,146.204.t,77,512,30574
at,146.204.t,78,511,30577
at,146.204.t,79,510,30580
at,146.204.t,80,509,30583
at,146.204.t,81,508,30586
at,146.204.t,82,507,30589
at,146.204.t,83,506,30592
at,146.204.t,84,505,30595
at,146.204.t,85,504,30598
at,146.204.t,86,503,30601
at,146.204.t,87,502,30604
at,146.204.t,88,501,30607
seq,146.204.e,30608,589,false,30684,end,30709
at,146.204.e,0,589,30608
at,146.204.e,1,588,30611
at,146.204.e,2,587,30614
at,146.204.e,3,586,30617
at,146.204.e,4,585,30620
at,146.204.e,5,584,30623
at,146.204.e,6,583,30626
at,146.204.e,7,582,30629
at,146.204.e,8,581,30632
at,146.204.e,9,580,30635
at,146.204.e,10,579,30638
at,146.204.e,11,578,30641
at,146.204.e,12,577,30644
at,146.204.e,13,576,30647
at,146.204.e,14,575,30650
at,146.204.e,15,574,30653
at,146.204.e,16,573,30656
at,146.204.e,17,572,30659
at,146.204.e,18,571,30662
at,146.204.e,19,570,30665
at,146.204.e,20,569,30668
at,146.204.e,21,568,30671
at,146.204.e,22,567,30674
at,146.204.e,23,566,30677
at,146.204.e,24,565,30680
at,146.204.e,25,564,30683
at,146,205,590,30684
at,146,206,589,30687
at,146,207,588,30690
at,146,208,587,30693
at,146,209,586,30696
at,146,210,585,30699
at,146,211,584,30702
at,146,212,583,30705
at,146,213,582,30708
147,code,30709,30738,30713,30710
147,0,25,30713
147,1,24,30715
147,2,23,30717
147,3,22,30719
147,4,21,30721
147,5,20,30723
147,6,19,30725
147,7,18,30727
147,8,17,30729
147,9,16,30731
147,10,15,30733
147,11,14,30735
147,12,13,30737
seq,147,30713,25,false,30738,end,30738
at,147,0,25,30713
at,147,1,24,30715
at,147,2,23,30717
at,147,3,22,30719
at,147,4,21,30721
at,147,5,20,30723
at,147,6,19,30725
at,147,7,18,30727
at,147,8,17,30729
at,147,9,16,30731
at,147,10,15,30733
at,147,11,14,30735
at,147,12,13,30737
148,code,30738,30767,30742,30739
148,0,25,30742
148,1,24,30744
148,2,23,30746
148,3,22,30748
148,4,21,30750
148,5,20,30752
148,6,19,30754
148,7,18,30756
148,8,17,30758
148,9,16,30760
148,10,15,30762
148,11,14,30764
148,12,13,30766
seq,148,30742,25,false,30767,end,30767
at,148,0,25,30742
at,148,1,24,30744
at,148,2,23,30746
at,148,3,22,30748
at,148,4,21,30750
at,148,5,20,30752
at,148,6,19,30754
at,148,7,18,30756
at,148,8,17,30758
at,148,9,16,30760
at,148,10,15,30762
at,148,11,14,30764
at,148,12,13,30766
149,code,30767,30796,30771,30768
149,0,25,30771
149,1,24,30773
149,2,23,30775
149,3,22,30777
149,4,21,30779
149,5,20,30781
149,6,19,30783
149,7,18,30785
149,8,17,30787
149,9,16,30789
149,10,15,30791
149,11,14,30793
149,12,13,30795
seq,149,30771,25,false,30796,end,30796
at,149,0,25,30771
at,149,1,24,30773
at,149,2,23,30775
at,149,3,22,30777
at,149,4,21,30779
at,149,5,20,30781
at,149,6,19,30783
at,149,7,18,30785
at,149,8,17,30787
at,149,9,16,30789
at,149,10,15,30791
at,149,11,14,30793
at,149,12,13,30795
150,code,30796,30825,30800,30797
150,0,25,30800
150,1,24,30802
150,2,23,30804
150,3,22,30806
150,4,21,30808
150,5,20,30810
150,6,19,30812
150,7,18,30814
150,8,17,30816
150,9,16,30818
150,10,15,30820
150,11,14,30822
150,12,13,30824
seq,150,30800,25,false,30825,end,30825
at,150,0,25,30800
at,150,1,24,30802
at,150,2,23,30804
at,150,3,22,30806
at,150,4,21,30808
at,150,5,20,30810
at,150,6,19,30812
at,150,7,18,30814
at,150,8,17,30816
at,150,9,16,30818
at,150,10,15,30820
at,150,11,14,30822
at,150,12,13,30824
151,code,30825,30854,30829,30826
151,0,25,30829
151,1,24,30831
151,2,23,30833
151,3,22,30835
151,4,21,30837
151,5,20,30839
151,6,19,30841
151,7,18,30843
151,8,17,30845
151,9,16,30847
151,10,15,30849
151,11,14,30851
151,12,13,30853
seq,151,30829,25,false,30854,end,30854
at,151,0,25,30829
at,151,1,24,30831
at,151,2,23,30833
at,151,3,22,30835
at,151,4,21,30837
at,151,5,20,30839
at,151,6,19,30841
at,151,7,18,30843
at,151,8,17,30845
at,151,9,16,30847
at,151,10,15,30849
at,151,11,14,30851
at,151,12,13,30853
152,code,30854,30865,30858,30855
152,0,7,30858
152,1,6,30860
152,2,5,30862
152,3,4,30864
seq,152,30858,7,false,30865,end,30865
at,152,0,7,30858
at,152,1,6,30860
at,152,2,5,30862
at,152,3,4,30864
153,code,30865,30876,30869,30866
153,0,7,30869
153,1,6,30871
153,2,5,30873
153,3,4,30875
seq,153,30869,7,false,30876,end,30876
at,153,0,7,30869
at,153,1,6,30871
at,153,2,5,30873
at,153,3,4,30875
154,code,30876,30887,30880,30877
154,0,7,30880
154,1,6,30882
154,2,5,30884
154,3,4,30886
seq,154,30880,7,false,30887,end,30887
at,154,0,7,30880
at,154,1,6,30882
at,154,2,5,30884
at,154,3,4,30886
155,code,30887,30898,30891,30888
155,0,7,30891
155,1,6,30893
155,2,5,30895
155,3,4,30897
seq,155,30891,7,false,30898,end,30898
at,155,0,7,30891
at,155,1,6,30893
at,155,2,5,30895
at,155,3,4,30897
156,code,30898,30909,30902,30899
156,0,7,30902
156,1,6,30904
156,2,5,30906
156,3,4,30908
seq,156,30902,7,false,30909,end,30909
at,156,0,7,30902
at,156,1,6,30904
at,156,2,5,30906
at,156,3,4,30908
157,code,30909,30920,30913,30910
157,0,7,30913
157,1,6,30915
157,2,5,30917
157,3,4,30919
seq,157,30913,7,false,30920,end,30920
at,157,0,7,30913
at,157,1,6,30915
at,157,2,5,30917
at,157,3,4,30919
158,code,30920,31387,30925,30922
158,0,462,30925
158,1,461,30927
158,2,460,30929
158,3,459,30931
158,4,458,30933
158,5,457,30935
158,6,456,30937
158,7,455,30939
158,8,454,30941
158,9,453,30943
158,10,452,30945
158,11,451,30947
158,12,450,30949
158,13,449,30951
158,14,448,30953
158,15,447,30955
158,16,446,30957
158,17,445,30959
158,18,444,30961
158,19,443,30963
158,20,442,30965
158,21,441,30967
158,22,440,30969
158,23,439,30971
158,24,438,30973
158,25,437,30975
158,26,436,30977
158,27,435,30979
158,28,434,30981
158,29,433,30983
158,30,432,30985
158,31,431,30987
158,32,430,30989
158,33,429,30991
158,34,428,30993
158,35,427,30995
158,36,426,30997
158,37,425,30999
158,38,424,31001
158,39,423,31003
158,40,422,31005
158,41,421,31007
158,42,420,31009
158,43,419,31011
158,44,418,31013
158,45,417,31015
158,46,416,31017
158,47,415,31019
158,48,414,31021
158,49,413,31023
158,50,412,31025
158,51,411,31027
158,52,410,31029
158,53,409,31031
158,54,408,31033
158,55,407,31035
158,56,406,31037
158,57,405,31039
158,58,404,31041
158,59,403,31043
158,60,402,31045
158,61,401,31047
158,62,400,31049
158,63,399,31051
158,64,398,31053
158,65,397,31055
158,66,396,31057
158,67,395,31059
158,68,394,31061
158,69,393,31063
158,70,392,31065
158,71,391,31067
158,72,390,31069
158,73,389,31071
158,74,388,31073
158,75,387,31075
158,76,386,31077
158,77,385,31079
158,78,384,31081
158,79,383,31083
158,80,382,31085
158,81,381,31087
158,82,380,31089
158,83,379,31091
158,84,378,31093
158,85,377,31095
158,86,376,31097
158,87,375,31099
158,88,374,31101
158,89,373,31103
158,90,372,31105
158,91,371,31107
158,92,370,31109
158,93,369,31111
158,94,368,31113
158,95,367,31115
158,96,366,31117
158,97,365,31119
158,98,364,31121
158,99,363,31123
158,100,362,31125
158,101,361,31127
158,102,360,31129
158,103,359,31131
158,104,358,31133
158,105,357,31135
158,106,356,31137
158,107,355,31139
158,108,354,31141
158,109,353,31143
158,110,352,31145
158,111,351,31147
158,112,350,31149
158,113,349,31151
158,114,348,31153
158,115,347,31155
158,116,346,31157
158,117,345,31159
158,118,344,31161
158,119,343,31163
158,120,342,31165
158,121,341,31167
158,122,340,31169
158,123,339,31171
158,124,338,31173
158,125,337,31175
158,126,336,31177
158,127,335,31179
158,128,334,31181
158,129,333,31183
158,130,332,31185
158,131,331,31187
158,132,330,31189
158,133,329,31191
158,134,328,31193
158,135,327,31195
158,136,326,31197
158,137,325,31199
158,138,324,31201
158,139,323,31203
158,140,322,31205
158,141,321,31207
158,142,320,31209
158,143,319,31211
158,144,318,31213
158,145,317,31215
158,146,316,31217
158,147,315,31219
158,148,314,31221
158,149,313,31223
158,150,312,31225
158,151,311,31227
158,152,310,31229
158,153,309,31231
158,154,308,31233
158,155,307,31235
158,156,306,31237
158,157,305,31239
158,158,304,31241
158,159,303,31243
158,160,302,31245
158,161,301,31248
158,162,300,31250
158,163,299,31252
158,164,298,31254
158,165,297,31256
158,166,296,31258
158,167,295,31260
158,168,294,31262
158,169,293,31264
158,170,292,31266
158,171,291,31268
158,172,290,31270
158,173,289,31272
158,174,288,31274
158,175,287,31276
158,176,286,31278
158,177,285,31280
158,178,284,31282
158,179,283,31284
158,180,282,31286
158,181,281,31288
158,182,280,31290
158,183,279,31292
158,184,278,31294
158,185,277,31296
158,186,276,31298
158,187,275,31300
158,188,274,31302
158,189,273,31304
158,190,272,31306
158,191,271,31308
158,192,270,31310
158,193,269,31312
158,194,268,31314
158,195,267,31316
158,196,266,31318
158,197,265,31320
158,198,264,31322
158,199,263,31324
158,200,262,31326
158,201,261,31328
158,202,260,31330
158,203,259,31332
158,204,258,31334
158,205,257,31336
158,206,256,31338
158,207,255,31340
158,208,254,31342
158,209,253,31344
158,210,252,31346
158,211,251,31348
158,212,250,31350
158,213,249,31352
158,214,248,31354
158,215,247,31356
158,216,246,31358
158,217,245,31360
158,218,244,31362
158,219,243,31364
158,220,242,31366
158,221,241,31368
158,222,240,31370
158,223,239,31372
158,224,238,31374
158,225,237,31376
158,226,236,31378
158,227,235,31380
158,228,234,31382
158,229,233,31384
158,230,232,31386
seq,158,30925,462,false,31387,end,31387
at,158,0,462,30925
at,158,1,461,30927
at,158,2,460,30929
at,158,3,459,30931
at,158,4,458,30933
at,158,5,457,30935
at,158,6,456,30937
at,158,7,455,30939
at,158,8,454,30941
at,158,9,453,30943
at,158,10,452,30945
at,158,11,451,30947
at,158,12,450,30949
at,158,13,449,30951
at,158,14,448,30953
at,158,15,447,30955
at,158,16,446,30957
at,158,17,445,30959
at,158,18,444,30961
at,158,19,443,30963
at,158,20,442,30965
at,158,21,441,30967
at,158,22,440,30969
at,158,23,439,30971
at,158,24,438,30973
at,158,25,437,30975
at,158,26,436,30977
at,158,27,435,30979
at,158,28,434,30981
at,158,29,433,30983
at,158,30,432,30985
at,158,31,431,30987
at,158,32,430,30989
at,158,33,429,30991
at,158,34,428,30993
at,158,35,427,30995
at,158,36,426,30997
at,158,37,425,30999
at,158,38,424,31001
at,158,39,423,31003
at,158,40,422,31005
at,158,41,421,31007
at,158,42,420,31009
at,158,43,419,31011
at,158,44,418,31013
at,158,45,417,31015
at,158,46,416,31017
at,158,47,415,31019
at,158,48,414,31021
at,158,49,413,31023
at,158,50,412,31025
at,158,51,411,31027
at,158,52,410,31029
at,158,53,409,31031
at,158,54,408,31033
at,158,55,407,31035
at,158,56,406,31037
at,158,57,405,31039
at,158,58,404,31041
at,158,59,403,31043
at,158,60,402,31045
at,158,61,401,31047
at,158,62,400,31049
at,158,63,399,31051
at,158,64,398,31053
at,158,65,397,31055
at,158,66,396,31057
at,158,67,395,31059
at,158,68,394,31061
at,158,69,393,31063
at,158,70,392,31065
at,158,71,391,31067
at,158,72,390,31069
at,158,73,389,31071
at,158,74,388,31073
at,158,75,387,31075
at,158,76,386,31077
at,158,77,385,31079
at,158,78,384,31081
at,158,79,383,31083
at,158,80,382,31085
at,158,81,381,31087
at,158,82,380,31089
at,158,83,379,31091
at,158,84,378,31093
at,158,85,377,31095
at,158,86,376,31097
at,158,87,375,31099
at,158,88,374,31101
at,158,89,373,31103
at,158,90,372,31105
at,158,91,371,31107
at,158,92,370,31109
at,158,93,369,31111
at,158,94,368,31113
at,158,95,367,31115
at,158,96,366,31117
at,158,97,365,31119
at,158,98,364,31121
at,158,99,363,31123
at,158,100,362,31125
at,158,101,361,31127
at,158,102,360,31129
at,158,103,359,31131
at,158,104,358,31133
at,158,105,357,31135
at,158,106,356,31137
at,158,107,355,31139
at,158,108,354,31141
at,158,109,353,31143
at,158,110,352,31145
at,158,111,351,31147
at,158,112,350,31149
at,158,113,349,31151
at,158,114,348,31153
at,158,115,347,31155
at,158,116,346,31157
at,158,117,345,31159
at,158,118,344,31161
at,158,119,343,31163
at,158,120,342,31165
at,158,121,341,31167
at,158,122,340,31169
at,158,123,339,31171
at,158,124,338,31173
at,158,125,337,31175
at,158,126,336,31177
at,158,127,335,31179
at,158,128,334,31181
at,158,129,333,31183
at,158,130,332,31185
at,158,131,331,31187
at,158,132,330,31189
at,158,133,329,31191
at,158,134,328,31193
at,158,135,327,31195
at,158,136,326,31197
at,158,137,325,31199
at,158,138,324,31201
at,158,139,323,31203
at,158,140,322,31205
at,158,141,321,31207
at,158,142,320,31209
at,158,143,319,31211
at,158,144,318,31213
at,158,145,317,31215
at,158,146,316,31217
at,158,147,315,31219
at,158,148,314,31221
at,158,149,313,31223
at,158,150,312,31225
at,158,151,311,31227
at,158,152,310,31229
at,158,153,309,31231
at,158,154,308,31233
at,158,155,307,31235
at,158,156,306,31237
at,158,157,305,31239
at,158,158,304,31241
at,158,159,303,31243
at,158,160,302,31245
at,158,161,301,31248
at,158,162,300,31250
at,158,163,299,31252
at,158,164,298,31254
at,158,165,297,31256
at,158,166,296,31258
at,158,167,295,31260
at,158,168,294,31262
at,158,169,293,31264
at,158,170,292,31266
at,158,171,291,31268
at,158,172,290,31270
at,158,173,289,31272
at,158,174,288,31274
at,158,175,287,31276
at,158,176,286,31278
at,158,177,285,31280
at,158,178,284,31282
at,158,179,283,31284
at,158,180,282,31286
at,158,181,281,31288
at,158,182,280,31290
at,158,183,279,31292
at,158,184,278,31294
at,158,185,277,31296
at,158,186,276,31298
at,158,187,275,31300
at,158,188,274,31302
at,158,189,273,31304
at,158,190,272,31306
at,158,191,271,31308
at,158,192,270,31310
at,158,193,269,31312
at,158,194,268,31314
at,158,195,267,31316
at,158,196,266,31318
at,158,197,265,31320
at,158,198,264,31322
at,158,199,263,31324
at,158,200,262,31326
at,158,201,261,31328
at,158,202,260,31330
at,158,203,259,31332
at,158,204,258,31334
at,158,205,257,31336
at,158,206,256,31338
at,158,207,255,31340
at,158,208,254,31342
at,158,209,253,31344
at,158,210,252,31346
at,158,211,251,31348
at,158,212,250,31350
at,158,213,249,31352
at,158,214,248,31354
at,158,215,247,31356
at,158,216,246,31358
at,158,217,245,31360
at,158,218,244,31362
at,158,219,243,31364
at,158,220,242,31366
at,158,221,241,31368
at,158,222,240,31370
at,158,223,239,31372
at,158,224,238,31374
at,158,225,237,31376
at,158,226,236,31378
at,158,227,235,31380
at,158,228,234,31382
at,158,229,233,31384
at,158,230,232,31386
159,code,31387,32230,31392,31389
159,0,838,31392
159,1,837,31394
159,2,836,31396
159,3,835,31398
159,4,834,31399
159,5,833,31402
159,6,832,31404
159,7,831,31406
159,8,830,31408
159,9,829,31410
159,10,828,31411
159,11,827,31413
159,12,826,31414
159,13,825,31415
159,14,824,31417
159,15,823,31418
159,16,822,31420
159,17,821,31421
159,18,820,31423
159,19,819,31424
159,20,818,31426
159,21,817,31428
159,22,816,31430
159,23,815,31431
159,24,814,31438
159,25,813,31440
159,26,812,31442
159,27,811,31444
159,28,810,31446
159,29,809,31448
159,30,808,31450
159,31,807,31614
159,32,806,31616
159,33,805,31618
159,34,804,31619
159,35,803,31765
159,36,802,31767
159,37,801,31769
159,38,800,31770
159,39,799,31772
159,40,798,31774
159,41,797,31776
159,42,796,31778
159,43,795,31779
159,44,794,31781
159,45,793,31784
159,46,792,31786
159,47,791,31788
159,48,790,32213
159,49,789,32215
159,50,788,32217
159,51,787,32219
159,52,786,32221
159,53,785,32223
159,54,784,32225
159,55,783,32227
159,56,782,32229
seq,159,31392,838,false,32230,end,32230
at,159,0,838,31392
at,159,1,837,31394
at,159,2,836,31396
at,159,3,835,31398
at,159,4,834,31399
at,159,5,833,31402
at,159,6,832,31404
at,159,7,831,31406
at,159,8,830,31408
at,159,9,829,31410
at,159,10,828,31411
at,159,11,827,31413
at,159,12,826,31414
at,159,13,825,31415
at,159,14,824,31417
at,159,15,823,31418
at,159,16,822,31420
at,159,17,821,31421
at,159,18,820,31423
at,159,19,819,31424
at,159,20,818,31426
at,159,21,817,31428
at,159,22,816,31430
at,159,23,815,31431
seq,159.23.t,31433,813,true,31438,end,32230
at,159.23.t,0,813,31433
at,159.23.t,1,812,31435
at,159.23.t,2,811,31437
at,159,24,814,31438
at,159,25,813,31440
at,159,26,812,31442
at,159,27,811,31444
at,159,28,810,31446
at,159,29,809,31448
at,159,30,808,31450
seq,159.30.t,31452,806,false,31614,end,32230
at,159.30.t,0,806,31452
seq,159.30.t.0.t,31454,804,false,31613,end,32230
at,159.30.t.0.t,0,804,31454
at,159.30.t.0.t,1,803,31456
at,159.30.t.0.t,2,802,31458
at,159.30.t.0.t,3,801,31459
at,159.30.t.0.t,4,800,31461
at,159.30.t.0.t,5,799,31463
at,159.30.t.0.t,6,798,31465
at,159.30.t.0.t,7,797,31466
at,159.30.t.0.t,8,796,31468
at,159.30.t.0.t,9,795,31470
at,159.30.t.0.t,10,794,31472
at,159.30.t.0.t,11,793,31473
at,159.30.t.0.t,12,792,31474
at,159.30.t.0.t,13,791,31477
at,159.30.t.0.t,14,790,31479
at,159.30.t.0.t,15,789,31481
at,159.30.t.0.t,16,788,31483
at,159.30.t.0.t,17,787,31484
at,159.30.t.0.t,18,786,31485
at,159.30.t.0.t,19,785,31488
at,159.30.t.0.t,20,784,31490
at,159.30.t.0.t,21,783,31492
at,159.30.t.0.t,22,782,31494
at,159.30.t.0.t,23,781,31495
seq,159.30.t.0.t.23.t,31497,779,true,31601,otherwise,32230
at,159.30.t.0.t.23.t,0,779,31497
at,159.30.t.0.t.23.t,1,778,31499
at,159.30.t.0.t.23.t,2,777,31501
at,159.30.t.0.t.23.t,3,776,31502
seq,159.30.t.0.t.23.t.3.t,31504,774,true,31509,otherwise,32230
at,159.30.t.0.t.23.t.3.t,0,774,31504
at,159.30.t.0.t.23.t.3.t,1,773,31506
at,159.30.t.0.t.23.t.3.t,2,772,31508
seq,159.30.t.0.t.23.t.3.e,31509,774,false,31521,end,32230
at,159.30.t.0.t.23.t.3.e,0,774,31509
at,159.30.t.0.t.23.t.3.e,1,773,31511
at,159.30.t.0.t.23.t.3.e,2,772,31513
at,159.30.t.0.t.23.t.3.e,3,771,31514
at,159.30.t.0.t.23.t.3.e,4,770,31515
at,159.30.t.0.t.23.t.3.e,5,769,31517
at,159.30.t.0.t.23.t.3.e,6,768,31520
at,159.30.t.0.t.23.t,4,775,31521
at,159.30.t.0.t.23.t,5,774,31523
at,159.30.t.0.t.23.t,6,773,31525
at,159.30.t.0.t.23.t,7,772,31526
at,159.30.t.0.t.23.t,8,771,31527
at,159.30.t.0.t.23.t,9,770,31538
at,159.30.t.0.t.23.t,10,769,31541
at,159.30.t.0.t.23.t,11,768,31543
at,159.30.t.0.t.23.t,12,767,31545
at,159.30.t.0.t.23.t,13,766,31546
at,159.30.t.0.t.23.t,14,765,31547
at,159.30.t.0.t.23.t,15,764,31549
at,159.30.t.0.t.23.t,16,763,31552
at,159.30.t.0.t.23.t,17,762,31554
at,159.30.t.0.t.23.t,18,761,31556
at,159.30.t.0.t.23.t,19,760,31557
at,159.30.t.0.t.23.t,20,759,31558
at,159.30.t.0.t.23.t,21,758,31560
at,159.30.t.0.t.23.t,22,757,31563
at,159.30.t.0.t.23.t,23,756,31565
at,159.30.t.0.t.23.t,24,755,31567
at,159.30.t.0.t.23.t,25,754,31568
at,159.30.t.0.t.23.t,26,753,31569
at,159.30.t.0.t.23.t,27,752,31571
at,159.30.t.0.t.23.t,28,751,31574
at,159.30.t.0.t.23.t,29,750,31576
at,159.30.t.0.t.23.t,30,749,31578
at,159.30.t.0.t.23.t,31,748,31579
at,159.30.t.0.t.23.t,32,747,31580
at,159.30.t.0.t.23.t,33,746,31582
at,159.30.t.0.t.23.t,34,745,31585
at,159.30.t.0.t.23.t,35,744,31587
at,159.30.t.0.t.23.t,36,743,31589
at,159.30.t.0.t.23.t,37,742,31590
at,159.30.t.0.t.23.t,38,741,31591
at,159.30.t.0.t.23.t,39,740,31593
at,159.30.t.0.t.23.t,40,739,31596
at,159.30.t.0.t.23.t,41,738,31598
at,159.30.t.0.t.23.t,42,737,31600
seq,159.30.t.0.t.23.e,31601,779,false,31610,end,32230
at,159.30.t.0.t.23.e,0,779,31601
at,159.30.t.0.t.23.e,1,778,31603
at,159.30.t.0.t.23.e,2,777,31605
at,159.30.t.0.t.23.e,3,776,31607
at,159.30.t.0.t.23.e,4,775,31609
at,159.30.t.0.t,24,780,31610
at,159.30.t.0.t,25,779,31612
at,159.30.t,1,805,31613
at,159,31,807,31614
at,159,32,806,31616
at,159,33,805,31618
at,159,34,804,31619
seq,159.34.t,31621,802,true,31765,end,32230
at,159.34.t,0,802,31621
at,159.34.t,1,801,31623
at,159.34.t,2,800,31625
at,159.34.t,3,799,31626
at,159.34.t,4,798,31628
at,159.34.t,5,797,31629
at,159.34.t,6,796,31631
at,159.34.t,7,795,31633
at,159.34.t,8,794,31634
seq,159.34.t.8.t,31636,792,true,31638,end,32230
at,159.34.t.8.t,0,792,31636
at,159.34.t.8.t,1,791,31637
at,159.34.t,9,793,31638
at,159.34.t,10,792,31640
at,159.34.t,11,791,31642
at,159.34.t,12,790,31643
at,159.34.t,13,789,31647
at,159.34.t,14,788,31648
at,159.34.t,15,787,31650
at,159.34.t,16,786,31651
at,159.34.t,17,785,31653
at,159.34.t,18,784,31655
at,159.34.t,19,783,31656
at,159.34.t,20,782,31658
at,159.34.t,21,781,31659
seq,159.34.t.21.t,31661,779,true,31678,end,32230
at,159.34.t.21.t,0,779,31661
at,159.34.t.21.t,1,778,31663
at,159.34.t.21.t,2,777,31665
at,159.34.t.21.t,3,776,31666
at,159.34.t.21.t,4,775,31667
at,159.34.t.21.t,5,774,31668
at,159.34.t.21.t,6,773,31670
at,159.34.t.21.t,7,772,31672
at,159.34.t.21.t,8,771,31673
seq,159.34.t.21.t.8.t,31675,769,true,31677,end,32230
at,159.34.t.21.t.8.t,0,769,31675
at,159.34.t.21.t.8.t,1,768,31676
at,159.34.t.21.t,9,770,31677
at,159.34.t,22,780,31678
at,159.34.t,23,779,31680
at,159.34.t,24,778,31682
at,159.34.t,25,777,31683
at,159.34.t,26,776,31685
at,159.34.t,27,775,31687
at,159.34.t,28,774,31689
at,159.34.t,29,773,31691
at,159.34.t,30,772,31693
at,159.34.t,31,771,31694
at,159.34.t,32,770,31695
at,159.34.t,33,769,31706
at,159.34.t,34,768,31709
at,159.34.t,35,767,31711
at,159.34.t,36,766,31713
at,159.34.t,37,765,31714
at,159.34.t,38,764,31715
at,159.34.t,39,763,31717
at,159.34.t,40,762,31720
at,159.34.t,41,761,31722
at,159.34.t,42,760,31724
at,159.34.t,43,759,31725
at,159.34.t,44,758,31726
at,159.34.t,45,757,31728
at,159.34.t,46,756,31731
at,159.34.t,47,755,31733
at,159.34.t,48,754,31735
at,159.34.t,49,753,31736
at,159.34.t,50,752,31737
at,159.34.t,51,751,31739
at,159.34.t,52,750,31742
at,159.34.t,53,749,31744
at,159.34.t,54,748,31746
at,159.34.t,55,747,31747
at,159.34.t,56,746,31748
at,159.34.t,57,745,31750
at,159.34.t,58,744,31753
at,159.34.t,59,743,31755
at,159.34.t,60,742,31757
at,159.34.t,61,741,31758
at,159.34.t,62,740,31759
at,159.34.t,63,739,31761
at,159.34.t,64,738,31764
at,159,35,803,31765
at,159,36,802,31767
at,159,37,801,31769
at,159,38,800,31770
at,159,39,799,31772
at,159,40,798,31774
at,159,41,797,31776
at,159,42,796,31778
at,159,43,795,31779
at,159,44,794,31781
at,159,45,793,31784
at,159,46,792,31786
at,159,47,791,31788
seq,159.47.t,31790,789,false,32213,end,32230
at,159.47.t,0,789,31790
seq,159.47.t.0.t,31792,787,false,32212,end,32230
at,159.47.t.0.t,0,787,31792
at,159.47.t.0.t,1,786,31794
at,159.47.t.0.t,2,785,31796
at,159.47.t.0.t,3,784,31797
at,159.47.t.0.t,4,783,31799
at,159.47.t.0.t,5,782,31801
at,159.47.t.0.t,6,781,31803
at,159.47.t.0.t,7,780,31805
at,159.47.t.0.t,8,779,31806
at,159.47.t.0.t,9,778,31808
at,159.47.t.0.t,10,777,31809
at,159.47.t.0.t,11,776,31811
at,159.47.t.0.t,12,775,31812
at,159.47.t.0.t,13,774,31813
at,159.47.t.0.t,14,773,31814
at,159.47.t.0.t,15,772,31817
at,159.47.t.0.t,16,771,31819
at,159.47.t.0.t,17,770,31821
at,159.47.t.0.t,18,769,31823
at,159.47.t.0.t,19,768,31825
at,159.47.t.0.t,20,767,31826
at,159.47.t.0.t,21,766,31828
at,159.47.t.0.t,22,765,31829
at,159.47.t.0.t,23,764,31831
at,159.47.t.0.t,24,763,31832
at,159.47.t.0.t,25,762,31833
at,159.47.t.0.t,26,761,31834
at,159.47.t.0.t,27,760,31837
at,159.47.t.0.t,28,759,31839
at,159.47.t.0.t,29,758,31841
at,159.47.t.0.t,30,757,31843
at,159.47.t.0.t,31,756,31845
at,159.47.t.0.t,32,755,31846
at,159.47.t.0.t,33,754,31848
at,159.47.t.0.t,34,753,31849
at,159.47.t.0.t,35,752,31851
at,159.47.t.0.t,36,751,31852
at,159.47.t.0.t,37,750,31853
at,159.47.t.0.t,38,749,31854
at,159.47.t.0.t,39,748,31857
at,159.47.t.0.t,40,747,31859
at,159.47.t.0.t,41,746,31861
at,159.47.t.0.t,42,745,31863
at,159.47.t.0.t,43,744,31865
at,159.47.t.0.t,44,743,31866
at,159.47.t.0.t,45,742,31868
at,159.47.t.0.t,46,741,31869
at,159.47.t.0.t,47,740,31871
at,159.47.t.0.t,48,739,31872
at,159.47.t.0.t,49,738,31873
at,159.47.t.0.t,50,737,31874
at,159.47.t.0.t,51,736,31877
at,159.47.t.0.t,52,735,31879
at,159.47.t.0.t,53,734,31881
at,159.47.t.0.t,54,733,31883
at,159.47.t.0.t,55,732,31885
at,159.47.t.0.t,56,731,31886
at,159.47.t.0.t,57,730,31888
at,159.47.t.0.t,58,729,31889
at,159.47.t.0.t,59,728,31891
at,159.47.t.0.t,60,727,31892
at,159.47.t.0.t,61,726,31893
at,159.47.t.0.t,62,725,31894
at,159.47.t.0.t,63,724,31897
at,159.47.t.0.t,64,723,31899
at,159.47.t.0.t,65,722,31901
at,159.47.t.0.t,66,721,31903
at,159.47.t.0.t,67,720,31905
at,159.47.t.0.t,68,719,31906
at,159.47.t.0.t,69,718,31908
at,159.47.t.0.t,70,717,31909
at,159.47.t.0.t,71,716,31911
at,159.47.t.0.t,72,715,31912
at,159.47.t.0.t,73,714,31913
at,159.47.t.0.t,74,713,31914
at,159.47.t.0.t,75,712,31917
at,159.47.t.0.t,76,711,31919
at,159.47.t.0.t,77,710,31921
at,159.47.t.0.t,78,709,31923
at,159.47.t.0.t,79,708,31925
at,159.47.t.0.t,80,707,31926
at,159.47.t.0.t,81,706,31928
at,159.47.t.0.t,82,705,31929
at,159.47.t.0.t,83,704,31931
at,159.47.t.0.t,84,703,31932
at,159.47.t.0.t,85,702,31933
at,159.47.t.0.t,86,701,31934
at,159.47.t.0.t,87,700,31937
at,159.47.t.0.t,88,699,31939
at,159.47.t.0.t,89,698,31941
at,159.47.t.0.t,90,697,31943
at,159.47.t.0.t,91,696,31945
at,159.47.t.0.t,92,695,31947
at,159.47.t.0.t,93,694,31949
at,159.47.t.0.t,94,693,31951
at,159.47.t.0.t,95,692,31953
at,159.47.t.0.t,96,691,31955
at,159.47.t.0.t,97,690,31957
at,159.47.t.0.t,98,689,31959
at,159.47.t.0.t,99,688,31961
at,159.47.t.0.t,100,687,31963
at,159.47.t.0.t,101,686,31965
at,159.47.t.0.t,102,685,31967
at,159.47.t.0.t,103,684,31969
at,159.47.t.0.t,104,683,31971
at,159.47.t.0.t,105,682,31973
at,159.47.t.0.t,106,681,31975
at,159.47.t.0.t,107,680,31977
at,159.47.t.0.t,108,679,31979
at,159.47.t.0.t,109,678,31981
at,159.47.t.0.t,110,677,31983
at,159.47.t.0.t,111,676,31985
at,159.47.t.0.t,112,675,31987
at,159.47.t.0.t,113,674,31989
at,159.47.t.0.t,114,673,31991
at,159.47.t.0.t,115,672,31993
at,159.47.t.0.t,116,671,31995
at,159.47.t.0.t,117,670,31997
at,159.47.t.0.t,118,669,31999
at,159.47.t.0.t,119,668,32001
at,159.47.t.0.t,120,667,32003
at,159.47.t.0.t,121,666,32005
at,159.47.t.0.t,122,665,32007
at,159.47.t.0.t,123,664,32009
at,159.47.t.0.t,124,663,32011
at,159.47.t.0.t,125,662,32013
at,159.47.t.0.t,126,661,32015
at,159.47.t.0.t,127,660,32017
at,159.47.t.0.t,128,659,32020
at,159.47.t.0.t,129,658,32022
at,159.47.t.0.t,130,657,32024
at,159.47.t.0.t,131,656,32026
at,159.47.t.0.t,132,655,32028
at,159.47.t.0.t,133,654,32030
at,159.47.t.0.t,134,653,32032
at,159.47.t.0.t,135,652,32034
at,159.47.t.0.t,136,651,32036
at,159.47.t.0.t,137,650,32038
at,159.47.t.0.t,138,649,32040
at,159.47.t.0.t,139,648,32042
at,159.47.t.0.t,140,647,32044
at,159.47.t.0.t,141,646,32046
at,159.47.t.0.t,142,645,32048
at,159.47.t.0.t,143,644,32050
at,159.47.t.0.t,144,643,32052
at,159.47.t.0.t,145,642,32054
at,159.47.t.0.t,146,641,32056
at,159.47.t.0.t,147,640,32058
at,159.47.t.0.t,148,639,32060
at,159.47.t.0.t,149,638,32062
at,159.47.t.0.t,150,637,32064
at,159.47.t.0.t,151,636,32066
at,159.47.t.0.t,152,635,32068
at,159.47.t.0.t,153,634,32069
at,159.47.t.0.t,154,633,32071
at,159.47.t.0.t,155,632,32072
at,159.47.t.0.t,156,631,32074
at,159.47.t.0.t,157,630,32075
at,159.47.t.0.t,158,629,32076
at,159.47.t.0.t,159,628,32077
at,159.47.t.0.t,160,627,32079
at,159.47.t.0.t,161,626,32082
at,159.47.t.0.t,162,625,32084
at,159.47.t.0.t,163,624,32086
at,159.47.t.0.t,164,623,32088
at,159.47.t.0.t,165,622,32089
at,159.47.t.0.t,166,621,32091
at,159.47.t.0.t,167,620,32092
at,159.47.t.0.t,168,619,32094
at,159.47.t.0.t,169,618,32095
at,159.47.t.0.t,170,617,32096
at,159.47.t.0.t,171,616,32097
at,159.47.t.0.t,172,615,32099
at,159.47.t.0.t,173,614,32102
at,159.47.t.0.t,174,613,32104
at,159.47.t.0.t,175,612,32106
at,159.47.t.0.t,176,611,32108
at,159.47.t.0.t,177,610,32109
at,159.47.t.0.t,178,609,32111
at,159.47.t.0.t,179,608,32112
at,159.47.t.0.t,180,607,32114
at,159.47.t.0.t,181,606,32115
at,159.47.t.0.t,182,605,32116
at,159.47.t.0.t,183,604,32117
at,159.47.t.0.t,184,603,32119
at,159.47.t.0.t,185,602,32122
at,159.47.t.0.t,186,601,32124
at,159.47.t.0.t,187,600,32126
at,159.47.t.0.t,188,599,32128
at,159.47.t.0.t,189,598,32129
at,159.47.t.0.t,190,597,32131
at,159.47.t.0.t,191,596,32132
at,159.47.t.0.t,192,595,32134
at,159.47.t.0.t,193,594,32135
at,159.47.t.0.t,194,593,32136
at,159.47.t.0.t,195,592,32137
at,159.47.t.0.t,196,591,32139
at,159.47.t.0.t,197,590,32142
at,159.47.t.0.t,198,589,32144
at,159.47.t.0.t,199,588,32146
at,159.47.t.0.t,200,587,32148
at,159.47.t.0.t,201,586,32149
at,159.47.t.0.t,202,585,32151
at,159.47.t.0.t,203,584,32152
at,159.47.t.0.t,204,583,32154
at,159.47.t.0.t,205,582,32155
at,159.47.t.0.t,206,581,32156
at,159.47.t.0.t,207,580,32157
at,159.47.t.0.t,208,579,32159
at,159.47.t.0.t,209,578,32162
at,159.47.t.0.t,210,577,32164
at,159.47.t.0.t,211,576,32166
at,159.47.t.0.t,212,575,32168
at,159.47.t.0.t,213,574,32169
at,159.47.t.0.t,214,573,32171
at,159.47.t.0.t,215,572,32172
at,159.47.t.0.t,216,571,32174
at,159.47.t.0.t,217,570,32175
at,159.47.t.0.t,218,569,32176
at,159.47.t.0.t,219,568,32177
at,159.47.t.0.t,220,567,32179
at,159.47.t.0.t,221,566,32182
at,159.47.t.0.t,222,565,32184
at,159.47.t.0.t,223,564,32186
at,159.47.t.0.t,224,563,32188
at,159.47.t.0.t,225,562,32189
at,159.47.t.0.t,226,561,32191
at,159.47.t.0.t,227,560,32192
at,159.47.t.0.t,228,559,32194
at,159.47.t.0.t,229,558,32195
at,159.47.t.0.t,230,557,32196
at,159.47.t.0.t,231,556,32197
at,159.47.t.0.t,232,555,32199
at,159.47.t.0.t,233,554,32202
at,159.47.t.0.t,234,553,32204
at,159.47.t.0.t,235,552,32206
at,159.47.t.0.t,236,551,32207
at,159.47.t.0.t,237,550,32209
at,159.47.t.0.t,238,549,32211
at,159.47.t,1,788,32212
at,159,48,790,32213
at,159,49,789,32215
at,159,50,788,32217
at,159,51,787,32219
at,159,52,786,32221
at,159,53,785,32223
at,159,54,784,32225
at,159,55,783,32227
at,159,56,782,32229
160,code,32230,32241,32234,32231
160,0,7,32234
160,1,6,32236
160,2,5,32238
160,3,4,32240
seq,160,32234,7,false,32241,end,32241
at,160,0,7,32234
at,160,1,6,32236
at,160,2,5,32238
at,160,3,4,32240
161,code,32241,32488,32246,32243
161,0,242,32246
161,1,241,32248
161,2,240,32250
161,3,239,32252
161,4,238,32253
161,5,237,32256
161,6,236,32258
161,7,235,32260
161,8,234,32262
161,9,233,32264
161,10,232,32266
161,11,231,32268
161,12,230,32269
161,13,229,32272
161,14,228,32274
161,15,227,32276
161,16,226,32278
161,17,225,32280
161,18,224,32282
161,19,223,32283
161,20,222,32291
161,21,221,32293
161,22,220,32481
161,23,219,32483
161,24,218,32485
161,25,217,32487
seq,161,32246,242,false,32488,end,32488
at,161,0,242,32246
at,161,1,241,32248
at,161,2,240,32250
at,161,3,239,32252
at,161,4,238,32253
at,161,5,237,32256
at,161,6,236,32258
at,161,7,235,32260
at,161,8,234,32262
at,161,9,233,32264
at,161,10,232,32266
at,161,11,231,32268
at,161,12,230,32269
at,161,13,229,32272
at,161,14,228,32274
at,161,15,227,32276
at,161,16,226,32278
at,161,17,225,32280
at,161,18,224,32282
at,161,19,223,32283
seq,161.19.t,32285,221,true,32288,otherwise,32488
at,161.19.t,0,221,32285
at,161.19.t,1,220,32287
seq,161.19.e,32288,221,false,32291,end,32488
at,161.19.e,0,221,32288
at,161.19.e,1,220,32290
at,161,20,222,32291
at,161,21,221,32293
seq,161.21.t,32295,219,false,32481,end,32488
at,161.21.t,0,219,32295
seq,161.21.t.0.t,32297,217,false,32480,end,32488
at,161.21.t.0.t,0,217,32297
at,161.21.t.0.t,1,216,32299
at,161.21.t.0.t,2,215,32301
at,161.21.t.0.t,3,214,32302
at,161.21.t.0.t,4,213,32304
at,161.21.t.0.t,5,212,32306
at,161.21.t.0.t,6,211,32308
at,161.21.t.0.t,7,210,32310
at,161.21.t.0.t,8,209,32311
at,161.21.t.0.t,9,208,32313
at,161.21.t.0.t,10,207,32314
at,161.21.t.0.t,11,206,32316
at,161.21.t.0.t,12,205,32317
at,161.21.t.0.t,13,204,32318
at,161.21.t.0.t,14,203,32319
at,161.21.t.0.t,15,202,32322
at,161.21.t.0.t,16,201,32324
at,161.21.t.0.t,17,200,32326
at,161.21.t.0.t,18,199,32328
at,161.21.t.0.t,19,198,32330
at,161.21.t.0.t,20,197,32331
at,161.21.t.0.t,21,196,32333
at,161.21.t.0.t,22,195,32334
at,161.21.t.0.t,23,194,32336
at,161.21.t.0.t,24,193,32337
at,161.21.t.0.t,25,192,32338
at,161.21.t.0.t,26,191,32339
at,161.21.t.0.t,27,190,32342
at,161.21.t.0.t,28,189,32344
at,161.21.t.0.t,29,188,32346
at,161.21.t.0.t,30,187,32348
at,161.21.t.0.t,31,186,32350
at,161.21.t.0.t,32,185,32351
at,161.21.t.0.t,33,184,32353
at,161.21.t.0.t,34,183,32354
at,161.21.t.0.t,35,182,32356
at,161.21.t.0.t,36,181,32357
at,161.21.t.0.t,37,180,32358
at,161.21.t.0.t,38,179,32359
at,161.21.t.0.t,39,178,32362
at,161.21.t.0.t,40,177,32364
at,161.21.t.0.t,41,176,32366
at,161.21.t.0.t,42,175,32368
at,161.21.t.0.t,43,174,32370
at,161.21.t.0.t,44,173,32371
at,161.21.t.0.t,45,172,32373
at,161.21.t.0.t,46,171,32374
at,161.21.t.0.t,47,170,32376
at,161.21.t.0.t,48,169,32377
at,161.21.t.0.t,49,168,32378
at,161.21.t.0.t,50,167,32379
at,161.21.t.0.t,51,166,32382
at,161.21.t.0.t,52,165,32384
at,161.21.t.0.t,53,164,32386
at,161.21.t.0.t,54,163,32388
at,161.21.t.0.t,55,162,32390
at,161.21.t.0.t,56,161,32391
at,161.21.t.0.t,57,160,32393
at,161.21.t.0.t,58,159,32394
at,161.21.t.0.t,59,158,32396
at,161.21.t.0.t,60,157,32397
at,161.21.t.0.t,61,156,32398
at,161.21.t.0.t,62,155,32399
at,161.21.t.0.t,63,154,32402
at,161.21.t.0.t,64,153,32404
at,161.21.t.0.t,65,152,32406
at,161.21.t.0.t,66,151,32408
at,161.21.t.0.t,67,150,32410
at,161.21.t.0.t,68,149,32411
at,161.21.t.0.t,69,148,32413
at,161.21.t.0.t,70,147,32414
at,161.21.t.0.t,71,146,32416
at,161.21.t.0.t,72,145,32417
at,161.21.t.0.t,73,144,32418
at,161.21.t.0.t,74,143,32419
at,161.21.t.0.t,75,142,32422
at,161.21.t.0.t,76,141,32424
at,161.21.t.0.t,77,140,32426
at,161.21.t.0.t,78,139,32428
at,161.21.t.0.t,79,138,32430
at,161.21.t.0.t,80,137,32431
at,161.21.t.0.t,81,136,32433
at,161.21.t.0.t,82,135,32434
at,161.21.t.0.t,83,134,32436
at,161.21.t.0.t,84,133,32437
at,161.21.t.0.t,85,132,32438
at,161.21.t.0.t,86,131,32439
at,161.21.t.0.t,87,130,32442
at,161.21.t.0.t,88,129,32444
at,161.21.t.0.t,89,128,32446
at,161.21.t.0.t,90,127,32448
at,161.21.t.0.t,91,126,32449
seq,161.21.t.0.t.91.t,32451,124,true,32454,otherwise,32488
at,161.21.t.0.t.91.t,0,124,32451
at,161.21.t.0.t.91.t,1,123,32453
seq,161.21.t.0.t.91.e,32454,124,false,32457,end,32488
at,161.21.t.0.t.91.e,0,124,32454
at,161.21.t.0.t.91.e,1,123,32456
at,161.21.t.0.t,92,125,32457
at,161.21.t.0.t,93,124,32459
at,161.21.t.0.t,94,123,32460
at,161.21.t.0.t,95,122,32461
seq,161.21.t.0.t.95.t,32463,120,true,32470,end,32488
at,161.21.t.0.t.95.t,0,120,32463
at,161.21.t.0.t.95.t,1,119,32465
at,161.21.t.0.t.95.t,2,118,32467
at,161.21.t.0.t.95.t,3,117,32469
at,161.21.t.0.t,96,121,32470
at,161.21.t.0.t,97,120,32472
at,161.21.t.0.t,98,119,32474
at,161.21.t.0.t,99,118,32475
at,161.21.t.0.t,100,117,32477
at,161.21.t.0.t,101,116,32479
at,161.21.t,1,218,32480
at,161,22,220,32481
at,161,23,219,32483
at,161,24,218,32485
at,161,25,217,32487
162,code,32488,33105,32493,32490
162,0,612,32493
162,1,611,32495
162,2,610,32497
162,3,609,32499
162,4,608,32501
162,5,607,32503
162,6,606,32505
162,7,605,32506
162,8,604,32517
162,9,603,32519
162,10,602,32521
162,11,601,32523
162,12,600,32525
162,13,599,32527
162,14,598,32529
162,15,597,32530
162,16,596,32541
162,17,595,32542
162,18,594,32594
162,19,593,32596
162,20,592,32598
162,21,591,32600
162,22,590,32601
162,23,589,32609
162,24,588,32611
162,25,587,32612
162,26,586,32613
162,27,585,32737
162,28,584,32739
162,29,583,32741
162,30,582,32743
162,31,581,32744
162,32,580,32752
162,33,579,32754
162,34,578,32755
162,35,577,32756
162,36,576,33096
162,37,575,33098
162,38,574,33100
162,39,573,33102
162,40,572,33104
seq,162,32493,612,false,33105,end,33105
at,162,0,612,32493
at,162,1,611,32495
at,162,2,610,32497
at,162,3,609,32499
at,162,4,608,32501
at,162,5,607,32503
at,162,6,606,32505
at,162,7,605,32506
seq,162.7.t,32508,603,true,32511,otherwise,33105
at,162.7.t,0,603,32508
at,162.7.t,1,602,32510
seq,162.7.e,32511,603,false,32517,end,33105
at,162.7.e,0,603,32511
at,162.7.e,1,602,32513
at,162.7.e,2,601,32515
at,162.7.e,3,600,32516
at,162,8,604,32517
at,162,9,603,32519
at,162,10,602,32521
at,162,11,601,32523
at,162,12,600,32525
at,162,13,599,32527
at,162,14,598,32529
at,162,15,597,32530
seq,162.15.t,32532,595,true,32535,otherwise,33105
at,162.15.t,0,595,32532
at,162.15.t,1,594,32534
seq,162.15.e,32535,595,false,32541,end,33105
at,162.15.e,0,595,32535
at,162.15.e,1,594,32537
at,162.15.e,2,593,32539
at,162.15.e,3,592,32540
at,162,16,596,32541
at,162,17,595,32542
seq,162.17.t,32544,593,true,32569,otherwise,33105
at,162.17.t,0,593,32544
at,162.17.t,1,592,32546
at,162.17.t,2,591,32548
at,162.17.t,3,590,32550
at,162.17.t,4,589,32552
at,162.17.t,5,588,32554
at,162.17.t,6,587,32556
at,162.17.t,7,586,32557
seq,162.17.t.7.t,32559,584,true,32562,otherwise,33105
at,162.17.t.7.t,0,584,32559
at,162.17.t.7.t,1,583,32561
seq,162.17.t.7.e,32562,584,false,32568,end,33105
at,162.17.t.7.e,0,584,32562
at,162.17.t.7.e,1,583,32564
at,162.17.t.7.e,2,582,32566
at,162.17.t.7.e,3,581,32567
at,162.17.t,8,585,32568
seq,162.17.e,32569,593,false,32594,end,33105
at,162.17.e,0,593,32569
at,162.17.e,1,592,32571
at,162.17.e,2,591,32573
at,162.17.e,3,590,32575
at,162.17.e,4,589,32577
at,162.17.e,5,588,32579
at,162.17.e,6,587,32581
at,162.17.e,7,586,32582
seq,162.17.e.7.t,32584,584,true,32587,otherwise,33105
at,162.17.e.7.t,0,584,32584
at,162.17.e.7.t,1,583,32586
seq,162.17.e.7.e,32587,584,false,32593,end,33105
at,162.17.e.7.e,0,584,32587
at,162.17.e.7.e,1,583,32589
at,162.17.e.7.e,2,582,32591
at,162.17.e.7.e,3,581,32592
at,162.17.e,8,585,32593
at,162,18,594,32594
at,162,19,593,32596
at,162,20,592,32598
at,162,21,591,32600
at,162,22,590,32601
seq,162.22.t,32603,588,true,32606,otherwise,33105
at,162.22.t,0,588,32603
at,162.22.t,1,587,32605
seq,162.22.e,32606,588,false,32609,end,33105
at,162.22.e,0,588,32606
at,162.22.e,1,587,32608
at,162,23,589,32609
at,162,24,588,32611
at,162,25,587,32612
at,162,26,586,32613
seq,162.26.t,32615,584,true,32676,otherwise,33105
at,162.26.t,0,584,32615
at,162.26.t,1,583,32617
at,162.26.t,2,582,32619
at,162.26.t,3,581,32621
at,162.26.t,4,580,32623
at,162.26.t,5,579,32625
at,162.26.t,6,578,32627
at,162.26.t,7,577,32628
seq,162.26.t.7.t,32630,575,true,32633,otherwise,33105
at,162.26.t.7.t,0,575,32630
at,162.26.t.7.t,1,574,32632
seq,162.26.t.7.e,32633,575,false,32652,end,33105
at,162.26.t.7.e,0,575,32633
at,162.26.t.7.e,1,574,32635
at,162.26.t.7.e,2,573,32637
at,162.26.t.7.e,3,572,32638
at,162.26.t.7.e,4,571,32640
at,162.26.t.7.e,5,570,32641
seq,162.26.t.7.e.5.t,32643,568,true,32645,otherwise,33105
at,162.26.t.7.e.5.t,0,568,32643
at,162.26.t.7.e.5.t,1,567,32644
seq,162.26.t.7.e.5.e,32645,568,false,32651,end,33105
at,162.26.t.7.e.5.e,0,568,32645
at,162.26.t.7.e.5.e,1,567,32647
at,162.26.t.7.e.5.e,2,566,32649
at,162.26.t.7.e.5.e,3,565,32650
at,162.26.t.7.e,6,569,32651
at,162.26.t,8,576,32652
at,162.26.t,9,575,32654
at,162.26.t,10,574,32656
at,162.26.t,11,573,32658
at,162.26.t,12,572,32660
at,162.26.t,13,571,32662
at,162.26.t,14,570,32663
at,162.26.t,15,569,32665
at,162.26.t,16,568,32667
at,162.26.t,17,567,32668
seq,162.26.t.17.t,32670,565,true,32672,otherwise,33105
at,162.26.t.17.t,0,565,32670
at,162.26.t.17.t,1,564,32671
seq,162.26.t.17.e,32672,565,false,32675,end,33105
at,162.26.t.17.e,0,565,32672
at,162.26.t.17.e,1,564,32674
at,162.26.t,18,566,32675
seq,162.26.e,32676,584,false,32737,end,33105
at,162.26.e,0,584,32676
at,162.26.e,1,583,32678
at,162.26.e,2,582,32680
at,162.26.e,3,581,32682
at,162.26.e,4,580,32684
at,162.26.e,5,579,32686
at,162.26.e,6,578,32688
at,162.26.e,7,577,32689
seq,162.26.e.7.t,32691,575,true,32694,otherwise,33105
at,162.26.e.7.t,0,575,32691
at,162.26.e.7.t,1,574,32693
seq,162.26.e.7.e,32694,575,false,32713,end,33105
at,162.26.e.7.e,0,575,32694
at,162.26.e.7.e,1,574,32696
at,162.26.e.7.e,2,573,32698
at,162.26.e.7.e,3,572,32699
at,162.26.e.7.e,4,571,32701
at,162.26.e.7.e,5,570,32702
seq,162.26.e.7.e.5.t,32704,568,true,32706,otherwise,33105
at,162.26.e.7.e.5.t,0,568,32704
at,162.26.e.7.e.5.t,1,567,32705
seq,162.26.e.7.e.5.e,32706,568,false,32712,end,33105
at,162.26.e.7.e.5.e,0,568,32706
at,162.26.e.7.e.5.e,1,567,32708
at,162.26.e.7.e.5.e,2,566,32710
at,162.26.e.7.e.5.e,3,565,32711
at,162.26.e.7.e,6,569,32712
at,162.26.e,8,576,32713
at,162.26.e,9,575,32715
at,162.26.e,10,574,32717
at,162.26.e,11,573,32719
at,162.26.e,12,572,32721
at,162.26.e,13,571,32723
at,162.26.e,14,570,32724
at,162.26.e,15,569,32726
at,162.26.e,16,568,32728
at,162.26.e,17,567,32729
seq,162.26.e.17.t,32731,565,true,32733,otherwise,33105
at,162.26.e.17.t,0,565,32731
at,162.26.e.17.t,1,564,32732
seq,162.26.e.17.e,32733,565,false,32736,end,33105
at,162.26.e.17.e,0,565,32733
at,162.26.e.17.e,1,564,32735
at,162.26.e,18,566,32736
at,162,27,585,32737
at,162,28,584,32739
at,162,29,583,32741
at,162,30,582,32743
at,162,31,581,32744
seq,162.31.t,32746,579,true,32749,otherwise,33105
at,162.31.t,0,579,32746
at,162.31.t,1,578,32748
seq,162.31.e,32749,579,false,32752,end,33105
at,162.31.e,0,579,32749
at,162.31.e,1,578,32751
at,162,32,580,32752
at,162,33,579,32754
at,162,34,578,32755
at,162,35,577,32756
seq,162.35.t,32758,575,true,32927,otherwise,33105
at,162.35.t,0,575,32758
at,162.35.t,1,574,32760
at,162.35.t,2,573,32762
at,162.35.t,3,572,32764
at,162.35.t,4,571,32766
at,162.35.t,5,570,32768
at,162.35.t,6,569,32770
at,162.35.t,7,568,32771
at,162.35.t,8,567,32774
at,162.35.t,9,566,32775
seq,162.35.t.9.t,32777,564,true,32796,otherwise,33105
at,162.35.t.9.t,0,564,32777
at,162.35.t.9.t,1,563,32779
at,162.35.t.9.t,2,562,32781
at,162.35.t.9.t,3,561,32783
at,162.35.t.9.t,4,560,32784
at,162.35.t.9.t,5,559,32786
at,162.35.t.9.t,6,558,32787
at,162.35.t.9.t,7,557,32789
at,162.35.t.9.t,8,556,32790
at,162.35.t.9.t,9,555,32791
at,162.35.t.9.t,10,554,32792
at,162.35.t.9.t,11,553,32795
seq,162.35.t.9.e,32796,564,false,32798,end,33105
at,162.35.t.9.e,0,564,32796
at,162.35.t.9.e,1,563,32797
at,162.35.t,10,565,32798
at,162.35.t,11,564,32800
at,162.35.t,12,563,32802
at,162.35.t,13,562,32804
at,162.35.t,14,561,32806
at,162.35.t,15,560,32808
at,162.35.t,16,559,32810
at,162.35.t,17,558,32812
at,162.35.t,18,557,32813
at,162.35.t,19,556,32816
at,162.35.t,20,555,32817
seq,162.35.t.20.t,32819,553,true,32838,otherwise,33105
at,162.35.t.20.t,0,553,32819
at,162.35.t.20.t,1,552,32821
at,162.35.t.20.t,2,551,32823
at,162.35.t.20.t,3,550,32825
at,162.35.t.20.t,4,549,32826
at,162.35.t.20.t,5,548,32828
at,162.35.t.20.t,6,547,32829
at,162.35.t.20.t,7,546,32831
at,162.35.t.20.t,8,545,32832
at,162.35.t.20.t,9,544,32833
at,162.35.t.20.t,10,543,32834
at,162.35.t.20.t,11,542,32837
seq,162.35.t.20.e,32838,553,false,32840,end,33105
at,162.35.t.20.e,0,553,32838
at,162.35.t.20.e,1,552,32839
at,162.35.t,21,554,32840
at,162.35.t,22,553,32842
at,162.35.t,23,552,32844
at,162.35.t,24,551,32846
at,162.35.t,25,550,32848
at,162.35.t,26,549,32850
at,162.35.t,27,548,32852
at,162.35.t,28,547,32854
at,162.35.t,29,546,32855
at,162.35.t,30,545,32858
at,162.35.t,31,544,32859
seq,162.35.t.31.t,32861,542,true,32880,otherwise,33105
at,162.35.t.31.t,0,542,32861
at,162.35.t.31.t,1,541,32863
at,162.35.t.31.t,2,540,32865
at,162.35.t.31.t,3,539,32867
at,162.35.t.31.t,4,538,32868
at,162.35.t.31.t,5,537,32870
at,162.35.t.31.t,6,536,32871
at,162.35.t.31.t,7,535,32873
at,162.35.t.31.t,8,534,32874
at,162.35.t.31.t,9,533,32875
at,162.35.t.31.t,10,532,32876
at,162.35.t.31.t,11,531,32879
seq,162.35.t.31.e,32880,542,false,32882,end,33105
at,162.35.t.31.e,0,542,32880
at,162.35.t.31.e,1,541,32881
at,162.35.t,32,543,32882
at,162.35.t,33,542,32884
at,162.35.t,34,541,32886
at,162.35.t,35,540,32888
at,162.35.t,36,539,32890
at,162.35.t,37,538,32892
at,162.35.t,38,537,32894
at,162.35.t,39,536,32896
at,162.35.t,40,535,32897
at,162.35.t,41,534,32900
at,162.35.t,42,533,32901
seq,162.35.t.42.t,32903,531,true,32922,otherwise,33105
at,162.35.t.42.t,0,531,32903
at,162.35.t.42.t,1,530,32905
at,162.35.t.42.t,2,529,32907
at,162.35.t.42.t,3,528,32909
at,162.35.t.42.t,4,527,32910
at,162.35.t.42.t,5,526,32912
at,162.35.t.42.t,6,525,32913
at,162.35.t.42.t,7,524,32915
at,162.35.t.42.t,8,523,32916
at,162.35.t.42.t,9,522,32917
at,162.35.t.42.t,10,521,32918
at,162.35.t.42.t,11,520,32921
seq,162.35.t.42.e,32922,531,false,32924,end,33105
at,162.35.t.42.e,0,531,32922
at,162.35.t.42.e,1,530,32923
at,162.35.t,43,532,32924
at,162.35.t,44,531,32926
seq,162.35.e,32927,575,false,33096,end,33105
at,162.35.e,0,575,32927
at,162.35.e,1,574,32929
at,162.35.e,2,573,32931
at,162.35.e,3,572,32933
at,162.35.e,4,571,32935
at,162.35.e,5,570,32937
at,162.35.e,6,569,32939
at,162.35.e,7,568,32940
at,162.35.e,8,567,32943
at,162.35.e,9,566,32944
seq,162.35.e.9.t,32946,564,true,32965,otherwise,33105
at,162.35.e.9.t,0,564,32946
at,162.35.e.9.t,1,563,32948
at,162.35.e.9.t,2,562,32950
at,162.35.e.9.t,3,561,32952
at,162.35.e.9.t,4,560,32953
at,162.35.e.9.t,5,559,32955
at,162.35.e.9.t,6,558,32956
at,162.35.e.9.t,7,557,32958
at,162.35.e.9.t,8,556,32959
at,162.35.e.9.t,9,555,32960
at,162.35.e.9.t,10,554,32961
at,162.35.e.9.t,11,553,32964
seq,162.35.e.9.e,32965,564,false,32967,end,33105
at,162.35.e.9.e,0,564,32965
at,162.35.e.9.e,1,563,32966
at,162.35.e,10,565,32967
at,162.35.e,11,564,32969
at,162.35.e,12,563,32971
at,162.35.e,13,562,32973
at,162.35.e,14,561,32975
at,162.35.e,15,560,32977
at,162.35.e,16,559,32979
at,162.35.e,17,558,32981
at,162.35.e,18,557,32982
at,162.35.e,19,556,32985
at,162.35.e,20,555,32986
seq,162.35.e.20.t,32988,553,true,33007,otherwise,33105
at,162.35.e.20.t,0,553,32988
at,162.35.e.20.t,1,552,32990
at,162.35.e.20.t,2,551,32992
at,162.35.e.20.t,3,550,32994
at,162.35.e.20.t,4,549,32995
at,162.35.e.20.t,5,548,32997
at,162.35.e.20.t,6,547,32998
at,162.35.e.20.t,7,546,33000
at,162.35.e.20.t,8,545,33001
at,162.35.e.20.t,9,544,33002
at,162.35.e.20.t,10,543,33003
at,162.35.e.20.t,11,542,33006
seq,162.35.e.20.e,33007,553,false,33009,end,33105
at,162.35.e.20.e,0,553,33007
at,162.35.e.20.e,1,552,33008
at,162.35.e,21,554,33009
at,162.35.e,22,553,33011
at,162.35.e,23,552,33013
at,162.35.e,24,551,33015
at,162.35.e,25,550,33017
at,162.35.e,26,549,33019
at,162.35.e,27,548,33021
at,162.35.e,28,547,33023
at,162.35.e,29,546,33024
at,162.35.e,30,545,33027
at,162.35.e,31,544,33028
seq,162.35.e.31.t,33030,542,true,33049,otherwise,33105
at,162.35.e.31.t,0,542,33030
at,162.35.e.31.t,1,541,33032
at,162.35.e.31.t,2,540,33034
at,162.35.e.31.t,3,539,33036
at,162.35.e.31.t,4,538,33037
at,162.35.e.31.t,5,537,33039
at,162.35.e.31.t,6,536,33040
at,162.35.e.31.t,7,535,33042
at,162.35.e.31.t,8,534,33043
at,162.35.e.31.t,9,533,33044
at,162.35.e.31.t,10,532,33045
at,162.35.e.31.t,11,531,33048
seq,162.35.e.31.e,33049,542,false,33051,end,33105
at,162.35.e.31.e,0,542,33049
at,162.35.e.31.e,1,541,33050
at,162.35.e,32,543,33051
at,162.35.e,33,542,33053
at,162.35.e,34,541,33055
at,162.35.e,35,540,33057
at,162.35.e,36,539,33059
at,162.35.e,37,538,33061
at,162.35.e,38,537,33063
at,162.35.e,39,536,33065
at,162.35.e,40,535,33066
at,162.35.e,41,534,33069
at,162.35.e,42,533,33070
seq,162.35.e.42.t,33072,531,true,33091,otherwise,33105
at,162.35.e.42.t,0,531,33072
at,162.35.e.42.t,1,530,33074
at,162.35.e.42.t,2,529,33076
at,162.35.e.42.t,3,528,33078
at,162.35.e.42.t,4,527,33079
at,162.35.e.42.t,5,526,33081
at,162.35.e.42.t,6,525,33082
at,162.35.e.42.t,7,524,33084
at,162.35.e.42.t,8,523,33085
at,162.35.e.42.t,9,522,33086
at,162.35.e.42.t,10,521,33087
at,162.35.e.42.t,11,520,33090
seq,162.35.e.42.e,33091,531,false,33093,end,33105
at,162.35.e.42.e,0,531,33091
at,162.35.e.42.e,1,530,33092
at,162.35.e,43,532,33093
at,162.35.e,44,531,33095
at,162,36,576,33096
at,162,37,575,33098
at,162,38,574,33100
at,162,39,573,33102
at,162,40,572,33104
163,code,33105,33252,33110,33107
163,0,142,33110
163,1,141,33112
163,2,140,33114
163,3,139,33115
163,4,138,33123
163,5,137,33125
163,6,136,33126
163,7,135,33127
163,8,134,33227
163,9,133,33229
163,10,132,33231
163,11,131,33233
163,12,130,33235
163,13,129,33237
163,14,128,33239
163,15,127,33241
163,16,126,33243
163,17,125,33245
163,18,124,33247
163,19,123,33249
163,20,122,33251
seq,163,33110,142,false,33252,end,33252
at,163,0,142,33110
at,163,1,141,33112
at,163,2,140,33114
at,163,3,139,33115
seq,163.3.t,33117,137,true,33120,otherwise,33252
at,163.3.t,0,137,33117
at,163.3.t,1,136,33119
seq,163.3.e,33120,137,false,33123,end,33252
at,163.3.e,0,137,33120
at,163.3.e,1,136,33122
at,163,4,138,33123
at,163,5,137,33125
at,163,6,136,33126
at,163,7,135,33127
seq,163.7.t,33129,133,true,33178,otherwise,33252
at,163.7.t,0,133,33129
at,163.7.t,1,132,33131
at,163.7.t,2,131,33133
at,163.7.t,3,130,33135
at,163.7.t,4,129,33137
at,163.7.t,5,128,33139
at,163.7.t,6,127,33141
at,163.7.t,7,126,33143
at,163.7.t,8,125,33145
at,163.7.t,9,124,33147
at,163.7.t,10,123,33149
at,163.7.t,11,122,33151
at,163.7.t,12,121,33153
at,163.7.t,13,120,33155
at,163.7.t,14,119,33157
at,163.7.t,15,118,33159
at,163.7.t,16,117,33161
at,163.7.t,17,116,33163
at,163.7.t,18,115,33165
at,163.7.t,19,114,33167
at,163.7.t,20,113,33169
at,163.7.t,21,112,33171
at,163.7.t,22,111,33173
at,163.7.t,23,110,33175
at,163.7.t,24,109,33177
seq,163.7.e,33178,133,false,33227,end,33252
at,163.7.e,0,133,33178
at,163.7.e,1,132,33180
at,163.7.e,2,131,33182
at,163.7.e,3,130,33184
at,163.7.e,4,129,33186
at,163.7.e,5,128,33188
at,163.7.e,6,127,33190
at,163.7.e,7,126,33192
at,163.7.e,8,125,33194
at,163.7.e,9,124,33196
at,163.7.e,10,123,33198
at,163.7.e,11,122,33200
at,163.7.e,12,121,33202
at,163.7.e,13,120,33204
at,163.7.e,14,119,33206
at,163.7.e,15,118,33208
at,163.7.e,16,117,33210
at,163.7.e,17,116,33212
at,163.7.e,18,115,33214
at,163.7.e,19,114,33216
at,163.7.e,20,113,33218
at,163.7.e,21,112,33220
at,163.7.e,22,111,33222
at,163.7.e,23,110,33224
at,163.7.e,24,109,33226
at,163,8,134,33227
at,163,9,133,33229
at,163,10,132,33231
at,163,11,131,33233
at,163,12,130,33235
at,163,13,129,33237
at,163,14,128,33239
at,163,15,127,33241
at,163,16,126,33243
at,163,17,125,33245
at,163,18,124,33247
at,163,19,123,33249
at,163,20,122,33251
164,code,33252,33518,33257,33254
164,0,261,33257
164,1,260,33259
164,2,259,33261
164,3,258,33262
164,4,257,33270
164,5,256,33272
164,6,255,33273
164,7,254,33281
164,8,253,33283
164,9,252,33284
164,10,251,33285
164,11,250,33511
164,12,249,33513
164,13,248,33515
164,14,247,33517
seq,164,33257,261,false,33518,end,33518
at,164,0,261,33257
at,164,1,260,33259
at,164,2,259,33261
at,164,3,258,33262
seq,164.3.t,33264,256,true,33267,otherwise,33518
at,164.3.t,0,256,33264
at,164.3.t,1,255,33266
seq,164.3.e,33267,256,false,33270,end,33518
at,164.3.e,0,256,33267
at,164.3.e,1,255,33269
at,164,4,257,33270
at,164,5,256,33272
at,164,6,255,33273
seq,164.6.t,33275,253,true,33278,otherwise,33518
at,164.6.t,0,253,33275
at,164.6.t,1,252,33277
seq,164.6.e,33278,253,false,33281,end,33518
at,164.6.e,0,253,33278
at,164.6.e,1,252,33280
at,164,7,254,33281
at,164,8,253,33283
at,164,9,252,33284
at,164,10,251,33285
seq,164.10.t,33287,249,true,33490,otherwise,33518
at,164.10.t,0,249,33287
at,164.10.t,1,248,33289
at,164.10.t,2,247,33300
at,164.10.t,3,246,33301
seq,164.10.t.3.t,33303,244,true,33396,otherwise,33518
at,164.10.t.3.t,0,244,33303
at,164.10.t.3.t,1,243,33305
at,164.10.t.3.t,2,242,33307
at,164.10.t.3.t,3,241,33309
at,164.10.t.3.t,4,240,33311
at,164.10.t.3.t,5,239,33313
at,164.10.t.3.t,6,238,33315
at,164.10.t.3.t,7,237,33317
at,164.10.t.3.t,8,236,33319
at,164.10.t.3.t,9,235,33321
at,164.10.t.3.t,10,234,33323
at,164.10.t.3.t,11,233,33325
at,164.10.t.3.t,12,232,33327
at,164.10.t.3.t,13,231,33329
at,164.10.t.3.t,14,230,33331
at,164.10.t.3.t,15,229,33333
at,164.10.t.3.t,16,228,33335
at,164.10.t.3.t,17,227,33337
at,164.10.t.3.t,18,226,33339
at,164.10.t.3.t,19,225,33341
at,164.10.t.3.t,20,224,33343
at,164.10.t.3.t,21,223,33345
at,164.10.t.3.t,22,222,33347
at,164.10.t.3.t,23,221,33349
at,164.10.t.3.t,24,220,33351
at,164.10.t.3.t,25,219,33353
at,164.10.t.3.t,26,218,33355
at,164.10.t.3.t,27,217,33357
at,164.10.t.3.t,28,216,33359
at,164.10.t.3.t,29,215,33361
at,164.10.t.3.t,30,214,33363
at,164.10.t.3.t,31,213,33365
at,164.10.t.3.t,32,212,33367
at,164.10.t.3.t,33,211,33369
at,164.10.t.3.t,34,210,33371
at,164.10.t.3.t,35,209,33373
at,164.10.t.3.t,36,208,33375
at,164.10.t.3.t,37,207,33377
at,164.10.t.3.t,38,206,33379
at,164.10.t.3.t,39,205,33381
at,164.10.t.3.t,40,204,33383
at,164.10.t.3.t,41,203,33385
at,164.10.t.3.t,42,202,33387
at,164.10.t.3.t,43,201,33389
at,164.10.t.3.t,44,200,33391
at,164.10.t.3.t,45,199,33393
at,164.10.t.3.t,46,198,33395
seq,164.10.t.3.e,33396,244,false,33489,end,33518
at,164.10.t.3.e,0,244,33396
at,164.10.t.3.e,1,243,33398
at,164.10.t.3.e,2,242,33400
at,164.10.t.3.e,3,241,33402
at,164.10.t.3.e,4,240,33404
at,164.10.t.3.e,5,239,33406
at,164.10.t.3.e,6,238,33408
at,164.10.t.3.e,7,237,33410
at,164.10.t.3.e,8,236,33412
at,164.10.t.3.e,9,235,33414
at,164.10.t.3.e,10,234,33416
at,164.10.t.3.e,11,233,33418
at,164.10.t.3.e,12,232,33420
at,164.10.t.3.e,13,231,33422
at,164.10.t.3.e,14,230,33424
at,164.10.t.3.e,15,229,33426
at,164.10.t.3.e,16,228,33428
at,164.10.t.3.e,17,227,33430
at,164.10.t.3.e,18,226,33432
at,164.10.t.3.e,19,225,33434
at,164.10.t.3.e,20,224,33436
at,164.10.t.3.e,21,223,33438
at,164.10.t.3.e,22,222,33440
at,164.10.t.3.e,23,221,33442
at,164.10.t.3.e,24,220,33444
at,164.10.t.3.e,25,219,33446
at,164.10.t.3.e,26,218,33448
at,164.10.t.3.e,27,217,33450
at,164.10.t.3.e,28,216,33452
at,164.10.t.3.e,29,215,33454
at,164.10.t.3.e,30,214,33456
at,164.10.t.3.e,31,213,33458
at,164.10.t.3.e,32,212,33460
at,164.10.t.3.e,33,211,33462
at,164.10.t.3.e,34,210,33464
at,164.10.t.3.e,35,209,33466
at,164.10.t.3.e,36,208,33468
at,164.10.t.3.e,37,207,33470
at,164.10.t.3.e,38,206,33472
at,164.10.t.3.e,39,205,33474
at,164.10.t.3.e,40,204,33476
at,164.10.t.3.e,41,203,33478
at,164.10.t.3.e,42,202,33480
at,164.10.t.3.e,43,201,33482
at,164.10.t.3.e,44,200,33484
at,164.10.t.3.e,45,199,33486
at,164.10.t.3.e,46,198,33488
at,164.10.t,4,245,33489
seq,164.10.e,33490,249,false,33511,end,33518
at,164.10.e,0,249,33490
at,164.10.e,1,248,33492
at,164.10.e,2,247,33494
at,164.10.e,3,246,33496
at,164.10.e,4,245,33498
at,164.10.e,5,244,33500
at,164.10.e,6,243,33502
at,164.10.e,7,242,33504
at,164.10.e,8,241,33506
at,164.10.e,9,240,33508
at,164.10.e,10,239,33510
at,164,11,250,33511
at,164,12,249,33513
at,164,13,248,33515
at,164,14,247,33517
165,code,33518,33709,33523,33520
165,0,186,33523
165,1,185,33525
165,2,184,33527
165,3,183,33528
165,4,182,33536
165,5,181,33538
165,6,180,33539
165,7,179,33540
165,8,178,33563
165,9,177,33571
165,10,176,33573
165,11,175,33574
165,12,174,33582
165,13,173,33584
165,14,172,33585
165,15,171,33586
165,16,170,33702
165,17,169,33704
165,18,168,33706
165,19,167,33708
seq,165,33523,186,false,33709,end,33709
at,165,0,186,33523
at,165,1,185,33525
at,165,2,184,33527
at,165,3,183,33528
seq,165.3.t,33530,181,true,33533,otherwise,33709
at,165.3.t,0,181,33530
at,165.3.t,1,180,33532
seq,165.3.e,33533,181,false,33536,end,33709
at,165.3.e,0,181,33533
at,165.3.e,1,180,33535
at,165,4,182,33536
at,165,5,181,33538
at,165,6,180,33539
at,165,7,179,33540
seq,165.7.t,33542,177,true,33560,otherwise,33709
at,165.7.t,0,177,33542
at,165.7.t,1,176,33544
at,165.7.t,2,175,33546
at,165.7.t,3,174,33547
seq,165.7.t.3.t,33549,172,true,33552,otherwise,33709
at,165.7.t.3.t,0,172,33549
at,165.7.t.3.t,1,171,33551
seq,165.7.t.3.e,33552,172,false,33555,end,33709
at,165.7.t.3.e,0,172,33552
at,165.7.t.3.e,1,171,33554
at,165.7.t,4,173,33555
at,165.7.t,5,172,33557
at,165.7.t,6,171,33558
at,165.7.t,7,170,33559
seq,165.7.e,33560,177,false,33563,end,33709
at,165.7.e,0,177,33560
at,165.7.e,1,176,33562
at,165,8,178,33563
seq,165.8.t,33565,176,true,33568,otherwise,33709
at,165.8.t,0,176,33565
at,165.8.t,1,175,33567
seq,165.8.e,33568,176,false,33571,end,33709
at,165.8.e,0,176,33568
at,165.8.e,1,175,33570
at,165,9,177,33571
at,165,10,176,33573
at,165,11,175,33574
seq,165.11.t,33576,173,true,33579,otherwise,33709
at,165.11.t,0,173,33576
at,165.11.t,1,172,33578
seq,165.11.e,33579,173,false,33582,end,33709
at,165.11.e,0,173,33579
at,165.11.e,1,172,33581
at,165,12,174,33582
at,165,13,173,33584
at,165,14,172,33585
at,165,15,171,33586
seq,165.15.t,33588,169,true,33681,otherwise,33709
at,165.15.t,0,169,33588
at,165.15.t,1,168,33590
at,165.15.t,2,167,33592
at,165.15.t,3,166,33594
at,165.15.t,4,165,33596
at,165.15.t,5,164,33598
at,165.15.t,6,163,33600
at,165.15.t,7,162,33602
at,165.15.t,8,161,33604
at,165.15.t,9,160,33606
at,165.15.t,10,159,33608
at,165.15.t,11,158,33610
at,165.15.t,12,157,33612
at,165.15.t,13,156,33614
at,165.15.t,14,155,33616
at,165.15.t,15,154,33618
at,165.15.t,16,153,33620
at,165.15.t,17,152,33622
at,165.15.t,18,151,33624
at,165.15.t,19,150,33626
at,165.15.t,20,149,33628
at,165.15.t,21,148,33630
at,165.15.t,22,147,33632
at,165.15.t,23,146,33634
at,165.15.t,24,145,33636
at,165.15.t,25,144,33638
at,165.15.t,26,143,33640
at,165.15.t,27,142,33642
at,165.15.t,28,141,33644
at,165.15.t,29,140,33646
at,165.15.t,30,139,33648
at,165.15.t,31,138,33650
at,165.15.t,32,137,33652
at,165.15.t,33,136,33654
at,165.15.t,34,135,33656
at,165.15.t,35,134,33658
at,165.15.t,36,133,33660
at,165.15.t,37,132,33662
at,165.15.t,38,131,33664
at,165.15.t,39,130,33666
at,165.15.t,40,129,33668
at,165.15.t,41,128,33670
at,165.15.t,42,127,33672
at,165.15.t,43,126,33674
at,165.15.t,44,125,33676
at,165.15.t,45,124,33678
at,165.15.t,46,123,33680
seq,165.15.e,33681,169,false,33702,end,33709
at,165.15.e,0,169,33681
at,165.15.e,1,168,33683
at,165.15.e,2,167,33685
at,165.15.e,3,166,33687
at,165.15.e,4,165,33689
at,165.15.e,5,164,33691
at,165.15.e,6,163,33693
at,165.15.e,7,162,33695
at,165.15.e,8,161,33697
at,165.15.e,9,160,33699
at,165.15.e,10,159,33701
at,165,16,170,33702
at,165,17,169,33704
at,165,18,168,33706
at,165,19,167,33708
166,code,33709,34110,33714,33711
166,0,396,33714
166,1,395,33716
166,2,394,33718
166,3,393,33720
166,4,392,33722
166,5,391,33724
166,6,390,33726
166,7,389,33728
166,8,388,33730
166,9,387,33732
166,10,386,33734
166,11,385,33736
166,12,384,33738
166,13,383,33740
166,14,382,33742
166,15,381,33744
166,16,380,33746
166,17,379,33748
166,18,378,33750
166,19,377,33752
166,20,376,33755
166,21,375,33757
166,22,374,33759
166,23,373,33761
166,24,372,33763
166,25,371,33765
166,26,370,33767
166,27,369,33769
166,28,368,33771
166,29,367,33773
166,30,366,33775
166,31,365,33777
166,32,364,33779
166,33,363,33781
166,34,362,33783
166,35,361,33785
166,36,360,33787
166,37,359,33789
166,38,358,33791
166,39,357,33793
166,40,356,33795
166,41,355,33797
166,42,354,33799
166,43,353,33801
166,44,352,33803
166,45,351,33805
166,46,350,33807
166,47,349,33809
166,48,348,33811
166,49,347,33814
166,50,346,33816
166,51,345,33818
166,52,344,33820
166,53,343,33822
166,54,342,33824
166,55,341,33826
166,56,340,33828
166,57,339,33830
166,58,338,33832
166,59,337,33834
166,60,336,33836
166,61,335,33838
166,62,334,33840
166,63,333,33842
166,64,332,33844
166,65,331,33846
166,66,330,33848
166,67,329,33850
166,68,328,33852
166,69,327,33854
166,70,326,33856
166,71,325,33858
166,72,324,33860
166,73,323,33862
166,74,322,33864
166,75,321,33866
166,76,320,33868
166,77,319,33870
166,78,318,33872
166,79,317,33874
166,80,316,33876
166,81,315,33878
166,82,314,33880
166,83,313,33882
166,84,312,33884
166,85,311,33886
166,86,310,33888
166,87,309,33890
166,88,308,33892
166,89,307,33894
166,90,306,33896
166,91,305,33898
166,92,304,33900
166,93,303,33902
166,94,302,33904
166,95,301,33906
166,96,300,33908
166,97,299,33918
166,98,298,33920
166,99,297,33922
166,100,296,33924
166,101,295,33926
166,102,294,33928
166,103,293,33931
166,104,292,33933
166,105,291,33935
166,106,290,33937
166,107,289,33939
166,108,288,33941
166,109,287,33943
166,110,286,33945
166,111,285,33947
166,112,284,33949
166,113,283,33951
166,114,282,33953
166,115,281,33955
166,116,280,33957
166,117,279,33959
166,118,278,33961
166,119,277,33963
166,120,276,33965
166,121,275,33967
166,122,274,33969
166,123,273,33971
166,124,272,33973
166,125,271,33975
166,126,270,33977
166,127,269,33979
166,128,268,33981
166,129,267,33983
166,130,266,33985
166,131,265,33987
166,132,264,33989
166,133,263,33991
166,134,262,33993
166,135,261,33995
166,136,260,33997
166,137,259,33999
166,138,258,34002
166,139,257,34004
166,140,256,34006
166,141,255,34008
166,142,254,34010
166,143,253,34012
166,144,252,34014
166,145,251,34016
166,146,250,34018
166,147,249,34020
166,148,248,34031
166,149,247,34033
166,150,246,34035
166,151,245,34037
166,152,244,34039
166,153,243,34041
166,154,242,34044
166,155,241,34046
166,156,240,34048
166,157,239,34050
166,158,238,34052
166,159,237,34054
166,160,236,34056
166,161,235,34058
166,162,234,34060
166,163,233,34062
166,164,232,34073
166,165,231,34075
166,166,230,34077
166,167,229,34079
166,168,228,34081
166,169,227,34083
166,170,226,34085
166,171,225,34087
166,172,224,34089
166,173,223,34091
166,174,222,34093
166,175,221,34095
166,176,220,34097
166,177,219,34099
166,178,218,34101
166,179,217,34103
166,180,216,34105
166,181,215,34107
166,182,214,34109
seq,166,33714,396,false,34110,end,34110
at,166,0,396,33714
at,166,1,395,33716
at,166,2,394,33718
at,166,3,393,33720
at,166,4,392,33722
at,166,5,391,33724
at,166,6,390,33726
at,166,7,389,33728
at,166,8,388,33730
at,166,9,387,33732
at,166,10,386,33734
at,166,11,385,33736
at,166,12,384,33738
at,166,13,383,33740
at,166,14,382,33742
at,166,15,381,33744
at,166,16,380,33746
at,166,17,379,33748
at,166,18,378,33750
at,166,19,377,33752
at,166,20,376,33755
at,166,21,375,33757
at,166,22,374,33759
at,166,23,373,33761
at,166,24,372,33763
at,166,25,371,33765
at,166,26,370,33767
at,166,27,369,33769
at,166,28,368,33771
at,166,29,367,33773
at,166,30,366,33775
at,166,31,365,33777
at,166,32,364,33779
at,166,33,363,33781
at,166,34,362,33783
at,166,35,361,33785
at,166,36,360,33787
at,166,37,359,33789
at,166,38,358,33791
at,166,39,357,33793
at,166,40,356,33795
at,166,41,355,33797
at,166,42,354,33799
at,166,43,353,33801
at,166,44,352,33803
at,166,45,351,33805
at,166,46,350,33807
at,166,47,349,33809
at,166,48,348,33811
at,166,49,347,33814
at,166,50,346,33816
at,166,51,345,33818
at,166,52,344,33820
at,166,53,343,33822
at,166,54,342,33824
at,166,55,341,33826
at,166,56,340,33828
at,166,57,339,33830
at,166,58,338,33832
at,166,59,337,33834
at,166,60,336,33836
at,166,61,335,33838
at,166,62,334,33840
at,166,63,333,33842
at,166,64,332,33844
at,166,65,331,33846
at,166,66,330,33848
at,166,67,329,33850
at,166,68,328,33852
at,166,69,327,33854
at,166,70,326,33856
at,166,71,325,33858
at,166,72,324,33860
at,166,73,323,33862
at,166,74,322,33864
at,166,75,321,33866
at,166,76,320,33868
at,166,77,319,33870
at,166,78,318,33872
at,166,79,317,33874
at,166,80,316,33876
at,166,81,315,33878
at,166,82,314,33880
at,166,83,313,33882
at,166,84,312,33884
at,166,85,311,33886
at,166,86,310,33888
at,166,87,309,33890
at,166,88,308,33892
at,166,89,307,33894
at,166,90,306,33896
at,166,91,305,33898
at,166,92,304,33900
at,166,93,303,33902
at,166,94,302,33904
at,166,95,301,33906
at,166,96,300,33908
at,166,97,299,33918
at,166,98,298,33920
at,166,99,297,33922
at,166,100,296,33924
at,166,101,295,33926
at,166,102,294,33928
at,166,103,293,33931
at,166,104,292,33933
at,166,105,291,33935
at,166,106,290,33937
at,166,107,289,33939
at,166,108,288,33941
at,166,109,287,33943
at,166,110,286,33945
at,166,111,285,33947
at,166,112,284,33949
at,166,113,283,33951
at,166,114,282,33953
at,166,115,281,33955
at,166,116,280,33957
at,166,117,279,33959
at,166,118,278,33961
at,166,119,277,33963
at,166,120,276,33965
at,166,121,275,33967
at,166,122,274,33969
at,166,123,273,33971
at,166,124,272,33973
at,166,125,271,33975
at,166,126,270,33977
at,166,127,269,33979
at,166,128,268,33981
at,166,129,267,33983
at,166,130,266,33985
at,166,131,265,33987
at,166,132,264,33989
at,166,133,263,33991
at,166,134,262,33993
at,166,135,261,33995
at,166,136,260,33997
at,166,137,259,33999
at,166,138,258,34002
at,166,139,257,34004
at,166,140,256,34006
at,166,141,255,34008
at,166,142,254,34010
at,166,143,253,34012
at,166,144,252,34014
at,166,145,251,34016
at,166,146,250,34018
at,166,147,249,34020
at,166,148,248,34031
at,166,149,247,34033
at,166,150,246,34035
at,166,151,245,34037
at,166,152,244,34039
at,166,153,243,34041
at,166,154,242,34044
at,166,155,241,34046
at,166,156,240,34048
at,166,157,239,34050
at,166,158,238,34052
at,166,159,237,34054
at,166,160,236,34056
at,166,161,235,34058
at,166,162,234,34060
at,166,163,233,34062
at,166,164,232,34073
at,166,165,231,34075
at,166,166,230,34077
at,166,167,229,34079
at,166,168,228,34081
at,166,169,227,34083
at,166,170,226,34085
at,166,171,225,34087
at,166,172,224,34089
at,166,173,223,34091
at,166,174,222,34093
at,166,175,221,34095
at,166,176,220,34097
at,166,177,219,34099
at,166,178,218,34101
at,166,179,217,34103
at,166,180,216,34105
at,166,181,215,34107
at,166,182,214,34109
167,code,34110,34572,34115,34112
167,0,457,34115
167,1,456,34117
167,2,455,34119
167,3,454,34121
167,4,453,34123
167,5,452,34125
167,6,451,34127
167,7,450,34129
167,8,449,34131
167,9,448,34133
167,10,447,34135
167,11,446,34137
167,12,445,34139
167,13,444,34142
167,14,443,34144
167,15,442,34146
167,16,441,34148
167,17,440,34150
167,18,439,34152
167,19,438,34154
167,20,437,34156
167,21,436,34158
167,22,435,34160
167,23,434,34162
167,24,433,34164
167,25,432,34166
167,26,431,34168
167,27,430,34170
167,28,429,34172
167,29,428,34174
167,30,427,34176
167,31,426,34178
167,32,425,34180
167,33,424,34182
167,34,423,34184
167,35,422,34186
167,36,421,34188
167,37,420,34190
167,38,419,34192
167,39,418,34194
167,40,417,34196
167,41,416,34198
167,42,415,34200
167,43,414,34202
167,44,413,34204
167,45,412,34206
167,46,411,34208
167,47,410,34210
167,48,409,34212
167,49,408,34214
167,50,407,34216
167,51,406,34218
167,52,405,34220
167,53,404,34222
167,54,403,34224
167,55,402,34227
167,56,401,34229
167,57,400,34231
167,58,399,34233
167,59,398,34235
167,60,397,34237
167,61,396,34239
167,62,395,34241
167,63,394,34243
167,64,393,34245
167,65,392,34247
167,66,391,34249
167,67,390,34251
167,68,389,34253
167,69,388,34255
167,70,387,34257
167,71,386,34259
167,72,385,34261
167,73,384,34263
167,74,383,34265
167,75,382,34267
167,76,381,34269
167,77,380,34271
167,78,379,34273
167,79,378,34275
167,80,377,34277
167,81,376,34279
167,82,375,34281
167,83,374,34283
167,84,373,34285
167,85,372,34287
167,86,371,34289
167,87,370,34291
167,88,369,34293
167,89,368,34295
167,90,367,34297
167,91,366,34299
167,92,365,34301
167,93,364,34303
167,94,363,34305
167,95,362,34307
167,96,361,34309
167,97,360,34311
167,98,359,34313
167,99,358,34315
167,100,357,34317
167,101,356,34319
167,102,355,34321
167,103,354,34323
167,104,353,34325
167,105,352,34327
167,106,351,34329
167,107,350,34331
167,108,349,34333
167,109,348,34335
167,110,347,34337
167,111,346,34339
167,112,345,34341
167,113,344,34343
167,114,343,34345
167,115,342,34347
167,116,341,34349
167,117,340,34351
167,118,339,34353
167,119,338,34355
167,120,337,34357
167,121,336,34359
167,122,335,34362
167,123,334,34364
167,124,333,34366
167,125,332,34368
167,126,331,34370
167,127,330,34372
167,128,329,34374
167,129,328,34376
167,130,327,34378
167,131,326,34380
167,132,325,34382
167,133,324,34384
167,134,323,34386
167,135,322,34388
167,136,321,34390
167,137,320,34392
167,138,319,34394
167,139,318,34396
167,140,317,34398
167,141,316,34400
167,142,315,34402
167,143,314,34404
167,144,313,34406
167,145,312,34408
167,146,311,34410
167,147,310,34412
167,148,309,34414
167,149,308,34416
167,150,307,34418
167,151,306,34420
167,152,305,34422
167,153,304,34424
167,154,303,34426
167,155,302,34428
167,156,301,34430
167,157,300,34432
167,158,299,34434
167,159,298,34436
167,160,297,34438
167,161,296,34440
167,162,295,34442
167,163,294,34444
167,164,293,34446
167,165,292,34448
167,166,291,34450
167,167,290,34452
167,168,289,34454
167,169,288,34456
167,170,287,34458
167,171,286,34460
167,172,285,34462
167,173,284,34464
167,174,283,34466
167,175,282,34468
167,176,281,34470
167,177,280,34472
167,178,279,34474
167,179,278,34476
167,180,277,34478
167,181,276,34480
167,182,275,34482
167,183,274,34484
167,184,273,34486
167,185,272,34488
167,186,271,34490
167,187,270,34492
167,188,269,34494
167,189,268,34497
167,190,267,34499
167,191,266,34501
167,192,265,34503
167,193,264,34505
167,194,263,34507
167,195,262,34509
167,196,261,34511
167,197,260,34513
167,198,259,34515
167,199,258,34517
167,200,257,34519
167,201,256,34521
167,202,255,34523
167,203,254,34525
167,204,253,34527
167,205,252,34529
167,206,251,34531
167,207,250,34533
167,208,249,34535
167,209,248,34537
167,210,247,34539
167,211,246,34541
167,212,245,34543
167,213,244,34545
167,214,243,34547
167,215,242,34549
167,216,241,34551
167,217,240,34553
167,218,239,34555
167,219,238,34557
167,220,237,34559
167,221,236,34561
167,222,235,34563
167,223,234,34565
167,224,233,34567
167,225,232,34569
167,226,231,34571
seq,167,34115,457,false,34572,end,34572
at,167,0,457,34115
at,167,1,456,34117
at,167,2,455,34119
at,167,3,454,34121
at,167,4,453,34123
at,167,5,452,34125
at,167,6,451,34127
at,167,7,450,34129
at,167,8,449,34131
at,167,9,448,34133
at,167,10,447,34135
at,167,11,446,34137
at,167,12,445,34139
at,167,13,444,34142
at,167,14,443,34144
at,167,15,442,34146
at,167,16,441,34148
at,167,17,440,34150
at,167,18,439,34152
at,167,19,438,34154
at,167,20,437,34156
at,167,21,436,34158
at,167,22,435,34160
at,167,23,434,34162
at,167,24,433,34164
at,167,25,432,34166
at,167,26,431,34168
at,167,27,430,34170
at,167,28,429,34172
at,167,29,428,34174
at,167,30,427,34176
at,167,31,426,34178
at,167,32,425,34180
at,167,33,424,34182
at,167,34,423,34184
at,167,35,422,34186
at,167,36,421,34188
at,167,37,420,34190
at,167,38,419,34192
at,167,39,418,34194
at,167,40,417,34196
at,167,41,416,34198
at,167,42,415,34200
at,167,43,414,34202
at,167,44,413,34204
at,167,45,412,34206
at,167,46,411,34208
at,167,47,410,34210
at,167,48,409,34212
at,167,49,408,34214
at,167,50,407,34216
at,167,51,406,34218
at,167,52,405,34220
at,167,53,404,34222
at,167,54,403,34224
at,167,55,402,34227
at,167,56,401,34229
at,167,57,400,34231
at,167,58,399,34233
at,167,59,398,34235
at,167,60,397,34237
at,167,61,396,34239
at,167,62,395,34241
at,167,63,394,34243
at,167,64,393,34245
at,167,65,392,34247
at,167,66,391,34249
at,167,67,390,34251
at,167,68,389,34253
at,167,69,388,34255
at,167,70,387,34257
at,167,71,386,34259
at,167,72,385,34261
at,167,73,384,34263
at,167,74,383,34265
at,167,75,382,34267
at,167,76,381,34269
at,167,77,380,34271
at,167,78,379,34273
at,167,79,378,34275
at,167,80,377,34277
at,167,81,376,34279
at,167,82,375,34281
at,167,83,374,34283
at,167,84,373,34285
at,167,85,372,34287
at,167,86,371,34289
at,167,87,370,34291
at,167,88,369,34293
at,167,89,368,34295
at,167,90,367,34297
at,167,91,366,34299
at,167,92,365,34301
at,167,93,364,34303
at,167,94,363,34305
at,167,95,362,34307
at,167,96,361,34309
at,167,97,360,34311
at,167,98,359,34313
at,167,99,358,34315
at,167,100,357,34317
at,167,101,356,34319
at,167,102,355,34321
at,167,103,354,34323
at,167,104,353,34325
at,167,105,352,34327
at,167,106,351,34329
at,167,107,350,34331
at,167,108,349,34333
at,167,109,348,34335
at,167,110,347,34337
at,167,111,346,34339
at,167,112,345,34341
at,167,113,344,34343
at,167,114,343,34345
at,167,115,342,34347
at,167,116,341,34349
at,167,117,340,34351
at,167,118,339,34353
at,167,119,338,34355
at,167,120,337,34357
at,167,121,336,34359
at,167,122,335,34362
at,167,123,334,34364
at,167,124,333,34366
at,167,125,332,34368
at,167,126,331,34370
at,167,127,330,34372
at,167,128,329,34374
at,167,129,328,34376
at,167,130,327,34378
at,167,131,326,34380
at,167,132,325,34382
at,167,133,324,34384
at,167,134,323,34386
at,167,135,322,34388
at,167,136,321,34390
at,167,137,320,34392
at,167,138,319,34394
at,167,139,318,34396
at,167,140,317,34398
at,167,141,316,34400
at,167,142,315,34402
at,167,143,314,34404
at,167,144,313,34406
at,167,145,312,34408
at,167,146,311,34410
at,167,147,310,34412
at,167,148,309,34414
at,167,149,308,34416
at,167,150,307,34418
at,167,151,306,34420
at,167,152,305,34422
at,167,153,304,34424
at,167,154,303,34426
at,167,155,302,34428
at,167,156,301,34430
at,167,157,300,34432
at,167,158,299,34434
at,167,159,298,34436
at,167,160,297,34438
at,167,161,296,34440
at,167,162,295,34442
at,167,163,294,34444
at,167,164,293,34446
at,167,165,292,34448
at,167,166,291,34450
at,167,167,290,34452
at,167,168,289,34454
at,167,169,288,34456
at,167,170,287,34458
at,167,171,286,34460
at,167,172,285,34462
at,167,173,284,34464
at,167,174,283,34466
at,167,175,282,34468
at,167,176,281,34470
at,167,177,280,34472
at,167,178,279,34474
at,167,179,278,34476
at,167,180,277,34478
at,167,181,276,34480
at,167,182,275,34482
at,167,183,274,34484
at,167,184,273,34486
at,167,185,272,34488
at,167,186,271,34490
at,167,187,270,34492
at,167,188,269,34494
at,167,189,268,34497
at,167,190,267,34499
at,167,191,266,34501
at,167,192,265,34503
at,167,193,264,34505
at,167,194,263,34507
at,167,195,262,34509
at,167,196,261,34511
at,167,197,260,34513
at,167,198,259,34515
at,167,199,258,34517
at,167,200,257,34519
at,167,201,256,34521
at,167,202,255,34523
at,167,203,254,34525
at,167,204,253,34527
at,167,205,252,34529
at,167,206,251,34531
at,167,207,250,34533
at,167,208,249,34535
at,167,209,248,34537
at,167,210,247,34539
at,167,211,246,34541
at,167,212,245,34543
at,167,213,244,34545
at,167,214,243,34547
at,167,215,242,34549
at,167,216,241,34551
at,167,217,240,34553
at,167,218,239,34555
at,167,219,238,34557
at,167,220,237,34559
at,167,221,236,34561
at,167,222,235,34563
at,167,223,234,34565
at,167,224,233,34567
at,167,225,232,34569
at,167,226,231,34571
168,code,34572,34897,34577,34574
168,0,320,34577
168,1,319,34579
168,2,318,34581
168,3,317,34583
168,4,316,34585
168,5,315,34587
168,6,314,34589
168,7,313,34591
168,8,312,34593
168,9,311,34595
168,10,310,34597
168,11,309,34599
168,12,308,34601
168,13,307,34603
168,14,306,34605
168,15,305,34607
168,16,304,34609
168,17,303,34611
168,18,302,34613
168,19,301,34615
168,20,300,34617
168,21,299,34619
168,22,298,34621
168,23,297,34623
168,24,296,34625
168,25,295,34627
168,26,294,34629
168,27,293,34631
168,28,292,34633
168,29,291,34643
168,30,290,34645
168,31,289,34647
168,32,288,34649
168,33,287,34651
168,34,286,34653
168,35,285,34656
168,36,284,34658
168,37,283,34660
168,38,282,34662
168,39,281,34664
168,40,280,34666
168,41,279,34668
168,42,278,34670
168,43,277,34672
168,44,276,34674
168,45,275,34676
168,46,274,34678
168,47,273,34680
168,48,272,34682
168,49,271,34684
168,50,270,34686
168,51,269,34688
168,52,268,34690
168,53,267,34692
168,54,266,34694
168,55,265,34696
168,56,264,34698
168,57,263,34700
168,58,262,34702
168,59,261,34704
168,60,260,34706
168,61,259,34708
168,62,258,34710
168,63,257,34712
168,64,256,34714
168,65,255,34716
168,66,254,34718
168,67,253,34720
168,68,252,34722
168,69,251,34724
168,70,250,34726
168,71,249,34728
168,72,248,34730
168,73,247,34732
168,74,246,34734
168,75,245,34736
168,76,244,34738
168,77,243,34741
168,78,242,34743
168,79,241,34745
168,80,240,34747
168,81,239,34749
168,82,238,34751
168,83,237,34753
168,84,236,34755
168,85,235,34757
168,86,234,34759
168,87,233,34761
168,88,232,34763
168,89,231,34765
168,90,230,34767
168,91,229,34769
168,92,228,34771
168,93,227,34774
168,94,226,34776
168,95,225,34778
168,96,224,34780
168,97,223,34782
168,98,222,34784
168,99,221,34786
168,100,220,34788
168,101,219,34790
168,102,218,34792
168,103,217,34802
168,104,216,34804
168,105,215,34806
168,106,214,34808
168,107,213,34810
168,108,212,34812
168,109,211,34815
168,110,210,34817
168,111,209,34819
168,112,208,34821
168,113,207,34823
168,114,206,34825
168,115,205,34827
168,116,204,34829
168,117,203,34831
168,118,202,34833
168,119,201,34835
168,120,200,34837
168,121,199,34839
168,122,198,34841
168,123,197,34843
168,124,196,34845
168,125,195,34847
168,126,194,34849
168,127,193,34851
168,128,192,34853
168,129,191,34855
168,130,190,34857
168,131,189,34859
168,132,188,34861
168,133,187,34863
168,134,186,34865
168,135,185,34867
168,136,184,34869
168,137,183,34872
168,138,182,34874
168,139,181,34876
168,140,180,34878
168,141,179,34880
168,142,178,34882
168,143,177,34884
168,144,176,34886
168,145,175,34888
168,146,174,34890
168,147,173,34892
168,148,172,34894
168,149,171,34896
seq,168,34577,320,false,34897,end,34897
at,168,0,320,34577
at,168,1,319,34579
at,168,2,318,34581
at,168,3,317,34583
at,168,4,316,34585
at,168,5,315,34587
at,168,6,314,34589
at,168,7,313,34591
at,168,8,312,34593
at,168,9,311,34595
at,168,10,310,34597
at,168,11,309,34599
at,168,12,308,34601
at,168,13,307,34603
at,168,14,306,34605
at,168,15,305,34607
at,168,16,304,34609
at,168,17,303,34611
at,168,18,302,34613
at,168,19,301,34615
at,168,20,300,34617
at,168,21,299,34619
at,168,22,298,34621
at,168,23,297,34623
at,168,24,296,34625
at,168,25,295,34627
at,168,26,294,34629
at,168,27,293,34631
at,168,28,292,34633
at,168,29,291,34643
at,168,30,290,34645
at,168,31,289,34647
at,168,32,288,34649
at,168,33,287,34651
at,168,34,286,34653
at,168,35,285,34656
at,168,36,284,34658
at,168,37,283,34660
at,168,38,282,34662
at,168,39,281,34664
at,168,40,280,34666
at,168,41,279,34668
at,168,42,278,34670
at,168,43,277,34672
at,168,44,276,34674
at,168,45,275,34676
at,168,46,274,34678
at,168,47,273,34680
at,168,48,272,34682
at,168,49,271,34684
at,168,50,270,34686
at,168,51,269,34688
at,168,52,268,34690
at,168,53,267,34692
at,168,54,266,34694
at,168,55,265,34696
at,168,56,264,34698
at,168,57,263,34700
at,168,58,262,34702
at,168,59,261,34704
at,168,60,260,34706
at,168,61,259,34708
at,168,62,258,34710
at,168,63,257,34712
at,168,64,256,34714
at,168,65,255,34716
at,168,66,254,34718
at,168,67,253,34720
at,168,68,252,34722
at,168,69,251,34724
at,168,70,250,34726
at,168,71,249,34728
at,168,72,248,34730
at,168,73,247,34732
at,168,74,246,34734
at,168,75,245,34736
at,168,76,244,34738
at,168,77,243,34741
at,168,78,242,34743
at,168,79,241,34745
at,168,80,240,34747
at,168,81,239,34749
at,168,82,238,34751
at,168,83,237,34753
at,168,84,236,34755
at,168,85,235,34757
at,168,86,234,34759
at,168,87,233,34761
at,168,88,232,34763
at,168,89,231,34765
at,168,90,230,34767
at,168,91,229,34769
at,168,92,228,34771
at,168,93,227,34774
at,168,94,226,34776
at,168,95,225,34778
at,168,96,224,34780
at,168,97,223,34782
at,168,98,222,34784
at,168,99,221,34786
at,168,100,220,34788
at,168,101,219,34790
at,168,102,218,34792
at,168,103,217,34802
at,168,104,216,34804
at,168,105,215,34806
at,168,106,214,34808
at,168,107,213,34810
at,168,108,212,34812
at,168,109,211,34815
at,168,110,210,34817
at,168,111,209,34819
at,168,112,208,34821
at,168,113,207,34823
at,168,114,206,34825
at,168,115,205,34827
at,168,116,204,34829
at,168,117,203,34831
at,168,118,202,34833
at,168,119,201,34835
at,168,120,200,34837
at,168,121,199,34839
at,168,122,198,34841
at,168,123,197,34843
at,168,124,196,34845
at,168,125,195,34847
at,168,126,194,34849
at,168,127,193,34851
at,168,128,192,34853
at,168,129,191,34855
at,168,130,190,34857
at,168,131,189,34859
at,168,132,188,34861
at,168,133,187,34863
at,168,134,186,34865
at,168,135,185,34867
at,168,136,184,34869
at,168,137,183,34872
at,168,138,182,34874
at,168,139,181,34876
at,168,140,180,34878
at,168,141,179,34880
at,168,142,178,34882
at,168,143,177,34884
at,168,144,176,34886
at,168,145,175,34888
at,168,146,174,34890
at,168,147,173,34892
at,168,148,172,34894
at,168,149,171,34896
169,code,34897,35425,34902,34899
169,0,523,34902
169,1,522,34904
169,2,521,34906
169,3,520,34908
169,4,519,34910
169,5,518,34912
169,6,517,34914
169,7,516,34916
169,8,515,34918
169,9,514,34920
169,10,513,34922
169,11,512,34924
169,12,511,34926
169,13,510,34929
169,14,509,34931
169,15,508,34933
169,16,507,34935
169,17,506,34937
169,18,505,34939
169,19,504,34941
169,20,503,34943
169,21,502,34945
169,22,501,34947
169,23,500,34949
169,24,499,34951
169,25,498,34953
169,26,497,34955
169,27,496,34957
169,28,495,34959
169,29,494,34961
169,30,493,34963
169,31,492,34965
169,32,491,34967
169,33,490,34969
169,34,489,34971
169,35,488,34973
169,36,487,34975
169,37,486,34977
169,38,485,34979
169,39,484,34981
169,40,483,34983
169,41,482,34985
169,42,481,34987
169,43,480,34989
169,44,479,34991
169,45,478,34993
169,46,477,34995
169,47,476,34997
169,48,475,34999
169,49,474,35001
169,50,473,35003
169,51,472,35005
169,52,471,35007
169,53,470,35009
169,54,469,35011
169,55,468,35013
169,56,467,35015
169,57,466,35017
169,58,465,35019
169,59,464,35021
169,60,463,35023
169,61,462,35025
169,62,461,35028
169,63,460,35030
169,64,459,35032
169,65,458,35034
169,66,457,35036
169,67,456,35038
169,68,455,35040
169,69,454,35042
169,70,453,35044
169,71,452,35046
169,72,451,35048
169,73,450,35050
169,74,449,35052
169,75,448,35054
169,76,447,35056
169,77,446,35058
169,78,445,35060
169,79,444,35062
169,80,443,35064
169,81,442,35066
169,82,441,35068
169,83,440,35070
169,84,439,35072
169,85,438,35074
169,86,437,35076
169,87,436,35078
169,88,435,35080
169,89,434,35082
169,90,433,35084
169,91,432,35086
169,92,431,35088
169,93,430,35090
169,94,429,35092
169,95,428,35094
169,96,427,35096
169,97,426,35098
169,98,425,35100
169,99,424,35102
169,100,423,35104
169,101,422,35106
169,102,421,35108
169,103,420,35110
169,104,419,35112
169,105,418,35114
169,106,417,35116
169,107,416,35118
169,108,415,35120
169,109,414,35122
169,110,413,35124
169,111,412,35126
169,112,411,35128
169,113,410,35130
169,114,409,35132
169,115,408,35134
169,116,407,35136
169,117,406,35138
169,118,405,35140
169,119,404,35142
169,120,403,35144
169,121,402,35146
169,122,401,35148
169,123,400,35150
169,124,399,35152
169,125,398,35154
169,126,397,35157
169,127,396,35159
169,128,395,35161
169,129,394,35163
169,130,393,35165
169,131,392,35167
169,132,391,35169
169,133,390,35171
169,134,389,35173
169,135,388,35175
169,136,387,35177
169,137,386,35179
169,138,385,35181
169,139,384,35183
169,140,383,35185
169,141,382,35187
169,142,381,35189
169,143,380,35191
169,144,379,35193
169,145,378,35195
169,146,377,35197
169,147,376,35199
169,148,375,35201
169,149,374,35203
169,150,373,35205
169,151,372,35207
169,152,371,35209
169,153,370,35211
169,154,369,35213
169,155,368,35215
169,156,367,35217
169,157,366,35219
169,158,365,35221
169,159,364,35223
169,160,363,35225
169,161,362,35227
169,162,361,35229
169,163,360,35232
169,164,359,35234
169,165,358,35236
169,166,357,35238
169,167,356,35240
169,168,355,35242
169,169,354,35244
169,170,353,35246
169,171,352,35248
169,172,351,35250
169,173,350,35252
169,174,349,35254
169,175,348,35256
169,176,347,35258
169,177,346,35260
169,178,345,35262
169,179,344,35264
169,180,343,35266
169,181,342,35268
169,182,341,35270
169,183,340,35272
169,184,339,35274
169,185,338,35276
169,186,337,35278
169,187,336,35280
169,188,335,35282
169,189,334,35284
169,190,333,35286
169,191,332,35288
169,192,331,35290
169,193,330,35292
169,194,329,35294
169,195,328,35296
169,196,327,35298
169,197,326,35300
169,198,325,35302
169,199,324,35304
169,200,323,35307
169,201,322,35309
169,202,321,35311
169,203,320,35313
169,204,319,35315
169,205,318,35317
169,206,317,35319
169,207,316,35321
169,208,315,35323
169,209,314,35325
169,210,313,35327
169,211,312,35329
169,212,311,35331
169,213,310,35333
169,214,309,35335
169,215,308,35337
169,216,307,35339
169,217,306,35341
169,218,305,35343
169,219,304,35345
169,220,303,35347
169,221,302,35349
169,222,301,35351
169,223,300,35353
169,224,299,35355
169,225,298,35357
169,226,297,35359
169,227,296,35361
169,228,295,35363
169,229,294,35365
169,230,293,35367
169,231,292,35369
169,232,291,35371
169,233,290,35373
169,234,289,35375
169,235,288,35377
169,236,287,35379
169,237,286,35382
169,238,285,35384
169,239,284,35386
169,240,283,35388
169,241,282,35390
169,242,281,35392
169,243,280,35394
169,244,279,35396
169,245,278,35398
169,246,277,35400
169,247,276,35402
169,248,275,35404
169,249,274,35406
169,250,273,35408
169,251,272,35410
169,252,271,35412
169,253,270,35414
169,254,269,35416
169,255,268,35418
169,256,267,35420
169,257,266,35422
169,258,265,35424
seq,169,34902,523,false,35425,end,35425
at,169,0,523,34902
at,169,1,522,34904
at,169,2,521,34906
at,169,3,520,34908
at,169,4,519,34910
at,169,5,518,34912
at,169,6,517,34914
at,169,7,516,34916
at,169,8,515,34918
at,169,9,514,34920
at,169,10,513,34922
at,169,11,512,34924
at,169,12,511,34926
at,169,13,510,34929
at,169,14,509,34931
at,169,15,508,34933
at,169,16,507,34935
at,169,17,506,34937
at,169,18,505,34939
at,169,19,504,34941
at,169,20,503,34943
at,169,21,502,34945
at,169,22,501,34947
at,169,23,500,34949
at,169,24,499,34951
at,169,25,498,34953
at,169,26,497,34955
at,169,27,496,34957
at,169,28,495,34959
at,169,29,494,34961
at,169,30,493,34963
at,169,31,492,34965
at,169,32,491,34967
at,169,33,490,34969
at,169,34,489,34971
at,169,35,488,34973
at,169,36,487,34975
at,169,37,486,34977
at,169,38,485,34979
at,169,39,484,34981
at,169,40,483,34983
at,169,41,482,34985
at,169,42,481,34987
at,169,43,480,34989
at,169,44,479,34991
at,169,45,478,34993
at,169,46,477,34995
at,169,47,476,34997
at,169,48,475,34999
at,169,49,474,35001
at,169,50,473,35003
at,169,51,472,35005
at,169,52,471,35007
at,169,53,470,35009
at,169,54,469,35011
at,169,55,468,35013
at,169,56,467,35015
at,169,57,466,35017
at,169,58,465,35019
at,169,59,464,35021
at,169,60,463,35023
at,169,61,462,35025
at,169,62,461,35028
at,169,63,460,35030
at,169,64,459,35032
at,169,65,458,35034
at,169,66,457,35036
at,169,67,456,35038
at,169,68,455,35040
at,169,69,454,35042
at,169,70,453,35044
at,169,71,452,35046
at,169,72,451,35048
at,169,73,450,35050
at,169,74,449,35052
at,169,75,448,35054
at,169,76,447,35056
at,169,77,446,35058
at,169,78,445,35060
at,169,79,444,35062
at,169,80,443,35064
at,169,81,442,35066
at,169,82,441,35068
at,169,83,440,35070
at,169,84,439,35072
at,169,85,438,35074
at,169,86,437,35076
at,169,87,436,35078
at,169,88,435,35080
at,169,89,434,35082
at,169,90,433,35084
at,169,91,432,35086
at,169,92,431,35088
at,169,93,430,35090
at,169,94,429,35092
at,169,95,428,35094
at,169,96,427,35096
at,169,97,426,35098
at,169,98,425,35100
at,169,99,424,35102
at,169,100,423,35104
at,169,101,422,35106
at,169,102,421,35108
at,169,103,420,35110
at,169,104,419,35112
at,169,105,418,35114
at,169,106,417,35116
at,169,107,416,35118
at,169,108,415,35120
at,169,109,414,35122
at,169,110,413,35124
at,169,111,412,35126
at,169,112,411,35128
at,169,113,410,35130
at,169,114,409,35132
at,169,115,408,35134
at,169,116,407,35136
at,169,117,406,35138
at,169,118,405,35140
at,169,119,404,35142
at,169,120,403,35144
at,169,121,402,35146
at,169,122,401,35148
at,169,123,400,35150
at,169,124,399,35152
at,169,125,398,35154
at,169,126,397,35157
at,169,127,396,35159
at,169,128,395,35161
at,169,129,394,35163
at,169,130,393,35165
at,169,131,392,35167
at,169,132,391,35169
at,169,133,390,35171
at,169,134,389,35173
at,169,135,388,35175
at,169,136,387,35177
at,169,137,386,35179
at,169,138,385,35181
at,169,139,384,35183
at,169,140,383,35185
at,169,141,382,35187
at,169,142,381,35189
at,169,143,380,35191
at,169,144,379,35193
at,169,145,378,35195
at,169,146,377,35197
at,169,147,376,35199
at,169,148,375,35201
at,169,149,374,35203
at,169,150,373,35205
at,169,151,372,35207
at,169,152,371,35209
at,169,153,370,35211
at,169,154,369,35213
at,169,155,368,35215
at,169,156,367,35217
at,169,157,366,35219
at,169,158,365,35221
at,169,159,364,35223
at,169,160,363,35225
at,169,161,362,35227
at,169,162,361,35229
at,169,163,360,35232
at,169,164,359,35234
at,169,165,358,35236
at,169,166,357,35238
at,169,167,356,35240
at,169,168,355,35242
at,169,169,354,35244
at,169,170,353,35246
at,169,171,352,35248
at,169,172,351,35250
at,169,173,350,35252
at,169,174,349,35254
at,169,175,348,35256
at,169,176,347,35258
at,169,177,346,35260
at,169,178,345,35262
at,169,179,344,35264
at,169,180,343,35266
at,169,181,342,35268
at,169,182,341,35270
at,169,183,340,35272
at,169,184,339,35274
at,169,185,338,35276
at,169,186,337,35278
at,169,187,336,35280
at,169,188,335,35282
at,169,189,334,35284
at,169,190,333,35286
at,169,191,332,35288
at,169,192,331,35290
at,169,193,330,35292
at,169,194,329,35294
at,169,195,328,35296
at,169,196,327,35298
at,169,197,326,35300
at,169,198,325,35302
at,169,199,324,35304
at,169,200,323,35307
at,169,201,322,35309
at,169,202,321,35311
at,169,203,320,35313
at,169,204,319,35315
at,169,205,318,35317
at,169,206,317,35319
at,169,207,316,35321
at,169,208,315,35323
at,169,209,314,35325
at,169,210,313,35327
at,169,211,312,35329
at,169,212,311,35331
at,169,213,310,35333
at,169,214,309,35335
at,169,215,308,35337
at,169,216,307,35339
at,169,217,306,35341
at,169,218,305,35343
at,169,219,304,35345
at,169,220,303,35347
at,169,221,302,35349
at,169,222,301,35351
at,169,223,300,35353
at,169,224,299,35355
at,169,225,298,35357
at,169,226,297,35359
at,169,227,296,35361
at,169,228,295,35363
at,169,229,294,35365
at,169,230,293,35367
at,169,231,292,35369
at,169,232,291,35371
at,169,233,290,35373
at,169,234,289,35375
at,169,235,288,35377
at,169,236,287,35379
at,169,237,286,35382
at,169,238,285,35384
at,169,239,284,35386
at,169,240,283,35388
at,169,241,282,35390
at,169,242,281,35392
at,169,243,280,35394
at,169,244,279,35396
at,169,245,278,35398
at,169,246,277,35400
at,169,247,276,35402
at,169,248,275,35404
at,169,249,274,35406
at,169,250,273,35408
at,169,251,272,35410
at,169,252,271,35412
at,169,253,270,35414
at,169,254,269,35416
at,169,255,268,35418
at,169,256,267,35420
at,169,257,266,35422
at,169,258,265,35424
170,code,35425,36453,35431,35427
170,0,1022,35431
170,1,1021,35433
170,2,1020,35435
170,3,1019,35437
170,4,1018,35439
170,5,1017,35441
170,6,1016,35443
170,7,1015,35445
170,8,1014,35447
170,9,1013,35449
170,10,1012,35451
170,11,1011,35453
170,12,1010,35455
170,13,1009,35457
170,14,1008,35459
170,15,1007,35461
170,16,1006,35463
170,17,1005,35465
170,18,1004,35467
170,19,1003,35470
170,20,1002,35472
170,21,1001,35474
170,22,1000,35476
170,23,999,35478
170,24,998,35480
170,25,997,35482
170,26,996,35484
170,27,995,35486
170,28,994,35488
170,29,993,35490
170,30,992,35492
170,31,991,35494
170,32,990,35496
170,33,989,35498
170,34,988,35500
170,35,987,35502
170,36,986,35504
170,37,985,35506
170,38,984,35508
170,39,983,35510
170,40,982,35512
170,41,981,35514
170,42,980,35516
170,43,979,35519
170,44,978,35521
170,45,977,35524
170,46,976,35527
170,47,975,35530
170,48,974,35531
170,49,973,35534
170,50,972,35537
170,51,971,35538
170,52,970,35546
170,53,969,35548
170,54,968,35550
170,55,967,35552
170,56,966,35554
170,57,965,35556
170,58,964,35558
170,59,963,35560
170,60,962,35563
170,61,961,35565
170,62,960,35567
170,63,959,35569
170,64,958,35571
170,65,957,35573
170,66,956,35575
170,67,955,35577
170,68,954,35579
170,69,953,35581
170,70,952,35583
170,71,951,35585
170,72,950,35587
170,73,949,35589
170,74,948,35591
170,75,947,35593
170,76,946,35595
170,77,945,35597
170,78,944,35599
170,79,943,35601
170,80,942,35603
170,81,941,35605
170,82,940,35607
170,83,939,35609
170,84,938,35612
170,85,937,35614
170,86,936,35617
170,87,935,35620
170,88,934,35623
170,89,933,35624
170,90,932,35627
170,91,931,35630
170,92,930,35631
170,93,929,35639
170,94,928,35641
170,95,927,35643
170,96,926,35645
170,97,925,35647
170,98,924,35649
170,99,923,35651
170,100,922,35653
170,101,921,35656
170,102,920,35658
170,103,919,35660
170,104,918,35662
170,105,917,35664
170,106,916,35666
170,107,915,35668
170,108,914,35670
170,109,913,35672
170,110,912,35674
170,111,911,35676
170,112,910,35678
170,113,909,35680
170,114,908,35682
170,115,907,35684
170,116,906,35686
170,117,905,35688
170,118,904,35690
170,119,903,35692
170,120,902,35694
170,121,901,35696
170,122,900,35698
170,123,899,35700
170,124,898,35702
170,125,897,35705
170,126,896,35707
170,127,895,35710
170,128,894,35713
170,129,893,35716
170,130,892,35717
170,131,891,35720
170,132,890,35723
170,133,889,35724
170,134,888,35732
170,135,887,35734
170,136,886,35736
170,137,885,35738
170,138,884,35740
170,139,883,35742
170,140,882,35744
170,141,881,35746
170,142,880,35749
170,143,879,35751
170,144,878,35753
170,145,877,35755
170,146,876,35757
170,147,875,35759
170,148,874,35761
170,149,873,35763
170,150,872,35765
170,151,871,35767
170,152,870,35769
170,153,869,35771
170,154,868,35773
170,155,867,35775
170,156,866,35777
170,157,865,35779
170,158,864,35781
170,159,863,35783
170,160,862,35785
170,161,861,35787
170,162,860,35789
170,163,859,35791
170,164,858,35793
170,165,857,35795
170,166,856,35797
170,167,855,35799
170,168,854,35801
170,169,853,35803
170,170,852,35805
170,171,851,35807
170,172,850,35809
170,173,849,35811
170,174,848,35813
170,175,847,35815
170,176,846,35817
170,177,845,35819
170,178,844,35821
170,179,843,35823
170,180,842,35825
170,181,841,35827
170,182,840,35829
170,183,839,35831
170,184,838,35833
170,185,837,35835
170,186,836,35837
170,187,835,35839
170,188,834,35841
170,189,833,35843
170,190,832,35845
170,191,831,35847
170,192,830,35849
170,193,829,35851
170,194,828,35853
170,195,827,35855
170,196,826,35857
170,197,825,35859
170,198,824,35861
170,199,823,35863
170,200,822,35865
170,201,821,35867
170,202,820,35869
170,203,819,35871
170,204,818,35873
170,205,817,35875
170,206,816,35877
170,207,815,35879
170,208,814,35881
170,209,813,35883
170,210,812,35885
170,211,811,35887
170,212,810,35889
170,213,809,35891
170,214,808,35893
170,215,807,35895
170,216,806,35897
170,217,805,35899
170,218,804,35901
170,219,803,35903
170,220,802,35905
170,221,801,35907
170,222,800,35909
170,223,799,35911
170,224,798,35913
170,225,797,35915
170,226,796,35917
170,227,795,35919
170,228,794,35921
170,229,793,35923
170,230,792,35925
170,231,791,35927
170,232,790,35929
170,233,789,35931
170,234,788,35933
170,235,787,35935
170,236,786,35937
170,237,785,35939
170,238,784,35941
170,239,783,35943
170,240,782,35945
170,241,781,35947
170,242,780,35949
170,243,779,35951
170,244,778,35953
170,245,777,35955
170,246,776,35957
170,247,775,35959
170,248,774,35961
170,249,773,35963
170,250,772,35965
170,251,771,35967
170,252,770,35969
170,253,769,35971
170,254,768,35973
170,255,767,35975
170,256,766,35977
170,257,765,35979
170,258,764,35981
170,259,763,35983
170,260,762,35985
170,261,761,35987
170,262,760,35989
170,263,759,35991
170,264,758,35993
170,265,757,35995
170,266,756,35997
170,267,755,35999
170,268,754,36001
170,269,753,36003
170,270,752,36005
170,271,751,36007
170,272,750,36009
170,273,749,36011
170,274,748,36013
170,275,747,36015
170,276,746,36017
170,277,745,36019
170,278,744,36021
170,279,743,36023
170,280,742,36025
170,281,741,36027
170,282,740,36029
170,283,739,36031
170,284,738,36033
170,285,737,36035
170,286,736,36037
170,287,735,36039
170,288,734,36041
170,289,733,36043
170,290,732,36045
170,291,731,36047
170,292,730,36049
170,293,729,36051
170,294,728,36053
170,295,727,36056
170,296,726,36059
170,297,725,36062
170,298,724,36065
170,299,723,36067
170,300,722,36069
170,301,721,36071
170,302,720,36074
170,303,719,36077
170,304,718,36079
170,305,717,36082
170,306,716,36085
170,307,715,36088
170,308,714,36090
170,309,713,36093
170,310,712,36095
170,311,711,36098
170,312,710,36100
170,313,709,36103
170,314,708,36105
170,315,707,36108
170,316,706,36110
170,317,705,36113
170,318,704,36115
170,319,703,36118
170,320,702,36120
170,321,701,36123
170,322,700,36125
170,323,699,36128
170,324,698,36131
170,325,697,36134
170,326,696,36137
170,327,695,36140
170,328,694,36143
170,329,693,36146
170,330,692,36149
170,331,691,36152
170,332,690,36155
170,333,689,36158
170,334,688,36161
170,335,687,36164
170,336,686,36167
170,337,685,36170
170,338,684,36173
170,339,683,36176
170,340,682,36179
170,341,681,36182
170,342,680,36185
170,343,679,36188
170,344,678,36191
170,345,677,36194
170,346,676,36197
170,347,675,36200
170,348,674,36203
170,349,673,36206
170,350,672,36209
170,351,671,36212
170,352,670,36215
170,353,669,36218
170,354,668,36221
170,355,667,36224
170,356,666,36227
170,357,665,36230
170,358,664,36233
170,359,663,36236
170,360,662,36239
170,361,661,36242
170,362,660,36245
170,363,659,36248
170,364,658,36251
170,365,657,36254
170,366,656,36257
170,367,655,36260
170,368,654,36263
170,369,653,36266
170,370,652,36269
170,371,651,36272
170,372,650,36275
170,373,649,36278
170,374,648,36281
170,375,647,36284
170,376,646,36287
170,377,645,36290
170,378,644,36293
170,379,643,36296
170,380,642,36299
170,381,641,36302
170,382,640,36305
170,383,639,36308
170,384,638,36311
170,385,637,36314
170,386,636,36317
170,387,635,36320
170,388,634,36323
170,389,633,36326
170,390,632,36329
170,391,631,36332
170,392,630,36335
170,393,629,36338
170,394,628,36341
170,395,627,36344
170,396,626,36347
170,397,625,36350
170,398,624,36353
170,399,623,36356
170,400,622,36359
170,401,621,36362
170,402,620,36365
170,403,619,36368
170,404,618,36371
170,405,617,36374
170,406,616,36377
170,407,615,36380
170,408,614,36383
170,409,613,36386
170,410,612,36389
170,411,611,36392
170,412,610,36395
170,413,609,36398
170,414,608,36401
170,415,607,36404
170,416,606,36407
170,417,605,36410
170,418,604,36413
170,419,603,36416
170,420,602,36419
170,421,601,36422
170,422,600,36425
170,423,599,36428
170,424,598,36431
170,425,597,36434
170,426,596,36437
170,427,595,36440
170,428,594,36443
170,429,593,36446
170,430,592,36449
170,431,591,36452
seq,170,35431,1022,false,36453,end,36453
at,170,0,1022,35431
at,170,1,1021,35433
at,170,2,1020,35435
at,170,3,1019,35437
at,170,4,1018,35439
at,170,5,1017,35441
at,170,6,1016,35443
at,170,7,1015,35445
at,170,8,1014,35447
at,170,9,1013,35449
at,170,10,1012,35451
at,170,11,1011,35453
at,170,12,1010,35455
at,170,13,1009,35457
at,170,14,1008,35459
at,170,15,1007,35461
at,170,16,1006,35463
at,170,17,1005,35465
at,170,18,1004,35467
at,170,19,1003,35470
at,170,20,1002,35472
at,170,21,1001,35474
at,170,22,1000,35476
at,170,23,999,35478
at,170,24,998,35480
at,170,25,997,35482
at,170,26,996,35484
at,170,27,995,35486
at,170,28,994,35488
at,170,29,993,35490
at,170,30,992,35492
at,170,31,991,35494
at,170,32,990,35496
at,170,33,989,35498
at,170,34,988,35500
at,170,35,987,35502
at,170,36,986,35504
at,170,37,985,35506
at,170,38,984,35508
at,170,39,983,35510
at,170,40,982,35512
at,170,41,981,35514
at,170,42,980,35516
at,170,43,979,35519
at,170,44,978,35521
at,170,45,977,35524
at,170,46,976,35527
at,170,47,975,35530
at,170,48,974,35531
at,170,49,973,35534
at,170,50,972,35537
at,170,51,971,35538
seq,170.51.t,35540,969,true,35542,otherwise,36453
at,170.51.t,0,969,35540
at,170.51.t,1,968,35541
seq,170.51.e,35542,969,false,35546,end,36453
at,170.51.e,0,969,35542
at,170.51.e,1,968,35545
at,170,52,970,35546
at,170,53,969,35548
at,170,54,968,35550
at,170,55,967,35552
at,170,56,966,35554
at,170,57,965,35556
at,170,58,964,35558
at,170,59,963,35560
at,170,60,962,35563
at,170,61,961,35565
at,170,62,960,35567
at,170,63,959,35569
at,170,64,958,35571
at,170,65,957,35573
at,170,66,956,35575
at,170,67,955,35577
at,170,68,954,35579
at,170,69,953,35581
at,170,70,952,35583
at,170,71,951,35585
at,170,72,950,35587
at,170,73,949,35589
at,170,74,948,35591
at,170,75,947,35593
at,170,76,946,35595
at,170,77,945,35597
at,170,78,944,35599
at,170,79,943,35601
at,170,80,942,35603
at,170,81,941,35605
at,170,82,940,35607
at,170,83,939,35609
at,170,84,938,35612
at,170,85,937,35614
at,170,86,936,35617
at,170,87,935,35620
at,170,88,934,35623
at,170,89,933,35624
at,170,90,932,35627
at,170,91,931,35630
at,170,92,930,35631
seq,170.92.t,35633,928,true,35635,otherwise,36453
at,170.92.t,0,928,35633
at,170.92.t,1,927,35634
seq,170.92.e,35635,928,false,35639,end,36453
at,170.92.e,0,928,35635
at,170.92.e,1,927,35638
at,170,93,929,35639
at,170,94,928,35641
at,170,95,927,35643
at,170,96,926,35645
at,170,97,925,35647
at,170,98,924,35649
at,170,99,923,35651
at,170,100,922,35653
at,170,101,921,35656
at,170,102,920,35658
at,170,103,919,35660
at,170,104,918,35662
at,170,105,917,35664
at,170,106,916,35666
at,170,107,915,35668
at,170,108,914,35670
at,170,109,913,35672
at,170,110,912,35674
at,170,111,911,35676
at,170,112,910,35678
at,170,113,909,35680
at,170,114,908,35682
at,170,115,907,35684
at,170,116,906,35686
at,170,117,905,35688
at,170,118,904,35690
at,170,119,903,35692
at,170,120,902,35694
at,170,121,901,35696
at,170,122,900,35698
at,170,123,899,35700
at,170,124,898,35702
at,170,125,897,35705
at,170,126,896,35707
at,170,127,895,35710
at,170,128,894,35713
at,170,129,893,35716
at,170,130,892,35717
at,170,131,891,35720
at,170,132,890,35723
at,170,133,889,35724
seq,170.133.t,35726,887,true,35728,otherwise,36453
at,170.133.t,0,887,35726
at,170.133.t,1,886,35727
seq,170.133.e,35728,887,false,35732,end,36453
at,170.133.e,0,887,35728
at,170.133.e,1,886,35731
at,170,134,888,35732
at,170,135,887,35734
at,170,136,886,35736
at,170,137,885,35738
at,170,138,884,35740
at,170,139,883,35742
at,170,140,882,35744
at,170,141,881,35746
at,170,142,880,35749
at,170,143,879,35751
at,170,144,878,35753
at,170,145,877,35755
at,170,146,876,35757
at,170,147,875,35759
at,170,148,874,35761
at,170,149,873,35763
at,170,150,872,35765
at,170,151,871,35767
at,170,152,870,35769
at,170,153,869,35771
at,170,154,868,35773
at,170,155,867,35775
at,170,156,866,35777
at,170,157,865,35779
at,170,158,864,35781
at,170,159,863,35783
at,170,160,862,35785
at,170,161,861,35787
at,170,162,860,35789
at,170,163,859,35791
at,170,164,858,35793
at,170,165,857,35795
at,170,166,856,35797
at,170,167,855,35799
at,170,168,854,35801
at,170,169,853,35803
at,170,170,852,35805
at,170,171,851,35807
at,170,172,850,35809
at,170,173,849,35811
at,170,174,848,35813
at,170,175,847,35815
at,170,176,846,35817
at,170,177,845,35819
at,170,178,844,35821
at,170,179,843,35823
at,170,180,842,35825
at,170,181,841,35827
at,170,182,840,35829
at,170,183,839,35831
at,170,184,838,35833
at,170,185,837,35835
at,170,186,836,35837
at,170,187,835,35839
at,170,188,834,35841
at,170,189,833,35843
at,170,190,832,35845
at,170,191,831,35847
at,170,192,830,35849
at,170,193,829,35851
at,170,194,828,35853
at,170,195,827,35855
at,170,196,826,35857
at,170,197,825,35859
at,170,198,824,35861
at,170,199,823,35863
at,170,200,822,35865
at,170,201,821,35867
at,170,202,820,35869
at,170,203,819,35871
at,170,204,818,35873
at,170,205,817,35875
at,170,206,816,35877
at,170,207,815,35879
at,170,208,814,35881
at,170,209,813,35883
at,170,210,812,35885
at,170,211,811,35887
at,170,212,810,35889
at,170,213,809,35891
at,170,214,808,35893
at,170,215,807,35895
at,170,216,806,35897
at,170,217,805,35899
at,170,218,804,35901
at,170,219,803,35903
at,170,220,802,35905
at,170,221,801,35907
at,170,222,800,35909
at,170,223,799,35911
at,170,224,798,35913
at,170,225,797,35915
at,170,226,796,35917
at,170,227,795,35919
at,170,228,794,35921
at,170,229,793,35923
at,170,230,792,35925
at,170,231,791,35927
at,170,232,790,35929
at,170,233,789,35931
at,170,234,788,35933
at,170,235,787,35935
at,170,236,786,35937
at,170,237,785,35939
at,170,238,784,35941
at,170,239,783,35943
at,170,240,782,35945
at,170,241,781,35947
at,170,242,780,35949
at,170,243,779,35951
at,170,244,778,35953
at,170,245,777,35955
at,170,246,776,35957
at,170,247,775,35959
at,170,248,774,35961
at,170,249,773,35963
at,170,250,772,35965
at,170,251,771,35967
at,170,252,770,35969
at,170,253,769,35971
at,170,254,768,35973
at,170,255,767,35975
at,170,256,766,35977
at,170,257,765,35979
at,170,258,764,35981
at,170,259,763,35983
at,170,260,762,35985
at,170,261,761,35987
at,170,262,760,35989
at,170,263,759,35991
at,170,264,758,35993
at,170,265,757,35995
at,170,266,756,35997
at,170,267,755,35999
at,170,268,754,36001
at,170,269,753,36003
at,170,270,752,36005
at,170,271,751,36007
at,170,272,750,36009
at,170,273,749,36011
at,170,274,748,36013
at,170,275,747,36015
at,170,276,746,36017
at,170,277,745,36019
at,170,278,744,36021
at,170,279,743,36023
at,170,280,742,36025
at,170,281,741,36027
at,170,282,740,36029
at,170,283,739,36031
at,170,284,738,36033
at,170,285,737,36035
at,170,286,736,36037
at,170,287,735,36039
at,170,288,734,36041
at,170,289,733,36043
at,170,290,732,36045
at,170,291,731,36047
at,170,292,730,36049
at,170,293,729,36051
at,170,294,728,36053
at,170,295,727,36056
at,170,296,726,36059
at,170,297,725,36062
at,170,298,724,36065
at,170,299,723,36067
at,170,300,722,36069
at,170,301,721,36071
at,170,302,720,36074
at,170,303,719,36077
at,170,304,718,36079
at,170,305,717,36082
at,170,306,716,36085
at,170,307,715,36088
at,170,308,714,36090
at,170,309,713,36093
at,170,310,712,36095
at,170,311,711,36098
at,170,312,710,36100
at,170,313,709,36103
at,170,314,708,36105
at,170,315,707,36108
at,170,316,706,36110
at,170,317,705,36113
at,170,318,704,36115
at,170,319,703,36118
at,170,320,702,36120
at,170,321,701,36123
at,170,322,700,36125
at,170,323,699,36128
at,170,324,698,36131
at,170,325,697,36134
at,170,326,696,36137
at,170,327,695,36140
at,170,328,694,36143
at,170,329,693,36146
at,170,330,692,36149
at,170,331,691,36152
at,170,332,690,36155
at,170,333,689,36158
at,170,334,688,36161
at,170,335,687,36164
at,170,336,686,36167
at,170,337,685,36170
at,170,338,684,36173
at,170,339,683,36176
at,170,340,682,36179
at,170,341,681,36182
at,170,342,680,36185
at,170,343,679,36188
at,170,344,678,36191
at,170,345,677,36194
at,170,346,676,36197
at,170,347,675,36200
at,170,348,674,36203
at,170,349,673,36206
at,170,350,672,36209
at,170,351,671,36212
at,170,352,670,36215
at,170,353,669,36218
at,170,354,668,36221
at,170,355,667,36224
at,170,356,666,36227
at,170,357,665,36230
at,170,358,664,36233
at,170,359,663,36236
at,170,360,662,36239
at,170,361,661,36242
at,170,362,660,36245
at,170,363,659,36248
at,170,364,658,36251
at,170,365,657,36254
at,170,366,656,36257
at,170,367,655,36260
at,170,368,654,36263
at,170,369,653,36266
at,170,370,652,36269
at,170,371,651,36272
at,170,372,650,36275
at,170,373,649,36278
at,170,374,648,36281
at,170,375,647,36284
at,170,376,646,36287
at,170,377,645,36290
at,170,378,644,36293
at,170,379,643,36296
at,170,380,642,36299
at,170,381,641,36302
at,170,382,640,36305
at,170,383,639,36308
at,170,384,638,36311
at,170,385,637,36314
at,170,386,636,36317
at,170,387,635,36320
at,170,388,634,36323
at,170,389,633,36326
at,170,390,632,36329
at,170,391,631,36332
at,170,392,630,36335
at,170,393,629,36338
at,170,394,628,36341
at,170,395,627,36344
at,170,396,626,36347
at,170,397,625,36350
at,170,398,624,36353
at,170,399,623,36356
at,170,400,622,36359
at,170,401,621,36362
at,170,402,620,36365
at,170,403,619,36368
at,170,404,618,36371
at,170,405,617,36374
at,170,406,616,36377
at,170,407,615,36380
at,170,408,614,36383
at,170,409,613,36386
at,170,410,612,36389
at,170,411,611,36392
at,170,412,610,36395
at,170,413,609,36398
at,170,414,608,36401
at,170,415,607,36404
at,170,416,606,36407
at,170,417,605,36410
at,170,418,604,36413
at,170,419,603,36416
at,170,420,602,36419
at,170,421,601,36422
at,170,422,600,36425
at,170,423,599,36428
at,170,424,598,36431
at,170,425,597,36434
at,170,426,596,36437
at,170,427,595,36440
at,170,428,594,36443
at,170,429,593,36446
at,170,430,592,36449
at,170,431,591,36452
171,code,36453,36759,36458,36455
171,0,301,36458
171,1,300,36460
171,2,299,36462
171,3,298,36464
171,4,297,36466
171,5,296,36468
171,6,295,36470
171,7,294,36472
171,8,293,36474
171,9,292,36476
171,10,291,36478
171,11,290,36480
171,12,289,36482
171,13,288,36484
171,14,287,36486
171,15,286,36488
171,16,285,36490
171,17,284,36492
171,18,283,36494
171,19,282,36497
171,20,281,36499
171,21,280,36501
171,22,279,36503
171,23,278,36505
171,24,277,36507
171,25,276,36509
171,26,275,36511
171,27,274,36513
171,28,273,36515
171,29,272,36517
171,30,271,36519
171,31,270,36521
171,32,269,36523
171,33,268,36525
171,34,267,36527
171,35,266,36529
171,36,265,36531
171,37,264,36533
171,38,263,36535
171,39,262,36537
171,40,261,36539
171,41,260,36541
171,42,259,36543
171,43,258,36545
171,44,257,36547
171,45,256,36549
171,46,255,36551
171,47,254,36554
171,48,253,36556
171,49,252,36558
171,50,251,36560
171,51,250,36562
171,52,249,36564
171,53,248,36566
171,54,247,36568
171,55,246,36570
171,56,245,36572
171,57,244,36574
171,58,243,36576
171,59,242,36578
171,60,241,36580
171,61,240,36582
171,62,239,36584
171,63,238,36586
171,64,237,36588
171,65,236,36590
171,66,235,36592
171,67,234,36594
171,68,233,36596
171,69,232,36598
171,70,231,36600
171,71,230,36602
171,72,229,36604
171,73,228,36606
171,74,227,36608
171,75,226,36611
171,76,225,36613
171,77,224,36615
171,78,223,36617
171,79,222,36619
171,80,221,36621
171,81,220,36623
171,82,219,36625
171,83,218,36627
171,84,217,36629
171,85,216,36631
171,86,215,36633
171,87,214,36635
171,88,213,36637
171,89,212,36639
171,90,211,36641
171,91,210,36643
171,92,209,36645
171,93,208,36647
171,94,207,36649
171,95,206,36651
171,96,205,36653
171,97,204,36655
171,98,203,36657
171,99,202,36659
171,100,201,36661
171,101,200,36663
171,102,199,36665
171,103,198,36668
171,104,197,36670
171,105,196,36672
171,106,195,36674
171,107,194,36676
171,108,193,36678
171,109,192,36680
171,110,191,36682
171,111,190,36684
171,112,189,36686
171,113,188,36688
171,114,187,36690
171,115,186,36692
171,116,185,36694
171,117,184,36696
171,118,183,36698
171,119,182,36700
171,120,181,36702
171,121,180,36704
171,122,179,36706
171,123,178,36708
171,124,177,36710
171,125,176,36712
171,126,175,36714
171,127,174,36716
171,128,173,36718
171,129,172,36720
171,130,171,36722
171,131,170,36724
171,132,169,36726
171,133,168,36728
171,134,167,36730
171,135,166,36732
171,136,165,36734
171,137,164,36736
171,138,163,36738
171,139,162,36740
171,140,161,36742
171,141,160,36744
171,142,159,36746
171,143,158,36748
171,144,157,36750
171,145,156,36752
171,146,155,36754
171,147,154,36756
171,148,153,36758
seq,171,36458,301,false,36759,end,36759
at,171,0,301,36458
at,171,1,300,36460
at,171,2,299,36462
at,171,3,298,36464
at,171,4,297,36466
at,171,5,296,36468
at,171,6,295,36470
at,171,7,294,36472
at,171,8,293,36474
at,171,9,292,36476
at,171,10,291,36478
at,171,11,290,36480
at,171,12,289,36482
at,171,13,288,36484
at,171,14,287,36486
at,171,15,286,36488
at,171,16,285,36490
at,171,17,284,36492
at,171,18,283,36494
at,171,19,282,36497
at,171,20,281,36499
at,171,21,280,36501
at,171,22,279,36503
at,171,23,278,36505
at,171,24,277,36507
at,171,25,276,36509
at,171,26,275,36511
at,171,27,274,36513
at,171,28,273,36515
at,171,29,272,36517
at,171,30,271,36519
at,171,31,270,36521
at,171,32,269,36523
at,171,33,268,36525
at,171,34,267,36527
at,171,35,266,36529
at,171,36,265,36531
at,171,37,264,36533
at,171,38,263,36535
at,171,39,262,36537
at,171,40,261,36539
at,171,41,260,36541
at,171,42,259,36543
at,171,43,258,36545
at,171,44,257,36547
at,171,45,256,36549
at,171,46,255,36551
at,171,47,254,36554
at,171,48,253,36556
at,171,49,252,36558
at,171,50,251,36560
at,171,51,250,36562
at,171,52,249,36564
at,171,53,248,36566
at,171,54,247,36568
at,171,55,246,36570
at,171,56,245,36572
at,171,57,244,36574
at,171,58,243,36576
at,171,59,242,36578
at,171,60,241,36580
at,171,61,240,36582
at,171,62,239,36584
at,171,63,238,36586
at,171,64,237,36588
at,171,65,236,36590
at,171,66,235,36592
at,171,67,234,36594
at,171,68,233,36596
at,171,69,232,36598
at,171,70,231,36600
at,171,71,230,36602
at,171,72,229,36604
at,171,73,228,36606
at,171,74,227,36608
at,171,75,226,36611
at,171,76,225,36613
at,171,77,224,36615
at,171,78,223,36617
at,171,79,222,36619
at,171,80,221,36621
at,171,81,220,36623
at,171,82,219,36625
at,171,83,218,36627
at,171,84,217,36629
at,171,85,216,36631
at,171,86,215,36633
at,171,87,214,36635
at,171,88,213,36637
at,171,89,212,36639
at,171,90,211,36641
at,171,91,210,36643
at,171,92,209,36645
at,171,93,208,36647
at,171,94,207,36649
at,171,95,206,36651
at,171,96,205,36653
at,171,97,204,36655
at,171,98,203,36657
at,171,99,202,36659
at,171,100,201,36661
at,171,101,200,36663
at,171,102,199,36665
at,171,103,198,36668
at,171,104,197,36670
at,171,105,196,36672
at,171,106,195,36674
at,171,107,194,36676
at,171,108,193,36678
at,171,109,192,36680
at,171,110,191,36682
at,171,111,190,36684
at,171,112,189,36686
at,171,113,188,36688
at,171,114,187,36690
at,171,115,186,36692
at,171,116,185,36694
at,171,117,184,36696
at,171,118,183,36698
at,171,119,182,36700
at,171,120,181,36702
at,171,121,180,36704
at,171,122,179,36706
at,171,123,178,36708
at,171,124,177,36710
at,171,125,176,36712
at,171,126,175,36714
at,171,127,174,36716
at,171,128,173,36718
at,171,129,172,36720
at,171,130,171,36722
at,171,131,170,36724
at,171,132,169,36726
at,171,133,168,36728
at,171,134,167,36730
at,171,135,166,36732
at,171,136,165,36734
at,171,137,164,36736
at,171,138,163,36738
at,171,139,162,36740
at,171,140,161,36742
at,171,141,160,36744
at,171,142,159,36746
at,171,143,158,36748
at,171,144,157,36750
at,171,145,156,36752
at,171,146,155,36754
at,171,147,154,36756
at,171,148,153,36758
172,code,36759,37242,36764,36761
172,0,478,36764
172,1,477,36766
172,2,476,36768
172,3,475,36770
172,4,474,36772
172,5,473,36774
172,6,472,36776
172,7,471,36778
172,8,470,36780
172,9,469,36782
172,10,468,36784
172,11,467,36786
172,12,466,36788
172,13,465,36790
172,14,464,36792
172,15,463,36794
172,16,462,36796
172,17,461,36798
172,18,460,36800
172,19,459,36802
172,20,458,36804
172,21,457,36806
172,22,456,36809
172,23,455,36811
172,24,454,36813
172,25,453,36815
172,26,452,36817
172,27,451,36819
172,28,450,36821
172,29,449,36823
172,30,448,36825
172,31,447,36827
172,32,446,36829
172,33,445,36831
172,34,444,36833
172,35,443,36835
172,36,442,36837
172,37,441,36839
172,38,440,36841
172,39,439,36843
172,40,438,36845
172,41,437,36847
172,42,436,36849
172,43,435,36851
172,44,434,36853
172,45,433,36855
172,46,432,36857
172,47,431,36859
172,48,430,36861
172,49,429,36863
172,50,428,36865
172,51,427,36867
172,52,426,36869
172,53,425,36871
172,54,424,36873
172,55,423,36875
172,56,422,36877
172,57,421,36879
172,58,420,36881
172,59,419,36883
172,60,418,36885
172,61,417,36887
172,62,416,36889
172,63,415,36891
172,64,414,36893
172,65,413,36895
172,66,412,36897
172,67,411,36899
172,68,410,36901
172,69,409,36903
172,70,408,36905
172,71,407,36907
172,72,406,36909
172,73,405,36911
172,74,404,36913
172,75,403,36915
172,76,402,36917
172,77,401,36919
172,78,400,36921
172,79,399,36923
172,80,398,36926
172,81,397,36928
172,82,396,36930
172,83,395,36932
172,84,394,36934
172,85,393,36936
172,86,392,36938
172,87,391,36940
172,88,390,36942
172,89,389,36944
172,90,388,36946
172,91,387,36948
172,92,386,36950
172,93,385,36952
172,94,384,36954
172,95,383,36956
172,96,382,36958
172,97,381,36960
172,98,380,36962
172,99,379,36964
172,100,378,36966
172,101,377,36968
172,102,376,36970
172,103,375,36972
172,104,374,36974
172,105,373,36976
172,106,372,36978
172,107,371,36980
172,108,370,36982
172,109,369,36984
172,110,368,36986
172,111,367,36988
172,112,366,36990
172,113,365,36992
172,114,364,36994
172,115,363,36996
172,116,362,36998
172,117,361,37000
172,118,360,37002
172,119,359,37004
172,120,358,37006
172,121,357,37008
172,122,356,37010
172,123,355,37012
172,124,354,37014
172,125,353,37016
172,126,352,37018
172,127,351,37020
172,128,350,37022
172,129,349,37024
172,130,348,37026
172,131,347,37028
172,132,346,37030
172,133,345,37032
172,134,344,37034
172,135,343,37036
172,136,342,37038
172,137,341,37040
172,138,340,37042
172,139,339,37044
172,140,338,37046
172,141,337,37048
172,142,336,37050
172,143,335,37052
172,144,334,37054
172,145,333,37056
172,146,332,37058
172,147,331,37060
172,148,330,37062
172,149,329,37064
172,150,328,37066
172,151,327,37068
172,152,326,37070
172,153,325,37072
172,154,324,37074
172,155,323,37076
172,156,322,37078
172,157,321,37080
172,158,320,37082
172,159,319,37084
172,160,318,37086
172,161,317,37088
172,162,316,37090
172,163,315,37092
172,164,314,37094
172,165,313,37096
172,166,312,37098
172,167,311,37100
172,168,310,37102
172,169,309,37104
172,170,308,37106
172,171,307,37108
172,172,306,37110
172,173,305,37112
172,174,304,37114
172,175,303,37116
172,176,302,37118
172,177,301,37120
172,178,300,37122
172,179,299,37124
172,180,298,37126
172,181,297,37128
172,182,296,37130
172,183,295,37132
172,184,294,37134
172,185,293,37136
172,186,292,37138
172,187,291,37140
172,188,290,37142
172,189,289,37145
172,190,288,37147
172,191,287,37149
172,192,286,37151
172,193,285,37153
172,194,284,37155
172,195,283,37157
172,196,282,37159
172,197,281,37161
172,198,280,37163
172,199,279,37165
172,200,278,37167
172,201,277,37169
172,202,276,37171
172,203,275,37173
172,204,274,37175
172,205,273,37177
172,206,272,37179
172,207,271,37181
172,208,270,37183
172,209,269,37185
172,210,268,37187
172,211,267,37189
172,212,266,37191
172,213,265,37193
172,214,264,37195
172,215,263,37197
172,216,262,37199
172,217,261,37201
172,218,260,37203
172,219,259,37205
172,220,258,37207
172,221,257,37209
172,222,256,37211
172,223,255,37213
172,224,254,37215
172,225,253,37217
172,226,252,37219
172,227,251,37221
172,228,250,37223
172,229,249,37225
172,230,248,37227
172,231,247,37229
172,232,246,37231
172,233,245,37233
172,234,244,37235
172,235,243,37237
172,236,242,37239
172,237,241,37241
seq,172,36764,478,false,37242,end,37242
at,172,0,478,36764
at,172,1,477,36766
at,172,2,476,36768
at,172,3,475,36770
at,172,4,474,36772
at,172,5,473,36774
at,172,6,472,36776
at,172,7,471,36778
at,172,8,470,36780
at,172,9,469,36782
at,172,10,468,36784
at,172,11,467,36786
at,172,12,466,36788
at,172,13,465,36790
at,172,14,464,36792
at,172,15,463,36794
at,172,16,462,36796
at,172,17,461,36798
at,172,18,460,36800
at,172,19,459,36802
at,172,20,458,36804
at,172,21,457,36806
at,172,22,456,36809
at,172,23,455,36811
at,172,24,454,36813
at,172,25,453,36815
at,172,26,452,36817
at,172,27,451,36819
at,172,28,450,36821
at,172,29,449,36823
at,172,30,448,36825
at,172,31,447,36827
at,172,32,446,36829
at,172,33,445,36831
at,172,34,444,36833
at,172,35,443,36835
at,172,36,442,36837
at,172,37,441,36839
at,172,38,440,36841
at,172,39,439,36843
at,172,40,438,36845
at,172,41,437,36847
at,172,42,436,36849
at,172,43,435,36851
at,172,44,434,36853
at,172,45,433,36855
at,172,46,432,36857
at,172,47,431,36859
at,172,48,430,36861
at,172,49,429,36863
at,172,50,428,36865
at,172,51,427,36867
at,172,52,426,36869
at,172,53,425,36871
at,172,54,424,36873
at,172,55,423,36875
at,172,56,422,36877
at,172,57,421,36879
at,172,58,420,36881
at,172,59,419,36883
at,172,60,418,36885
at,172,61,417,36887
at,172,62,416,36889
at,172,63,415,36891
at,172,64,414,36893
at,172,65,413,36895
at,172,66,412,36897
at,172,67,411,36899
at,172,68,410,36901
at,172,69,409,36903
at,172,70,408,36905
at,172,71,407,36907
at,172,72,406,36909
at,172,73,405,36911
at,172,74,404,36913
at,172,75,403,36915
at,172,76,402,36917
at,172,77,401,36919
at,172,78,400,36921
at,172,79,399,36923
at,172,80,398,36926
at,172,81,397,36928
at,172,82,396,36930
at,172,83,395,36932
at,172,84,394,36934
at,172,85,393,36936
at,172,86,392,36938
at,172,87,391,36940
at,172,88,390,36942
at,172,89,389,36944
at,172,90,388,36946
at,172,91,387,36948
at,172,92,386,36950
at,172,93,385,36952
at,172,94,384,36954
at,172,95,383,36956
at,172,96,382,36958
at,172,97,381,36960
at,172,98,380,36962
at,172,99,379,36964
at,172,100,378,36966
at,172,101,377,36968
at,172,102,376,36970
at,172,103,375,36972
at,172,104,374,36974
at,172,105,373,36976
at,172,106,372,36978
at,172,107,371,36980
at,172,108,370,36982
at,172,109,369,36984
at,172,110,368,36986
at,172,111,367,36988
at,172,112,366,36990
at,172,113,365,36992
at,172,114,364,36994
at,172,115,363,36996
at,172,116,362,36998
at,172,117,361,37000
at,172,118,360,37002
at,172,119,359,37004
at,172,120,358,37006
at,172,121,357,37008
at,172,122,356,37010
at,172,123,355,37012
at,172,124,354,37014
at,172,125,353,37016
at,172,126,352,37018
at,172,127,351,37020
at,172,128,350,37022
at,172,129,349,37024
at,172,130,348,37026
at,172,131,347,37028
at,172,132,346,37030
at,172,133,345,37032
at,172,134,344,37034
at,172,135,343,37036
at,172,136,342,37038
at,172,137,341,37040
at,172,138,340,37042
at,172,139,339,37044
at,172,140,338,37046
at,172,141,337,37048
at,172,142,336,37050
at,172,143,335,37052
at,172,144,334,37054
at,172,145,333,37056
at,172,146,332,37058
at,172,147,331,37060
at,172,148,330,37062
at,172,149,329,37064
at,172,150,328,37066
at,172,151,327,37068
at,172,152,326,37070
at,172,153,325,37072
at,172,154,324,37074
at,172,155,323,37076
at,172,156,322,37078
at,172,157,321,37080
at,172,158,320,37082
at,172,159,319,37084
at,172,160,318,37086
at,172,161,317,37088
at,172,162,316,37090
at,172,163,315,37092
at,172,164,314,37094
at,172,165,313,37096
at,172,166,312,37098
at,172,167,311,37100
at,172,168,310,37102
at,172,169,309,37104
at,172,170,308,37106
at,172,171,307,37108
at,172,172,306,37110
at,172,173,305,37112
at,172,174,304,37114
at,172,175,303,37116
at,172,176,302,37118
at,172,177,301,37120
at,172,178,300,37122
at,172,179,299,37124
at,172,180,298,37126
at,172,181,297,37128
at,172,182,296,37130
at,172,183,295,37132
at,172,184,294,37134
at,172,185,293,37136
at,172,186,292,37138
at,172,187,291,37140
at,172,188,290,37142
at,172,189,289,37145
at,172,190,288,37147
at,172,191,287,37149
at,172,192,286,37151
at,172,193,285,37153
at,172,194,284,37155
at,172,195,283,37157
at,172,196,282,37159
at,172,197,281,37161
at,172,198,280,37163
at,172,199,279,37165
at,172,200,278,37167
at,172,201,277,37169
at,172,202,276,37171
at,172,203,275,37173
at,172,204,274,37175
at,172,205,273,37177
at,172,206,272,37179
at,172,207,271,37181
at,172,208,270,37183
at,172,209,269,37185
at,172,210,268,37187
at,172,211,267,37189
at,172,212,266,37191
at,172,213,265,37193
at,172,214,264,37195
at,172,215,263,37197
at,172,216,262,37199
at,172,217,261,37201
at,172,218,260,37203
at,172,219,259,37205
at,172,220,258,37207
at,172,221,257,37209
at,172,222,256,37211
at,172,223,255,37213
at,172,224,254,37215
at,172,225,253,37217
at,172,226,252,37219
at,172,227,251,37221
at,172,228,250,37223
at,172,229,249,37225
at,172,230,248,37227
at,172,231,247,37229
at,172,232,246,37231
at,172,233,245,37233
at,172,234,244,37235
at,172,235,243,37237
at,172,236,242,37239
at,172,237,241,37241
173,code,37242,38160,37248,37244
173,0,912,37248
173,1,911,37250
173,2,910,37252
173,3,909,37254
173,4,908,37256
173,5,907,37258
173,6,906,37260
173,7,905,37262
173,8,904,37264
173,9,903,37266
173,10,902,37268
173,11,901,37270
173,12,900,37272
173,13,899,37274
173,14,898,37276
173,15,897,37278
173,16,896,37280
173,17,895,37282
173,18,894,37284
173,19,893,37286
173,20,892,37288
173,21,891,37290
173,22,890,37292
173,23,889,37294
173,24,888,37296
173,25,887,37298
173,26,886,37300
173,27,885,37302
173,28,884,37304
173,29,883,37306
173,30,882,37308
173,31,881,37310
173,32,880,37312
173,33,879,37314
173,34,878,37316
173,35,877,37318
173,36,876,37320
173,37,875,37322
173,38,874,37324
173,39,873,37327
173,40,872,37330
173,41,871,37331
173,42,870,37334
173,43,869,37337
173,44,868,37339
173,45,867,37342
173,46,866,37344
173,47,865,37347
173,48,864,37349
173,49,863,37351
173,50,862,37353
173,51,861,37355
173,52,860,37357
173,53,859,37359
173,54,858,37361
173,55,857,37363
173,56,856,37365
173,57,855,37367
173,58,854,37369
173,59,853,37371
173,60,852,37373
173,61,851,37375
173,62,850,37377
173,63,849,37379
173,64,848,37381
173,65,847,37383
173,66,846,37385
173,67,845,37387
173,68,844,37389
173,69,843,37391
173,70,842,37393
173,71,841,37395
173,72,840,37397
173,73,839,37400
173,74,838,37403
173,75,837,37406
173,76,836,37407
173,77,835,37417
173,78,834,37420
173,79,833,38067
173,80,832,38069
173,81,831,38071
173,82,830,38073
173,83,829,38075
173,84,828,38077
173,85,827,38080
173,86,826,38082
173,87,825,38085
173,88,824,38087
173,89,823,38090
173,90,822,38092
173,91,821,38095
173,92,820,38097
173,93,819,38100
173,94,818,38102
173,95,817,38105
173,96,816,38107
173,97,815,38110
173,98,814,38112
173,99,813,38115
173,100,812,38117
173,101,811,38120
173,102,810,38122
173,103,809,38125
173,104,808,38127
173,105,807,38129
173,106,806,38132
173,107,805,38135
173,108,804,38138
173,109,803,38141
173,110,802,38144
173,111,801,38147
173,112,800,38150
173,113,799,38153
173,114,798,38156
173,115,797,38159
seq,173,37248,912,false,38160,end,38160
at,173,0,912,37248
at,173,1,911,37250
at,173,2,910,37252
at,173,3,909,37254
at,173,4,908,37256
at,173,5,907,37258
at,173,6,906,37260
at,173,7,905,37262
at,173,8,904,37264
at,173,9,903,37266
at,173,10,902,37268
at,173,11,901,37270
at,173,12,900,37272
at,173,13,899,37274
at,173,14,898,37276
at,173,15,897,37278
at,173,16,896,37280
at,173,17,895,37282
at,173,18,894,37284
at,173,19,893,37286
at,173,20,892,37288
at,173,21,891,37290
at,173,22,890,37292
at,173,23,889,37294
at,173,24,888,37296
at,173,25,887,37298
at,173,26,886,37300
at,173,27,885,37302
at,173,28,884,37304
at,173,29,883,37306
at,173,30,882,37308
at,173,31,881,37310
at,173,32,880,37312
at,173,33,879,37314
at,173,34,878,37316
at,173,35,877,37318
at,173,36,876,37320
at,173,37,875,37322
at,173,38,874,37324
at,173,39,873,37327
at,173,40,872,37330
at,173,41,871,37331
at,173,42,870,37334
at,173,43,869,37337
at,173,44,868,37339
at,173,45,867,37342
at,173,46,866,37344
at,173,47,865,37347
at,173,48,864,37349
at,173,49,863,37351
at,173,50,862,37353
at,173,51,861,37355
at,173,52,860,37357
at,173,53,859,37359
at,173,54,858,37361
at,173,55,857,37363
at,173,56,856,37365
at,173,57,855,37367
at,173,58,854,37369
at,173,59,853,37371
at,173,60,852,37373
at,173,61,851,37375
at,173,62,850,37377
at,173,63,849,37379
at,173,64,848,37381
at,173,65,847,37383
at,173,66,846,37385
at,173,67,845,37387
at,173,68,844,37389
at,173,69,843,37391
at,173,70,842,37393
at,173,71,841,37395
at,173,72,840,37397
at,173,73,839,37400
at,173,74,838,37403
at,173,75,837,37406
at,173,76,836,37407
seq,173.76.t,37409,834,true,37413,otherwise,38160
at,173.76.t,0,834,37409
at,173.76.t,1,833,37412
seq,173.76.e,37413,834,false,37417,end,38160
at,173.76.e,0,834,37413
at,173.76.e,1,833,37416
at,173,77,835,37417
at,173,78,834,37420
seq,173.78.t,37422,832,false,38067,end,38160
at,173.78.t,0,832,37422
seq,173.78.t.0.t,37424,830,false,38066,end,38160
at,173.78.t.0.t,0,830,37424
at,173.78.t.0.t,1,829,37427
at,173.78.t.0.t,2,828,37430
at,173.78.t.0.t,3,827,37431
at,173.78.t.0.t,4,826,37433
at,173.78.t.0.t,5,825,37436
at,173.78.t.0.t,6,824,37439
at,173.78.t.0.t,7,823,37441
at,173.78.t.0.t,8,822,37442
at,173.78.t.0.t,9,821,37444
at,173.78.t.0.t,10,820,37445
at,173.78.t.0.t,11,819,37447
at,173.78.t.0.t,12,818,37448
at,173.78.t.0.t,13,817,37449
at,173.78.t.0.t,14,816,37450
at,173.78.t.0.t,15,815,37453
at,173.78.t.0.t,16,814,37455
at,173.78.t.0.t,17,813,37458
at,173.78.t.0.t,18,812,37461
at,173.78.t.0.t,19,811,37463
at,173.78.t.0.t,20,810,37464
at,173.78.t.0.t,21,809,37466
at,173.78.t.0.t,22,808,37467
at,173.78.t.0.t,23,807,37469
at,173.78.t.0.t,24,806,37470
at,173.78.t.0.t,25,805,37471
at,173.78.t.0.t,26,804,37472
at,173.78.t.0.t,27,803,37475
at,173.78.t.0.t,28,802,37477
at,173.78.t.0.t,29,801,37480
at,173.78.t.0.t,30,800,37483
at,173.78.t.0.t,31,799,37485
at,173.78.t.0.t,32,798,37486
at,173.78.t.0.t,33,797,37488
at,173.78.t.0.t,34,796,37489
at,173.78.t.0.t,35,795,37491
at,173.78.t.0.t,36,794,37492
at,173.78.t.0.t,37,793,37493
at,173.78.t.0.t,38,792,37494
at,173.78.t.0.t,39,791,37497
at,173.78.t.0.t,40,790,37499
at,173.78.t.0.t,41,789,37502
at,173.78.t.0.t,42,788,37505
at,173.78.t.0.t,43,787,37507
at,173.78.t.0.t,44,786,37508
at,173.78.t.0.t,45,785,37510
at,173.78.t.0.t,46,784,37511
at,173.78.t.0.t,47,783,37513
at,173.78.t.0.t,48,782,37514
at,173.78.t.0.t,49,781,37515
at,173.78.t.0.t,50,780,37516
at,173.78.t.0.t,51,779,37519
at,173.78.t.0.t,52,778,37521
at,173.78.t.0.t,53,777,37524
at,173.78.t.0.t,54,776,37527
at,173.78.t.0.t,55,775,37529
at,173.78.t.0.t,56,774,37530
at,173.78.t.0.t,57,773,37532
at,173.78.t.0.t,58,772,37533
at,173.78.t.0.t,59,771,37535
at,173.78.t.0.t,60,770,37536
at,173.78.t.0.t,61,769,37537
at,173.78.t.0.t,62,768,37538
at,173.78.t.0.t,63,767,37541
at,173.78.t.0.t,64,766,37543
at,173.78.t.0.t,65,765,37546
at,173.78.t.0.t,66,764,37549
at,173.78.t.0.t,67,763,37551
at,173.78.t.0.t,68,762,37552
at,173.78.t.0.t,69,761,37554
at,173.78.t.0.t,70,760,37555
at,173.78.t.0.t,71,759,37557
at,173.78.t.0.t,72,758,37558
at,173.78.t.0.t,73,757,37559
at,173.78.t.0.t,74,756,37560
at,173.78.t.0.t,75,755,37563
at,173.78.t.0.t,76,754,37565
at,173.78.t.0.t,77,753,37568
at,173.78.t.0.t,78,752,37571
at,173.78.t.0.t,79,751,37573
at,173.78.t.0.t,80,750,37574
at,173.78.t.0.t,81,749,37576
at,173.78.t.0.t,82,748,37577
at,173.78.t.0.t,83,747,37579
at,173.78.t.0.t,84,746,37580
at,173.78.t.0.t,85,745,37581
at,173.78.t.0.t,86,744,37582
at,173.78.t.0.t,87,743,37585
at,173.78.t.0.t,88,742,37587
at,173.78.t.0.t,89,741,37589
at,173.78.t.0.t,90,740,37591
at,173.78.t.0.t,91,739,37593
at,173.78.t.0.t,92,738,37595
at,173.78.t.0.t,93,737,37597
at,173.78.t.0.t,94,736,37599
at,173.78.t.0.t,95,735,37601
at,173.78.t.0.t,96,734,37603
at,173.78.t.0.t,97,733,37605
at,173.78.t.0.t,98,732,37607
at,173.78.t.0.t,99,731,37609
at,173.78.t.0.t,100,730,37611
at,173.78.t.0.t,101,729,37613
at,173.78.t.0.t,102,728,37615
at,173.78.t.0.t,103,727,37617
at,173.78.t.0.t,104,726,37619
at,173.78.t.0.t,105,725,37621
at,173.78.t.0.t,106,724,37623
at,173.78.t.0.t,107,723,37626
at,173.78.t.0.t,108,722,37628
at,173.78.t.0.t,109,721,37630
at,173.78.t.0.t,110,720,37632
at,173.78.t.0.t,111,719,37634
at,173.78.t.0.t,112,718,37636
at,173.78.t.0.t,113,717,37638
at,173.78.t.0.t,114,716,37640
at,173.78.t.0.t,115,715,37642
at,173.78.t.0.t,116,714,37644
at,173.78.t.0.t,117,713,37646
at,173.78.t.0.t,118,712,37648
at,173.78.t.0.t,119,711,37650
at,173.78.t.0.t,120,710,37652
at,173.78.t.0.t,121,709,37654
at,173.78.t.0.t,122,708,37656
at,173.78.t.0.t,123,707,37658
at,173.78.t.0.t,124,706,37660
at,173.78.t.0.t,125,705,37662
at,173.78.t.0.t,126,704,37664
at,173.78.t.0.t,127,703,37666
at,173.78.t.0.t,128,702,37668
at,173.78.t.0.t,129,701,37670
at,173.78.t.0.t,130,700,37672
at,173.78.t.0.t,131,699,37674
at,173.78.t.0.t,132,698,37676
at,173.78.t.0.t,133,697,37678
at,173.78.t.0.t,134,696,37680
at,173.78.t.0.t,135,695,37682
at,173.78.t.0.t,136,694,37684
at,173.78.t.0.t,137,693,37686
at,173.78.t.0.t,138,692,37688
at,173.78.t.0.t,139,691,37690
at,173.78.t.0.t,140,690,37692
at,173.78.t.0.t,141,689,37694
at,173.78.t.0.t,142,688,37696
at,173.78.t.0.t,143,687,37698
at,173.78.t.0.t,144,686,37700
at,173.78.t.0.t,145,685,37702
at,173.78.t.0.t,146,684,37704
at,173.78.t.0.t,147,683,37706
at,173.78.t.0.t,148,682,37708
at,173.78.t.0.t,149,681,37710
at,173.78.t.0.t,150,680,37712
at,173.78.t.0.t,151,679,37714
at,173.78.t.0.t,152,678,37716
at,173.78.t.0.t,153,677,37718
at,173.78.t.0.t,154,676,37720
at,173.78.t.0.t,155,675,37722
at,173.78.t.0.t,156,674,37724
at,173.78.t.0.t,157,673,37726
at,173.78.t.0.t,158,672,37728
at,173.78.t.0.t,159,671,37730
at,173.78.t.0.t,160,670,37732
at,173.78.t.0.t,161,669,37734
at,173.78.t.0.t,162,668,37736
at,173.78.t.0.t,163,667,37738
at,173.78.t.0.t,164,666,37740
at,173.78.t.0.t,165,665,37742
at,173.78.t.0.t,166,664,37744
at,173.78.t.0.t,167,663,37746
at,173.78.t.0.t,168,662,37748
at,173.78.t.0.t,169,661,37750
at,173.78.t.0.t,170,660,37752
at,173.78.t.0.t,171,659,37754
at,173.78.t.0.t,172,658,37756
at,173.78.t.0.t,173,657,37758
at,173.78.t.0.t,174,656,37760
at,173.78.t.0.t,175,655,37762
at,173.78.t.0.t,176,654,37764
at,173.78.t.0.t,177,653,37766
at,173.78.t.0.t,178,652,37768
at,173.78.t.0.t,179,651,37770
at,173.78.t.0.t,180,650,37772
at,173.78.t.0.t,181,649,37774
at,173.78.t.0.t,182,648,37776
at,173.78.t.0.t,183,647,37778
at,173.78.t.0.t,184,646,37780
at,173.78.t.0.t,185,645,37782
at,173.78.t.0.t,186,644,37784
at,173.78.t.0.t,187,643,37786
at,173.78.t.0.t,188,642,37788
at,173.78.t.0.t,189,641,37790
at,173.78.t.0.t,190,640,37792
at,173.78.t.0.t,191,639,37794
at,173.78.t.0.t,192,638,37796
at,173.78.t.0.t,193,637,37798
at,173.78.t.0.t,194,636,37800
at,173.78.t.0.t,195,635,37802
at,173.78.t.0.t,196,634,37804
at,173.78.t.0.t,197,633,37806
at,173.78.t.0.t,198,632,37808
at,173.78.t.0.t,199,631,37810
at,173.78.t.0.t,200,630,37812
at,173.78.t.0.t,201,629,37814
at,173.78.t.0.t,202,628,37816
at,173.78.t.0.t,203,627,37818
at,173.78.t.0.t,204,626,37820
at,173.78.t.0.t,205,625,37822
at,173.78.t.0.t,206,624,37824
at,173.78.t.0.t,207,623,37826
at,173.78.t.0.t,208,622,37828
at,173.78.t.0.t,209,621,37830
at,173.78.t.0.t,210,620,37832
at,173.78.t.0.t,211,619,37834
at,173.78.t.0.t,212,618,37836
at,173.78.t.0.t,213,617,37838
at,173.78.t.0.t,214,616,37840
at,173.78.t.0.t,215,615,37842
at,173.78.t.0.t,216,614,37844
at,173.78.t.0.t,217,613,37846
at,173.78.t.0.t,218,612,37848
at,173.78.t.0.t,219,611,37850
at,173.78.t.0.t,220,610,37852
at,173.78.t.0.t,221,609,37854
at,173.78.t.0.t,222,608,37856
at,173.78.t.0.t,223,607,37858
at,173.78.t.0.t,224,606,37860
at,173.78.t.0.t,225,605,37862
at,173.78.t.0.t,226,604,37864
at,173.78.t.0.t,227,603,37866
at,173.78.t.0.t,228,602,37868
at,173.78.t.0.t,229,601,37870
at,173.78.t.0.t,230,600,37872
at,173.78.t.0.t,231,599,37874
at,173.78.t.0.t,232,598,37876
at,173.78.t.0.t,233,597,37878
at,173.78.t.0.t,234,596,37880
at,173.78.t.0.t,235,595,37882
at,173.78.t.0.t,236,594,37884
at,173.78.t.0.t,237,593,37886
at,173.78.t.0.t,238,592,37888
at,173.78.t.0.t,239,591,37890
at,173.78.t.0.t,240,590,37892
at,173.78.t.0.t,241,589,37894
at,173.78.t.0.t,242,588,37896
at,173.78.t.0.t,243,587,37898
at,173.78.t.0.t,244,586,37900
at,173.78.t.0.t,245,585,37902
at,173.78.t.0.t,246,584,37904
at,173.78.t.0.t,247,583,37906
at,173.78.t.0.t,248,582,37908
at,173.78.t.0.t,249,581,37910
at,173.78.t.0.t,250,580,37912
at,173.78.t.0.t,251,579,37914
at,173.78.t.0.t,252,578,37916
at,173.78.t.0.t,253,577,37918
at,173.78.t.0.t,254,576,37921
at,173.78.t.0.t,255,575,37923
at,173.78.t.0.t,256,574,37926
at,173.78.t.0.t,257,573,37928
at,173.78.t.0.t,258,572,37931
at,173.78.t.0.t,259,571,37933
at,173.78.t.0.t,260,570,37936
at,173.78.t.0.t,261,569,37938
at,173.78.t.0.t,262,568,37941
at,173.78.t.0.t,263,567,37943
at,173.78.t.0.t,264,566,37946
at,173.78.t.0.t,265,565,37948
at,173.78.t.0.t,266,564,37951
at,173.78.t.0.t,267,563,37953
at,173.78.t.0.t,268,562,37956
at,173.78.t.0.t,269,561,37958
at,173.78.t.0.t,270,560,37961
at,173.78.t.0.t,271,559,37963
at,173.78.t.0.t,272,558,37966
at,173.78.t.0.t,273,557,37968
at,173.78.t.0.t,274,556,37971
at,173.78.t.0.t,275,555,37973
at,173.78.t.0.t,276,554,37976
at,173.78.t.0.t,277,553,37978
at,173.78.t.0.t,278,552,37981
at,173.78.t.0.t,279,551,37984
at,173.78.t.0.t,280,550,37986
at,173.78.t.0.t,281,549,37989
at,173.78.t.0.t,282,548,37991
at,173.78.t.0.t,283,547,37994
at,173.78.t.0.t,284,546,37996
at,173.78.t.0.t,285,545,37999
at,173.78.t.0.t,286,544,38001
at,173.78.t.0.t,287,543,38004
at,173.78.t.0.t,288,542,38006
at,173.78.t.0.t,289,541,38009
at,173.78.t.0.t,290,540,38011
at,173.78.t.0.t,291,539,38014
at,173.78.t.0.t,292,538,38016
at,173.78.t.0.t,293,537,38019
at,173.78.t.0.t,294,536,38021
at,173.78.t.0.t,295,535,38024
at,173.78.t.0.t,296,534,38026
at,173.78.t.0.t,297,533,38029
at,173.78.t.0.t,298,532,38031
at,173.78.t.0.t,299,531,38034
at,173.78.t.0.t,300,530,38036
at,173.78.t.0.t,301,529,38039
at,173.78.t.0.t,302,528,38041
at,173.78.t.0.t,303,527,38043
at,173.78.t.0.t,304,526,38046
at,173.78.t.0.t,305,525,38049
at,173.78.t.0.t,306,524,38051
at,173.78.t.0.t,307,523,38052
at,173.78.t.0.t,308,522,38054
at,173.78.t.0.t,309,521,38057
at,173.78.t.0.t,310,520,38059
at,173.78.t.0.t,311,519,38060
at,173.78.t.0.t,312,518,38063
at,173.78.t.0.t,313,517,38065
at,173.78.t,1,831,38066
at,173,79,833,38067
at,173,80,832,38069
at,173,81,831,38071
at,173,82,830,38073
at,173,83,829,38075
at,173,84,828,38077
at,173,85,827,38080
at,173,86,826,38082
at,173,87,825,38085
at,173,88,824,38087
at,173,89,823,38090
at,173,90,822,38092
at,173,91,821,38095
at,173,92,820,38097
at,173,93,819,38100
at,173,94,818,38102
at,173,95,817,38105
at,173,96,816,38107
at,173,97,815,38110
at,173,98,814,38112
at,173,99,813,38115
at,173,100,812,38117
at,173,101,811,38120
at,173,102,810,38122
at,173,103,809,38125
at,173,104,808,38127
at,173,105,807,38129
at,173,106,806,38132
at,173,107,805,38135
at,173,108,804,38138
at,173,109,803,38141
at,173,110,802,38144
at,173,111,801,38147
at,173,112,800,38150
at,173,113,799,38153
at,173,114,798,38156
at,173,115,797,38159
174,code,38160,38418,38165,38162
174,0,253,38165
174,1,252,38167
174,2,251,38169
174,3,250,38171
174,4,249,38173
174,5,248,38175
174,6,247,38177
174,7,246,38179
174,8,245,38181
174,9,244,38183
174,10,243,38185
174,11,242,38187
174,12,241,38189
174,13,240,38192
174,14,239,38194
174,15,238,38196
174,16,237,38198
174,17,236,38200
174,18,235,38202
174,19,234,38204
174,20,233,38206
174,21,232,38208
174,22,231,38210
174,23,230,38212
174,24,229,38214
174,25,228,38216
174,26,227,38218
174,27,226,38220
174,28,225,38222
174,29,224,38224
174,30,223,38226
174,31,222,38228
174,32,221,38230
174,33,220,38232
174,34,219,38234
174,35,218,38237
174,36,217,38239
174,37,216,38241
174,38,215,38243
174,39,214,38245
174,40,213,38247
174,41,212,38249
174,42,211,38251
174,43,210,38253
174,44,209,38255
174,45,208,38257
174,46,207,38259
174,47,206,38261
174,48,205,38263
174,49,204,38265
174,50,203,38267
174,51,202,38269
174,52,201,38271
174,53,200,38273
174,54,199,38275
174,55,198,38277
174,56,197,38279
174,57,196,38282
174,58,195,38284
174,59,194,38286
174,60,193,38288
174,61,192,38290
174,62,191,38292
174,63,190,38294
174,64,189,38296
174,65,188,38298
174,66,187,38300
174,67,186,38302
174,68,185,38304
174,69,184,38306
174,70,183,38308
174,71,182,38310
174,72,181,38312
174,73,180,38314
174,74,179,38316
174,75,178,38318
174,76,177,38320
174,77,176,38322
174,78,175,38324
174,79,174,38327
174,80,173,38329
174,81,172,38331
174,82,171,38333
174,83,170,38335
174,84,169,38337
174,85,168,38339
174,86,167,38341
174,87,166,38343
174,88,165,38345
174,89,164,38347
174,90,163,38349
174,91,162,38351
174,92,161,38353
174,93,160,38355
174,94,159,38357
174,95,158,38359
174,96,157,38361
174,97,156,38363
174,98,155,38365
174,99,154,38367
174,100,153,38369
174,101,152,38371
174,102,151,38373
174,103,150,38375
174,104,149,38377
174,105,148,38379
174,106,147,38381
174,107,146,38383
174,108,145,38385
174,109,144,38387
174,110,143,38389
174,111,142,38391
174,112,141,38393
174,113,140,38395
174,114,139,38397
174,115,138,38399
174,116,137,38401
174,117,136,38403
174,118,135,38405
174,119,134,38407
174,120,133,38409
174,121,132,38411
174,122,131,38413
174,123,130,38415
174,124,129,38417
seq,174,38165,253,false,38418,end,38418
at,174,0,253,38165
at,174,1,252,38167
at,174,2,251,38169
at,174,3,250,38171
at,174,4,249,38173
at,174,5,248,38175
at,174,6,247,38177
at,174,7,246,38179
at,174,8,245,38181
at,174,9,244,38183
at,174,10,243,38185
at,174,11,242,38187
at,174,12,241,38189
at,174,13,240,38192
at,174,14,239,38194
at,174,15,238,38196
at,174,16,237,38198
at,174,17,236,38200
at,174,18,235,38202
at,174,19,234,38204
at,174,20,233,38206
at,174,21,232,38208
at,174,22,231,38210
at,174,23,230,38212
at,174,24,229,38214
at,174,25,228,38216
at,174,26,227,38218
at,174,27,226,38220
at,174,28,225,38222
at,174,29,224,38224
at,174,30,223,38226
at,174,31,222,38228
at,174,32,221,38230
at,174,33,220,38232
at,174,34,219,38234
at,174,35,218,38237
at,174,36,217,38239
at,174,37,216,38241
at,174,38,215,38243
at,174,39,214,38245
at,174,40,213,38247
at,174,41,212,38249
at,174,42,211,38251
at,174,43,210,38253
at,174,44,209,38255
at,174,45,208,38257
at,174,46,207,38259
at,174,47,206,38261
at,174,48,205,38263
at,174,49,204,38265
at,174,50,203,38267
at,174,51,202,38269
at,174,52,201,38271
at,174,53,200,38273
at,174,54,199,38275
at,174,55,198,38277
at,174,56,197,38279
at,174,57,196,38282
at,174,58,195,38284
at,174,59,194,38286
at,174,60,193,38288
at,174,61,192,38290
at,174,62,191,38292
at,174,63,190,38294
at,174,64,189,38296
at,174,65,188,38298
at,174,66,187,38300
at,174,67,186,38302
at,174,68,185,38304
at,174,69,184,38306
at,174,70,183,38308
at,174,71,182,38310
at,174,72,181,38312
at,174,73,180,38314
at,174,74,179,38316
at,174,75,178,38318
at,174,76,177,38320
at,174,77,176,38322
at,174,78,175,38324
at,174,79,174,38327
at,174,80,173,38329
at,174,81,172,38331
at,174,82,171,38333
at,174,83,170,38335
at,174,84,169,38337
at,174,85,168,38339
at,174,86,167,38341
at,174,87,166,38343
at,174,88,165,38345
at,174,89,164,38347
at,174,90,163,38349
at,174,91,162,38351
at,174,92,161,38353
at,174,93,160,38355
at,174,94,159,38357
at,174,95,158,38359
at,174,96,157,38361
at,174,97,156,38363
at,174,98,155,38365
at,174,99,154,38367
at,174,100,153,38369
at,174,101,152,38371
at,174,102,151,38373
at,174,103,150,38375
at,174,104,149,38377
at,174,105,148,38379
at,174,106,147,38381
at,174,107,146,38383
at,174,108,145,38385
at,174,109,144,38387
at,174,110,143,38389
at,174,111,142,38391
at,174,112,141,38393
at,174,113,140,38395
at,174,114,139,38397
at,174,115,138,38399
at,174,116,137,38401
at,174,117,136,38403
at,174,118,135,38405
at,174,119,134,38407
at,174,120,133,38409
at,174,121,132,38411
at,174,122,131,38413
at,174,123,130,38415
at,174,124,129,38417
175,code,38418,39098,38424,38420
175,0,674,38424
175,1,673,38426
175,2,672,38428
175,3,671,38430
175,4,670,38432
175,5,669,38434
175,6,668,38436
175,7,667,38438
175,8,666,38440
175,9,665,38442
175,10,664,38444
175,11,663,38446
175,12,662,38448
175,13,661,38450
175,14,660,38452
175,15,659,38454
175,16,658,38457
175,17,657,38459
175,18,656,38461
175,19,655,38463
175,20,654,38465
175,21,653,38467
175,22,652,38469
175,23,651,38471
175,24,650,38473
175,25,649,38475
175,26,648,38477
175,27,647,38479
175,28,646,38481
175,29,645,38483
175,30,644,38485
175,31,643,38487
175,32,642,38489
175,33,641,38491
175,34,640,38493
175,35,639,38495
175,36,638,38497
175,37,637,38499
175,38,636,38501
175,39,635,38503
175,40,634,38505
175,41,633,38507
175,42,632,38509
175,43,631,38511
175,44,630,38513
175,45,629,38515
175,46,628,38517
175,47,627,38519
175,48,626,38521
175,49,625,38523
175,50,624,38525
175,51,623,38527
175,52,622,38529
175,53,621,38531
175,54,620,38533
175,55,619,38535
175,56,618,38537
175,57,617,38539
175,58,616,38541
175,59,615,38543
175,60,614,38545
175,61,613,38547
175,62,612,38549
175,63,611,38551
175,64,610,38553
175,65,609,38555
175,66,608,38557
175,67,607,38559
175,68,606,38562
175,69,605,38564
175,70,604,38566
175,71,603,38568
175,72,602,38570
175,73,601,38572
175,74,600,38574
175,75,599,38576
175,76,598,38578
175,77,597,38580
175,78,596,38582
175,79,595,38584
175,80,594,38586
175,81,593,38588
175,82,592,38590
175,83,591,38592
175,84,590,38594
175,85,589,38596
175,86,588,38598
175,87,587,38600
175,88,586,38602
175,89,585,38604
175,90,584,38606
175,91,583,38608
175,92,582,38610
175,93,581,38612
175,94,580,38614
175,95,579,38616
175,96,578,38618
175,97,577,38620
175,98,576,38622
175,99,575,38624
175,100,574,38626
175,101,573,38628
175,102,572,38630
175,103,571,38632
175,104,570,38634
175,105,569,38636
175,106,568,38638
175,107,567,38640
175,108,566,38642
175,109,565,38644
175,110,564,38646
175,111,563,38648
175,112,562,38650
175,113,561,38652
175,114,560,38654
175,115,559,38656
175,116,558,38658
175,117,557,38660
175,118,556,38662
175,119,555,38664
175,120,554,38666
175,121,553,38668
175,122,552,38670
175,123,551,38672
175,124,550,38674
175,125,549,38676
175,126,548,38678
175,127,547,38680
175,128,546,38682
175,129,545,38684
175,130,544,38686
175,131,543,38688
175,132,542,38690
175,133,541,38692
175,134,540,38694
175,135,539,38696
175,136,538,38698
175,137,537,38700
175,138,536,38702
175,139,535,38704
175,140,534,38706
175,141,533,38708
175,142,532,38710
175,143,531,38712
175,144,530,38714
175,145,529,38716
175,146,528,38718
175,147,527,38720
175,148,526,38722
175,149,525,38724
175,150,524,38726
175,151,523,38728
175,152,522,38730
175,153,521,38732
175,154,520,38734
175,155,519,38736
175,156,518,38738
175,157,517,38740
175,158,516,38742
175,159,515,38744
175,160,514,38746
175,161,513,38748
175,162,512,38750
175,163,511,38752
175,164,510,38754
175,165,509,38756
175,166,508,38758
175,167,507,38760
175,168,506,38762
175,169,505,38764
175,170,504,38766
175,171,503,38768
175,172,502,38770
175,173,501,38772
175,174,500,38774
175,175,499,38776
175,176,498,38778
175,177,497,38780
175,178,496,38782
175,179,495,38784
175,180,494,38786
175,181,493,38788
175,182,492,38790
175,183,491,38792
175,184,490,38794
175,185,489,38796
175,186,488,38798
175,187,487,38800
175,188,486,38802
175,189,485,38804
175,190,484,38806
175,191,483,38808
175,192,482,38810
175,193,481,38812
175,194,480,38814
175,195,479,38816
175,196,478,38818
175,197,477,38820
175,198,476,38822
175,199,475,38824
175,200,474,38826
175,201,473,38828
175,202,472,38830
175,203,471,38832
175,204,470,38834
175,205,469,38837
175,206,468,38839
175,207,467,38841
175,208,466,38843
175,209,465,38845
175,210,464,38847
175,211,463,38849
175,212,462,38851
175,213,461,38853
175,214,460,38855
175,215,459,38857
175,216,458,38859
175,217,457,38861
175,218,456,38863
175,219,455,38865
175,220,454,38867
175,221,453,38869
175,222,452,38871
175,223,451,38873
175,224,450,38875
175,225,449,38877
175,226,448,38879
175,227,447,38881
175,228,446,38883
175,229,445,38885
175,230,444,38887
175,231,443,38889
175,232,442,38891
175,233,441,38893
175,234,440,38895
175,235,439,38897
175,236,438,38899
175,237,437,38901
175,238,436,38903
175,239,435,38905
175,240,434,38907
175,241,433,38909
175,242,432,38911
175,243,431,38913
175,244,430,38915
175,245,429,38917
175,246,428,38919
175,247,427,38921
175,248,426,38924
175,249,425,38926
175,250,424,38928
175,251,423,38930
175,252,422,38932
175,253,421,38934
175,254,420,38936
175,255,419,38938
175,256,418,38940
175,257,417,38942
175,258,416,38944
175,259,415,38946
175,260,414,38948
175,261,413,38951
175,262,412,38953
175,263,411,38956
175,264,410,38959
175,265,409,38962
175,266,408,38965
175,267,407,38968
175,268,406,38971
175,269,405,38974
175,270,404,38977
175,271,403,38980
175,272,402,38983
175,273,401,38986
175,274,400,38989
175,275,399,38992
175,276,398,38995
175,277,397,38998
175,278,396,39001
175,279,395,39004
175,280,394,39007
175,281,393,39010
175,282,392,39013
175,283,391,39016
175,284,390,39019
175,285,389,39022
175,286,388,39025
175,287,387,39028
175,288,386,39031
175,289,385,39034
175,290,384,39037
175,291,383,39040
175,292,382,39043
175,293,381,39046
175,294,380,39049
175,295,379,39052
175,296,378,39055
175,297,377,39058
175,298,376,39061
175,299,375,39064
175,300,374,39067
175,301,373,39070
175,302,372,39073
175,303,371,39076
175,304,370,39079
175,305,369,39082
175,306,368,39085
175,307,367,39088
175,308,366,39091
175,309,365,39094
175,310,364,39097
seq,175,38424,674,false,39098,end,39098
at,175,0,674,38424
at,175,1,673,38426
at,175,2,672,38428
at,175,3,671,38430
at,175,4,670,38432
at,175,5,669,38434
at,175,6,668,38436
at,175,7,667,38438
at,175,8,666,38440
at,175,9,665,38442
at,175,10,664,38444
at,175,11,663,38446
at,175,12,662,38448
at,175,13,661,38450
at,175,14,660,38452
at,175,15,659,38454
at,175,16,658,38457
at,175,17,657,38459
at,175,18,656,38461
at,175,19,655,38463
at,175,20,654,38465
at,175,21,653,38467
at,175,22,652,38469
at,175,23,651,38471
at,175,24,650,38473
at,175,25,649,38475
at,175,26,648,38477
at,175,27,647,38479
at,175,28,646,38481
at,175,29,645,38483
at,175,30,644,38485
at,175,31,643,38487
at,175,32,642,38489
at,175,33,641,38491
at,175,34,640,38493
at,175,35,639,38495
at,175,36,638,38497
at,175,37,637,38499
at,175,38,636,38501
at,175,39,635,38503
at,175,40,634,38505
at,175,41,633,38507
at,175,42,632,38509
at,175,43,631,38511
at,175,44,630,38513
at,175,45,629,38515
at,175,46,628,38517
at,175,47,627,38519
at,175,48,626,38521
at,175,49,625,38523
at,175,50,624,38525
at,175,51,623,38527
at,175,52,622,38529
at,175,53,621,38531
at,175,54,620,38533
at,175,55,619,38535
at,175,56,618,38537
at,175,57,617,38539
at,175,58,616,38541
at,175,59,615,38543
at,175,60,614,38545
at,175,61,613,38547
at,175,62,612,38549
at,175,63,611,38551
at,175,64,610,38553
at,175,65,609,38555
at,175,66,608,38557
at,175,67,607,38559
at,175,68,606,38562
at,175,69,605,38564
at,175,70,604,38566
at,175,71,603,38568
at,175,72,602,38570
at,175,73,601,38572
at,175,74,600,38574
at,175,75,599,38576
at,175,76,598,38578
at,175,77,597,38580
at,175,78,596,38582
at,175,79,595,38584
at,175,80,594,38586
at,175,81,593,38588
at,175,82,592,38590
at,175,83,591,38592
at,175,84,590,38594
at,175,85,589,38596
at,175,86,588,38598
at,175,87,587,38600
at,175,88,586,38602
at,175,89,585,38604
at,175,90,584,38606
at,175,91,583,38608
at,175,92,582,38610
at,175,93,581,38612
at,175,94,580,38614
at,175,95,579,38616
at,175,96,578,38618
at,175,97,577,38620
at,175,98,576,38622
at,175,99,575,38624
at,175,100,574,38626
at,175,101,573,38628
at,175,102,572,38630
at,175,103,571,38632
at,175,104,570,38634
at,175,105,569,38636
at,175,106,568,38638
at,175,107,567,38640
at,175,108,566,38642
at,175,109,565,38644
at,175,110,564,38646
at,175,111,563,38648
at,175,112,562,38650
at,175,113,561,38652
at,175,114,560,38654
at,175,115,559,38656
at,175,116,558,38658
at,175,117,557,38660
at,175,118,556,38662
at,175,119,555,38664
at,175,120,554,38666
at,175,121,553,38668
at,175,122,552,38670
at,175,123,551,38672
at,175,124,550,38674
at,175,125,549,38676
at,175,126,548,38678
at,175,127,547,38680
at,175,128,546,38682
at,175,129,545,38684
at,175,130,544,38686
at,175,131,543,38688
at,175,132,542,38690
at,175,133,541,38692
at,175,134,540,38694
at,175,135,539,38696
at,175,136,538,38698
at,175,137,537,38700
at,175,138,536,38702
at,175,139,535,38704
at,175,140,534,38706
at,175,141,533,38708
at,175,142,532,38710
at,175,143,531,38712
at,175,144,530,38714
at,175,145,529,38716
at,175,146,528,38718
at,175,147,527,38720
at,175,148,526,38722
at,175,149,525,38724
at,175,150,524,38726
at,175,151,523,38728
at,175,152,522,38730
at,175,153,521,38732
at,175,154,520,38734
at,175,155,519,38736
at,175,156,518,38738
at,175,157,517,38740
at,175,158,516,38742
at,175,159,515,38744
at,175,160,514,38746
at,175,161,513,38748
at,175,162,512,38750
at,175,163,511,38752
at,175,164,510,38754
at,175,165,509,38756
at,175,166,508,38758
at,175,167,507,38760
at,175,168,506,38762
at,175,169,505,38764
at,175,170,504,38766
at,175,171,503,38768
at,175,172,502,38770
at,175,173,501,38772
at,175,174,500,38774
at,175,175,499,38776
at,175,176,498,38778
at,175,177,497,38780
at,175,178,496,38782
at,175,179,495,38784
at,175,180,494,38786
at,175,181,493,38788
at,175,182,492,38790
at,175,183,491,38792
at,175,184,490,38794
at,175,185,489,38796
at,175,186,488,38798
at,175,187,487,38800
at,175,188,486,38802
at,175,189,485,38804
at,175,190,484,38806
at,175,191,483,38808
at,175,192,482,38810
at,175,193,481,38812
at,175,194,480,38814
at,175,195,479,38816
at,175,196,478,38818
at,175,197,477,38820
at,175,198,476,38822
at,175,199,475,38824
at,175,200,474,38826
at,175,201,473,38828
at,175,202,472,38830
at,175,203,471,38832
at,175,204,470,38834
at,175,205,469,38837
at,175,206,468,38839
at,175,207,467,38841
at,175,208,466,38843
at,175,209,465,38845
at,175,210,464,38847
at,175,211,463,38849
at,175,212,462,38851
at,175,213,461,38853
at,175,214,460,38855
at,175,215,459,38857
at,175,216,458,38859
at,175,217,457,38861
at,175,218,456,38863
at,175,219,455,38865
at,175,220,454,38867
at,175,221,453,38869
at,175,222,452,38871
at,175,223,451,38873
at,175,224,450,38875
at,175,225,449,38877
at,175,226,448,38879
at,175,227,447,38881
at,175,228,446,38883
at,175,229,445,38885
at,175,230,444,38887
at,175,231,443,38889
at,175,232,442,38891
at,175,233,441,38893
at,175,234,440,38895
at,175,235,439,38897
at,175,236,438,38899
at,175,237,437,38901
at,175,238,436,38903
at,175,239,435,38905
at,175,240,434,38907
at,175,241,433,38909
at,175,242,432,38911
at,175,243,431,38913
at,175,244,430,38915
at,175,245,429,38917
at,175,246,428,38919
at,175,247,427,38921
at,175,248,426,38924
at,175,249,425,38926
at,175,250,424,38928
at,175,251,423,38930
at,175,252,422,38932
at,175,253,421,38934
at,175,254,420,38936
at,175,255,419,38938
at,175,256,418,38940
at,175,257,417,38942
at,175,258,416,38944
at,175,259,415,38946
at,175,260,414,38948
at,175,261,413,38951
at,175,262,412,38953
at,175,263,411,38956
at,175,264,410,38959
at,175,265,409,38962
at,175,266,408,38965
at,175,267,407,38968
at,175,268,406,38971
at,175,269,405,38974
at,175,270,404,38977
at,175,271,403,38980
at,175,272,402,38983
at,175,273,401,38986
at,175,274,400,38989
at,175,275,399,38992
at,175,276,398,38995
at,175,277,397,38998
at,175,278,396,39001
at,175,279,395,39004
at,175,280,394,39007
at,175,281,393,39010
at,175,282,392,39013
at,175,283,391,39016
at,175,284,390,39019
at,175,285,389,39022
at,175,286,388,39025
at,175,287,387,39028
at,175,288,386,39031
at,175,289,385,39034
at,175,290,384,39037
at,175,291,383,39040
at,175,292,382,39043
at,175,293,381,39046
at,175,294,380,39049
at,175,295,379,39052
at,175,296,378,39055
at,175,297,377,39058
at,175,298,376,39061
at,175,299,375,39064
at,175,300,374,39067
at,175,301,373,39070
at,175,302,372,39073
at,175,303,371,39076
at,175,304,370,39079
at,175,305,369,39082
at,175,306,368,39085
at,175,307,367,39088
at,175,308,366,39091
at,175,309,365,39094
at,175,310,364,39097
176,code,39098,39645,39103,39100
176,0,542,39103
176,1,541,39105
176,2,540,39107
176,3,539,39109
176,4,538,39111
176,5,537,39113
176,6,536,39115
176,7,535,39117
176,8,534,39119
176,9,533,39121
176,10,532,39123
176,11,531,39125
176,12,530,39127
176,13,529,39129
176,14,528,39131
176,15,527,39133
176,16,526,39135
176,17,525,39137
176,18,524,39139
176,19,523,39142
176,20,522,39144
176,21,521,39146
176,22,520,39148
176,23,519,39150
176,24,518,39152
176,25,517,39154
176,26,516,39156
176,27,515,39158
176,28,514,39160
176,29,513,39162
176,30,512,39164
176,31,511,39166
176,32,510,39169
176,33,509,39171
176,34,508,39173
176,35,507,39175
176,36,506,39176
176,37,505,39184
176,38,504,39186
176,39,503,39187
176,40,502,39188
176,41,501,39614
176,42,500,39616
176,43,499,39618
176,44,498,39620
176,45,497,39622
176,46,496,39624
176,47,495,39626
176,48,494,39628
176,49,493,39630
176,50,492,39632
176,51,491,39634
176,52,490,39636
176,53,489,39638
176,54,488,39640
176,55,487,39642
176,56,486,39644
seq,176,39103,542,false,39645,end,39645
at,176,0,542,39103
at,176,1,541,39105
at,176,2,540,39107
at,176,3,539,39109
at,176,4,538,39111
at,176,5,537,39113
at,176,6,536,39115
at,176,7,535,39117
at,176,8,534,39119
at,176,9,533,39121
at,176,10,532,39123
at,176,11,531,39125
at,176,12,530,39127
at,176,13,529,39129
at,176,14,528,39131
at,176,15,527,39133
at,176,16,526,39135
at,176,17,525,39137
at,176,18,524,39139
at,176,19,523,39142
at,176,20,522,39144
at,176,21,521,39146
at,176,22,520,39148
at,176,23,519,39150
at,176,24,518,39152
at,176,25,517,39154
at,176,26,516,39156
at,176,27,515,39158
at,176,28,514,39160
at,176,29,513,39162
at,176,30,512,39164
at,176,31,511,39166
at,176,32,510,39169
at,176,33,509,39171
at,176,34,508,39173
at,176,35,507,39175
at,176,36,506,39176
seq,176.36.t,39178,504,true,39181,otherwise,39645
at,176.36.t,0,504,39178
at,176.36.t,1,503,39180
seq,176.36.e,39181,504,false,39184,end,39645
at,176.36.e,0,504,39181
at,176.36.e,1,503,39183
at,176,37,505,39184
at,176,38,504,39186
at,176,39,503,39187
at,176,40,502,39188
seq,176.40.t,39190,500,true,39544,otherwise,39645
at,176.40.t,0,500,39190
at,176.40.t,1,499,39192
at,176.40.t,2,498,39194
at,176.40.t,3,497,39196
at,176.40.t,4,496,39198
at,176.40.t,5,495,39200
at,176.40.t,6,494,39202
at,176.40.t,7,493,39204
at,176.40.t,8,492,39206
at,176.40.t,9,491,39208
at,176.40.t,10,490,39210
at,176.40.t,11,489,39212
at,176.40.t,12,488,39214
at,176.40.t,13,487,39216
at,176.40.t,14,486,39218
at,176.40.t,15,485,39220
at,176.40.t,16,484,39222
at,176.40.t,17,483,39224
at,176.40.t,18,482,39226
at,176.40.t,19,481,39229
at,176.40.t,20,480,39231
at,176.40.t,21,479,39233
at,176.40.t,22,478,39235
at,176.40.t,23,477,39237
at,176.40.t,24,476,39239
at,176.40.t,25,475,39241
at,176.40.t,26,474,39243
at,176.40.t,27,473,39245
at,176.40.t,28,472,39247
at,176.40.t,29,471,39249
at,176.40.t,30,470,39251
at,176.40.t,31,469,39253
at,176.40.t,32,468,39256
at,176.40.t,33,467,39258
at,176.40.t,34,466,39260
at,176.40.t,35,465,39262
at,176.40.t,36,464,39263
seq,176.40.t.36.t,39265,462,true,39268,otherwise,39645
at,176.40.t.36.t,0,462,39265
at,176.40.t.36.t,1,461,39267
seq,176.40.t.36.e,39268,462,false,39271,end,39645
at,176.40.t.36.e,0,462,39268
at,176.40.t.36.e,1,461,39270
at,176.40.t,37,463,39271
at,176.40.t,38,462,39273
at,176.40.t,39,461,39274
at,176.40.t,40,460,39275
seq,176.40.t.40.t,39277,458,true,39464,otherwise,39645
at,176.40.t.40.t,0,458,39277
at,176.40.t.40.t,1,457,39279
at,176.40.t.40.t,2,456,39281
at,176.40.t.40.t,3,455,39283
at,176.40.t.40.t,4,454,39285
at,176.40.t.40.t,5,453,39287
at,176.40.t.40.t,6,452,39289
at,176.40.t.40.t,7,451,39291
at,176.40.t.40.t,8,450,39293
at,176.40.t.40.t,9,449,39295
at,176.40.t.40.t,10,448,39297
at,176.40.t.40.t,11,447,39299
at,176.40.t.40.t,12,446,39301
at,176.40.t.40.t,13,445,39303
at,176.40.t.40.t,14,444,39305
at,176.40.t.40.t,15,443,39307
at,176.40.t.40.t,16,442,39309
at,176.40.t.40.t,17,441,39311
at,176.40.t.40.t,18,440,39313
at,176.40.t.40.t,19,439,39315
at,176.40.t.40.t,20,438,39317
at,176.40.t.40.t,21,437,39319
at,176.40.t.40.t,22,436,39322
at,176.40.t.40.t,23,435,39324
at,176.40.t.40.t,24,434,39326
at,176.40.t.40.t,25,433,39328
at,176.40.t.40.t,26,432,39330
at,176.40.t.40.t,27,431,39332
at,176.40.t.40.t,28,430,39334
at,176.40.t.40.t,29,429,39336
at,176.40.t.40.t,30,428,39338
at,176.40.t.40.t,31,427,39340
at,176.40.t.40.t,32,426,39342
at,176.40.t.40.t,33,425,39344
at,176.40.t.40.t,34,424,39346
at,176.40.t.40.t,35,423,39348
at,176.40.t.40.t,36,422,39350
at,176.40.t.40.t,37,421,39352
at,176.40.t.40.t,38,420,39354
at,176.40.t.40.t,39,419,39356
at,176.40.t.40.t,40,418,39358
at,176.40.t.40.t,41,417,39360
at,176.40.t.40.t,42,416,39362
at,176.40.t.40.t,43,415,39364
at,176.40.t.40.t,44,414,39366
at,176.40.t.40.t,45,413,39368
at,176.40.t.40.t,46,412,39370
at,176.40.t.40.t,47,411,39372
at,176.40.t.40.t,48,410,39374
at,176.40.t.40.t,49,409,39376
at,176.40.t.40.t,50,408,39378
at,176.40.t.40.t,51,407,39380
at,176.40.t.40.t,52,406,39382
at,176.40.t.40.t,53,405,39384
at,176.40.t.40.t,54,404,39386
at,176.40.t.40.t,55,403,39388
at,176.40.t.40.t,56,402,39390
at,176.40.t.40.t,57,401,39392
at,176.40.t.40.t,58,400,39394
at,176.40.t.40.t,59,399,39396
at,176.40.t.40.t,60,398,39399
at,176.40.t.40.t,61,397,39401
at,176.40.t.40.t,62,396,39403
at,176.40.t.40.t,63,395,39405
at,176.40.t.40.t,64,394,39407
at,176.40.t.40.t,65,393,39409
at,176.40.t.40.t,66,392,39411
at,176.40.t.40.t,67,391,39413
at,176.40.t.40.t,68,390,39415
at,176.40.t.40.t,69,389,39417
at,176.40.t.40.t,70,388,39419
at,176.40.t.40.t,71,387,39421
at,176.40.t.40.t,72,386,39423
at,176.40.t.40.t,73,385,39425
at,176.40.t.40.t,74,384,39427
at,176.40.t.40.t,75,383,39429
at,176.40.t.40.t,76,382,39431
at,176.40.t.40.t,77,381,39433
at,176.40.t.40.t,78,380,39435
at,176.40.t.40.t,79,379,39437
at,176.40.t.40.t,80,378,39439
at,176.40.t.40.t,81,377,39441
at,176.40.t.40.t,82,376,39443
at,176.40.t.40.t,83,375,39445
at,176.40.t.40.t,84,374,39447
at,176.40.t.40.t,85,373,39449
at,176.40.t.40.t,86,372,39451
at,176.40.t.40.t,87,371,39453
at,176.40.t.40.t,88,370,39455
at,176.40.t.40.t,89,369,39457
at,176.40.t.40.t,90,368,39459
at,176.40.t.40.t,91,367,39461
at,176.40.t.40.t,92,366,39463
seq,176.40.t.40.e,39464,458,false,39543,end,39645
at,176.40.t.40.e,0,458,39464
at,176.40.t.40.e,1,457,39466
at,176.40.t.40.e,2,456,39469
at,176.40.t.40.e,3,455,39471
at,176.40.t.40.e,4,454,39473
at,176.40.t.40.e,5,453,39475
at,176.40.t.40.e,6,452,39478
at,176.40.t.40.e,7,451,39480
at,176.40.t.40.e,8,450,39482
at,176.40.t.40.e,9,449,39484
at,176.40.t.40.e,10,448,39486
at,176.40.t.40.e,11,447,39488
at,176.40.t.40.e,12,446,39490
at,176.40.t.40.e,13,445,39492
at,176.40.t.40.e,14,444,39494
at,176.40.t.40.e,15,443,39496
at,176.40.t.40.e,16,442,39498
at,176.40.t.40.e,17,441,39500
at,176.40.t.40.e,18,440,39502
at,176.40.t.40.e,19,439,39504
at,176.40.t.40.e,20,438,39506
at,176.40.t.40.e,21,437,39508
at,176.40.t.40.e,22,436,39510
at,176.40.t.40.e,23,435,39512
at,176.40.t.40.e,24,434,39514
at,176.40.t.40.e,25,433,39516
at,176.40.t.40.e,26,432,39518
at,176.40.t.40.e,27,431,39520
at,176.40.t.40.e,28,430,39522
at,176.40.t.40.e,29,429,39524
at,176.40.t.40.e,30,428,39526
at,176.40.t.40.e,31,427,39528
at,176.40.t.40.e,32,426,39530
at,176.40.t.40.e,33,425,39532
at,176.40.t.40.e,34,424,39534
at,176.40.t.40.e,35,423,39536
at,176.40.t.40.e,36,422,39538
at,176.40.t.40.e,37,421,39540
at,176.40.t.40.e,38,420,39542
at,176.40.t,41,459,39543
seq,176.40.e,39544,500,false,39614,end,39645
at,176.40.e,0,500,39544
at,176.40.e,1,499,39546
at,176.40.e,2,498,39549
at,176.40.e,3,497,39551
at,176.40.e,4,496,39553
at,176.40.e,5,495,39555
at,176.40.e,6,494,39557
at,176.40.e,7,493,39559
at,176.40.e,8,492,39561
at,176.40.e,9,491,39563
at,176.40.e,10,490,39565
at,176.40.e,11,489,39567
at,176.40.e,12,488,39569
at,176.40.e,13,487,39571
at,176.40.e,14,486,39573
at,176.40.e,15,485,39575
at,176.40.e,16,484,39577
at,176.40.e,17,483,39579
at,176.40.e,18,482,39581
at,176.40.e,19,481,39583
at,176.40.e,20,480,39585
at,176.40.e,21,479,39587
at,176.40.e,22,478,39589
at,176.40.e,23,477,39591
at,176.40.e,24,476,39593
at,176.40.e,25,475,39595
at,176.40.e,26,474,39597
at,176.40.e,27,473,39599
at,176.40.e,28,472,39601
at,176.40.e,29,471,39603
at,176.40.e,30,470,39605
at,176.40.e,31,469,39607
at,176.40.e,32,468,39609
at,176.40.e,33,467,39611
at,176.40.e,34,466,39613
at,176,41,501,39614
at,176,42,500,39616
at,176,43,499,39618
at,176,44,498,39620
at,176,45,497,39622
at,176,46,496,39624
at,176,47,495,39626
at,176,48,494,39628
at,176,49,493,39630
at,176,50,492,39632
at,176,51,491,39634
at,176,52,490,39636
at,176,53,489,39638
at,176,54,488,39640
at,176,55,487,39642
at,176,56,486,39644
177,code,39645,39662,39649,39646
177,0,13,39649
177,1,12,39651
177,2,11,39653
177,3,10,39655
177,4,9,39657
177,5,8,39659
177,6,7,39661
seq,177,39649,13,false,39662,end,39662
at,177,0,13,39649
at,177,1,12,39651
at,177,2,11,39653
at,177,3,10,39655
at,177,4,9,39657
at,177,5,8,39659
at,177,6,7,39661
178,code,39662,39739,39666,39663
178,0,73,39666
178,1,72,39668
178,2,71,39670
178,3,70,39672
178,4,69,39674
178,5,68,39676
178,6,67,39678
178,7,66,39680
178,8,65,39682
178,9,64,39684
178,10,63,39686
178,11,62,39688
178,12,61,39690
178,13,60,39692
178,14,59,39694
178,15,58,39696
178,16,57,39698
178,17,56,39700
178,18,55,39702
178,19,54,39704
178,20,53,39706
178,21,52,39708
178,22,51,39710
178,23,50,39712
178,24,49,39714
178,25,48,39716
178,26,47,39718
178,27,46,39720
178,28,45,39722
178,29,44,39724
178,30,43,39726
178,31,42,39728
178,32,41,39730
178,33,40,39732
178,34,39,39734
178,35,38,39736
178,36,37,39738
seq,178,39666,73,false,39739,end,39739
at,178,0,73,39666
at,178,1,72,39668
at,178,2,71,39670
at,178,3,70,39672
at,178,4,69,39674
at,178,5,68,39676
at,178,6,67,39678
at,178,7,66,39680
at,178,8,65,39682
at,178,9,64,39684
at,178,10,63,39686
at,178,11,62,39688
at,178,12,61,39690
at,178,13,60,39692
at,178,14,59,39694
at,178,15,58,39696
at,178,16,57,39698
at,178,17,56,39700
at,178,18,55,39702
at,178,19,54,39704
at,178,20,53,39706
at,178,21,52,39708
at,178,22,51,39710
at,178,23,50,39712
at,178,24,49,39714
at,178,25,48,39716
at,178,26,47,39718
at,178,27,46,39720
at,178,28,45,39722
at,178,29,44,39724
at,178,30,43,39726
at,178,31,42,39728
at,178,32,41,39730
at,178,33,40,39732
at,178,34,39,39734
at,178,35,38,39736
at,178,36,37,39738
179,code,39739,41339,39744,39741
179,0,1595,39744
179,1,1594,39746
179,2,1593,39748
179,3,1592,39750
179,4,1591,39752
179,5,1590,40815
179,6,1589,40817
179,7,1588,40819
179,8,1587,40820
179,9,1586,41306
179,10,1585,41308
179,11,1584,41310
179,12,1583,41312
179,13,1582,41314
179,14,1581,41316
179,15,1580,41318
179,16,1579,41320
179,17,1578,41322
179,18,1577,41324
179,19,1576,41326
179,20,1575,41328
179,21,1574,41330
179,22,1573,41332
179,23,1572,41334
179,24,1571,41336
179,25,1570,41338
seq,179,39744,1595,false,41339,end,41339
at,179,0,1595,39744
at,179,1,1594,39746
at,179,2,1593,39748
at,179,3,1592,39750
at,179,4,1591,39752
seq,179.4.t,39754,1589,false,40815,end,41339
at,179.4.t,0,1589,39754
seq,179.4.t.0.t,39756,1587,false,40814,end,41339
at,179.4.t.0.t,0,1587,39756
at,179.4.t.0.t,1,1586,39758
at,179.4.t.0.t,2,1585,39760
at,179.4.t.0.t,3,1584,39761
at,179.4.t.0.t,4,1583,39762
seq,179.4.t.0.t.4.t,39764,1581,true,39770,otherwise,41339
at,179.4.t.0.t.4.t,0,1581,39764
at,179.4.t.0.t.4.t,1,1580,39766
at,179.4.t.0.t.4.t,2,1579,39768
at,179.4.t.0.t.4.t,3,1578,39769
seq,179.4.t.0.t.4.e,39770,1581,false,39773,end,41339
at,179.4.t.0.t.4.e,0,1581,39770
at,179.4.t.0.t.4.e,1,1580,39772
at,179.4.t.0.t,5,1582,39773
at,179.4.t.0.t,6,1581,39774
at,179.4.t.0.t,7,1580,39776
at,179.4.t.0.t,8,1579,39778
at,179.4.t.0.t,9,1578,39780
at,179.4.t.0.t,10,1577,39782
at,179.4.t.0.t,11,1576,39784
at,179.4.t.0.t,12,1575,39786
at,179.4.t.0.t,13,1574,39788
at,179.4.t.0.t,14,1573,39790
at,179.4.t.0.t,15,1572,39792
at,179.4.t.0.t,16,1571,39794
at,179.4.t.0.t,17,1570,39796
at,179.4.t.0.t,18,1569,39797
seq,179.4.t.0.t.18.t,39799,1567,true,39802,otherwise,41339
at,179.4.t.0.t.18.t,0,1567,39799
at,179.4.t.0.t.18.t,1,1566,39801
seq,179.4.t.0.t.18.e,39802,1567,false,39805,end,41339
at,179.4.t.0.t.18.e,0,1567,39802
at,179.4.t.0.t.18.e,1,1566,39804
at,179.4.t.0.t,19,1568,39805
at,179.4.t.0.t,20,1567,39807
at,179.4.t.0.t,21,1566,39808
at,179.4.t.0.t,22,1565,39809
seq,179.4.t.0.t.22.t,39811,1563,true,40324,otherwise,41339
at,179.4.t.0.t.22.t,0,1563,39811
at,179.4.t.0.t.22.t,1,1562,39813
at,179.4.t.0.t.22.t,2,1561,39815
at,179.4.t.0.t.22.t,3,1560,39817
at,179.4.t.0.t.22.t,4,1559,39819
at,179.4.t.0.t.22.t,5,1558,39821
at,179.4.t.0.t.22.t,6,1557,39823
at,179.4.t.0.t.22.t,7,1556,39825
at,179.4.t.0.t.22.t,8,1555,39827
at,179.4.t.0.t.22.t,9,1554,39829
at,179.4.t.0.t.22.t,10,1553,39831
at,179.4.t.0.t.22.t,11,1552,39833
at,179.4.t.0.t.22.t,12,1551,39835
at,179.4.t.0.t.22.t,13,1550,39837
at,179.4.t.0.t.22.t,14,1549,39839
at,179.4.t.0.t.22.t,15,1548,39841
at,179.4.t.0.t.22.t,16,1547,39843
at,179.4.t.0.t.22.t,17,1546,39845
at,179.4.t.0.t.22.t,18,1545,39847
at,179.4.t.0.t.22.t,19,1544,39848
seq,179.4.t.0.t.22.t.19.t,39850,1542,true,39853,otherwise,41339
at,179.4.t.0.t.22.t.19.t,0,1542,39850
at,179.4.t.0.t.22.t.19.t,1,1541,39852
seq,179.4.t.0.t.22.t.19.e,39853,1542,false,39856,end,41339
at,179.4.t.0.t.22.t.19.e,0,1542,39853
at,179.4.t.0.t.22.t.19.e,1,1541,39855
at,179.4.t.0.t.22.t,20,1543,39856
at,179.4.t.0.t.22.t,21,1542,39858
at,179.4.t.0.t.22.t,22,1541,39859
seq,179.4.t.0.t.22.t.22.t,39861,1539,true,39864,otherwise,41339
at,179.4.t.0.t.22.t.22.t,0,1539,39861
at,179.4.t.0.t.22.t.22.t,1,1538,39863
seq,179.4.t.0.t.22.t.22.e,39864,1539,false,39867,end,41339
at,179.4.t.0.t.22.t.22.e,0,1539,39864
at,179.4.t.0.t.22.t.22.e,1,1538,39866
at,179.4.t.0.t.22.t,23,1540,39867
at,179.4.t.0.t.22.t,24,1539,39869
at,179.4.t.0.t.22.t,25,1538,39870
at,179.4.t.0.t.22.t,26,1537,39871
seq,179.4.t.0.t.22.t.26.t,39873,1535,true,40171,otherwise,41339
at,179.4.t.0.t.22.t.26.t,0,1535,39873
at,179.4.t.0.t.22.t.26.t,1,1534,39875
at,179.4.t.0.t.22.t.26.t,2,1533,39877
at,179.4.t.0.t.22.t.26.t,3,1532,39879
at,179.4.t.0.t.22.t.26.t,4,1531,39881
at,179.4.t.0.t.22.t.26.t,5,1530,39883
at,179.4.t.0.t.22.t.26.t,6,1529,39885
at,179.4.t.0.t.22.t.26.t,7,1528,39887
at,179.4.t.0.t.22.t.26.t,8,1527,39889
at,179.4.t.0.t.22.t.26.t,9,1526,39891
at,179.4.t.0.t.22.t.26.t,10,1525,39893
at,179.4.t.0.t.22.t.26.t,11,1524,39895
at,179.4.t.0.t.22.t.26.t,12,1523,39897
at,179.4.t.0.t.22.t.26.t,13,1522,39899
at,179.4.t.0.t.22.t.26.t,14,1521,39901
at,179.4.t.0.t.22.t.26.t,15,1520,39903
at,179.4.t.0.t.22.t.26.t,16,1519,39905
at,179.4.t.0.t.22.t.26.t,17,1518,39907
at,179.4.t.0.t.22.t.26.t,18,1517,39909
at,179.4.t.0.t.22.t.26.t,19,1516,39912
at,179.4.t.0.t.22.t.26.t,20,1515,39914
at,179.4.t.0.t.22.t.26.t,21,1514,39916
at,179.4.t.0.t.22.t.26.t,22,1513,39918
at,179.4.t.0.t.22.t.26.t,23,1512,39920
at,179.4.t.0.t.22.t.26.t,24,1511,39922
at,179.4.t.0.t.22.t.26.t,25,1510,39924
at,179.4.t.0.t.22.t.26.t,26,1509,39926
at,179.4.t.0.t.22.t.26.t,27,1508,39928
at,179.4.t.0.t.22.t.26.t,28,1507,39930
at,179.4.t.0.t.22.t.26.t,29,1506,39932
at,179.4.t.0.t.22.t.26.t,30,1505,39934
at,179.4.t.0.t.22.t.26.t,31,1504,39936
at,179.4.t.0.t.22.t.26.t,32,1503,39938
at,179.4.t.0.t.22.t.26.t,33,1502,39940
at,179.4.t.0.t.22.t.26.t,34,1501,39942
at,179.4.t.0.t.22.t.26.t,35,1500,39944
at,179.4.t.0.t.22.t.26.t,36,1499,39946
at,179.4.t.0.t.22.t.26.t,37,1498,39947
seq,179.4.t.0.t.22.t.26.t.37.t,39949,1496,true,40101,otherwise,41339
at,179.4.t.0.t.22.t.26.t.37.t,0,1496,39949
at,179.4.t.0.t.22.t.26.t.37.t,1,1495,39951
at,179.4.t.0.t.22.t.26.t.37.t,2,1494,39953
at,179.4.t.0.t.22.t.26.t.37.t,3,1493,39955
at,179.4.t.0.t.22.t.26.t.37.t,4,1492,39957
at,179.4.t.0.t.22.t.26.t.37.t,5,1491,39959
at,179.4.t.0.t.22.t.26.t.37.t,6,1490,39961
at,179.4.t.0.t.22.t.26.t.37.t,7,1489,39971
at,179.4.t.0.t.22.t.26.t.37.t,8,1488,39972
at,179.4.t.0.t.22.t.26.t.37.t,9,1487,39974
at,179.4.t.0.t.22.t.26.t.37.t,10,1486,39975
at,179.4.t.0.t.22.t.26.t.37.t,11,1485,39976
at,179.4.t.0.t.22.t.26.t.37.t,12,1484,39977
at,179.4.t.0.t.22.t.26.t.37.t,13,1483,39979
at,179.4.t.0.t.22.t.26.t.37.t,14,1482,39981
at,179.4.t.0.t.22.t.26.t.37.t,15,1481,39983
at,179.4.t.0.t.22.t.26.t.37.t,16,1480,39985
at,179.4.t.0.t.22.t.26.t.37.t,17,1479,39987
at,179.4.t.0.t.22.t.26.t.37.t,18,1478,39989
at,179.4.t.0.t.22.t.26.t.37.t,19,1477,39991
at,179.4.t.0.t.22.t.26.t.37.t,20,1476,39993
at,179.4.t.0.t.22.t.26.t.37.t,21,1475,39995
at,179.4.t.0.t.22.t.26.t.37.t,22,1474,39996
at,179.4.t.0.t.22.t.26.t.37.t,23,1473,39997
seq,179.4.t.0.t.22.t.26.t.37.t.23.t,39999,1471,true,40006,otherwise,41339
at,179.4.t.0.t.22.t.26.t.37.t.23.t,0,1471,39999
at,179.4.t.0.t.22.t.26.t.37.t.23.t,1,1470,40001
at,179.4.t.0.t.22.t.26.t.37.t.23.t,2,1469,40003
at,179.4.t.0.t.22.t.26.t.37.t.23.t,3,1468,40004
at,179.4.t.0.t.22.t.26.t.37.t.23.t,4,1467,40005
seq,179.4.t.0.t.22.t.26.t.37.t.23.e,40006,1471,false,40009,end,41339
at,179.4.t.0.t.22.t.26.t.37.t.23.e,0,1471,40006
at,179.4.t.0.t.22.t.26.t.37.t.23.e,1,1470,40008
at,179.4.t.0.t.22.t.26.t.37.t,24,1472,40009
seq,179.4.t.0.t.22.t.26.t.37.t.24.t,40011,1470,true,40017,otherwise,41339
at,179.4.t.0.t.22.t.26.t.37.t.24.t,0,1470,40011
at,179.4.t.0.t.22.t.26.t.37.t.24.t,1,1469,40013
at,179.4.t.0.t.22.t.26.t.37.t.24.t,2,1468,40016
seq,179.4.t.0.t.22.t.26.t.37.t.24.e,40017,1470,false,40018,end,41339
at,179.4.t.0.t.22.t.26.t.37.t.24.e,0,1470,40017
at,179.4.t.0.t.22.t.26.t.37.t,25,1471,40018
at,179.4.t.0.t.22.t.26.t.37.t,26,1470,40020
at,179.4.t.0.t.22.t.26.t.37.t,27,1469,40022
at,179.4.t.0.t.22.t.26.t.37.t,28,1468,40024
at,179.4.t.0.t.22.t.26.t.37.t,29,1467,40026
at,179.4.t.0.t.22.t.26.t.37.t,30,1466,40028
at,179.4.t.0.t.22.t.26.t.37.t,31,1465,40030
at,179.4.t.0.t.22.t.26.t.37.t,32,1464,40032
at,179.4.t.0.t.22.t.26.t.37.t,33,1463,40034
at,179.4.t.0.t.22.t.26.t.37.t,34,1462,40036
at,179.4.t.0.t.22.t.26.t.37.t,35,1461,40038
at,179.4.t.0.t.22.t.26.t.37.t,36,1460,40040
at,179.4.t.0.t.22.t.26.t.37.t,37,1459,40042
at,179.4.t.0.t.22.t.26.t.37.t,38,1458,40044
at,179.4.t.0.t.22.t.26.t.37.t,39,1457,40046
at,179.4.t.0.t.22.t.26.t.37.t,40,1456,40048
at,179.4.t.0.t.22.t.26.t.37.t,41,1455,40050
at,179.4.t.0.t.22.t.26.t.37.t,42,1454,40051
seq,179.4.t.0.t.22.t.26.t.37.t.42.t,40053,1452,true,40056,otherwise,41339
at,179.4.t.0.t.22.t.26.t.37.t.42.t,0,1452,40053
at,179.4.t.0.t.22.t.26.t.37.t.42.t,1,1451,40055
seq,179.4.t.0.t.22.t.26.t.37.t.42.e,40056,1452,false,40059,end,41339
at,179.4.t.0.t.22.t.26.t.37.t.42.e,0,1452,40056
at,179.4.t.0.t.22.t.26.t.37.t.42.e,1,1451,40058
at,179.4.t.0.t.22.t.26.t.37.t,43,1453,40059
at,179.4.t.0.t.22.t.26.t.37.t,44,1452,40061
at,179.4.t.0.t.22.t.26.t.37.t,45,1451,40063
at,179.4.t.0.t.22.t.26.t.37.t,46,1450,40065
at,179.4.t.0.t.22.t.26.t.37.t,47,1449,40067
at,179.4.t.0.t.22.t.26.t.37.t,48,1448,40069
at,179.4.t.0.t.22.t.26.t.37.t,49,1447,40071
at,179.4.t.0.t.22.t.26.t.37.t,50,1446,40073
at,179.4.t.0.t.22.t.26.t.37.t,51,1445,40075
at,179.4.t.0.t.22.t.26.t.37.t,52,1444,40077
at,179.4.t.0.t.22.t.26.t.37.t,53,1443,40079
at,179.4.t.0.t.22.t.26.t.37.t,54,1442,40081
at,179.4.t.0.t.22.t.26.t.37.t,55,1441,40083
at,179.4.t.0.t.22.t.26.t.37.t,56,1440,40085
at,179.4.t.0.t.22.t.26.t.37.t,57,1439,40087
at,179.4.t.0.t.22.t.26.t.37.t,58,1438,40089
at,179.4.t.0.t.22.t.26.t.37.t,59,1437,40091
at,179.4.t.0.t.22.t.26.t.37.t,60,1436,40093
at,179.4.t.0.t.22.t.26.t.37.t,61,1435,40095
at,179.4.t.0.t.22.t.26.t.37.t,62,1434,40097
at,179.4.t.0.t.22.t.26.t.37.t,63,1433,40098
at,179.4.t.0.t.22.t.26.t.37.t,64,1432,40100
seq,179.4.t.0.t.22.t.26.t.37.e,40101,1496,false,40170,end,41339
at,179.4.t.0.t.22.t.26.t.37.e,0,1496,40101
at,179.4.t.0.t.22.t.26.t.37.e,1,1495,40103
at,179.4.t.0.t.22.t.26.t.37.e,2,1494,40105
at,179.4.t.0.t.22.t.26.t.37.e,3,1493,40107
at,179.4.t.0.t.22.t.26.t.37.e,4,1492,40109
at,179.4.t.0.t.22.t.26.t.37.e,5,1491,40111
at,179.4.t.0.t.22.t.26.t.37.e,6,1490,40113
at,179.4.t.0.t.22.t.26.t.37.e,7,1489,40115
at,179.4.t.0.t.22.t.26.t.37.e,8,1488,40117
at,179.4.t.0.t.22.t.26.t.37.e,9,1487,40119
at,179.4.t.0.t.22.t.26.t.37.e,10,1486,40121
at,179.4.t.0.t.22.t.26.t.37.e,11,1485,40123
at,179.4.t.0.t.22.t.26.t.37.e,12,1484,40125
at,179.4.t.0.t.22.t.26.t.37.e,13,1483,40127
at,179.4.t.0.t.22.t.26.t.37.e,14,1482,40129
at,179.4.t.0.t.22.t.26.t.37.e,15,1481,40131
at,179.4.t.0.t.22.t.26.t.37.e,16,1480,40133
at,179.4.t.0.t.22.t.26.t.37.e,17,1479,40135
at,179.4.t.0.t.22.t.26.t.37.e,18,1478,40137
at,179.4.t.0.t.22.t.26.t.37.e,19,1477,40139
at,179.4.t.0.t.22.t.26.t.37.e,20,1476,40141
at,179.4.t.0.t.22.t.26.t.37.e,21,1475,40143
at,179.4.t.0.t.22.t.26.t.37.e,22,1474,40145
at,179.4.t.0.t.22.t.26.t.37.e,23,1473,40147
at,179.4.t.0.t.22.t.26.t.37.e,24,1472,40149
at,179.4.t.0.t.22.t.26.t.37.e,25,1471,40151
at,179.4.t.0.t.22.t.26.t.37.e,26,1470,40153
at,179.4.t.0.t.22.t.26.t.37.e,27,1469,40155
at,179.4.t.0.t.22.t.26.t.37.e,28,1468,40157
at,179.4.t.0.t.22.t.26.t.37.e,29,1467,40159
at,179.4.t.0.t.22.t.26.t.37.e,30,1466,40161
at,179.4.t.0.t.22.t.26.t.37.e,31,1465,40163
at,179.4.t.0.t.22.t.26.t.37.e,32,1464,40165
at,179.4.t.0.t.22.t.26.t.37.e,33,1463,40167
at,179.4.t.0.t.22.t.26.t.37.e,34,1462,40169
at,179.4.t.0.t.22.t.26.t,38,1497,40170
seq,179.4.t.0.t.22.t.26.e,40171,1535,false,40323,end,41339
at,179.4.t.0.t.22.t.26.e,0,1535,40171
at,179.4.t.0.t.22.t.26.e,1,1534,40173
at,179.4.t.0.t.22.t.26.e,2,1533,40175
at,179.4.t.0.t.22.t.26.e,3,1532,40177
at,179.4.t.0.t.22.t.26.e,4,1531,40179
at,179.4.t.0.t.22.t.26.e,5,1530,40181
at,179.4.t.0.t.22.t.26.e,6,1529,40183
at,179.4.t.0.t.22.t.26.e,7,1528,40193
at,179.4.t.0.t.22.t.26.e,8,1527,40194
at,179.4.t.0.t.22.t.26.e,9,1526,40196
at,179.4.t.0.t.22.t.26.e,10,1525,40197
at,179.4.t.0.t.22.t.26.e,11,1524,40198
at,179.4.t.0.t.22.t.26.e,12,1523,40199
at,179.4.t.0.t.22.t.26.e,13,1522,40201
at,179.4.t.0.t.22.t.26.e,14,1521,40203
at,179.4.t.0.t.22.t.26.e,15,1520,40205
at,179.4.t.0.t.22.t.26.e,16,1519,40207
at,179.4.t.0.t.22.t.26.e,17,1518,40209
at,179.4.t.0.t.22.t.26.e,18,1517,40211
at,179.4.t.0.t.22.t.26.e,19,1516,40213
at,179.4.t.0.t.22.t.26.e,20,1515,40215
at,179.4.t.0.t.22.t.26.e,21,1514,40217
at,179.4.t.0.t.22.t.26.e,22,1513,40218
at,179.4.t.0.t.22.t.26.e,23,1512,40219
seq,179.4.t.0.t.22.t.26.e.23.t,40221,1510,true,40228,otherwise,41339
at,179.4.t.0.t.22.t.26.e.23.t,0,1510,40221
at,179.4.t.0.t.22.t.26.e.23.t,1,1509,40223
at,179.4.t.0.t.22.t.26.e.23.t,2,1508,40225
at,179.4.t.0.t.22.t.26.e.23.t,3,1507,40226
at,179.4.t.0.t.22.t.26.e.23.t,4,1506,40227
seq,179.4.t.0.t.22.t.26.e.23.e,40228,1510,false,40231,end,41339
at,179.4.t.0.t.22.t.26.e.23.e,0,1510,40228
at,179.4.t.0.t.22.t.26.e.23.e,1,1509,40230
at,179.4.t.0.t.22.t.26.e,24,1511,40231
seq,179.4.t.0.t.22.t.26.e.24.t,40233,1509,true,40239,otherwise,41339
at,179.4.t.0.t.22.t.26.e.24.t,0,1509,40233
at,179.4.t.0.t.22.t.26.e.24.t,1,1508,40235
at,179.4.t.0.t.22.t.26.e.24.t,2,1507,40238
seq,179.4.t.0.t.22.t.26.e.24.e,40239,1509,false,40240,end,41339
at,179.4.t.0.t.22.t.26.e.24.e,0,1509,40239
at,179.4.t.0.t.22.t.26.e,25,1510,40240
at,179.4.t.0.t.22.t.26.e,26,1509,40242
at,179.4.t.0.t.22.t.26.e,27,1508,40244
at,179.4.t.0.t.22.t.26.e,28,1507,40246
at,179.4.t.0.t.22.t.26.e,29,1506,40248
at,179.4.t.0.t.22.t.26.e,30,1505,40250
at,179.4.t.0.t.22.t.26.e,31,1504,40252
at,179.4.t.0.t.22.t.26.e,32,1503,40254
at,179.4.t.0.t.22.t.26.e,33,1502,40256
at,179.4.t.0.t.22.t.26.e,34,1501,40258
at,179.4.t.0.t.22.t.26.e,35,1500,40260
at,179.4.t.0.t.22.t.26.e,36,1499,40262
at,179.4.t.0.t.22.t.26.e,37,1498,40264
at,179.4.t.0.t.22.t.26.e,38,1497,40266
at,179.4.t.0.t.22.t.26.e,39,1496,40268
at,179.4.t.0.t.22.t.26.e,40,1495,40270
at,179.4.t.0.t.22.t.26.e,41,1494,40272
at,179.4.t.0.t.22.t.26.e,42,1493,40273
seq,179.4.t.0.t.22.t.26.e.42.t,40275,1491,true,40278,otherwise,41339
at,179.4.t.0.t.22.t.26.e.42.t,0,1491,40275
at,179.4.t.0.t.22.t.26.e.42.t,1,1490,40277
seq,179.4.t.0.t.22.t.26.e.42.e,40278,1491,false,40281,end,41339
at,179.4.t.0.t.22.t.26.e.42.e,0,1491,40278
at,179.4.t.0.t.22.t.26.e.42.e,1,1490,40280
at,179.4.t.0.t.22.t.26.e,43,1492,40281
at,179.4.t.0.t.22.t.26.e,44,1491,40283
at,179.4.t.0.t.22.t.26.e,45,1490,40285
at,179.4.t.0.t.22.t.26.e,46,1489,40287
at,179.4.t.0.t.22.t.26.e,47,1488,40289
at,179.4.t.0.t.22.t.26.e,48,1487,40291
at,179.4.t.0.t.22.t.26.e,49,1486,40293
at,179.4.t.0.t.22.t.26.e,50,1485,40295
at,179.4.t.0.t.22.t.26.e,51,1484,40297
at,179.4.t.0.t.22.t.26.e,52,1483,40299
at,179.4.t.0.t.22.t.26.e,53,1482,40301
at,179.4.t.0.t.22.t.26.e,54,1481,40303
at,179.4.t.0.t.22.t.26.e,55,1480,40305
at,179.4.t.0.t.22.t.26.e,56,1479,40307
at,179.4.t.0.t.22.t.26.e,57,1478,40309
at,179.4.t.0.t.22.t.26.e,58,1477,40311
at,179.4.t.0.t.22.t.26.e,59,1476,40313
at,179.4.t.0.t.22.t.26.e,60,1475,40315
at,179.4.t.0.t.22.t.26.e,61,1474,40317
at,179.4.t.0.t.22.t.26.e,62,1473,40319
at,179.4.t.0.t.22.t.26.e,63,1472,40320
at,179.4.t.0.t.22.t.26.e,64,1471,40322
at,179.4.t.0.t.22.t,27,1536,40323
seq,179.4.t.0.t.22.e,40324,1563,false,40811,end,41339
at,179.4.t.0.t.22.e,0,1563,40324
at,179.4.t.0.t.22.e,1,1562,40326
at,179.4.t.0.t.22.e,2,1561,40328
at,179.4.t.0.t.22.e,3,1560,40330
at,179.4.t.0.t.22.e,4,1559,40332
at,179.4.t.0.t.22.e,5,1558,40334
at,179.4.t.0.t.22.e,6,1557,40336
at,179.4.t.0.t.22.e,7,1556,40338
at,179.4.t.0.t.22.e,8,1555,40339
at,179.4.t.0.t.22.e,9,1554,40341
at,179.4.t.0.t.22.e,10,1553,40342
at,179.4.t.0.t.22.e,11,1552,40343
at,179.4.t.0.t.22.e,12,1551,40345
at,179.4.t.0.t.22.e,13,1550,40346
at,179.4.t.0.t.22.e,14,1549,40348
at,179.4.t.0.t.22.e,15,1548,40349
at,179.4.t.0.t.22.e,16,1547,40351
at,179.4.t.0.t.22.e,17,1546,40352
at,179.4.t.0.t.22.e,18,1545,40354
at,179.4.t.0.t.22.e,19,1544,40356
at,179.4.t.0.t.22.e,20,1543,40358
at,179.4.t.0.t.22.e,21,1542,40359
seq,179.4.t.0.t.22.e.21.t,40361,1540,true,40366,end,41339
at,179.4.t.0.t.22.e.21.t,0,1540,40361
at,179.4.t.0.t.22.e.21.t,1,1539,40363
at,179.4.t.0.t.22.e.21.t,2,1538,40365
at,179.4.t.0.t.22.e,22,1541,40366
at,179.4.t.0.t.22.e,23,1540,40368
at,179.4.t.0.t.22.e,24,1539,40371
at,179.4.t.0.t.22.e,25,1538,40373
at,179.4.t.0.t.22.e,26,1537,40375
at,179.4.t.0.t.22.e,27,1536,40377
at,179.4.t.0.t.22.e,28,1535,40379
seq,179.4.t.0.t.22.e.28.t,40381,1533,false,40545,end,41339
at,179.4.t.0.t.22.e.28.t,0,1533,40381
seq,179.4.t.0.t.22.e.28.t.0.t,40383,1531,false,40544,end,41339
at,179.4.t.0.t.22.e.28.t.0.t,0,1531,40383
at,179.4.t.0.t.22.e.28.t.0.t,1,1530,40385
at,179.4.t.0.t.22.e.28.t.0.t,2,1529,40387
at,179.4.t.0.t.22.e.28.t.0.t,3,1528,40388
at,179.4.t.0.t.22.e.28.t.0.t,4,1527,40390
at,179.4.t.0.t.22.e.28.t.0.t,5,1526,40393
at,179.4.t.0.t.22.e.28.t.0.t,6,1525,40395
at,179.4.t.0.t.22.e.28.t.0.t,7,1524,40396
at,179.4.t.0.t.22.e.28.t.0.t,8,1523,40398
at,179.4.t.0.t.22.e.28.t.0.t,9,1522,40400
at,179.4.t.0.t.22.e.28.t.0.t,10,1521,40402
at,179.4.t.0.t.22.e.28.t.0.t,11,1520,40403
at,179.4.t.0.t.22.e.28.t.0.t,12,1519,40404
at,179.4.t.0.t.22.e.28.t.0.t,13,1518,40407
at,179.4.t.0.t.22.e.28.t.0.t,14,1517,40409
at,179.4.t.0.t.22.e.28.t.0.t,15,1516,40411
at,179.4.t.0.t.22.e.28.t.0.t,16,1515,40413
at,179.4.t.0.t.22.e.28.t.0.t,17,1514,40414
at,179.4.t.0.t.22.e.28.t.0.t,18,1513,40415
at,179.4.t.0.t.22.e.28.t.0.t,19,1512,40418
at,179.4.t.0.t.22.e.28.t.0.t,20,1511,40420
at,179.4.t.0.t.22.e.28.t.0.t,21,1510,40422
at,179.4.t.0.t.22.e.28.t.0.t,22,1509,40424
at,179.4.t.0.t.22.e.28.t.0.t,23,1508,40425
seq,179.4.t.0.t.22.e.28.t.0.t.23.t,40427,1506,true,40532,otherwise,41339
at,179.4.t.0.t.22.e.28.t.0.t.23.t,0,1506,40427
at,179.4.t.0.t.22.e.28.t.0.t.23.t,1,1505,40429
at,179.4.t.0.t.22.e.28.t.0.t.23.t,2,1504,40431
at,179.4.t.0.t.22.e.28.t.0.t.23.t,3,1503,40432
seq,179.4.t.0.t.22.e.28.t.0.t.23.t.3.t,40434,1501,true,40439,otherwise,41339
at,179.4.t.0.t.22.e.28.t.0.t.23.t.3.t,0,1501,40434
at,179.4.t.0.t.22.e.28.t.0.t.23.t.3.t,1,1500,40436
at,179.4.t.0.t.22.e.28.t.0.t.23.t.3.t,2,1499,40438
seq,179.4.t.0.t.22.e.28.t.0.t.23.t.3.e,40439,1501,false,40451,end,41339
at,179.4.t.0.t.22.e.28.t.0.t.23.t.3.e,0,1501,40439
at,179.4.t.0.t.22.e.28.t.0.t.23.t.3.e,1,1500,40441
at,179.4.t.0.t.22.e.28.t.0.t.23.t.3.e,2,1499,40443
at,179.4.t.0.t.22.e.28.t.0.t.23.t.3.e,3,1498,40444
at,179.4.t.0.t.22.e.28.t.0.t.23.t.3.e,4,1497,40445
at,179.4.t.0.t.22.e.28.t.0.t.23.t.3.e,5,1496,40447
at,179.4.t.0.t.22.e.28.t.0.t.23.t.3.e,6,1495,40450
at,179.4.t.0.t.22.e.28.t.0.t.23.t,4,1502,40451
at,179.4.t.0.t.22.e.28.t.0.t.23.t,5,1501,40453
at,179.4.t.0.t.22.e.28.t.0.t.23.t,6,1500,40455
at,179.4.t.0.t.22.e.28.t.0.t.23.t,7,1499,40456
at,179.4.t.0.t.22.e.28.t.0.t.23.t,8,1498,40457
at,179.4.t.0.t.22.e.28.t.0.t.23.t,9,1497,40468
at,179.4.t.0.t.22.e.28.t.0.t.23.t,10,1496,40471
at,179.4.t.0.t.22.e.28.t.0.t.23.t,11,1495,40473
at,179.4.t.0.t.22.e.28.t.0.t.23.t,12,1494,40475
at,179.4.t.0.t.22.e.28.t.0.t.23.t,13,1493,40476
at,179.4.t.0.t.22.e.28.t.0.t.23.t,14,1492,40477
at,179.4.t.0.t.22.e.28.t.0.t.23.t,15,1491,40479
at,179.4.t.0.t.22.e.28.t.0.t.23.t,16,1490,40482
at,179.4.t.0.t.22.e.28.t.0.t.23.t,17,1489,40484
at,179.4.t.0.t.22.e.28.t.0.t.23.t,18,1488,40486
at,179.4.t.0.t.22.e.28.t.0.t.23.t,19,1487,40487
at,179.4.t.0.t.22.e.28.t.0.t.23.t,20,1486,40488
at,179.4.t.0.t.22.e.28.t.0.t.23.t,21,1485,40490
at,179.4.t.0.t.22.e.28.t.0.t.23.t,22,1484,40493
at,179.4.t.0.t.22.e.28.t.0.t.23.t,23,1483,40495
at,179.4.t.0.t.22.e.28.t.0.t.23.t,24,1482,40497
at,179.4.t.0.t.22.e.28.t.0.t.23.t,25,1481,40498
at,179.4.t.0.t.22.e.28.t.0.t.23.t,26,1480,40499
at,179.4.t.0.t.22.e.28.t.0.t.23.t,27,1479,40501
at,179.4.t.0.t.22.e.28.t.0.t.23.t,28,1478,40504
at,179.4.t.0.t.22.e.28.t.0.t.23.t,29,1477,40506
at,179.4.t.0.t.22.e.28.t.0.t.23.t,30,1476,40508
at,179.4.t.0.t.22.e.28.t.0.t.23.t,31,1475,40509
at,179.4.t.0.t.22.e.28.t.0.t.23.t,32,1474,40510
at,179.4.t.0.t.22.e.28.t.0.t.23.t,33,1473,40512
at,179.4.t.0.t.22.e.28.t.0.t.23.t,34,1472,40515
at,179.4.t.0.t.22.e.28.t.0.t.23.t,35,1471,40517
at,179.4.t.0.t.22.e.28.t.0.t.23.t,36,1470,40519
at,179.4.t.0.t.22.e.28.t.0.t.23.t,37,1469,40520
at,179.4.t.0.t.22.e.28.t.0.t.23.t,38,1468,40521
at,179.4.t.0.t.22.e.28.t.0.t.23.t,39,1467,40523
at,179.4.t.0.t.22.e.28.t.0.t.23.t,40,1466,40526
at,179.4.t.0.t.22.e.28.t.0.t.23.t,41,1465,40528
at,179.4.t.0.t.22.e.28.t.0.t.23.t,42,1464,40531
seq,179.4.t.0.t.22.e.28.t.0.t.23.e,40532,1506,false,40541,end,41339
at,179.4.t.0.t.22.e.28.t.0.t.23.e,0,1506,40532
at,179.4.t.0.t.22.e.28.t.0.t.23.e,1,1505,40534
at,179.4.t.0.t.22.e.28.t.0.t.23.e,2,1504,40536
at,179.4.t.0.t.22.e.28.t.0.t.23.e,3,1503,40538
at,179.4.t.0.t.22.e.28.t.0.t.23.e,4,1502,40540
at,179.4.t.0.t.22.e.28.t.0.t,24,1507,40541
at,179.4.t.0.t.22.e.28.t.0.t,25,1506,40543
at,179.4.t.0.t.22.e.28.t,1,1532,40544
at,179.4.t.0.t.22.e,29,1534,40545
at,179.4.t.0.t.22.e,30,1533,40548
at,179.4.t.0.t.22.e,31,1532,40550
at,179.4.t.0.t.22.e,32,1531,40551
seq,179.4.t.0.t.22.e.32.t,40553,1529,true,40704,end,41339
at,179.4.t.0.t.22.e.32.t,0,1529,40553
at,179.4.t.0.t.22.e.32.t,1,1528,40555
at,179.4.t.0.t.22.e.32.t,2,1527,40557
at,179.4.t.0.t.22.e.32.t,3,1526,40558
at,179.4.t.0.t.22.e.32.t,4,1525,40560
at,179.4.t.0.t.22.e.32.t,5,1524,40561
at,179.4.t.0.t.22.e.32.t,6,1523,40563
at,179.4.t.0.t.22.e.32.t,7,1522,40565
at,179.4.t.0.t.22.e.32.t,8,1521,40566
seq,179.4.t.0.t.22.e.32.t.8.t,40568,1519,true,40570,end,41339
at,179.4.t.0.t.22.e.32.t.8.t,0,1519,40568
at,179.4.t.0.t.22.e.32.t.8.t,1,1518,40569
at,179.4.t.0.t.22.e.32.t,9,1520,40570
at,179.4.t.0.t.22.e.32.t,10,1519,40572
at,179.4.t.0.t.22.e.32.t,11,1518,40574
at,179.4.t.0.t.22.e.32.t,12,1517,40575
at,179.4.t.0.t.22.e.32.t,13,1516,40579
at,179.4.t.0.t.22.e.32.t,14,1515,40580
at,179.4.t.0.t.22.e.32.t,15,1514,40582
at,179.4.t.0.t.22.e.32.t,16,1513,40583
at,179.4.t.0.t.22.e.32.t,17,1512,40585
at,179.4.t.0.t.22.e.32.t,18,1511,40587
at,179.4.t.0.t.22.e.32.t,19,1510,40588
at,179.4.t.0.t.22.e.32.t,20,1509,40590
at,179.4.t.0.t.22.e.32.t,21,1508,40591
seq,179.4.t.0.t.22.e.32.t.21.t,40593,1506,true,40610,end,41339
at,179.4.t.0.t.22.e.32.t.21.t,0,1506,40593
at,179.4.t.0.t.22.e.32.t.21.t,1,1505,40595
at,179.4.t.0.t.22.e.32.t.21.t,2,1504,40597
at,179.4.t.0.t.22.e.32.t.21.t,3,1503,40598
at,179.4.t.0.t.22.e.32.t.21.t,4,1502,40599
at,179.4.t.0.t.22.e.32.t.21.t,5,1501,40600
at,179.4.t.0.t.22.e.32.t.21.t,6,1500,40602
at,179.4.t.0.t.22.e.32.t.21.t,7,1499,40604
at,179.4.t.0.t.22.e.32.t.21.t,8,1498,40605
seq,179.4.t.0.t.22.e.32.t.21.t.8.t,40607,1496,true,40609,end,41339
at,179.4.t.0.t.22.e.32.t.21.t.8.t,0,1496,40607
at,179.4.t.0.t.22.e.32.t.21.t.8.t,1,1495,40608
at,179.4.t.0.t.22.e.32.t.21.t,9,1497,40609
at,179.4.t.0.t.22.e.32.t,22,1507,40610
at,179.4.t.0.t.22.e.32.t,23,1506,40612
at,179.4.t.0.t.22.e.32.t,24,1505,40614
at,179.4.t.0.t.22.e.32.t,25,1504,40615
at,179.4.t.0.t.22.e.32.t,26,1503,40618
at,179.4.t.0.t.22.e.32.t,27,1502,40620
at,179.4.t.0.t.22.e.32.t,28,1501,40622
at,179.4.t.0.t.22.e.32.t,29,1500,40625
at,179.4.t.0.t.22.e.32.t,30,1499,40627
at,179.4.t.0.t.22.e.32.t,31,1498,40628
at,179.4.t.0.t.22.e.32.t,32,1497,40629
at,179.4.t.0.t.22.e.32.t,33,1496,40640
at,179.4.t.0.t.22.e.32.t,34,1495,40643
at,179.4.t.0.t.22.e.32.t,35,1494,40646
at,179.4.t.0.t.22.e.32.t,36,1493,40648
at,179.4.t.0.t.22.e.32.t,37,1492,40649
at,179.4.t.0.t.22.e.32.t,38,1491,40650
at,179.4.t.0.t.22.e.32.t,39,1490,40652
at,179.4.t.0.t.22.e.32.t,40,1489,40655
at,179.4.t.0.t.22.e.32.t,41,1488,40658
at,179.4.t.0.t.22.e.32.t,42,1487,40660
at,179.4.t.0.t.22.e.32.t,43,1486,40661
at,179.4.t.0.t.22.e.32.t,44,1485,40662
at,179.4.t.0.t.22.e.32.t,45,1484,40664
at,179.4.t.0.t.22.e.32.t,46,1483,40667
at,179.4.t.0.t.22.e.32.t,47,1482,40670
at,179.4.t.0.t.22.e.32.t,48,1481,40672
at,179.4.t.0.t.22.e.32.t,49,1480,40673
at,179.4.t.0.t.22.e.32.t,50,1479,40674
at,179.4.t.0.t.22.e.32.t,51,1478,40676
at,179.4.t.0.t.22.e.32.t,52,1477,40679
at,179.4.t.0.t.22.e.32.t,53,1476,40682
at,179.4.t.0.t.22.e.32.t,54,1475,40684
at,179.4.t.0.t.22.e.32.t,55,1474,40685
at,179.4.t.0.t.22.e.32.t,56,1473,40686
at,179.4.t.0.t.22.e.32.t,57,1472,40688
at,179.4.t.0.t.22.e.32.t,58,1471,40691
at,179.4.t.0.t.22.e.32.t,59,1470,40694
at,179.4.t.0.t.22.e.32.t,60,1469,40696
at,179.4.t.0.t.22.e.32.t,61,1468,40697
at,179.4.t.0.t.22.e.32.t,62,1467,40698
at,179.4.t.0.t.22.e.32.t,63,1466,40700
at,179.4.t.0.t.22.e.32.t,64,1465,40703
at,179.4.t.0.t.22.e,33,1530,40704
at,179.4.t.0.t.22.e,34,1529,40706
at,179.4.t.0.t.22.e,35,1528,40708
at,179.4.t.0.t.22.e,36,1527,40709
at,179.4.t.0.t.22.e,37,1526,40711
at,179.4.t.0.t.22.e,38,1525,40714
at,179.4.t.0.t.22.e,39,1524,40716
at,179.4.t.0.t.22.e,40,1523,40718
at,179.4.t.0.t.22.e,41,1522,40719
at,179.4.t.0.t.22.e,42,1521,40721
at,179.4.t.0.t.22.e,43,1520,40724
at,179.4.t.0.t.22.e,44,1519,40726
at,179.4.t.0.t.22.e,45,1518,40728
at,179.4.t.0.t.22.e,46,1517,40730
at,179.4.t.0.t.22.e,47,1516,40732
at,179.4.t.0.t.22.e,48,1515,40734
at,179.4.t.0.t.22.e,49,1514,40736
at,179.4.t.0.t.22.e,50,1513,40738
at,179.4.t.0.t.22.e,51,1512,40740
at,179.4.t.0.t.22.e,52,1511,40742
at,179.4.t.0.t.22.e,53,1510,40744
at,179.4.t.0.t.22.e,54,1509,40746
at,179.4.t.0.t.22.e,55,1508,40748
at,179.4.t.0.t.22.e,56,1507,40750
at,179.4.t.0.t.22.e,57,1506,40752
at,179.4.t.0.t.22.e,58,1505,40754
at,179.4.t.0.t.22.e,59,1504,40756
at,179.4.t.0.t.22.e,60,1503,40758
at,179.4.t.0.t.22.e,61,1502,40760
at,179.4.t.0.t.22.e,62,1501,40762
at,179.4.t.0.t.22.e,63,1500,40764
at,179.4.t.0.t.22.e,64,1499,40766
at,179.4.t.0.t.22.e,65,1498,40768
at,179.4.t.0.t.22.e,66,1497,40770
at,179.4.t.0.t.22.e,67,1496,40772
at,179.4.t.0.t.22.e,68,1495,40774
at,179.4.t.0.t.22.e,69,1494,40776
at,179.4.t.0.t.22.e,70,1493,40778
at,179.4.t.0.t.22.e,71,1492,40780
at,179.4.t.0.t.22.e,72,1491,40782
at,179.4.t.0.t.22.e,73,1490,40784
at,179.4.t.0.t.22.e,74,1489,40786
at,179.4.t.0.t.22.e,75,1488,40788
at,179.4.t.0.t.22.e,76,1487,40790
at,179.4.t.0.t.22.e,77,1486,40792
at,179.4.t.0.t.22.e,78,1485,40794
at,179.4.t.0.t.22.e,79,1484,40796
at,179.4.t.0.t.22.e,80,1483,40798
at,179.4.t.0.t.22.e,81,1482,40800
at,179.4.t.0.t.22.e,82,1481,40802
at,179.4.t.0.t.22.e,83,1480,40804
at,179.4.t.0.t.22.e,84,1479,40806
at,179.4.t.0.t.22.e,85,1478,40808
at,179.4.t.0.t.22.e,86,1477,40810
at,179.4.t.0.t,23,1564,40811
at,179.4.t.0.t,24,1563,40813
at,179.4.t,1,1588,40814
at,179,5,1590,40815
at,179,6,1589,40817
at,179,7,1588,40819
at,179,8,1587,40820
seq,179.8.t,40822,1585,true,41305,otherwise,41339
at,179.8.t,0,1585,40822
at,179.8.t,1,1584,40824
at,179.8.t,2,1583,40826
at,179.8.t,3,1582,40828
at,179.8.t,4,1581,40830
at,179.8.t,5,1580,40832
at,179.8.t,6,1579,40834
at,179.8.t,7,1578,40836
at,179.8.t,8,1577,40837
at,179.8.t,9,1576,40839
at,179.8.t,10,1575,40840
at,179.8.t,11,1574,40841
at,179.8.t,12,1573,40843
at,179.8.t,13,1572,40844
at,179.8.t,14,1571,40846
at,179.8.t,15,1570,40847
at,179.8.t,16,1569,40849
at,179.8.t,17,1568,40850
at,179.8.t,18,1567,40852
at,179.8.t,19,1566,40854
at,179.8.t,20,1565,40856
at,179.8.t,21,1564,40857
seq,179.8.t.21.t,40859,1562,true,40864,end,41339
at,179.8.t.21.t,0,1562,40859
at,179.8.t.21.t,1,1561,40861
at,179.8.t.21.t,2,1560,40863
at,179.8.t,22,1563,40864
at,179.8.t,23,1562,40866
at,179.8.t,24,1561,40869
at,179.8.t,25,1560,40871
at,179.8.t,26,1559,40873
at,179.8.t,27,1558,40875
at,179.8.t,28,1557,40877
seq,179.8.t.28.t,40879,1555,false,41043,end,41339
at,179.8.t.28.t,0,1555,40879
seq,179.8.t.28.t.0.t,40881,1553,false,41042,end,41339
at,179.8.t.28.t.0.t,0,1553,40881
at,179.8.t.28.t.0.t,1,1552,40883
at,179.8.t.28.t.0.t,2,1551,40885
at,179.8.t.28.t.0.t,3,1550,40886
at,179.8.t.28.t.0.t,4,1549,40888
at,179.8.t.28.t.0.t,5,1548,40891
at,179.8.t.28.t.0.t,6,1547,40893
at,179.8.t.28.t.0.t,7,1546,40894
at,179.8.t.28.t.0.t,8,1545,40896
at,179.8.t.28.t.0.t,9,1544,40898
at,179.8.t.28.t.0.t,10,1543,40900
at,179.8.t.28.t.0.t,11,1542,40901
at,179.8.t.28.t.0.t,12,1541,40902
at,179.8.t.28.t.0.t,13,1540,40905
at,179.8.t.28.t.0.t,14,1539,40907
at,179.8.t.28.t.0.t,15,1538,40909
at,179.8.t.28.t.0.t,16,1537,40911
at,179.8.t.28.t.0.t,17,1536,40912
at,179.8.t.28.t.0.t,18,1535,40913
at,179.8.t.28.t.0.t,19,1534,40916
at,179.8.t.28.t.0.t,20,1533,40918
at,179.8.t.28.t.0.t,21,1532,40920
at,179.8.t.28.t.0.t,22,1531,40922
at,179.8.t.28.t.0.t,23,1530,40923
seq,179.8.t.28.t.0.t.23.t,40925,1528,true,41030,otherwise,41339
at,179.8.t.28.t.0.t.23.t,0,1528,40925
at,179.8.t.28.t.0.t.23.t,1,1527,40927
at,179.8.t.28.t.0.t.23.t,2,1526,40929
at,179.8.t.28.t.0.t.23.t,3,1525,40930
seq,179.8.t.28.t.0.t.23.t.3.t,40932,1523,true,40937,otherwise,41339
at,179.8.t.28.t.0.t.23.t.3.t,0,1523,40932
at,179.8.t.28.t.0.t.23.t.3.t,1,1522,40934
at,179.8.t.28.t.0.t.23.t.3.t,2,1521,40936
seq,179.8.t.28.t.0.t.23.t.3.e,40937,1523,false,40949,end,41339
at,179.8.t.28.t.0.t.23.t.3.e,0,1523,40937
at,179.8.t.28.t.0.t.23.t.3.e,1,1522,40939
at,179.8.t.28.t.0.t.23.t.3.e,2,1521,40941
at,179.8.t.28.t.0.t.23.t.3.e,3,1520,40942
at,179.8.t.28.t.0.t.23.t.3.e,4,1519,40943
at,179.8.t.28.t.0.t.23.t.3.e,5,1518,40945
at,179.8.t.28.t.0.t.23.t.3.e,6,1517,40948
at,179.8.t.28.t.0.t.23.t,4,1524,40949
at,179.8.t.28.t.0.t.23.t,5,1523,40951
at,179.8.t.28.t.0.t.23.t,6,1522,40953
at,179.8.t.28.t.0.t.23.t,7,1521,40954
at,179.8.t.28.t.0.t.23.t,8,1520,40955
at,179.8.t.28.t.0.t.23.t,9,1519,40966
at,179.8.t.28.t.0.t.23.t,10,1518,40969
at,179.8.t.28.t.0.t.23.t,11,1517,40971
at,179.8.t.28.t.0.t.23.t,12,1516,40973
at,179.8.t.28.t.0.t.23.t,13,1515,40974
at,179.8.t.28.t.0.t.23.t,14,1514,40975
at,179.8.t.28.t.0.t.23.t,15,1513,40977
at,179.8.t.28.t.0.t.23.t,16,1512,40980
at,179.8.t.28.t.0.t.23.t,17,1511,40982
at,179.8.t.28.t.0.t.23.t,18,1510,40984
at,179.8.t.28.t.0.t.23.t,19,1509,40985
at,179.8.t.28.t.0.t.23.t,20,1508,40986
at,179.8.t.28.t.0.t.23.t,21,1507,40988
at,179.8.t.28.t.0.t.23.t,22,1506,40991
at,179.8.t.28.t.0.t.23.t,23,1505,40993
at,179.8.t.28.t.0.t.23.t,24,1504,40995
at,179.8.t.28.t.0.t.23.t,25,1503,40996
at,179.8.t.28.t.0.t.23.t,26,1502,40997
at,179.8.t.28.t.0.t.23.t,27,1501,40999
at,179.8.t.28.t.0.t.23.t,28,1500,41002
at,179.8.t.28.t.0.t.23.t,29,1499,41004
at,179.8.t.28.t.0.t.23.t,30,1498,41006
at,179.8.t.28.t.0.t.23.t,31,1497,41007
at,179.8.t.28.t.0.t.23.t,32,1496,41008
at,179.8.t.28.t.0.t.23.t,33,1495,41010
at,179.8.t.28.t.0.t.23.t,34,1494,41013
at,179.8.t.28.t.0.t.23.t,35,1493,41015
at,179.8.t.28.t.0.t.23.t,36,1492,41017
at,179.8.t.28.t.0.t.23.t,37,1491,41018
at,179.8.t.28.t.0.t.23.t,38,1490,41019
at,179.8.t.28.t.0.t.23.t,39,1489,41021
at,179.8.t.28.t.0.t.23.t,40,1488,41024
at,179.8.t.28.t.0.t.23.t,41,1487,41026
at,179.8.t.28.t.0.t.23.t,42,1486,41029
seq,179.8.t.28.t.0.t.23.e,41030,1528,false,41039,end,41339
at,179.8.t.28.t.0.t.23.e,0,1528,41030
at,179.8.t.28.t.0.t.23.e,1,1527,41032
at,179.8.t.28.t.0.t.23.e,2,1526,41034
at,179.8.t.28.t.0.t.23.e,3,1525,41036
at,179.8.t.28.t.0.t.23.e,4,1524,41038
at,179.8.t.28.t.0.t,24,1529,41039
at,179.8.t.28.t.0.t,25,1528,41041
at,179.8.t.28.t,1,1554,41042
at,179.8.t,29,1556,41043
at,179.8.t,30,1555,41046
at,179.8.t,31,1554,41048
at,179.8.t,32,1553,41049
seq,179.8.t.32.t,41051,1551,true,41202,end,41339
at,179.8.t.32.t,0,1551,41051
at,179.8.t.32.t,1,1550,41053
at,179.8.t.32.t,2,1549,41055
at,179.8.t.32.t,3,1548,41056
at,179.8.t.32.t,4,1547,41058
at,179.8.t.32.t,5,1546,41059
at,179.8.t.32.t,6,1545,41061
at,179.8.t.32.t,7,1544,41063
at,179.8.t.32.t,8,1543,41064
seq,179.8.t.32.t.8.t,41066,1541,true,41068,end,41339
at,179.8.t.32.t.8.t,0,1541,41066
at,179.8.t.32.t.8.t,1,1540,41067
at,179.8.t.32.t,9,1542,41068
at,179.8.t.32.t,10,1541,41070
at,179.8.t.32.t,11,1540,41072
at,179.8.t.32.t,12,1539,41073
at,179.8.t.32.t,13,1538,41077
at,179.8.t.32.t,14,1537,41078
at,179.8.t.32.t,15,1536,41080
at,179.8.t.32.t,16,1535,41081
at,179.8.t.32.t,17,1534,41083
at,179.8.t.32.t,18,1533,41085
at,179.8.t.32.t,19,1532,41086
at,179.8.t.32.t,20,1531,41088
at,179.8.t.32.t,21,1530,41089
seq,179.8.t.32.t.21.t,41091,1528,true,41108,end,41339
at,179.8.t.32.t.21.t,0,1528,41091
at,179.8.t.32.t.21.t,1,1527,41093
at,179.8.t.32.t.21.t,2,1526,41095
at,179.8.t.32.t.21.t,3,1525,41096
at,179.8.t.32.t.21.t,4,1524,41097
at,179.8.t.32.t.21.t,5,1523,41098
at,179.8.t.32.t.21.t,6,1522,41100
at,179.8.t.32.t.21.t,7,1521,41102
at,179.8.t.32.t.21.t,8,1520,41103
seq,179.8.t.32.t.21.t.8.t,41105,1518,true,41107,end,41339
at,179.8.t.32.t.21.t.8.t,0,1518,41105
at,179.8.t.32.t.21.t.8.t,1,1517,41106
at,179.8.t.32.t.21.t,9,1519,41107
at,179.8.t.32.t,22,1529,41108
at,179.8.t.32.t,23,1528,41110
at,179.8.t.32.t,24,1527,41112
at,179.8.t.32.t,25,1526,41113
at,179.8.t.32.t,26,1525,41116
at,179.8.t.32.t,27,1524,41118
at,179.8.t.32.t,28,1523,41120
at,179.8.t.32.t,29,1522,41123
at,179.8.t.32.t,30,1521,41125
at,179.8.t.32.t,31,1520,41126
at,179.8.t.32.t,32,1519,41127
at,179.8.t.32.t,33,1518,41138
at,179.8.t.32.t,34,1517,41141
at,179.8.t.32.t,35,1516,41144
at,179.8.t.32.t,36,1515,41146
at,179.8.t.32.t,37,1514,41147
at,179.8.t.32.t,38,1513,41148
at,179.8.t.32.t,39,1512,41150
at,179.8.t.32.t,40,1511,41153
at,179.8.t.32.t,41,1510,41156
at,179.8.t.32.t,42,1509,41158
at,179.8.t.32.t,43,1508,41159
at,179.8.t.32.t,44,1507,41160
at,179.8.t.32.t,45,1506,41162
at,179.8.t.32.t,46,1505,41165
at,179.8.t.32.t,47,1504,41168
at,179.8.t.32.t,48,1503,41170
at,179.8.t.32.t,49,1502,41171
at,179.8.t.32.t,50,1501,41172
at,179.8.t.32.t,51,1500,41174
at,179.8.t.32.t,52,1499,41177
at,179.8.t.32.t,53,1498,41180
at,179.8.t.32.t,54,1497,41182
at,179.8.t.32.t,55,1496,41183
at,179.8.t.32.t,56,1495,41184
at,179.8.t.32.t,57,1494,41186
at,179.8.t.32.t,58,1493,41189
at,179.8.t.32.t,59,1492,41192
at,179.8.t.32.t,60,1491,41194
at,179.8.t.32.t,61,1490,41195
at,179.8.t.32.t,62,1489,41196
at,179.8.t.32.t,63,1488,41198
at,179.8.t.32.t,64,1487,41201
at,179.8.t,33,1552,41202
at,179.8.t,34,1551,41204
at,179.8.t,35,1550,41206
at,179.8.t,36,1549,41207
at,179.8.t,37,1548,41209
at,179.8.t,38,1547,41212
at,179.8.t,39,1546,41214
at,179.8.t,40,1545,41216
at,179.8.t,41,1544,41217
at,179.8.t,42,1543,41219
at,179.8.t,43,1542,41222
at,179.8.t,44,1541,41224
at,179.8.t,45,1540,41226
at,179.8.t,46,1539,41228
at,179.8.t,47,1538,41230
at,179.8.t,48,1537,41232
at,179.8.t,49,1536,41234
at,179.8.t,50,1535,41236
at,179.8.t,51,1534,41238
at,179.8.t,52,1533,41240
at,179.8.t,53,1532,41242
at,179.8.t,54,1531,41244
at,179.8.t,55,1530,41246
at,179.8.t,56,1529,41248
at,179.8.t,57,1528,41250
at,179.8.t,58,1527,41252
at,179.8.t,59,1526,41254
at,179.8.t,60,1525,41256
at,179.8.t,61,1524,41258
at,179.8.t,62,1523,41260
at,179.8.t,63,1522,41262
at,179.8.t,64,1521,41264
at,179.8.t,65,1520,41266
at,179.8.t,66,1519,41268
at,179.8.t,67,1518,41270
at,179.8.t,68,1517,41272
at,179.8.t,69,1516,41274
at,179.8.t,70,1515,41276
at,179.8.t,71,1514,41278
at,179.8.t,72,1513,41280
at,179.8.t,73,1512,41282
at,179.8.t,74,1511,41284
at,179.8.t,75,1510,41286
at,179.8.t,76,1509,41288
at,179.8.t,77,1508,41290
at,179.8.t,78,1507,41292
at,179.8.t,79,1506,41294
at,179.8.t,80,1505,41296
at,179.8.t,81,1504,41298
at,179.8.t,82,1503,41300
at,179.8.t,83,1502,41302
at,179.8.t,84,1501,41304
seq,179.8.e,41305,1585,false,41306,end,41339
at,179.8.e,0,1585,41305
at,179,9,1586,41306
at,179,10,1585,41308
at,179,11,1584,41310
at,179,12,1583,41312
at,179,13,1582,41314
at,179,14,1581,41316
at,179,15,1580,41318
at,179,16,1579,41320
at,179,17,1578,41322
at,179,18,1577,41324
at,179,19,1576,41326
at,179,20,1575,41328
at,179,21,1574,41330
at,179,22,1573,41332
at,179,23,1572,41334
at,179,24,1571,41336
at,179,25,1570,41338
180,code,41339,41350,41343,41340
180,0,7,41343
180,1,6,41345
180,2,5,41347
180,3,4,41349
seq,180,41343,7,false,41350,end,41350
at,180,0,7,41343
at,180,1,6,41345
at,180,2,5,41347
at,180,3,4,41349
181,code,41350,41427,41354,41351
181,0,73,41354
181,1,72,41356
181,2,71,41358
181,3,70,41360
181,4,69,41362
181,5,68,41364
181,6,67,41366
181,7,66,41368
181,8,65,41370
181,9,64,41372
181,10,63,41374
181,11,62,41376
181,12,61,41378
181,13,60,41380
181,14,59,41382
181,15,58,41384
181,16,57,41386
181,17,56,41388
181,18,55,41390
181,19,54,41392
181,20,53,41394
181,21,52,41396
181,22,51,41398
181,23,50,41400
181,24,49,41402
181,25,48,41404
181,26,47,41406
181,27,46,41408
181,28,45,41410
181,29,44,41412
181,30,43,41414
181,31,42,41416
181,32,41,41418
181,33,40,41420
181,34,39,41422
181,35,38,41424
181,36,37,41426
seq,181,41354,73,false,41427,end,41427
at,181,0,73,41354
at,181,1,72,41356
at,181,2,71,41358
at,181,3,70,41360
at,181,4,69,41362
at,181,5,68,41364
at,181,6,67,41366
at,181,7,66,41368
at,181,8,65,41370
at,181,9,64,41372
at,181,10,63,41374
at,181,11,62,41376
at,181,12,61,41378
at,181,13,60,41380
at,181,14,59,41382
at,181,15,58,41384
at,181,16,57,41386
at,181,17,56,41388
at,181,18,55,41390
at,181,19,54,41392
at,181,20,53,41394
at,181,21,52,41396
at,181,22,51,41398
at,181,23,50,41400
at,181,24,49,41402
at,181,25,48,41404
at,181,26,47,41406
at,181,27,46,41408
at,181,28,45,41410
at,181,29,44,41412
at,181,30,43,41414
at,181,31,42,41416
at,181,32,41,41418
at,181,33,40,41420
at,181,34,39,41422
at,181,35,38,41424
at,181,36,37,41426
182,code,41427,41438,41431,41428
182,0,7,41431
182,1,6,41433
182,2,5,41435
182,3,4,41437
seq,182,41431,7,false,41438,end,41438
at,182,0,7,41431
at,182,1,6,41433
at,182,2,5,41435
at,182,3,4,41437
183,code,41438,41455,41442,41439
183,0,13,41442
183,1,12,41444
183,2,11,41446
183,3,10,41448
183,4,9,41450
183,5,8,41452
183,6,7,41454
seq,183,41442,13,false,41455,end,41455
at,183,0,13,41442
at,183,1,12,41444
at,183,2,11,41446
at,183,3,10,41448
at,183,4,9,41450
at,183,5,8,41452
at,183,6,7,41454
184,code,41455,42734,41461,41457
184,0,1273,41461
184,1,1272,41463
184,2,1271,41465
184,3,1270,41467
184,4,1269,41469
184,5,1268,42588
184,6,1267,42590
184,7,1266,42592
184,8,1265,42593
184,9,1264,42701
184,10,1263,42703
184,11,1262,42705
184,12,1261,42707
184,13,1260,42709
184,14,1259,42711
184,15,1258,42713
184,16,1257,42715
184,17,1256,42717
184,18,1255,42719
184,19,1254,42721
184,20,1253,42723
184,21,1252,42725
184,22,1251,42727
184,23,1250,42729
184,24,1249,42731
184,25,1248,42733
seq,184,41461,1273,false,42734,end,42734
at,184,0,1273,41461
at,184,1,1272,41463
at,184,2,1271,41465
at,184,3,1270,41467
at,184,4,1269,41469
seq,184.4.t,41471,1267,false,42588,end,42734
at,184.4.t,0,1267,41471
seq,184.4.t.0.t,41473,1265,false,42587,end,42734
at,184.4.t.0.t,0,1265,41473
at,184.4.t.0.t,1,1264,41475
at,184.4.t.0.t,2,1263,41477
at,184.4.t.0.t,3,1262,41478
at,184.4.t.0.t,4,1261,41479
seq,184.4.t.0.t.4.t,41481,1259,true,41487,otherwise,42734
at,184.4.t.0.t.4.t,0,1259,41481
at,184.4.t.0.t.4.t,1,1258,41483
at,184.4.t.0.t.4.t,2,1257,41485
at,184.4.t.0.t.4.t,3,1256,41486
seq,184.4.t.0.t.4.e,41487,1259,false,41490,end,42734
at,184.4.t.0.t.4.e,0,1259,41487
at,184.4.t.0.t.4.e,1,1258,41489
at,184.4.t.0.t,5,1260,41490
at,184.4.t.0.t,6,1259,41491
at,184.4.t.0.t,7,1258,41493
at,184.4.t.0.t,8,1257,41495
at,184.4.t.0.t,9,1256,41497
at,184.4.t.0.t,10,1255,41499
at,184.4.t.0.t,11,1254,41501
at,184.4.t.0.t,12,1253,41502
seq,184.4.t.0.t.12.t,41504,1251,true,41507,otherwise,42734
at,184.4.t.0.t.12.t,0,1251,41504
at,184.4.t.0.t.12.t,1,1250,41506
seq,184.4.t.0.t.12.e,41507,1251,false,41510,end,42734
at,184.4.t.0.t.12.e,0,1251,41507
at,184.4.t.0.t.12.e,1,1250,41509
at,184.4.t.0.t,13,1252,41510
at,184.4.t.0.t,14,1251,41512
at,184.4.t.0.t,15,1250,41513
seq,184.4.t.0.t.15.t,41515,1248,true,41518,otherwise,42734
at,184.4.t.0.t.15.t,0,1248,41515
at,184.4.t.0.t.15.t,1,1247,41517
seq,184.4.t.0.t.15.e,41518,1248,false,41521,end,42734
at,184.4.t.0.t.15.e,0,1248,41518
at,184.4.t.0.t.15.e,1,1247,41520
at,184.4.t.0.t,16,1249,41521
at,184.4.t.0.t,17,1248,41523
at,184.4.t.0.t,18,1247,41524
at,184.4.t.0.t,19,1246,41525
seq,184.4.t.0.t.19.t,41527,1244,true,41596,otherwise,42734
at,184.4.t.0.t.19.t,0,1244,41527
at,184.4.t.0.t.19.t,1,1243,41529
at,184.4.t.0.t.19.t,2,1242,41531
at,184.4.t.0.t.19.t,3,1241,41533
at,184.4.t.0.t.19.t,4,1240,41535
at,184.4.t.0.t.19.t,5,1239,41537
at,184.4.t.0.t.19.t,6,1238,41539
at,184.4.t.0.t.19.t,7,1237,41541
at,184.4.t.0.t.19.t,8,1236,41543
at,184.4.t.0.t.19.t,9,1235,41545
at,184.4.t.0.t.19.t,10,1234,41547
at,184.4.t.0.t.19.t,11,1233,41549
at,184.4.t.0.t.19.t,12,1232,41551
at,184.4.t.0.t.19.t,13,1231,41553
at,184.4.t.0.t.19.t,14,1230,41555
at,184.4.t.0.t.19.t,15,1229,41557
at,184.4.t.0.t.19.t,16,1228,41559
at,184.4.t.0.t.19.t,17,1227,41561
at,184.4.t.0.t.19.t,18,1226,41563
at,184.4.t.0.t.19.t,19,1225,41565
at,184.4.t.0.t.19.t,20,1224,41567
at,184.4.t.0.t.19.t,21,1223,41569
at,184.4.t.0.t.19.t,22,1222,41571
at,184.4.t.0.t.19.t,23,1221,41573
at,184.4.t.0.t.19.t,24,1220,41575
at,184.4.t.0.t.19.t,25,1219,41577
at,184.4.t.0.t.19.t,26,1218,41579
at,184.4.t.0.t.19.t,27,1217,41581
at,184.4.t.0.t.19.t,28,1216,41583
at,184.4.t.0.t.19.t,29,1215,41585
at,184.4.t.0.t.19.t,30,1214,41587
at,184.4.t.0.t.19.t,31,1213,41589
at,184.4.t.0.t.19.t,32,1212,41591
at,184.4.t.0.t.19.t,33,1211,41593
at,184.4.t.0.t.19.t,34,1210,41595
seq,184.4.t.0.t.19.e,41596,1244,false,42584,end,42734
at,184.4.t.0.t.19.e,0,1244,41596
at,184.4.t.0.t.19.e,1,1243,41598
at,184.4.t.0.t.19.e,2,1242,41600
at,184.4.t.0.t.19.e,3,1241,41602
at,184.4.t.0.t.19.e,4,1240,41604
at,184.4.t.0.t.19.e,5,1239,41606
at,184.4.t.0.t.19.e,6,1238,41608
at,184.4.t.0.t.19.e,7,1237,41610
at,184.4.t.0.t.19.e,8,1236,41612
at,184.4.t.0.t.19.e,9,1235,41614
at,184.4.t.0.t.19.e,10,1234,41616
at,184.4.t.0.t.19.e,11,1233,41618
at,184.4.t.0.t.19.e,12,1232,41620
at,184.4.t.0.t.19.e,13,1231,41622
at,184.4.t.0.t.19.e,14,1230,41624
at,184.4.t.0.t.19.e,15,1229,41626
at,184.4.t.0.t.19.e,16,1228,41627
seq,184.4.t.0.t.19.e.16.t,41629,1226,true,41632,otherwise,42734
at,184.4.t.0.t.19.e.16.t,0,1226,41629
at,184.4.t.0.t.19.e.16.t,1,1225,41631
seq,184.4.t.0.t.19.e.16.e,41632,1226,false,41635,end,42734
at,184.4.t.0.t.19.e.16.e,0,1226,41632
at,184.4.t.0.t.19.e.16.e,1,1225,41634
at,184.4.t.0.t.19.e,17,1227,41635
at,184.4.t.0.t.19.e,18,1226,41637
at,184.4.t.0.t.19.e,19,1225,41638
seq,184.4.t.0.t.19.e.19.t,41640,1223,true,41643,otherwise,42734
at,184.4.t.0.t.19.e.19.t,0,1223,41640
at,184.4.t.0.t.19.e.19.t,1,1222,41642
seq,184.4.t.0.t.19.e.19.e,41643,1223,false,41646,end,42734
at,184.4.t.0.t.19.e.19.e,0,1223,41643
at,184.4.t.0.t.19.e.19.e,1,1222,41645
at,184.4.t.0.t.19.e,20,1224,41646
at,184.4.t.0.t.19.e,21,1223,41648
at,184.4.t.0.t.19.e,22,1222,41649
at,184.4.t.0.t.19.e,23,1221,41650
seq,184.4.t.0.t.19.e.23.t,41652,1219,true,42514,otherwise,42734
at,184.4.t.0.t.19.e.23.t,0,1219,41652
at,184.4.t.0.t.19.e.23.t,1,1218,41654
at,184.4.t.0.t.19.e.23.t,2,1217,41656
at,184.4.t.0.t.19.e.23.t,3,1216,41658
at,184.4.t.0.t.19.e.23.t,4,1215,41660
at,184.4.t.0.t.19.e.23.t,5,1214,41662
at,184.4.t.0.t.19.e.23.t,6,1213,41664
at,184.4.t.0.t.19.e.23.t,7,1212,41666
at,184.4.t.0.t.19.e.23.t,8,1211,41668
at,184.4.t.0.t.19.e.23.t,9,1210,41670
at,184.4.t.0.t.19.e.23.t,10,1209,41672
at,184.4.t.0.t.19.e.23.t,11,1208,41674
at,184.4.t.0.t.19.e.23.t,12,1207,41676
at,184.4.t.0.t.19.e.23.t,13,1206,41678
at,184.4.t.0.t.19.e.23.t,14,1205,41680
at,184.4.t.0.t.19.e.23.t,15,1204,41683
at,184.4.t.0.t.19.e.23.t,16,1203,41685
at,184.4.t.0.t.19.e.23.t,17,1202,41688
at,184.4.t.0.t.19.e.23.t,18,1201,41691
at,184.4.t.0.t.19.e.23.t,19,1200,41694
at,184.4.t.0.t.19.e.23.t,20,1199,41695
at,184.4.t.0.t.19.e.23.t,21,1198,41698
at,184.4.t.0.t.19.e.23.t,22,1197,41701
at,184.4.t.0.t.19.e.23.t,23,1196,41702
seq,184.4.t.0.t.19.e.23.t.23.t,41704,1194,true,41706,otherwise,42734
at,184.4.t.0.t.19.e.23.t.23.t,0,1194,41704
at,184.4.t.0.t.19.e.23.t.23.t,1,1193,41705
seq,184.4.t.0.t.19.e.23.t.23.e,41706,1194,false,41710,end,42734
at,184.4.t.0.t.19.e.23.t.23.e,0,1194,41706
at,184.4.t.0.t.19.e.23.t.23.e,1,1193,41709
at,184.4.t.0.t.19.e.23.t,24,1195,41710
at,184.4.t.0.t.19.e.23.t,25,1194,41712
at,184.4.t.0.t.19.e.23.t,26,1193,41714
at,184.4.t.0.t.19.e.23.t,27,1192,41716
at,184.4.t.0.t.19.e.23.t,28,1191,41718
at,184.4.t.0.t.19.e.23.t,29,1190,41720
at,184.4.t.0.t.19.e.23.t,30,1189,41722
at,184.4.t.0.t.19.e.23.t,31,1188,41724
at,184.4.t.0.t.19.e.23.t,32,1187,41726
at,184.4.t.0.t.19.e.23.t,33,1186,41728
at,184.4.t.0.t.19.e.23.t,34,1185,41730
at,184.4.t.0.t.19.e.23.t,35,1184,41732
at,184.4.t.0.t.19.e.23.t,36,1183,41734
at,184.4.t.0.t.19.e.23.t,37,1182,41736
at,184.4.t.0.t.19.e.23.t,38,1181,41738
at,184.4.t.0.t.19.e.23.t,39,1180,41740
at,184.4.t.0.t.19.e.23.t,40,1179,41742
at,184.4.t.0.t.19.e.23.t,41,1178,41744
at,184.4.t.0.t.19.e.23.t,42,1177,41746
at,184.4.t.0.t.19.e.23.t,43,1176,41748
at,184.4.t.0.t.19.e.23.t,44,1175,41750
at,184.4.t.0.t.19.e.23.t,45,1174,41752
at,184.4.t.0.t.19.e.23.t,46,1173,41754
at,184.4.t.0.t.19.e.23.t,47,1172,41756
at,184.4.t.0.t.19.e.23.t,48,1171,41759
at,184.4.t.0.t.19.e.23.t,49,1170,41761
at,184.4.t.0.t.19.e.23.t,50,1169,41763
at,184.4.t.0.t.19.e.23.t,51,1168,41765
at,184.4.t.0.t.19.e.23.t,52,1167,41767
at,184.4.t.0.t.19.e.23.t,53,1166,41769
at,184.4.t.0.t.19.e.23.t,54,1165,41771
at,184.4.t.0.t.19.e.23.t,55,1164,41773
at,184.4.t.0.t.19.e.23.t,56,1163,41775
at,184.4.t.0.t.19.e.23.t,57,1162,41777
at,184.4.t.0.t.19.e.23.t,58,1161,41779
at,184.4.t.0.t.19.e.23.t,59,1160,41781
at,184.4.t.0.t.19.e.23.t,60,1159,41783
at,184.4.t.0.t.19.e.23.t,61,1158,41785
at,184.4.t.0.t.19.e.23.t,62,1157,41787
at,184.4.t.0.t.19.e.23.t,63,1156,41789
at,184.4.t.0.t.19.e.23.t,64,1155,41791
at,184.4.t.0.t.19.e.23.t,65,1154,41793
at,184.4.t.0.t.19.e.23.t,66,1153,41795
at,184.4.t.0.t.19.e.23.t,67,1152,41797
at,184.4.t.0.t.19.e.23.t,68,1151,41799
at,184.4.t.0.t.19.e.23.t,69,1150,41801
at,184.4.t.0.t.19.e.23.t,70,1149,41803
at,184.4.t.0.t.19.e.23.t,71,1148,41805
at,184.4.t.0.t.19.e.23.t,72,1147,41807
at,184.4.t.0.t.19.e.23.t,73,1146,41809
at,184.4.t.0.t.19.e.23.t,74,1145,41811
at,184.4.t.0.t.19.e.23.t,75,1144,41813
at,184.4.t.0.t.19.e.23.t,76,1143,41815
at,184.4.t.0.t.19.e.23.t,77,1142,41817
at,184.4.t.0.t.19.e.23.t,78,1141,41819
at,184.4.t.0.t.19.e.23.t,79,1140,41821
at,184.4.t.0.t.19.e.23.t,80,1139,41823
at,184.4.t.0.t.19.e.23.t,81,1138,41825
at,184.4.t.0.t.19.e.23.t,82,1137,41827
at,184.4.t.0.t.19.e.23.t,83,1136,41829
at,184.4.t.0.t.19.e.23.t,84,1135,41831
at,184.4.t.0.t.19.e.23.t,85,1134,41833
at,184.4.t.0.t.19.e.23.t,86,1133,41835
at,184.4.t.0.t.19.e.23.t,87,1132,41837
at,184.4.t.0.t.19.e.23.t,88,1131,41839
at,184.4.t.0.t.19.e.23.t,89,1130,41841
at,184.4.t.0.t.19.e.23.t,90,1129,41843
at,184.4.t.0.t.19.e.23.t,91,1128,41845
at,184.4.t.0.t.19.e.23.t,92,1127,41847
at,184.4.t.0.t.19.e.23.t,93,1126,41849
at,184.4.t.0.t.19.e.23.t,94,1125,41851
at,184.4.t.0.t.19.e.23.t,95,1124,41853
at,184.4.t.0.t.19.e.23.t,96,1123,41855
at,184.4.t.0.t.19.e.23.t,97,1122,41857
at,184.4.t.0.t.19.e.23.t,98,1121,41859
at,184.4.t.0.t.19.e.23.t,99,1120,41860
seq,184.4.t.0.t.19.e.23.t.99.t,41862,1118,true,41865,otherwise,42734
at,184.4.t.0.t.19.e.23.t.99.t,0,1118,41862
at,184.4.t.0.t.19.e.23.t.99.t,1,1117,41864
seq,184.4.t.0.t.19.e.23.t.99.e,41865,1118,false,41868,end,42734
at,184.4.t.0.t.19.e.23.t.99.e,0,1118,41865
at,184.4.t.0.t.19.e.23.t.99.e,1,1117,41867
at,184.4.t.0.t.19.e.23.t,100,1119,41868
at,184.4.t.0.t.19.e.23.t,101,1118,41870
at,184.4.t.0.t.19.e.23.t,102,1117,41871
seq,184.4.t.0.t.19.e.23.t.102.t,41873,1115,true,41876,otherwise,42734
at,184.4.t.0.t.19.e.23.t.102.t,0,1115,41873
at,184.4.t.0.t.19.e.23.t.102.t,1,1114,41875
seq,184.4.t.0.t.19.e.23.t.102.e,41876,1115,false,41879,end,42734
at,184.4.t.0.t.19.e.23.t.102.e,0,1115,41876
at,184.4.t.0.t.19.e.23.t.102.e,1,1114,41878
at,184.4.t.0.t.19.e.23.t,103,1116,41879
at,184.4.t.0.t.19.e.23.t,104,1115,41881
at,184.4.t.0.t.19.e.23.t,105,1114,41882
at,184.4.t.0.t.19.e.23.t,106,1113,41883
seq,184.4.t.0.t.19.e.23.t.106.t,41885,1111,true,42444,otherwise,42734
at,184.4.t.0.t.19.e.23.t.106.t,0,1111,41885
at,184.4.t.0.t.19.e.23.t.106.t,1,1110,41887
at,184.4.t.0.t.19.e.23.t.106.t,2,1109,41889
at,184.4.t.0.t.19.e.23.t.106.t,3,1108,41891
at,184.4.t.0.t.19.e.23.t.106.t,4,1107,41893
at,184.4.t.0.t.19.e.23.t.106.t,5,1106,41895
at,184.4.t.0.t.19.e.23.t.106.t,6,1105,41897
at,184.4.t.0.t.19.e.23.t.106.t,7,1104,41899
at,184.4.t.0.t.19.e.23.t.106.t,8,1103,41901
at,184.4.t.0.t.19.e.23.t.106.t,9,1102,41903
at,184.4.t.0.t.19.e.23.t.106.t,10,1101,41905
at,184.4.t.0.t.19.e.23.t.106.t,11,1100,41907
at,184.4.t.0.t.19.e.23.t.106.t,12,1099,41909
at,184.4.t.0.t.19.e.23.t.106.t,13,1098,41911
at,184.4.t.0.t.19.e.23.t.106.t,14,1097,41913
at,184.4.t.0.t.19.e.23.t.106.t,15,1096,41915
at,184.4.t.0.t.19.e.23.t.106.t,16,1095,41917
at,184.4.t.0.t.19.e.23.t.106.t,17,1094,41919
at,184.4.t.0.t.19.e.23.t.106.t,18,1093,41921
at,184.4.t.0.t.19.e.23.t.106.t,19,1092,41923
at,184.4.t.0.t.19.e.23.t.106.t,20,1091,41925
at,184.4.t.0.t.19.e.23.t.106.t,21,1090,41927
at,184.4.t.0.t.19.e.23.t.106.t,22,1089,41929
at,184.4.t.0.t.19.e.23.t.106.t,23,1088,41931
at,184.4.t.0.t.19.e.23.t.106.t,24,1087,41933
at,184.4.t.0.t.19.e.23.t.106.t,25,1086,41935
at,184.4.t.0.t.19.e.23.t.106.t,26,1085,41937
at,184.4.t.0.t.19.e.23.t.106.t,27,1084,41939
at,184.4.t.0.t.19.e.23.t.106.t,28,1083,41941
at,184.4.t.0.t.19.e.23.t.106.t,29,1082,41943
at,184.4.t.0.t.19.e.23.t.106.t,30,1081,41945
at,184.4.t.0.t.19.e.23.t.106.t,31,1080,41947
at,184.4.t.0.t.19.e.23.t.106.t,32,1079,41949
at,184.4.t.0.t.19.e.23.t.106.t,33,1078,41951
at,184.4.t.0.t.19.e.23.t.106.t,34,1077,41953
at,184.4.t.0.t.19.e.23.t.106.t,35,1076,41955
at,184.4.t.0.t.19.e.23.t.106.t,36,1075,41957
at,184.4.t.0.t.19.e.23.t.106.t,37,1074,41959
at,184.4.t.0.t.19.e.23.t.106.t,38,1073,41961
at,184.4.t.0.t.19.e.23.t.106.t,39,1072,41963
at,184.4.t.0.t.19.e.23.t.106.t,40,1071,41965
at,184.4.t.0.t.19.e.23.t.106.t,41,1070,41967
at,184.4.t.0.t.19.e.23.t.106.t,42,1069,41969
at,184.4.t.0.t.19.e.23.t.106.t,43,1068,41971
at,184.4.t.0.t.19.e.23.t.106.t,44,1067,41973
at,184.4.t.0.t.19.e.23.t.106.t,45,1066,41975
at,184.4.t.0.t.19.e.23.t.106.t,46,1065,41977
at,184.4.t.0.t.19.e.23.t.106.t,47,1064,41979
at,184.4.t.0.t.19.e.23.t.106.t,48,1063,41981
at,184.4.t.0.t.19.e.23.t.106.t,49,1062,41983
at,184.4.t.0.t.19.e.23.t.106.t,50,1061,41985
at,184.4.t.0.t.19.e.23.t.106.t,51,1060,41987
at,184.4.t.0.t.19.e.23.t.106.t,52,1059,41989
at,184.4.t.0.t.19.e.23.t.106.t,53,1058,41991
at,184.4.t.0.t.19.e.23.t.106.t,54,1057,41993
at,184.4.t.0.t.19.e.23.t.106.t,55,1056,41995
at,184.4.t.0.t.19.e.23.t.106.t,56,1055,41997
at,184.4.t.0.t.19.e.23.t.106.t,57,1054,41999
at,184.4.t.0.t.19.e.23.t.106.t,58,1053,42001
at,184.4.t.0.t.19.e.23.t.106.t,59,1052,42003
at,184.4.t.0.t.19.e.23.t.106.t,60,1051,42005
at,184.4.t.0.t.19.e.23.t.106.t,61,1050,42007
at,184.4.t.0.t.19.e.23.t.106.t,62,1049,42009
at,184.4.t.0.t.19.e.23.t.106.t,63,1048,42011
at,184.4.t.0.t.19.e.23.t.106.t,64,1047,42013
at,184.4.t.0.t.19.e.23.t.106.t,65,1046,42015
at,184.4.t.0.t.19.e.23.t.106.t,66,1045,42017
at,184.4.t.0.t.19.e.23.t.106.t,67,1044,42019
at,184.4.t.0.t.19.e.23.t.106.t,68,1043,42021
at,184.4.t.0.t.19.e.23.t.106.t,69,1042,42023
at,184.4.t.0.t.19.e.23.t.106.t,70,1041,42025
at,184.4.t.0.t.19.e.23.t.106.t,71,1040,42027
at,184.4.t.0.t.19.e.23.t.106.t,72,1039,42029
at,184.4.t.0.t.19.e.23.t.106.t,73,1038,42031
at,184.4.t.0.t.19.e.23.t.106.t,74,1037,42033
at,184.4.t.0.t.19.e.23.t.106.t,75,1036,42035
at,184.4.t.0.t.19.e.23.t.106.t,76,1035,42037
at,184.4.t.0.t.19.e.23.t.106.t,77,1034,42039
at,184.4.t.0.t.19.e.23.t.106.t,78,1033,42041
at,184.4.t.0.t.19.e.23.t.106.t,79,1032,42043
at,184.4.t.0.t.19.e.23.t.106.t,80,1031,42045
at,184.4.t.0.t.19.e.23.t.106.t,81,1030,42047
at,184.4.t.0.t.19.e.23.t.106.t,82,1029,42049
at,184.4.t.0.t.19.e.23.t.106.t,83,1028,42051
at,184.4.t.0.t.19.e.23.t.106.t,84,1027,42053
at,184.4.t.0.t.19.e.23.t.106.t,85,1026,42055
at,184.4.t.0.t.19.e.23.t.106.t,86,1025,42057
at,184.4.t.0.t.19.e.23.t.106.t,87,1024,42059
at,184.4.t.0.t.19.e.23.t.106.t,88,1023,42061
at,184.4.t.0.t.19.e.23.t.106.t,89,1022,42063
at,184.4.t.0.t.19.e.23.t.106.t,90,1021,42065
at,184.4.t.0.t.19.e.23.t.106.t,91,1020,42067
at,184.4.t.0.t.19.e.23.t.106.t,92,1019,42069
at,184.4.t.0.t.19.e.23.t.106.t,93,1018,42071
at,184.4.t.0.t.19.e.23.t.106.t,94,1017,42073
at,184.4.t.0.t.19.e.23.t.106.t,95,1016,42076
at,184.4.t.0.t.19.e.23.t.106.t,96,1015,42078
at,184.4.t.0.t.19.e.23.t.106.t,97,1014,42081
at,184.4.t.0.t.19.e.23.t.106.t,98,1013,42083
at,184.4.t.0.t.19.e.23.t.106.t,99,1012,42086
at,184.4.t.0.t.19.e.23.t.106.t,100,1011,42088
at,184.4.t.0.t.19.e.23.t.106.t,101,1010,42091
at,184.4.t.0.t.19.e.23.t.106.t,102,1009,42093
at,184.4.t.0.t.19.e.23.t.106.t,103,1008,42096
at,184.4.t.0.t.19.e.23.t.106.t,104,1007,42098
at,184.4.t.0.t.19.e.23.t.106.t,105,1006,42101
at,184.4.t.0.t.19.e.23.t.106.t,106,1005,42103
at,184.4.t.0.t.19.e.23.t.106.t,107,1004,42106
at,184.4.t.0.t.19.e.23.t.106.t,108,1003,42108
at,184.4.t.0.t.19.e.23.t.106.t,109,1002,42111
at,184.4.t.0.t.19.e.23.t.106.t,110,1001,42113
at,184.4.t.0.t.19.e.23.t.106.t,111,1000,42116
at,184.4.t.0.t.19.e.23.t.106.t,112,999,42118
at,184.4.t.0.t.19.e.23.t.106.t,113,998,42121
at,184.4.t.0.t.19.e.23.t.106.t,114,997,42123
at,184.4.t.0.t.19.e.23.t.106.t,115,996,42124
at,184.4.t.0.t.19.e.23.t.106.t,116,995,42126
at,184.4.t.0.t.19.e.23.t.106.t,117,994,42127
at,184.4.t.0.t.19.e.23.t.106.t,118,993,42128
at,184.4.t.0.t.19.e.23.t.106.t,119,992,42129
at,184.4.t.0.t.19.e.23.t.106.t,120,991,42132
at,184.4.t.0.t.19.e.23.t.106.t,121,990,42134
at,184.4.t.0.t.19.e.23.t.106.t,122,989,42137
at,184.4.t.0.t.19.e.23.t.106.t,123,988,42139
at,184.4.t.0.t.19.e.23.t.106.t,124,987,42142
at,184.4.t.0.t.19.e.23.t.106.t,125,986,42144
at,184.4.t.0.t.19.e.23.t.106.t,126,985,42147
at,184.4.t.0.t.19.e.23.t.106.t,127,984,42149
at,184.4.t.0.t.19.e.23.t.106.t,128,983,42152
at,184.4.t.0.t.19.e.23.t.106.t,129,982,42154
at,184.4.t.0.t.19.e.23.t.106.t,130,981,42157
at,184.4.t.0.t.19.e.23.t.106.t,131,980,42159
at,184.4.t.0.t.19.e.23.t.106.t,132,979,42162
at,184.4.t.0.t.19.e.23.t.106.t,133,978,42165
at,184.4.t.0.t.19.e.23.t.106.t,134,977,42168
at,184.4.t.0.t.19.e.23.t.106.t,135,976,42171
at,184.4.t.0.t.19.e.23.t.106.t,136,975,42174
at,184.4.t.0.t.19.e.23.t.106.t,137,974,42177
at,184.4.t.0.t.19.e.23.t.106.t,138,973,42180
at,184.4.t.0.t.19.e.23.t.106.t,139,972,42183
at,184.4.t.0.t.19.e.23.t.106.t,140,971,42186
at,184.4.t.0.t.19.e.23.t.106.t,141,970,42189
at,184.4.t.0.t.19.e.23.t.106.t,142,969,42192
at,184.4.t.0.t.19.e.23.t.106.t,143,968,42195
at,184.4.t.0.t.19.e.23.t.106.t,144,967,42198
at,184.4.t.0.t.19.e.23.t.106.t,145,966,42201
at,184.4.t.0.t.19.e.23.t.106.t,146,965,42204
at,184.4.t.0.t.19.e.23.t.106.t,147,964,42207
at,184.4.t.0.t.19.e.23.t.106.t,148,963,42210
at,184.4.t.0.t.19.e.23.t.106.t,149,962,42212
at,184.4.t.0.t.19.e.23.t.106.t,150,961,42214
at,184.4.t.0.t.19.e.23.t.106.t,151,960,42215
at,184.4.t.0.t.19.e.23.t.106.t,152,959,42216
seq,184.4.t.0.t.19.e.23.t.106.t.152.t,42218,957,true,42226,otherwise,42734
at,184.4.t.0.t.19.e.23.t.106.t.152.t,0,957,42218
at,184.4.t.0.t.19.e.23.t.106.t.152.t,1,956,42220
at,184.4.t.0.t.19.e.23.t.106.t.152.t,2,955,42223
at,184.4.t.0.t.19.e.23.t.106.t.152.t,3,954,42224
at,184.4.t.0.t.19.e.23.t.106.t.152.t,4,953,42225
seq,184.4.t.0.t.19.e.23.t.106.t.152.e,42226,957,false,42229,end,42734
at,184.4.t.0.t.19.e.23.t.106.t.152.e,0,957,42226
at,184.4.t.0.t.19.e.23.t.106.t.152.e,1,956,42228
at,184.4.t.0.t.19.e.23.t.106.t,153,958,42229
seq,184.4.t.0.t.19.e.23.t.106.t.153.t,42231,956,true,42237,otherwise,42734
at,184.4.t.0.t.19.e.23.t.106.t.153.t,0,956,42231
at,184.4.t.0.t.19.e.23.t.106.t.153.t,1,955,42233
at,184.4.t.0.t.19.e.23.t.106.t.153.t,2,954,42236
seq,184.4.t.0.t.19.e.23.t.106.t.153.e,42237,956,false,42238,end,42734
at,184.4.t.0.t.19.e.23.t.106.t.153.e,0,956,42237
at,184.4.t.0.t.19.e.23.t.106.t,154,957,42238
at,184.4.t.0.t.19.e.23.t.106.t,155,956,42241
at,184.4.t.0.t.19.e.23.t.106.t,156,955,42244
at,184.4.t.0.t.19.e.23.t.106.t,157,954,42247
at,184.4.t.0.t.19.e.23.t.106.t,158,953,42250
at,184.4.t.0.t.19.e.23.t.106.t,159,952,42253
at,184.4.t.0.t.19.e.23.t.106.t,160,951,42256
at,184.4.t.0.t.19.e.23.t.106.t,161,950,42259
at,184.4.t.0.t.19.e.23.t.106.t,162,949,42262
at,184.4.t.0.t.19.e.23.t.106.t,163,948,42265
at,184.4.t.0.t.19.e.23.t.106.t,164,947,42268
at,184.4.t.0.t.19.e.23.t.106.t,165,946,42271
at,184.4.t.0.t.19.e.23.t.106.t,166,945,42274
at,184.4.t.0.t.19.e.23.t.106.t,167,944,42277
at,184.4.t.0.t.19.e.23.t.106.t,168,943,42280
at,184.4.t.0.t.19.e.23.t.106.t,169,942,42283
at,184.4.t.0.t.19.e.23.t.106.t,170,941,42286
at,184.4.t.0.t.19.e.23.t.106.t,171,940,42289
at,184.4.t.0.t.19.e.23.t.106.t,172,939,42292
at,184.4.t.0.t.19.e.23.t.106.t,173,938,42295
at,184.4.t.0.t.19.e.23.t.106.t,174,937,42298
at,184.4.t.0.t.19.e.23.t.106.t,175,936,42301
at,184.4.t.0.t.19.e.23.t.106.t,176,935,42304
at,184.4.t.0.t.19.e.23.t.106.t,177,934,42307
at,184.4.t.0.t.19.e.23.t.106.t,178,933,42310
at,184.4.t.0.t.19.e.23.t.106.t,179,932,42313
at,184.4.t.0.t.19.e.23.t.106.t,180,931,42316
at,184.4.t.0.t.19.e.23.t.106.t,181,930,42319
at,184.4.t.0.t.19.e.23.t.106.t,182,929,42322
at,184.4.t.0.t.19.e.23.t.106.t,183,928,42325
at,184.4.t.0.t.19.e.23.t.106.t,184,927,42328
at,184.4.t.0.t.19.e.23.t.106.t,185,926,42331
at,184.4.t.0.t.19.e.23.t.106.t,186,925,42334
at,184.4.t.0.t.19.e.23.t.106.t,187,924,42337
at,184.4.t.0.t.19.e.23.t.106.t,188,923,42340
at,184.4.t.0.t.19.e.23.t.106.t,189,922,42343
at,184.4.t.0.t.19.e.23.t.106.t,190,921,42346
at,184.4.t.0.t.19.e.23.t.106.t,191,920,42349
at,184.4.t.0.t.19.e.23.t.106.t,192,919,42351
at,184.4.t.0.t.19.e.23.t.106.t,193,918,42354
at,184.4.t.0.t.19.e.23.t.106.t,194,917,42356
at,184.4.t.0.t.19.e.23.t.106.t,195,916,42359
at,184.4.t.0.t.19.e.23.t.106.t,196,915,42361
at,184.4.t.0.t.19.e.23.t.106.t,197,914,42364
at,184.4.t.0.t.19.e.23.t.106.t,198,913,42366
at,184.4.t.0.t.19.e.23.t.106.t,199,912,42369
at,184.4.t.0.t.19.e.23.t.106.t,200,911,42371
at,184.4.t.0.t.19.e.23.t.106.t,201,910,42374
at,184.4.t.0.t.19.e.23.t.106.t,202,909,42376
at,184.4.t.0.t.19.e.23.t.106.t,203,908,42379
at,184.4.t.0.t.19.e.23.t.106.t,204,907,42381
at,184.4.t.0.t.19.e.23.t.106.t,205,906,42384
at,184.4.t.0.t.19.e.23.t.106.t,206,905,42386
at,184.4.t.0.t.19.e.23.t.106.t,207,904,42389
at,184.4.t.0.t.19.e.23.t.106.t,208,903,42391
at,184.4.t.0.t.19.e.23.t.106.t,209,902,42394
at,184.4.t.0.t.19.e.23.t.106.t,210,901,42396
at,184.4.t.0.t.19.e.23.t.106.t,211,900,42399
at,184.4.t.0.t.19.e.23.t.106.t,212,899,42401
at,184.4.t.0.t.19.e.23.t.106.t,213,898,42404
at,184.4.t.0.t.19.e.23.t.106.t,214,897,42406
at,184.4.t.0.t.19.e.23.t.106.t,215,896,42409
at,184.4.t.0.t.19.e.23.t.106.t,216,895,42411
at,184.4.t.0.t.19.e.23.t.106.t,217,894,42414
at,184.4.t.0.t.19.e.23.t.106.t,218,893,42416
at,184.4.t.0.t.19.e.23.t.106.t,219,892,42419
at,184.4.t.0.t.19.e.23.t.106.t,220,891,42421
at,184.4.t.0.t.19.e.23.t.106.t,221,890,42424
at,184.4.t.0.t.19.e.23.t.106.t,222,889,42426
at,184.4.t.0.t.19.e.23.t.106.t,223,888,42429
at,184.4.t.0.t.19.e.23.t.106.t,224,887,42431
at,184.4.t.0.t.19.e.23.t.106.t,225,886,42434
at,184.4.t.0.t.19.e.23.t.106.t,226,885,42436
at,184.4.t.0.t.19.e.23.t.106.t,227,884,42438
at,184.4.t.0.t.19.e.23.t.106.t,228,883,42440
at,184.4.t.0.t.19.e.23.t.106.t,229,882,42441
at,184.4.t.0.t.19.e.23.t.106.t,230,881,42443
seq,184.4.t.0.t.19.e.23.t.106.e,42444,1111,false,42513,end,42734
at,184.4.t.0.t.19.e.23.t.106.e,0,1111,42444
at,184.4.t.0.t.19.e.23.t.106.e,1,1110,42446
at,184.4.t.0.t.19.e.23.t.106.e,2,1109,42448
at,184.4.t.0.t.19.e.23.t.106.e,3,1108,42450
at,184.4.t.0.t.19.e.23.t.106.e,4,1107,42452
at,184.4.t.0.t.19.e.23.t.106.e,5,1106,42454
at,184.4.t.0.t.19.e.23.t.106.e,6,1105,42456
at,184.4.t.0.t.19.e.23.t.106.e,7,1104,42458
at,184.4.t.0.t.19.e.23.t.106.e,8,1103,42460
at,184.4.t.0.t.19.e.23.t.106.e,9,1102,42462
at,184.4.t.0.t.19.e.23.t.106.e,10,1101,42464
at,184.4.t.0.t.19.e.23.t.106.e,11,1100,42466
at,184.4.t.0.t.19.e.23.t.106.e,12,1099,42468
at,184.4.t.0.t.19.e.23.t.106.e,13,1098,42470
at,184.4.t.0.t.19.e.23.t.106.e,14,1097,42472
at,184.4.t.0.t.19.e.23.t.106.e,15,1096,42474
at,184.4.t.0.t.19.e.23.t.106.e,16,1095,42476
at,184.4.t.0.t.19.e.23.t.106.e,17,1094,42478
at,184.4.t.0.t.19.e.23.t.106.e,18,1093,42480
at,184.4.t.0.t.19.e.23.t.106.e,19,1092,42482
at,184.4.t.0.t.19.e.23.t.106.e,20,1091,42484
at,184.4.t.0.t.19.e.23.t.106.e,21,1090,42486
at,184.4.t.0.t.19.e.23.t.106.e,22,1089,42488
at,184.4.t.0.t.19.e.23.t.106.e,23,1088,42490
at,184.4.t.0.t.19.e.23.t.106.e,24,1087,42492
at,184.4.t.0.t.19.e.23.t.106.e,25,1086,42494
at,184.4.t.0.t.19.e.23.t.106.e,26,1085,42496
at,184.4.t.0.t.19.e.23.t.106.e,27,1084,42498
at,184.4.t.0.t.19.e.23.t.106.e,28,1083,42500
at,184.4.t.0.t.19.e.23.t.106.e,29,1082,42502
at,184.4.t.0.t.19.e.23.t.106.e,30,1081,42504
at,184.4.t.0.t.19.e.23.t.106.e,31,1080,42506
at,184.4.t.0.t.19.e.23.t.106.e,32,1079,42508
at,184.4.t.0.t.19.e.23.t.106.e,33,1078,42510
at,184.4.t.0.t.19.e.23.t.106.e,34,1077,42512
at,184.4.t.0.t.19.e.23.t,107,1112,42513
seq,184.4.t.0.t.19.e.23.e,42514,1219,false,42583,end,42734
at,184.4.t.0.t.19.e.23.e,0,1219,42514
at,184.4.t.0.t.19.e.23.e,1,1218,42516
at,184.4.t.0.t.19.e.23.e,2,1217,42518
at,184.4.t.0.t.19.e.23.e,3,1216,42520
at,184.4.t.0.t.19.e.23.e,4,1215,42522
at,184.4.t.0.t.19.e.23.e,5,1214,42524
at,184.4.t.0.t.19.e.23.e,6,1213,42526
at,184.4.t.0.t.19.e.23.e,7,1212,42528
at,184.4.t.0.t.19.e.23.e,8,1211,42530
at,184.4.t.0.t.19.e.23.e,9,1210,42532
at,184.4.t.0.t.19.e.23.e,10,1209,42534
at,184.4.t.0.t.19.e.23.e,11,1208,42536
at,184.4.t.0.t.19.e.23.e,12,1207,42538
at,184.4.t.0.t.19.e.23.e,13,1206,42540
at,184.4.t.0.t.19.e.23.e,14,1205,42542
at,184.4.t.0.t.19.e.23.e,15,1204,42544
at,184.4.t.0.t.19.e.23.e,16,1203,42546
at,184.4.t.0.t.19.e.23.e,17,1202,42548
at,184.4.t.0.t.19.e.23.e,18,1201,42550
at,184.4.t.0.t.19.e.23.e,19,1200,42552
at,184.4.t.0.t.19.e.23.e,20,1199,42554
at,184.4.t.0.t.19.e.23.e,21,1198,42556
at,184.4.t.0.t.19.e.23.e,22,1197,42558
at,184.4.t.0.t.19.e.23.e,23,1196,42560
at,184.4.t.0.t.19.e.23.e,24,1195,42562
at,184.4.t.0.t.19.e.23.e,25,1194,42564
at,184.4.t.0.t.19.e.23.e,26,1193,42566
at,184.4.t.0.t.19.e.23.e,27,1192,42568
at,184.4.t.0.t.19.e.23.e,28,1191,42570
at,184.4.t.0.t.19.e.23.e,29,1190,42572
at,184.4.t.0.t.19.e.23.e,30,1189,42574
at,184.4.t.0.t.19.e.23.e,31,1188,42576
at,184.4.t.0.t.19.e.23.e,32,1187,42578
at,184.4.t.0.t.19.e.23.e,33,1186,42580
at,184.4.t.0.t.19.e.23.e,34,1185,42582
at,184.4.t.0.t.19.e,24,1220,42583
at,184.4.t.0.t,20,1245,42584
at,184.4.t.0.t,21,1244,42586
at,184.4.t,1,1266,42587
at,184,5,1268,42588
at,184,6,1267,42590
at,184,7,1266,42592
at,184,8,1265,42593
seq,184.8.t,42595,1263,true,42700,otherwise,42734
at,184.8.t,0,1263,42595
at,184.8.t,1,1262,42597
at,184.8.t,2,1261,42600
at,184.8.t,3,1260,42602
at,184.8.t,4,1259,42605
at,184.8.t,5,1258,42606
seq,184.8.t.5.t,42608,1256,true,42611,otherwise,42734
at,184.8.t.5.t,0,1256,42608
at,184.8.t.5.t,1,1255,42610
seq,184.8.t.5.e,42611,1256,false,42614,end,42734
at,184.8.t.5.e,0,1256,42611
at,184.8.t.5.e,1,1255,42613
at,184.8.t,6,1257,42614
at,184.8.t,7,1256,42616
at,184.8.t,8,1255,42617
seq,184.8.t.8.t,42619,1253,true,42622,otherwise,42734
at,184.8.t.8.t,0,1253,42619
at,184.8.t.8.t,1,1252,42621
seq,184.8.t.8.e,42622,1253,false,42625,end,42734
at,184.8.t.8.e,0,1253,42622
at,184.8.t.8.e,1,1252,42624
at,184.8.t,9,1254,42625
at,184.8.t,10,1253,42627
at,184.8.t,11,1252,42628
at,184.8.t,12,1251,42629
seq,184.8.t.12.t,42631,1249,true,42634,otherwise,42734
at,184.8.t.12.t,0,1249,42631
at,184.8.t.12.t,1,1248,42633
seq,184.8.t.12.e,42634,1249,false,42637,end,42734
at,184.8.t.12.e,0,1249,42634
at,184.8.t.12.e,1,1248,42636
at,184.8.t,13,1250,42637
at,184.8.t,14,1249,42639
at,184.8.t,15,1248,42641
at,184.8.t,16,1247,42643
at,184.8.t,17,1246,42645
at,184.8.t,18,1245,42647
at,184.8.t,19,1244,42649
at,184.8.t,20,1243,42651
at,184.8.t,21,1242,42653
at,184.8.t,22,1241,42655
at,184.8.t,23,1240,42657
at,184.8.t,24,1239,42659
at,184.8.t,25,1238,42661
at,184.8.t,26,1237,42663
at,184.8.t,27,1236,42665
at,184.8.t,28,1235,42667
at,184.8.t,29,1234,42669
at,184.8.t,30,1233,42671
at,184.8.t,31,1232,42673
at,184.8.t,32,1231,42675
at,184.8.t,33,1230,42677
at,184.8.t,34,1229,42679
at,184.8.t,35,1228,42681
at,184.8.t,36,1227,42683
at,184.8.t,37,1226,42685
at,184.8.t,38,1225,42687
at,184.8.t,39,1224,42689
at,184.8.t,40,1223,42691
at,184.8.t,41,1222,42693
at,184.8.t,42,1221,42695
at,184.8.t,43,1220,42697
at,184.8.t,44,1219,42699
seq,184.8.e,42700,1263,false,42701,end,42734
at,184.8.e,0,1263,42700
at,184,9,1264,42701
at,184,10,1263,42703
at,184,11,1262,42705
at,184,12,1261,42707
at,184,13,1260,42709
at,184,14,1259,42711
at,184,15,1258,42713
at,184,16,1257,42715
at,184,17,1256,42717
at,184,18,1255,42719
at,184,19,1254,42721
at,184,20,1253,42723
at,184,21,1252,42725
at,184,22,1251,42727
at,184,23,1250,42729
at,184,24,1249,42731
at,184,25,1248,42733
185,code,42734,42751,42738,42735
185,0,13,42738
185,1,12,42740
185,2,11,42742
185,3,10,42744
185,4,9,42746
185,5,8,42748
185,6,7,42750
seq,185,42738,13,false,42751,end,42751
at,185,0,13,42738
at,185,1,12,42740
at,185,2,11,42742
at,185,3,10,42744
at,185,4,9,42746
at,185,5,8,42748
at,185,6,7,42750
186,code,42751,42828,42755,42752
186,0,73,42755
186,1,72,42757
186,2,71,42759
186,3,70,42761
186,4,69,42763
186,5,68,42765
186,6,67,42767
186,7,66,42769
186,8,65,42771
186,9,64,42773
186,10,63,42775
186,11,62,42777
186,12,61,42779
186,13,60,42781
186,14,59,42783
186,15,58,42785
186,16,57,42787
186,17,56,42789
186,18,55,42791
186,19,54,42793
186,20,53,42795
186,21,52,42797
186,22,51,42799
186,23,50,42801
186,24,49,42803
186,25,48,42805
186,26,47,42807
186,27,46,42809
186,28,45,42811
186,29,44,42813
186,30,43,42815
186,31,42,42817
186,32,41,42819
186,33,40,42821
186,34,39,42823
186,35,38,42825
186,36,37,42827
seq,186,42755,73,false,42828,end,42828
at,186,0,73,42755
at,186,1,72,42757
at,186,2,71,42759
at,186,3,70,42761
at,186,4,69,42763
at,186,5,68,42765
at,186,6,67,42767
at,186,7,66,42769
at,186,8,65,42771
at,186,9,64,42773
at,186,10,63,42775
at,186,11,62,42777
at,186,12,61,42779
at,186,13,60,42781
at,186,14,59,42783
at,186,15,58,42785
at,186,16,57,42787
at,186,17,56,42789
at,186,18,55,42791
at,186,19,54,42793
at,186,20,53,42795
at,186,21,52,42797
at,186,22,51,42799
at,186,23,50,42801
at,186,24,49,42803
at,186,25,48,42805
at,186,26,47,42807
at,186,27,46,42809
at,186,28,45,42811
at,186,29,44,42813
at,186,30,43,42815
at,186,31,42,42817
at,186,32,41,42819
at,186,33,40,42821
at,186,34,39,42823
at,186,35,38,42825
at,186,36,37,42827
187,code,42828,42839,42832,42829
187,0,7,42832
187,1,6,42834
187,2,5,42836
187,3,4,42838
seq,187,42832,7,false,42839,end,42839
at,187,0,7,42832
at,187,1,6,42834
at,187,2,5,42836
at,187,3,4,42838
188,code,42839,42850,42843,42840
188,0,7,42843
188,1,6,42845
188,2,5,42847
188,3,4,42849
seq,188,42843,7,false,42850,end,42850
at,188,0,7,42843
at,188,1,6,42845
at,188,2,5,42847
at,188,3,4,42849
189,code,42850,44646,42856,42852
189,0,1790,42856
189,1,1789,42858
189,2,1788,42860
189,3,1787,42861
189,4,1786,42873
189,5,1785,44597
189,6,1784,44600
189,7,1783,44603
189,8,1782,44606
189,9,1781,44609
189,10,1780,44612
189,11,1779,44615
189,12,1778,44618
189,13,1777,44621
189,14,1776,44624
189,15,1775,44627
189,16,1774,44630
189,17,1773,44633
189,18,1772,44636
189,19,1771,44639
189,20,1770,44642
189,21,1769,44645
seq,189,42856,1790,false,44646,end,44646
at,189,0,1790,42856
at,189,1,1789,42858
at,189,2,1788,42860
at,189,3,1787,42861
seq,189.3.t,42863,1785,true,42870,otherwise,44646
at,189.3.t,0,1785,42863
at,189.3.t,1,1784,42865
at,189.3.t,2,1783,42868
at,189.3.t,3,1782,42869
seq,189.3.e,42870,1785,false,42873,end,44646
at,189.3.e,0,1785,42870
at,189.3.e,1,1784,42872
at,189,4,1786,42873
seq,189.4.t,42875,1784,true,44043,otherwise,44646
at,189.4.t,0,1784,42875
at,189.4.t,1,1783,42877
at,189.4.t,2,1782,42879
at,189.4.t,3,1781,42881
at,189.4.t,4,1780,42883
at,189.4.t,5,1779,42885
at,189.4.t,6,1778,42887
at,189.4.t,7,1777,42889
at,189.4.t,8,1776,42891
at,189.4.t,9,1775,42893
at,189.4.t,10,1774,42895
at,189.4.t,11,1773,42897
at,189.4.t,12,1772,42899
at,189.4.t,13,1771,42901
at,189.4.t,14,1770,42903
at,189.4.t,15,1769,42905
at,189.4.t,16,1768,42907
at,189.4.t,17,1767,42909
at,189.4.t,18,1766,42911
at,189.4.t,19,1765,42913
at,189.4.t,20,1764,42915
at,189.4.t,21,1763,42917
at,189.4.t,22,1762,42919
at,189.4.t,23,1761,42921
at,189.4.t,24,1760,42923
at,189.4.t,25,1759,42925
at,189.4.t,26,1758,42927
at,189.4.t,27,1757,42929
at,189.4.t,28,1756,42931
at,189.4.t,29,1755,42933
at,189.4.t,30,1754,42935
at,189.4.t,31,1753,42937
at,189.4.t,32,1752,42939
at,189.4.t,33,1751,42941
at,189.4.t,34,1750,42943
at,189.4.t,35,1749,42945
at,189.4.t,36,1748,42947
at,189.4.t,37,1747,42949
at,189.4.t,38,1746,42951
at,189.4.t,39,1745,42953
at,189.4.t,40,1744,42955
at,189.4.t,41,1743,42957
at,189.4.t,42,1742,42959
at,189.4.t,43,1741,42961
at,189.4.t,44,1740,42963
at,189.4.t,45,1739,42965
at,189.4.t,46,1738,42967
at,189.4.t,47,1737,42969
at,189.4.t,48,1736,42971
at,189.4.t,49,1735,42973
at,189.4.t,50,1734,42975
at,189.4.t,51,1733,42977
at,189.4.t,52,1732,42979
at,189.4.t,53,1731,42981
at,189.4.t,54,1730,42983
at,189.4.t,55,1729,42985
at,189.4.t,56,1728,42987
at,189.4.t,57,1727,42989
at,189.4.t,58,1726,42992
at,189.4.t,59,1725,42994
at,189.4.t,60,1724,42997
at,189.4.t,61,1723,43000
at,189.4.t,62,1722,43003
at,189.4.t,63,1721,43004
at,189.4.t,64,1720,43007
at,189.4.t,65,1719,43010
at,189.4.t,66,1718,43011
seq,189.4.t.66.t,43013,1716,true,43015,otherwise,44646
at,189.4.t.66.t,0,1716,43013
at,189.4.t.66.t,1,1715,43014
seq,189.4.t.66.e,43015,1716,false,43019,end,44646
at,189.4.t.66.e,0,1716,43015
at,189.4.t.66.e,1,1715,43018
at,189.4.t,67,1717,43019
at,189.4.t,68,1716,43021
at,189.4.t,69,1715,43023
at,189.4.t,70,1714,43025
at,189.4.t,71,1713,43027
at,189.4.t,72,1712,43029
at,189.4.t,73,1711,43031
at,189.4.t,74,1710,43033
at,189.4.t,75,1709,43035
at,189.4.t,76,1708,43037
at,189.4.t,77,1707,43039
at,189.4.t,78,1706,43041
at,189.4.t,79,1705,43043
at,189.4.t,80,1704,43045
at,189.4.t,81,1703,43047
at,189.4.t,82,1702,43049
at,189.4.t,83,1701,43051
at,189.4.t,84,1700,43053
at,189.4.t,85,1699,43055
at,189.4.t,86,1698,43057
at,189.4.t,87,1697,43059
at,189.4.t,88,1696,43061
at,189.4.t,89,1695,43063
at,189.4.t,90,1694,43065
at,189.4.t,91,1693,43067
at,189.4.t,92,1692,43069
at,189.4.t,93,1691,43071
at,189.4.t,94,1690,43073
at,189.4.t,95,1689,43075
at,189.4.t,96,1688,43077
at,189.4.t,97,1687,43079
at,189.4.t,98,1686,43081
at,189.4.t,99,1685,43083
at,189.4.t,100,1684,43085
at,189.4.t,101,1683,43087
at,189.4.t,102,1682,43089
at,189.4.t,103,1681,43091
at,189.4.t,104,1680,43093
at,189.4.t,105,1679,43095
at,189.4.t,106,1678,43097
at,189.4.t,107,1677,43099
at,189.4.t,108,1676,43101
at,189.4.t,109,1675,43103
at,189.4.t,110,1674,43105
at,189.4.t,111,1673,43107
at,189.4.t,112,1672,43109
at,189.4.t,113,1671,43111
at,189.4.t,114,1670,43113
at,189.4.t,115,1669,43115
at,189.4.t,116,1668,43117
at,189.4.t,117,1667,43119
at,189.4.t,118,1666,43121
at,189.4.t,119,1665,43123
at,189.4.t,120,1664,43125
at,189.4.t,121,1663,43127
at,189.4.t,122,1662,43129
at,189.4.t,123,1661,43131
at,189.4.t,124,1660,43133
at,189.4.t,125,1659,43135
at,189.4.t,126,1658,43137
at,189.4.t,127,1657,43139
at,189.4.t,128,1656,43141
at,189.4.t,129,1655,43143
at,189.4.t,130,1654,43145
at,189.4.t,131,1653,43147
at,189.4.t,132,1652,43149
at,189.4.t,133,1651,43151
at,189.4.t,134,1650,43154
at,189.4.t,135,1649,43156
at,189.4.t,136,1648,43158
at,189.4.t,137,1647,43160
at,189.4.t,138,1646,43162
at,189.4.t,139,1645,43164
at,189.4.t,140,1644,43166
at,189.4.t,141,1643,43168
at,189.4.t,142,1642,43170
at,189.4.t,143,1641,43172
at,189.4.t,144,1640,43174
at,189.4.t,145,1639,43176
at,189.4.t,146,1638,43178
at,189.4.t,147,1637,43180
at,189.4.t,148,1636,43182
at,189.4.t,149,1635,43184
at,189.4.t,150,1634,43186
at,189.4.t,151,1633,43188
at,189.4.t,152,1632,43190
at,189.4.t,153,1631,43192
at,189.4.t,154,1630,43194
at,189.4.t,155,1629,43196
at,189.4.t,156,1628,43198
at,189.4.t,157,1627,43200
at,189.4.t,158,1626,43202
at,189.4.t,159,1625,43204
at,189.4.t,160,1624,43206
at,189.4.t,161,1623,43208
at,189.4.t,162,1622,43210
at,189.4.t,163,1621,43212
at,189.4.t,164,1620,43214
at,189.4.t,165,1619,43216
at,189.4.t,166,1618,43218
at,189.4.t,167,1617,43220
at,189.4.t,168,1616,43222
at,189.4.t,169,1615,43224
at,189.4.t,170,1614,43226
at,189.4.t,171,1613,43228
at,189.4.t,172,1612,43230
at,189.4.t,173,1611,43232
at,189.4.t,174,1610,43234
at,189.4.t,175,1609,43236
at,189.4.t,176,1608,43238
at,189.4.t,177,1607,43240
at,189.4.t,178,1606,43242
at,189.4.t,179,1605,43244
at,189.4.t,180,1604,43246
at,189.4.t,181,1603,43248
at,189.4.t,182,1602,43250
at,189.4.t,183,1601,43252
at,189.4.t,184,1600,43254
at,189.4.t,185,1599,43256
at,189.4.t,186,1598,43258
at,189.4.t,187,1597,43260
at,189.4.t,188,1596,43262
at,189.4.t,189,1595,43264
at,189.4.t,190,1594,43266
at,189.4.t,191,1593,43268
at,189.4.t,192,1592,43270
at,189.4.t,193,1591,43272
at,189.4.t,194,1590,43274
at,189.4.t,195,1589,43276
at,189.4.t,196,1588,43278
at,189.4.t,197,1587,43280
at,189.4.t,198,1586,43282
at,189.4.t,199,1585,43284
at,189.4.t,200,1584,43286
at,189.4.t,201,1583,43288
at,189.4.t,202,1582,43290
at,189.4.t,203,1581,43292
at,189.4.t,204,1580,43294
at,189.4.t,205,1579,43296
at,189.4.t,206,1578,43298
at,189.4.t,207,1577,43300
at,189.4.t,208,1576,43302
at,189.4.t,209,1575,43304
at,189.4.t,210,1574,43306
at,189.4.t,211,1573,43308
at,189.4.t,212,1572,43310
at,189.4.t,213,1571,43312
at,189.4.t,214,1570,43314
at,189.4.t,215,1569,43316
at,189.4.t,216,1568,43318
at,189.4.t,217,1567,43320
at,189.4.t,218,1566,43322
at,189.4.t,219,1565,43324
at,189.4.t,220,1564,43326
at,189.4.t,221,1563,43328
at,189.4.t,222,1562,43330
at,189.4.t,223,1561,43332
at,189.4.t,224,1560,43334
at,189.4.t,225,1559,43336
at,189.4.t,226,1558,43338
at,189.4.t,227,1557,43340
at,189.4.t,228,1556,43342
at,189.4.t,229,1555,43344
at,189.4.t,230,1554,43346
at,189.4.t,231,1553,43348
at,189.4.t,232,1552,43350
at,189.4.t,233,1551,43352
at,189.4.t,234,1550,43354
at,189.4.t,235,1549,43356
at,189.4.t,236,1548,43358
at,189.4.t,237,1547,43360
at,189.4.t,238,1546,43362
at,189.4.t,239,1545,43364
at,189.4.t,240,1544,43367
at,189.4.t,241,1543,43369
at,189.4.t,242,1542,43372
at,189.4.t,243,1541,43374
at,189.4.t,244,1540,43377
at,189.4.t,245,1539,43379
at,189.4.t,246,1538,43382
at,189.4.t,247,1537,43384
at,189.4.t,248,1536,43387
at,189.4.t,249,1535,43389
at,189.4.t,250,1534,43392
at,189.4.t,251,1533,43394
at,189.4.t,252,1532,43397
at,189.4.t,253,1531,43399
at,189.4.t,254,1530,43402
at,189.4.t,255,1529,43404
at,189.4.t,256,1528,43407
at,189.4.t,257,1527,43409
at,189.4.t,258,1526,43412
at,189.4.t,259,1525,43414
at,189.4.t,260,1524,43417
at,189.4.t,261,1523,43419
at,189.4.t,262,1522,43422
at,189.4.t,263,1521,43424
at,189.4.t,264,1520,43427
at,189.4.t,265,1519,43429
at,189.4.t,266,1518,43432
at,189.4.t,267,1517,43434
at,189.4.t,268,1516,43437
at,189.4.t,269,1515,43439
at,189.4.t,270,1514,43442
at,189.4.t,271,1513,43444
at,189.4.t,272,1512,43447
at,189.4.t,273,1511,43449
at,189.4.t,274,1510,43452
at,189.4.t,275,1509,43454
at,189.4.t,276,1508,43457
at,189.4.t,277,1507,43459
at,189.4.t,278,1506,43461
at,189.4.t,279,1505,43463
at,189.4.t,280,1504,43465
at,189.4.t,281,1503,43467
at,189.4.t,282,1502,43470
at,189.4.t,283,1501,43473
at,189.4.t,284,1500,43476
at,189.4.t,285,1499,43479
at,189.4.t,286,1498,43482
at,189.4.t,287,1497,43485
at,189.4.t,288,1496,43488
at,189.4.t,289,1495,43491
at,189.4.t,290,1494,43494
at,189.4.t,291,1493,43497
at,189.4.t,292,1492,43500
at,189.4.t,293,1491,43503
at,189.4.t,294,1490,43506
at,189.4.t,295,1489,43509
at,189.4.t,296,1488,43512
at,189.4.t,297,1487,43515
at,189.4.t,298,1486,43518
at,189.4.t,299,1485,43521
at,189.4.t,300,1484,43524
at,189.4.t,301,1483,43527
at,189.4.t,302,1482,43530
at,189.4.t,303,1481,43533
at,189.4.t,304,1480,43536
at,189.4.t,305,1479,43539
at,189.4.t,306,1478,43542
at,189.4.t,307,1477,43545
at,189.4.t,308,1476,43548
at,189.4.t,309,1475,43551
at,189.4.t,310,1474,43554
at,189.4.t,311,1473,43557
at,189.4.t,312,1472,43560
at,189.4.t,313,1471,43563
at,189.4.t,314,1470,43566
at,189.4.t,315,1469,43569
at,189.4.t,316,1468,43572
at,189.4.t,317,1467,43575
at,189.4.t,318,1466,43578
at,189.4.t,319,1465,43581
at,189.4.t,320,1464,43584
at,189.4.t,321,1463,43587
at,189.4.t,322,1462,43590
at,189.4.t,323,1461,43593
at,189.4.t,324,1460,43596
at,189.4.t,325,1459,43599
at,189.4.t,326,1458,43602
at,189.4.t,327,1457,43605
at,189.4.t,328,1456,43608
at,189.4.t,329,1455,43611
at,189.4.t,330,1454,43614
at,189.4.t,331,1453,43617
at,189.4.t,332,1452,43620
at,189.4.t,333,1451,43623
at,189.4.t,334,1450,43626
at,189.4.t,335,1449,43629
at,189.4.t,336,1448,43632
at,189.4.t,337,1447,43635
at,189.4.t,338,1446,43638
at,189.4.t,339,1445,43641
at,189.4.t,340,1444,43644
at,189.4.t,341,1443,43647
at,189.4.t,342,1442,43650
at,189.4.t,343,1441,43653
at,189.4.t,344,1440,43656
at,189.4.t,345,1439,43659
at,189.4.t,346,1438,43662
at,189.4.t,347,1437,43665
at,189.4.t,348,1436,43668
at,189.4.t,349,1435,43671
at,189.4.t,350,1434,43674
at,189.4.t,351,1433,43677
at,189.4.t,352,1432,43680
at,189.4.t,353,1431,43683
at,189.4.t,354,1430,43686
at,189.4.t,355,1429,43689
at,189.4.t,356,1428,43692
at,189.4.t,357,1427,43695
at,189.4.t,358,1426,43698
at,189.4.t,359,1425,43701
at,189.4.t,360,1424,43704
at,189.4.t,361,1423,43707
at,189.4.t,362,1422,43709
at,189.4.t,363,1421,43712
at,189.4.t,364,1420,43714
at,189.4.t,365,1419,43717
at,189.4.t,366,1418,43719
at,189.4.t,367,1417,43722
at,189.4.t,368,1416,43724
at,189.4.t,369,1415,43727
at,189.4.t,370,1414,43729
at,189.4.t,371,1413,43732
at,189.4.t,372,1412,43734
at,189.4.t,373,1411,43737
at,189.4.t,374,1410,43739
at,189.4.t,375,1409,43742
at,189.4.t,376,1408,43744
at,189.4.t,377,1407,43747
at,189.4.t,378,1406,43749
at,189.4.t,379,1405,43752
at,189.4.t,380,1404,43754
at,189.4.t,381,1403,43757
at,189.4.t,382,1402,43759
at,189.4.t,383,1401,43762
at,189.4.t,384,1400,43764
at,189.4.t,385,1399,43767
at,189.4.t,386,1398,43770
at,189.4.t,387,1397,43773
at,189.4.t,388,1396,43776
at,189.4.t,389,1395,43779
at,189.4.t,390,1394,43782
at,189.4.t,391,1393,43785
at,189.4.t,392,1392,43788
at,189.4.t,393,1391,43791
at,189.4.t,394,1390,43794
at,189.4.t,395,1389,43797
at,189.4.t,396,1388,43800
at,189.4.t,397,1387,43803
at,189.4.t,398,1386,43806
at,189.4.t,399,1385,43809
at,189.4.t,400,1384,43812
at,189.4.t,401,1383,43815
at,189.4.t,402,1382,43818
at,189.4.t,403,1381,43821
at,189.4.t,404,1380,43824
at,189.4.t,405,1379,43827
at,189.4.t,406,1378,43830
at,189.4.t,407,1377,43833
at,189.4.t,408,1376,43836
at,189.4.t,409,1375,43839
at,189.4.t,410,1374,43842
at,189.4.t,411,1373,43845
at,189.4.t,412,1372,43848
at,189.4.t,413,1371,43851
at,189.4.t,414,1370,43854
at,189.4.t,415,1369,43857
at,189.4.t,416,1368,43860
at,189.4.t,417,1367,43863
at,189.4.t,418,1366,43866
at,189.4.t,419,1365,43869
at,189.4.t,420,1364,43872
at,189.4.t,421,1363,43875
at,189.4.t,422,1362,43878
at,189.4.t,423,1361,43881
at,189.4.t,424,1360,43884
at,189.4.t,425,1359,43887
at,189.4.t,426,1358,43890
at,189.4.t,427,1357,43893
at,189.4.t,428,1356,43896
at,189.4.t,429,1355,43899
at,189.4.t,430,1354,43902
at,189.4.t,431,1353,43905
at,189.4.t,432,1352,43908
at,189.4.t,433,1351,43911
at,189.4.t,434,1350,43914
at,189.4.t,435,1349,43917
at,189.4.t,436,1348,43920
at,189.4.t,437,1347,43923
at,189.4.t,438,1346,43926
at,189.4.t,439,1345,43929
at,189.4.t,440,1344,43932
at,189.4.t,441,1343,43935
at,189.4.t,442,1342,43938
at,189.4.t,443,1341,43941
at,189.4.t,444,1340,43944
at,189.4.t,445,1339,43947
at,189.4.t,446,1338,43950
at,189.4.t,447,1337,43952
at,189.4.t,448,1336,43955
at,189.4.t,449,1335,43957
at,189.4.t,450,1334,43960
at,189.4.t,451,1333,43962
at,189.4.t,452,1332,43965
at,189.4.t,453,1331,43967
at,189.4.t,454,1330,43970
at,189.4.t,455,1329,43973
at,189.4.t,456,1328,43976
at,189.4.t,457,1327,43979
at,189.4.t,458,1326,43982
at,189.4.t,459,1325,43985
at,189.4.t,460,1324,43988
at,189.4.t,461,1323,43991
at,189.4.t,462,1322,43994
at,189.4.t,463,1321,43997
at,189.4.t,464,1320,44000
at,189.4.t,465,1319,44003
at,189.4.t,466,1318,44006
at,189.4.t,467,1317,44009
at,189.4.t,468,1316,44012
at,189.4.t,469,1315,44015
at,189.4.t,470,1314,44018
at,189.4.t,471,1313,44021
at,189.4.t,472,1312,44024
at,189.4.t,473,1311,44027
at,189.4.t,474,1310,44030
at,189.4.t,475,1309,44033
at,189.4.t,476,1308,44036
at,189.4.t,477,1307,44039
at,189.4.t,478,1306,44042
seq,189.4.e,44043,1784,false,44597,end,44646
at,189.4.e,0,1784,44043
at,189.4.e,1,1783,44045
at,189.4.e,2,1782,44048
at,189.4.e,3,1781,44051
at,189.4.e,4,1780,44054
at,189.4.e,5,1779,44057
at,189.4.e,6,1778,44060
at,189.4.e,7,1777,44063
at,189.4.e,8,1776,44066
at,189.4.e,9,1775,44069
at,189.4.e,10,1774,44072
at,189.4.e,11,1773,44074
at,189.4.e,12,1772,44077
at,189.4.e,13,1771,44079
at,189.4.e,14,1770,44082
at,189.4.e,15,1769,44084
at,189.4.e,16,1768,44086
at,189.4.e,17,1767,44088
at,189.4.e,18,1766,44089
at,189.4.e,19,1765,44091
at,189.4.e,20,1764,44092
at,189.4.e,21,1763,44093
at,189.4.e,22,1762,44095
at,189.4.e,23,1761,44096
at,189.4.e,24,1760,44098
at,189.4.e,25,1759,44099
at,189.4.e,26,1758,44101
at,189.4.e,27,1757,44102
at,189.4.e,28,1756,44105
at,189.4.e,29,1755,44108
at,189.4.e,30,1754,44110
at,189.4.e,31,1753,44111
seq,189.4.e.31.t,44113,1751,true,44119,end,44646
at,189.4.e.31.t,0,1751,44113
at,189.4.e.31.t,1,1750,44115
at,189.4.e.31.t,2,1749,44118
at,189.4.e,32,1752,44119
at,189.4.e,33,1751,44121
at,189.4.e,34,1750,44124
at,189.4.e,35,1749,44126
at,189.4.e,36,1748,44129
at,189.4.e,37,1747,44131
at,189.4.e,38,1746,44134
seq,189.4.e.38.t,44136,1744,false,44323,end,44646
at,189.4.e.38.t,0,1744,44136
seq,189.4.e.38.t.0.t,44138,1742,false,44322,end,44646
at,189.4.e.38.t.0.t,0,1742,44138
at,189.4.e.38.t.0.t,1,1741,44141
at,189.4.e.38.t.0.t,2,1740,44143
at,189.4.e.38.t.0.t,3,1739,44144
at,189.4.e.38.t.0.t,4,1738,44146
at,189.4.e.38.t.0.t,5,1737,44149
at,189.4.e.38.t.0.t,6,1736,44151
at,189.4.e.38.t.0.t,7,1735,44152
at,189.4.e.38.t.0.t,8,1734,44154
at,189.4.e.38.t.0.t,9,1733,44157
at,189.4.e.38.t.0.t,10,1732,44159
at,189.4.e.38.t.0.t,11,1731,44160
at,189.4.e.38.t.0.t,12,1730,44161
at,189.4.e.38.t.0.t,13,1729,44164
at,189.4.e.38.t.0.t,14,1728,44167
at,189.4.e.38.t.0.t,15,1727,44170
at,189.4.e.38.t.0.t,16,1726,44172
at,189.4.e.38.t.0.t,17,1725,44173
at,189.4.e.38.t.0.t,18,1724,44174
at,189.4.e.38.t.0.t,19,1723,44177
at,189.4.e.38.t.0.t,20,1722,44180
at,189.4.e.38.t.0.t,21,1721,44183
at,189.4.e.38.t.0.t,22,1720,44186
at,189.4.e.38.t.0.t,23,1719,44187
seq,189.4.e.38.t.0.t.23.t,44189,1717,true,44306,otherwise,44646
at,189.4.e.38.t.0.t.23.t,0,1717,44189
at,189.4.e.38.t.0.t.23.t,1,1716,44192
at,189.4.e.38.t.0.t.23.t,2,1715,44194
at,189.4.e.38.t.0.t.23.t,3,1714,44195
seq,189.4.e.38.t.0.t.23.t.3.t,44197,1712,true,44203,otherwise,44646
at,189.4.e.38.t.0.t.23.t.3.t,0,1712,44197
at,189.4.e.38.t.0.t.23.t.3.t,1,1711,44200
at,189.4.e.38.t.0.t.23.t.3.t,2,1710,44202
seq,189.4.e.38.t.0.t.23.t.3.e,44203,1712,false,44217,end,44646
at,189.4.e.38.t.0.t.23.t.3.e,0,1712,44203
at,189.4.e.38.t.0.t.23.t.3.e,1,1711,44206
at,189.4.e.38.t.0.t.23.t.3.e,2,1710,44208
at,189.4.e.38.t.0.t.23.t.3.e,3,1709,44209
at,189.4.e.38.t.0.t.23.t.3.e,4,1708,44210
at,189.4.e.38.t.0.t.23.t.3.e,5,1707,44213
at,189.4.e.38.t.0.t.23.t.3.e,6,1706,44216
at,189.4.e.38.t.0.t.23.t,4,1713,44217
at,189.4.e.38.t.0.t.23.t,5,1712,44220
at,189.4.e.38.t.0.t.23.t,6,1711,44222
at,189.4.e.38.t.0.t.23.t,7,1710,44223
at,189.4.e.38.t.0.t.23.t,8,1709,44224
at,189.4.e.38.t.0.t.23.t,9,1708,44235
at,189.4.e.38.t.0.t.23.t,10,1707,44238
at,189.4.e.38.t.0.t.23.t,11,1706,44241
at,189.4.e.38.t.0.t.23.t,12,1705,44243
at,189.4.e.38.t.0.t.23.t,13,1704,44244
at,189.4.e.38.t.0.t.23.t,14,1703,44245
at,189.4.e.38.t.0.t.23.t,15,1702,44247
at,189.4.e.38.t.0.t.23.t,16,1701,44250
at,189.4.e.38.t.0.t.23.t,17,1700,44253
at,189.4.e.38.t.0.t.23.t,18,1699,44255
at,189.4.e.38.t.0.t.23.t,19,1698,44256
at,189.4.e.38.t.0.t.23.t,20,1697,44257
at,189.4.e.38.t.0.t.23.t,21,1696,44260
at,189.4.e.38.t.0.t.23.t,22,1695,44263
at,189.4.e.38.t.0.t.23.t,23,1694,44266
at,189.4.e.38.t.0.t.23.t,24,1693,44268
at,189.4.e.38.t.0.t.23.t,25,1692,44269
at,189.4.e.38.t.0.t.23.t,26,1691,44270
at,189.4.e.38.t.0.t.23.t,27,1690,44272
at,189.4.e.38.t.0.t.23.t,28,1689,44275
at,189.4.e.38.t.0.t.23.t,29,1688,44278
at,189.4.e.38.t.0.t.23.t,30,1687,44280
at,189.4.e.38.t.0.t.23.t,31,1686,44281
at,189.4.e.38.t.0.t.23.t,32,1685,44282
at,189.4.e.38.t.0.t.23.t,33,1684,44284
at,189.4.e.38.t.0.t.23.t,34,1683,44287
at,189.4.e.38.t.0.t.23.t,35,1682,44290
at,189.4.e.38.t.0.t.23.t,36,1681,44292
at,189.4.e.38.t.0.t.23.t,37,1680,44293
at,189.4.e.38.t.0.t.23.t,38,1679,44294
at,189.4.e.38.t.0.t.23.t,39,1678,44296
at,189.4.e.38.t.0.t.23.t,40,1677,44299
at,189.4.e.38.t.0.t.23.t,41,1676,44302
at,189.4.e.38.t.0.t.23.t,42,1675,44305
seq,189.4.e.38.t.0.t.23.e,44306,1717,false,44319,end,44646
at,189.4.e.38.t.0.t.23.e,0,1717,44306
at,189.4.e.38.t.0.t.23.e,1,1716,44309
at,189.4.e.38.t.0.t.23.e,2,1715,44312
at,189.4.e.38.t.0.t.23.e,3,1714,44315
at,189.4.e.38.t.0.t.23.e,4,1713,44318
at,189.4.e.38.t.0.t,24,1718,44319
at,189.4.e.38.t.0.t,25,1717,44321
at,189.4.e.38.t,1,1743,44322
at,189.4.e,39,1745,44323
at,189.4.e,40,1744,44326
at,189.4.e,41,1743,44328
at,189.4.e,42,1742,44329
seq,189.4.e.42.t,44331,1740,true,44490,end,44646
at,189.4.e.42.t,0,1740,44331
at,189.4.e.42.t,1,1739,44333
at,189.4.e.42.t,2,1738,44335
at,189.4.e.42.t,3,1737,44336
at,189.4.e.42.t,4,1736,44339
at,189.4.e.42.t,5,1735,44340
at,189.4.e.42.t,6,1734,44343
at,189.4.e.42.t,7,1733,44345
at,189.4.e.42.t,8,1732,44346
seq,189.4.e.42.t.8.t,44348,1730,true,44350,end,44646
at,189.4.e.42.t.8.t,0,1730,44348
at,189.4.e.42.t.8.t,1,1729,44349
at,189.4.e.42.t,9,1731,44350
at,189.4.e.42.t,10,1730,44353
at,189.4.e.42.t,11,1729,44355
at,189.4.e.42.t,12,1728,44356
at,189.4.e.42.t,13,1727,44360
at,189.4.e.42.t,14,1726,44361
at,189.4.e.42.t,15,1725,44363
at,189.4.e.42.t,16,1724,44364
at,189.4.e.42.t,17,1723,44367
at,189.4.e.42.t,18,1722,44369
at,189.4.e.42.t,19,1721,44370
at,189.4.e.42.t,20,1720,44373
at,189.4.e.42.t,21,1719,44374
seq,189.4.e.42.t.21.t,44376,1717,true,44394,end,44646
at,189.4.e.42.t.21.t,0,1717,44376
at,189.4.e.42.t.21.t,1,1716,44379
at,189.4.e.42.t.21.t,2,1715,44381
at,189.4.e.42.t.21.t,3,1714,44382
at,189.4.e.42.t.21.t,4,1713,44383
at,189.4.e.42.t.21.t,5,1712,44384
at,189.4.e.42.t.21.t,6,1711,44386
at,189.4.e.42.t.21.t,7,1710,44388
at,189.4.e.42.t.21.t,8,1709,44389
seq,189.4.e.42.t.21.t.8.t,44391,1707,true,44393,end,44646
at,189.4.e.42.t.21.t.8.t,0,1707,44391
at,189.4.e.42.t.21.t.8.t,1,1706,44392
at,189.4.e.42.t.21.t,9,1708,44393
at,189.4.e.42.t,22,1718,44394
at,189.4.e.42.t,23,1717,44396
at,189.4.e.42.t,24,1716,44398
at,189.4.e.42.t,25,1715,44399
at,189.4.e.42.t,26,1714,44402
at,189.4.e.42.t,27,1713,44405
at,189.4.e.42.t,28,1712,44407
at,189.4.e.42.t,29,1711,44410
at,189.4.e.42.t,30,1710,44412
at,189.4.e.42.t,31,1709,44413
at,189.4.e.42.t,32,1708,44414
at,189.4.e.42.t,33,1707,44425
at,189.4.e.42.t,34,1706,44428
at,189.4.e.42.t,35,1705,44431
at,189.4.e.42.t,36,1704,44433
at,189.4.e.42.t,37,1703,44434
at,189.4.e.42.t,38,1702,44435
at,189.4.e.42.t,39,1701,44437
at,189.4.e.42.t,40,1700,44440
at,189.4.e.42.t,41,1699,44443
at,189.4.e.42.t,42,1698,44445
at,189.4.e.42.t,43,1697,44446
at,189.4.e.42.t,44,1696,44447
at,189.4.e.42.t,45,1695,44450
at,189.4.e.42.t,46,1694,44453
at,189.4.e.42.t,47,1693,44456
at,189.4.e.42.t,48,1692,44458
at,189.4.e.42.t,49,1691,44459
at,189.4.e.42.t,50,1690,44460
at,189.4.e.42.t,51,1689,44462
at,189.4.e.42.t,52,1688,44465
at,189.4.e.42.t,53,1687,44468
at,189.4.e.42.t,54,1686,44470
at,189.4.e.42.t,55,1685,44471
at,189.4.e.42.t,56,1684,44472
at,189.4.e.42.t,57,1683,44474
at,189.4.e.42.t,58,1682,44477
at,189.4.e.42.t,59,1681,44480
at,189.4.e.42.t,60,1680,44482
at,189.4.e.42.t,61,1679,44483
at,189.4.e.42.t,62,1678,44484
at,189.4.e.42.t,63,1677,44486
at,189.4.e.42.t,64,1676,44489
at,189.4.e,43,1741,44490
at,189.4.e,44,1740,44492
at,189.4.e,45,1739,44494
at,189.4.e,46,1738,44495
at,189.4.e,47,1737,44497
at,189.4.e,48,1736,44500
at,189.4.e,49,1735,44503
at,189.4.e,50,1734,44506
at,189.4.e,51,1733,44507
at,189.4.e,52,1732,44509
at,189.4.e,53,1731,44512
at,189.4.e,54,1730,44515
at,189.4.e,55,1729,44518
at,189.4.e,56,1728,44521
at,189.4.e,57,1727,44524
at,189.4.e,58,1726,44527
at,189.4.e,59,1725,44530
at,189.4.e,60,1724,44533
at,189.4.e,61,1723,44536
at,189.4.e,62,1722,44539
at,189.4.e,63,1721,44542
at,189.4.e,64,1720,44545
at,189.4.e,65,1719,44548
at,189.4.e,66,1718,44551
at,189.4.e,67,1717,44554
at,189.4.e,68,1716,44557
at,189.4.e,69,1715,44560
at,189.4.e,70,1714,44563
at,189.4.e,71,1713,44566
at,189.4.e,72,1712,44569
at,189.4.e,73,1711,44572
at,189.4.e,74,1710,44575
at,189.4.e,75,1709,44578
at,189.4.e,76,1708,44581
at,189.4.e,77,1707,44584
at,189.4.e,78,1706,44587
at,189.4.e,79,1705,44590
at,189.4.e,80,1704,44593
at,189.4.e,81,1703,44596
at,189,5,1785,44597
at,189,6,1784,44600
at,189,7,1783,44603
at,189,8,1782,44606
at,189,9,1781,44609
at,189,10,1780,44612
at,189,11,1779,44615
at,189,12,1778,44618
at,189,13,1777,44621
at,189,14,1776,44624
at,189,15,1775,44627
at,189,16,1774,44630
at,189,17,1773,44633
at,189,18,1772,44636
at,189,19,1771,44639
at,189,20,1770,44642
at,189,21,1769,44645
190,code,44646,44813,44651,44648
190,0,162,44651
190,1,161,44653
190,2,160,44655
190,3,159,44657
190,4,158,44659
190,5,157,44661
190,6,156,44663
190,7,155,44665
190,8,154,44667
190,9,153,44670
190,10,152,44672
190,11,151,44674
190,12,150,44676
190,13,149,44678
190,14,148,44680
190,15,147,44682
190,16,146,44684
190,17,145,44686
190,18,144,44688
190,19,143,44690
190,20,142,44692
190,21,141,44694
190,22,140,44696
190,23,139,44698
190,24,138,44700
190,25,137,44702
190,26,136,44704
190,27,135,44706
190,28,134,44708
190,29,133,44710
190,30,132,44712
190,31,131,44714
190,32,130,44716
190,33,129,44718
190,34,128,44720
190,35,127,44722
190,36,126,44724
190,37,125,44726
190,38,124,44728
190,39,123,44730
190,40,122,44732
190,41,121,44734
190,42,120,44736
190,43,119,44738
190,44,118,44740
190,45,117,44742
190,46,116,44744
190,47,115,44746
190,48,114,44748
190,49,113,44750
190,50,112,44752
190,51,111,44754
190,52,110,44756
190,53,109,44758
190,54,108,44760
190,55,107,44762
190,56,106,44764
190,57,105,44766
190,58,104,44768
190,59,103,44770
190,60,102,44772
190,61,101,44774
190,62,100,44776
190,63,99,44778
190,64,98,44780
190,65,97,44782
190,66,96,44784
190,67,95,44786
190,68,94,44788
190,69,93,44790
190,70,92,44792
190,71,91,44794
190,72,90,44796
190,73,89,44798
190,74,88,44800
190,75,87,44802
190,76,86,44804
190,77,85,44806
190,78,84,44808
190,79,83,44810
190,80,82,44812
seq,190,44651,162,false,44813,end,44813
at,190,0,162,44651
at,190,1,161,44653
at,190,2,160,44655
at,190,3,159,44657
at,190,4,158,44659
at,190,5,157,44661
at,190,6,156,44663
at,190,7,155,44665
at,190,8,154,44667
at,190,9,153,44670
at,190,10,152,44672
at,190,11,151,44674
at,190,12,150,44676
at,190,13,149,44678
at,190,14,148,44680
at,190,15,147,44682
at,190,16,146,44684
at,190,17,145,44686
at,190,18,144,44688
at,190,19,143,44690
at,190,20,142,44692
at,190,21,141,44694
at,190,22,140,44696
at,190,23,139,44698
at,190,24,138,44700
at,190,25,137,44702
at,190,26,136,44704
at,190,27,135,44706
at,190,28,134,44708
at,190,29,133,44710
at,190,30,132,44712
at,190,31,131,44714
at,190,32,130,44716
at,190,33,129,44718
at,190,34,128,44720
at,190,35,127,44722
at,190,36,126,44724
at,190,37,125,44726
at,190,38,124,44728
at,190,39,123,44730
at,190,40,122,44732
at,190,41,121,44734
at,190,42,120,44736
at,190,43,119,44738
at,190,44,118,44740
at,190,45,117,44742
at,190,46,116,44744
at,190,47,115,44746
at,190,48,114,44748
at,190,49,113,44750
at,190,50,112,44752
at,190,51,111,44754
at,190,52,110,44756
at,190,53,109,44758
at,190,54,108,44760
at,190,55,107,44762
at,190,56,106,44764
at,190,57,105,44766
at,190,58,104,44768
at,190,59,103,44770
at,190,60,102,44772
at,190,61,101,44774
at,190,62,100,44776
at,190,63,99,44778
at,190,64,98,44780
at,190,65,97,44782
at,190,66,96,44784
at,190,67,95,44786
at,190,68,94,44788
at,190,69,93,44790
at,190,70,92,44792
at,190,71,91,44794
at,190,72,90,44796
at,190,73,89,44798
at,190,74,88,44800
at,190,75,87,44802
at,190,76,86,44804
at,190,77,85,44806
at,190,78,84,44808
at,190,79,83,44810
at,190,80,82,44812
191,code,44813,45180,44818,44815
191,0,362,44818
191,1,361,44820
191,2,360,44822
191,3,359,44823
191,4,358,44825
191,5,357,44826
191,6,356,44828
191,7,355,44829
191,8,354,44831
191,9,353,44833
191,10,352,44835
191,11,351,44836
191,12,350,44843
191,13,349,44845
191,14,348,44847
191,15,347,44849
191,16,346,44851
191,17,345,44853
191,18,344,44855
191,19,343,45019
191,20,342,45021
191,21,341,45023
191,22,340,45024
191,23,339,45170
191,24,338,45172
191,25,337,45174
191,26,336,45175
191,27,335,45177
191,28,334,45179
seq,191,44818,362,false,45180,end,45180
at,191,0,362,44818
at,191,1,361,44820
at,191,2,360,44822
at,191,3,359,44823
at,191,4,358,44825
at,191,5,357,44826
at,191,6,356,44828
at,191,7,355,44829
at,191,8,354,44831
at,191,9,353,44833
at,191,10,352,44835
at,191,11,351,44836
seq,191.11.t,44838,349,true,44843,end,45180
at,191.11.t,0,349,44838
at,191.11.t,1,348,44840
at,191.11.t,2,347,44842
at,191,12,350,44843
at,191,13,349,44845
at,191,14,348,44847
at,191,15,347,44849
at,191,16,346,44851
at,191,17,345,44853
at,191,18,344,44855
seq,191.18.t,44857,342,false,45019,end,45180
at,191.18.t,0,342,44857
seq,191.18.t.0.t,44859,340,false,45018,end,45180
at,191.18.t.0.t,0,340,44859
at,191.18.t.0.t,1,339,44861
at,191.18.t.0.t,2,338,44863
at,191.18.t.0.t,3,337,44864
at,191.18.t.0.t,4,336,44866
at,191.18.t.0.t,5,335,44868
at,191.18.t.0.t,6,334,44870
at,191.18.t.0.t,7,333,44871
at,191.18.t.0.t,8,332,44873
at,191.18.t.0.t,9,331,44875
at,191.18.t.0.t,10,330,44877
at,191.18.t.0.t,11,329,44878
at,191.18.t.0.t,12,328,44879
at,191.18.t.0.t,13,327,44882
at,191.18.t.0.t,14,326,44884
at,191.18.t.0.t,15,325,44886
at,191.18.t.0.t,16,324,44888
at,191.18.t.0.t,17,323,44889
at,191.18.t.0.t,18,322,44890
at,191.18.t.0.t,19,321,44893
at,191.18.t.0.t,20,320,44895
at,191.18.t.0.t,21,319,44897
at,191.18.t.0.t,22,318,44899
at,191.18.t.0.t,23,317,44900
seq,191.18.t.0.t.23.t,44902,315,true,45006,otherwise,45180
at,191.18.t.0.t.23.t,0,315,44902
at,191.18.t.0.t.23.t,1,314,44904
at,191.18.t.0.t.23.t,2,313,44906
at,191.18.t.0.t.23.t,3,312,44907
seq,191.18.t.0.t.23.t.3.t,44909,310,true,44914,otherwise,45180
at,191.18.t.0.t.23.t.3.t,0,310,44909
at,191.18.t.0.t.23.t.3.t,1,309,44911
at,191.18.t.0.t.23.t.3.t,2,308,44913
seq,191.18.t.0.t.23.t.3.e,44914,310,false,44926,end,45180
at,191.18.t.0.t.23.t.3.e,0,310,44914
at,191.18.t.0.t.23.t.3.e,1,309,44916
at,191.18.t.0.t.23.t.3.e,2,308,44918
at,191.18.t.0.t.23.t.3.e,3,307,44919
at,191.18.t.0.t.23.t.3.e,4,306,44920
at,191.18.t.0.t.23.t.3.e,5,305,44922
at,191.18.t.0.t.23.t.3.e,6,304,44925
at,191.18.t.0.t.23.t,4,311,44926
at,191.18.t.0.t.23.t,5,310,44928
at,191.18.t.0.t.23.t,6,309,44930
at,191.18.t.0.t.23.t,7,308,44931
at,191.18.t.0.t.23.t,8,307,44932
at,191.18.t.0.t.23.t,9,306,44943
at,191.18.t.0.t.23.t,10,305,44946
at,191.18.t.0.t.23.t,11,304,44948
at,191.18.t.0.t.23.t,12,303,44950
at,191.18.t.0.t.23.t,13,302,44951
at,191.18.t.0.t.23.t,14,301,44952
at,191.18.t.0.t.23.t,15,300,44954
at,191.18.t.0.t.23.t,16,299,44957
at,191.18.t.0.t.23.t,17,298,44959
at,191.18.t.0.t.23.t,18,297,44961
at,191.18.t.0.t.23.t,19,296,44962
at,191.18.t.0.t.23.t,20,295,44963
at,191.18.t.0.t.23.t,21,294,44965
at,191.18.t.0.t.23.t,22,293,44968
at,191.18.t.0.t.23.t,23,292,44970
at,191.18.t.0.t.23.t,24,291,44972
at,191.18.t.0.t.23.t,25,290,44973
at,191.18.t.0.t.23.t,26,289,44974
at,191.18.t.0.t.23.t,27,288,44976
at,191.18.t.0.t.23.t,28,287,44979
at,191.18.t.0.t.23.t,29,286,44981
at,191.18.t.0.t.23.t,30,285,44983
at,191.18.t.0.t.23.t,31,284,44984
at,191.18.t.0.t.23.t,32,283,44985
at,191.18.t.0.t.23.t,33,282,44987
at,191.18.t.0.t.23.t,34,281,44990
at,191.18.t.0.t.23.t,35,280,44992
at,191.18.t.0.t.23.t,36,279,44994
at,191.18.t.0.t.23.t,37,278,44995
at,191.18.t.0.t.23.t,38,277,44996
at,191.18.t.0.t.23.t,39,276,44998
at,191.18.t.0.t.23.t,40,275,45001
at,191.18.t.0.t.23.t,41,274,45003
at,191.18.t.0.t.23.t,42,273,45005
seq,191.18.t.0.t.23.e,45006,315,false,45015,end,45180
at,191.18.t.0.t.23.e,0,315,45006
at,191.18.t.0.t.23.e,1,314,45008
at,191.18.t.0.t.23.e,2,313,45010
at,191.18.t.0.t.23.e,3,312,45012
at,191.18.t.0.t.23.e,4,311,45014
at,191.18.t.0.t,24,316,45015
at,191.18.t.0.t,25,315,45017
at,191.18.t,1,341,45018
at,191,19,343,45019
at,191,20,342,45021
at,191,21,341,45023
at,191,22,340,45024
seq,191.22.t,45026,338,true,45170,end,45180
at,191.22.t,0,338,45026
at,191.22.t,1,337,45028
at,191.22.t,2,336,45030
at,191.22.t,3,335,45031
at,191.22.t,4,334,45033
at,191.22.t,5,333,45034
at,191.22.t,6,332,45036
at,191.22.t,7,331,45038
at,191.22.t,8,330,45039
seq,191.22.t.8.t,45041,328,true,45043,end,45180
at,191.22.t.8.t,0,328,45041
at,191.22.t.8.t,1,327,45042
at,191.22.t,9,329,45043
at,191.22.t,10,328,45045
at,191.22.t,11,327,45047
at,191.22.t,12,326,45048
at,191.22.t,13,325,45052
at,191.22.t,14,324,45053
at,191.22.t,15,323,45055
at,191.22.t,16,322,45056
at,191.22.t,17,321,45058
at,191.22.t,18,320,45060
at,191.22.t,19,319,45061
at,191.22.t,20,318,45063
at,191.22.t,21,317,45064
seq,191.22.t.21.t,45066,315,true,45083,end,45180
at,191.22.t.21.t,0,315,45066
at,191.22.t.21.t,1,314,45068
at,191.22.t.21.t,2,313,45070
at,191.22.t.21.t,3,312,45071
at,191.22.t.21.t,4,311,45072
at,191.22.t.21.t,5,310,45073
at,191.22.t.21.t,6,309,45075
at,191.22.t.21.t,7,308,45077
at,191.22.t.21.t,8,307,45078
seq,191.22.t.21.t.8.t,45080,305,true,45082,end,45180
at,191.22.t.21.t.8.t,0,305,45080
at,191.22.t.21.t.8.t,1,304,45081
at,191.22.t.21.t,9,306,45082
at,191.22.t,22,316,45083
at,191.22.t,23,315,45085
at,191.22.t,24,314,45087
at,191.22.t,25,313,45088
at,191.22.t,26,312,45090
at,191.22.t,27,311,45092
at,191.22.t,28,310,45094
at,191.22.t,29,309,45096
at,191.22.t,30,308,45098
at,191.22.t,31,307,45099
at,191.22.t,32,306,45100
at,191.22.t,33,305,45111
at,191.22.t,34,304,45114
at,191.22.t,35,303,45116
at,191.22.t,36,302,45118
at,191.22.t,37,301,45119
at,191.22.t,38,300,45120
at,191.22.t,39,299,45122
at,191.22.t,40,298,45125
at,191.22.t,41,297,45127
at,191.22.t,42,296,45129
at,191.22.t,43,295,45130
at,191.22.t,44,294,45131
at,191.22.t,45,293,45133
at,191.22.t,46,292,45136
at,191.22.t,47,291,45138
at,191.22.t,48,290,45140
at,191.22.t,49,289,45141
at,191.22.t,50,288,45142
at,191.22.t,51,287,45144
at,191.22.t,52,286,45147
at,191.22.t,53,285,45149
at,191.22.t,54,284,45151
at,191.22.t,55,283,45152
at,191.22.t,56,282,45153
at,191.22.t,57,281,45155
at,191.22.t,58,280,45158
at,191.22.t,59,279,45160
at,191.22.t,60,278,45162
at,191.22.t,61,277,45163
at,191.22.t,62,276,45164
at,191.22.t,63,275,45166
at,191.22.t,64,274,45169
at,191,23,339,45170
at,191,24,338,45172
at,191,25,337,45174
at,191,26,336,45175
at,191,27,335,45177
at,191,28,334,45179
192,code,45180,45208,45182,45181
192,0,26,45182
192,1,25,45185
192,2,24,45187
192,3,23,45189
192,4,22,45191
192,5,21,45193
192,6,20,45195
192,7,19,45197
192,8,18,45199
192,9,17,45201
192,10,16,45203
192,11,15,45205
192,12,14,45207
seq,192,45182,26,false,45208,end,45208
at,192,0,26,45182
at,192,1,25,45185
at,192,2,24,45187
at,192,3,23,45189
at,192,4,22,45191
at,192,5,21,45193
at,192,6,20,45195
at,192,7,19,45197
at,192,8,18,45199
at,192,9,17,45201
at,192,10,16,45203
at,192,11,15,45205
at,192,12,14,45207
193,code,45208,45289,45212,45209
193,0,77,45212
193,1,76,45214
193,2,75,45216
193,3,74,45217
193,4,73,45286
193,5,72,45288
seq,193,45212,77,false,45289,end,45289
at,193,0,77,45212
at,193,1,76,45214
at,193,2,75,45216
at,193,3,74,45217
seq,193.3.t,45219,72,true,45286,end,45289
at,193.3.t,0,72,45219
at,193.3.t,1,71,45221
at,193.3.t,2,70,45223
at,193.3.t,3,69,45224
at,193.3.t,4,68,45225
at,193.3.t,5,67,45228
at,193.3.t,6,66,45239
at,193.3.t,7,65,45240
seq,193.3.t.7.t,45242,63,true,45244,end,45289
at,193.3.t.7.t,0,63,45242
at,193.3.t.7.t,1,62,45243
at,193.3.t,8,64,45244
at,193.3.t,9,63,45246
at,193.3.t,10,62,45248
at,193.3.t,11,61,45249
at,193.3.t,12,60,45250
at,193.3.t,13,59,45253
at,193.3.t,14,58,45255
at,193.3.t,15,57,45257
at,193.3.t,16,56,45259
at,193.3.t,17,55,45260
seq,193.3.t.17.t,45262,53,true,45264,end,45289
at,193.3.t.17.t,0,53,45262
at,193.3.t.17.t,1,52,45263
at,193.3.t,18,54,45264
at,193.3.t,19,53,45266
at,193.3.t,20,52,45268
at,193.3.t,21,51,45269
at,193.3.t,22,50,45271
at,193.3.t,23,49,45273
at,193.3.t,24,48,45275
at,193.3.t,25,47,45276
at,193.3.t,26,46,45277
at,193.3.t,27,45,45279
at,193.3.t,28,44,45281
at,193.3.t,29,43,45282
at,193.3.t,30,42,45285
at,193,4,73,45286
at,193,5,72,45288
194,code,45289,45644,45294,45291
194,0,350,45294
194,1,349,45296
194,2,348,45298
194,3,347,45299
194,4,346,45303
194,5,345,45305
194,6,344,45307
194,7,343,45308
194,8,342,45309
194,9,341,45312
194,10,340,45323
194,11,339,45324
194,12,338,45328
194,13,337,45330
194,14,336,45332
194,15,335,45333
194,16,334,45334
194,17,333,45337
194,18,332,45339
194,19,331,45341
194,20,330,45343
194,21,329,45344
194,22,328,45348
194,23,327,45350
194,24,326,45352
194,25,325,45353
194,26,324,45355
194,27,323,45357
194,28,322,45359
194,29,321,45360
194,30,320,45378
194,31,319,45380
194,32,318,45382
194,33,317,45383
194,34,316,45384
194,35,315,45387
194,36,314,45389
194,37,313,45391
194,38,312,45393
194,39,311,45394
194,40,310,45478
194,41,309,45480
194,42,308,45482
194,43,307,45483
194,44,306,45610
194,45,305,45612
194,46,304,45614
194,47,303,45615
194,48,302,45617
194,49,301,45619
194,50,300,45621
194,51,299,45622
194,52,298,45623
194,53,297,45625
194,54,296,45628
194,55,295,45630
194,56,294,45632
194,57,293,45633
194,58,292,45634
194,59,291,45636
194,60,290,45639
194,61,289,45641
194,62,288,45643
seq,194,45294,350,false,45644,end,45644
at,194,0,350,45294
at,194,1,349,45296
at,194,2,348,45298
at,194,3,347,45299
seq,194.3.t,45301,345,true,45303,end,45644
at,194.3.t,0,345,45301
at,194.3.t,1,344,45302
at,194,4,346,45303
at,194,5,345,45305
at,194,6,344,45307
at,194,7,343,45308
at,194,8,342,45309
at,194,9,341,45312
at,194,10,340,45323
at,194,11,339,45324
seq,194.11.t,45326,337,true,45328,end,45644
at,194.11.t,0,337,45326
at,194.11.t,1,336,45327
at,194,12,338,45328
at,194,13,337,45330
at,194,14,336,45332
at,194,15,335,45333
at,194,16,334,45334
at,194,17,333,45337
at,194,18,332,45339
at,194,19,331,45341
at,194,20,330,45343
at,194,21,329,45344
seq,194.21.t,45346,327,true,45348,end,45644
at,194.21.t,0,327,45346
at,194.21.t,1,326,45347
at,194,22,328,45348
at,194,23,327,45350
at,194,24,326,45352
at,194,25,325,45353
at,194,26,324,45355
at,194,27,323,45357
at,194,28,322,45359
at,194,29,321,45360
seq,194.29.t,45362,319,true,45378,end,45644
at,194.29.t,0,319,45362
at,194.29.t,1,318,45364
at,194.29.t,2,317,45366
at,194.29.t,3,316,45367
at,194.29.t,4,315,45368
at,194.29.t,5,314,45370
at,194.29.t,6,313,45372
at,194.29.t,7,312,45373
at,194.29.t,8,311,45376
at,194.29.t,9,310,45377
at,194,30,320,45378
at,194,31,319,45380
at,194,32,318,45382
at,194,33,317,45383
at,194,34,316,45384
at,194,35,315,45387
at,194,36,314,45389
at,194,37,313,45391
at,194,38,312,45393
at,194,39,311,45394
seq,194.39.t,45396,309,true,45478,end,45644
at,194.39.t,0,309,45396
at,194.39.t,1,308,45398
at,194.39.t,2,307,45400
at,194.39.t,3,306,45401
at,194.39.t,4,305,45402
at,194.39.t,5,304,45405
at,194.39.t,6,303,45407
at,194.39.t,7,302,45409
at,194.39.t,8,301,45411
at,194.39.t,9,300,45412
at,194.39.t,10,299,45413
at,194.39.t,11,298,45416
at,194.39.t,12,297,45418
at,194.39.t,13,296,45420
at,194.39.t,14,295,45422
seq,194.39.t.14.t,45424,293,false,45477,end,45644
at,194.39.t.14.t,0,293,45424
seq,194.39.t.14.t.0.t,45426,291,false,45476,end,45644
at,194.39.t.14.t.0.t,0,291,45426
at,194.39.t.14.t.0.t,1,290,45428
at,194.39.t.14.t.0.t,2,289,45430
at,194.39.t.14.t.0.t,3,288,45431
at,194.39.t.14.t.0.t,4,287,45433
at,194.39.t.14.t.0.t,5,286,45435
at,194.39.t.14.t.0.t,6,285,45437
at,194.39.t.14.t.0.t,7,284,45438
at,194.39.t.14.t.0.t,8,283,45440
at,194.39.t.14.t.0.t,9,282,45441
at,194.39.t.14.t.0.t,10,281,45443
at,194.39.t.14.t.0.t,11,280,45444
seq,194.39.t.14.t.0.t.11.t,45446,278,true,45466,end,45644
at,194.39.t.14.t.0.t.11.t,0,278,45446
at,194.39.t.14.t.0.t.11.t,1,277,45448
at,194.39.t.14.t.0.t.11.t,2,276,45450
at,194.39.t.14.t.0.t.11.t,3,275,45452
at,194.39.t.14.t.0.t.11.t,4,274,45453
at,194.39.t.14.t.0.t.11.t,5,273,45454
at,194.39.t.14.t.0.t.11.t,6,272,45455
at,194.39.t.14.t.0.t.11.t,7,271,45458
at,194.39.t.14.t.0.t.11.t,8,270,45460
at,194.39.t.14.t.0.t.11.t,9,269,45462
at,194.39.t.14.t.0.t.11.t,10,268,45465
at,194.39.t.14.t.0.t,12,279,45466
at,194.39.t.14.t.0.t,13,278,45468
at,194.39.t.14.t.0.t,14,277,45470
at,194.39.t.14.t.0.t,15,276,45471
at,194.39.t.14.t.0.t,16,275,45473
at,194.39.t.14.t.0.t,17,274,45475
at,194.39.t.14.t,1,292,45476
at,194.39.t,15,294,45477
at,194,40,310,45478
at,194,41,309,45480
at,194,42,308,45482
at,194,43,307,45483
seq,194.43.t,45485,305,true,45610,end,45644
at,194.43.t,0,305,45485
at,194.43.t,1,304,45487
at,194.43.t,2,303,45488
at,194.43.t,3,302,45491
at,194.43.t,4,301,45493
at,194.43.t,5,300,45495
at,194.43.t,6,299,45497
at,194.43.t,7,298,45498
at,194.43.t,8,297,45499
at,194.43.t,9,296,45502
at,194.43.t,10,295,45504
at,194.43.t,11,294,45506
at,194.43.t,12,293,45508
at,194.43.t,13,292,45509
at,194.43.t,14,291,45510
at,194.43.t,15,290,45513
at,194.43.t,16,289,45515
at,194.43.t,17,288,45517
at,194.43.t,18,287,45519
seq,194.43.t.18.t,45521,285,false,45609,end,45644
at,194.43.t.18.t,0,285,45521
seq,194.43.t.18.t.0.t,45523,283,false,45608,end,45644
at,194.43.t.18.t.0.t,0,283,45523
at,194.43.t.18.t.0.t,1,282,45525
at,194.43.t.18.t.0.t,2,281,45527
at,194.43.t.18.t.0.t,3,280,45528
at,194.43.t.18.t.0.t,4,279,45530
at,194.43.t.18.t.0.t,5,278,45532
at,194.43.t.18.t.0.t,6,277,45534
seq,194.43.t.18.t.0.t.6.t,45536,275,false,45598,end,45644
at,194.43.t.18.t.0.t.6.t,0,275,45536
seq,194.43.t.18.t.0.t.6.t.0.t,45538,273,false,45597,end,45644
at,194.43.t.18.t.0.t.6.t.0.t,0,273,45538
at,194.43.t.18.t.0.t.6.t.0.t,1,272,45540
at,194.43.t.18.t.0.t.6.t.0.t,2,271,45542
at,194.43.t.18.t.0.t.6.t.0.t,3,270,45543
at,194.43.t.18.t.0.t.6.t.0.t,4,269,45545
at,194.43.t.18.t.0.t.6.t.0.t,5,268,45547
at,194.43.t.18.t.0.t.6.t.0.t,6,267,45549
at,194.43.t.18.t.0.t.6.t.0.t,7,266,45550
at,194.43.t.18.t.0.t.6.t.0.t,8,265,45552
at,194.43.t.18.t.0.t.6.t.0.t,9,264,45553
at,194.43.t.18.t.0.t.6.t.0.t,10,263,45555
at,194.43.t.18.t.0.t.6.t.0.t,11,262,45556
seq,194.43.t.18.t.0.t.6.t.0.t.11.t,45558,260,true,45587,end,45644
at,194.43.t.18.t.0.t.6.t.0.t.11.t,0,260,45558
at,194.43.t.18.t.0.t.6.t.0.t.11.t,1,259,45560
at,194.43.t.18.t.0.t.6.t.0.t.11.t,2,258,45562
at,194.43.t.18.t.0.t.6.t.0.t.11.t,3,257,45563
at,194.43.t.18.t.0.t.6.t.0.t.11.t,4,256,45565
at,194.43.t.18.t.0.t.6.t.0.t.11.t,5,255,45567
at,194.43.t.18.t.0.t.6.t.0.t.11.t,6,254,45568
at,194.43.t.18.t.0.t.6.t.0.t.11.t,7,253,45570
at,194.43.t.18.t.0.t.6.t.0.t.11.t,8,252,45571
at,194.43.t.18.t.0.t.6.t.0.t.11.t,9,251,45573
at,194.43.t.18.t.0.t.6.t.0.t.11.t,10,250,45574
at,194.43.t.18.t.0.t.6.t.0.t.11.t,11,249,45575
at,194.43.t.18.t.0.t.6.t.0.t.11.t,12,248,45576
at,194.43.t.18.t.0.t.6.t.0.t.11.t,13,247,45579
at,194.43.t.18.t.0.t.6.t.0.t.11.t,14,246,45581
at,194.43.t.18.t.0.t.6.t.0.t.11.t,15,245,45583
at,194.43.t.18.t.0.t.6.t.0.t.11.t,16,244,45586
at,194.43.t.18.t.0.t.6.t.0.t,12,261,45587
at,194.43.t.18.t.0.t.6.t.0.t,13,260,45589
at,194.43.t.18.t.0.t.6.t.0.t,14,259,45591
at,194.43.t.18.t.0.t.6.t.0.t,15,258,45592
at,194.43.t.18.t.0.t.6.t.0.t,16,257,45594
at,194.43.t.18.t.0.t.6.t.0.t,17,256,45596
at,194.43.t.18.t.0.t.6.t,1,274,45597
at,194.43.t.18.t.0.t,7,276,45598
at,194.43.t.18.t.0.t,8,275,45600
at,194.43.t.18.t.0.t,9,274,45602
at,194.43.t.18.t.0.t,10,273,45603
at,194.43.t.18.t.0.t,11,272,45605
at,194.43.t.18.t.0.t,12,271,45607
at,194.43.t.18.t,1,284,45608
at,194.43.t,19,286,45609
at,194,44,306,45610
at,194,45,305,45612
at,194,46,304,45614
at,194,47,303,45615
at,194,48,302,45617
at,194,49,301,45619
at,194,50,300,45621
at,194,51,299,45622
at,194,52,298,45623
at,194,53,297,45625
at,194,54,296,45628
at,194,55,295,45630
at,194,56,294,45632
at,194,57,293,45633
at,194,58,292,45634
at,194,59,291,45636
at,194,60,290,45639
at,194,61,289,45641
at,194,62,288,45643
