{"args":[],"expected":"18446744073709551615","name":"constant"}
{"args":[],"expected":"1","name":"boundConstant"}
{"args":[],"expected":"1","name":"doConstant"}
{"args":[],"expected":"20","name":"rangeConstant"}
{"args":["0","0"],"expected":"18446744073709551565","name":"wrapping"}
{"args":["1","0"],"expected":"18446744073709551562","name":"wrapping"}
{"args":["18446744073709551615","0"],"expected":"18446744073709551568","name":"wrapping"}
{"args":["0","1"],"expected":"18446744073709551582","name":"wrapping"}
{"args":["1","1"],"expected":"18446744073709551580","name":"wrapping"}
{"args":["18446744073709551615","1"],"expected":"18446744073709551584","name":"wrapping"}
{"args":["9223372036854775808","2"],"expected":"9223372036854775791","name":"wrapping"}
{"args":["42","3"],"expected":"0","name":"wrapping"}
{"args":["18446744073709551615","63"],"expected":"960","name":"wrapping"}
{"args":["9223372036854775809","64"],"expected":"9223372036854776906","name":"wrapping"}
{"args":["18446744073709551615","65"],"expected":"992","name":"wrapping"}
{"args":["81985529216486895","18446744073709551615"],"expected":"18118801956843603968","name":"wrapping"}
{"args":["3","17"],"expected":"280","name":"wrapping"}
{"args":["17","3"],"expected":"0","name":"wrapping"}
{"args":["0","0"],"expected":"0","name":"quotient"}
{"args":["1","0"],"expected":"0","name":"quotient"}
{"args":["18446744073709551615","0"],"expected":"0","name":"quotient"}
{"args":["0","1"],"expected":"0","name":"quotient"}
{"args":["1","1"],"expected":"1","name":"quotient"}
{"args":["18446744073709551615","1"],"expected":"18446744073709551615","name":"quotient"}
{"args":["9223372036854775808","2"],"expected":"4611686018427387904","name":"quotient"}
{"args":["42","3"],"expected":"14","name":"quotient"}
{"args":["18446744073709551615","63"],"expected":"292805461487453200","name":"quotient"}
{"args":["9223372036854775809","64"],"expected":"144115188075855872","name":"quotient"}
{"args":["18446744073709551615","65"],"expected":"283796062672454640","name":"quotient"}
{"args":["81985529216486895","18446744073709551615"],"expected":"0","name":"quotient"}
{"args":["3","17"],"expected":"0","name":"quotient"}
{"args":["17","3"],"expected":"5","name":"quotient"}
{"args":["0","0"],"expected":"0","name":"remainder"}
{"args":["1","0"],"expected":"1","name":"remainder"}
{"args":["18446744073709551615","0"],"expected":"18446744073709551615","name":"remainder"}
{"args":["0","1"],"expected":"0","name":"remainder"}
{"args":["1","1"],"expected":"0","name":"remainder"}
{"args":["18446744073709551615","1"],"expected":"0","name":"remainder"}
{"args":["9223372036854775808","2"],"expected":"0","name":"remainder"}
{"args":["42","3"],"expected":"0","name":"remainder"}
{"args":["18446744073709551615","63"],"expected":"15","name":"remainder"}
{"args":["9223372036854775809","64"],"expected":"1","name":"remainder"}
{"args":["18446744073709551615","65"],"expected":"15","name":"remainder"}
{"args":["81985529216486895","18446744073709551615"],"expected":"81985529216486895","name":"remainder"}
{"args":["3","17"],"expected":"3","name":"remainder"}
{"args":["17","3"],"expected":"2","name":"remainder"}
{"args":["0","0"],"expected":"0","name":"shifts"}
{"args":["1","0"],"expected":"0","name":"shifts"}
{"args":["18446744073709551615","0"],"expected":"0","name":"shifts"}
{"args":["0","1"],"expected":"0","name":"shifts"}
{"args":["1","1"],"expected":"2","name":"shifts"}
{"args":["18446744073709551615","1"],"expected":"9223372036854775809","name":"shifts"}
{"args":["9223372036854775808","2"],"expected":"2305843009213693952","name":"shifts"}
{"args":["42","3"],"expected":"341","name":"shifts"}
{"args":["18446744073709551615","63"],"expected":"9223372036854775809","name":"shifts"}
{"args":["9223372036854775809","64"],"expected":"0","name":"shifts"}
{"args":["18446744073709551615","65"],"expected":"9223372036854775809","name":"shifts"}
{"args":["81985529216486895","18446744073709551615"],"expected":"9223372036854775808","name":"shifts"}
{"args":["3","17"],"expected":"393216","name":"shifts"}
{"args":["17","3"],"expected":"138","name":"shifts"}
{"args":["0","0"],"expected":"0","name":"nested"}
{"args":["1","0"],"expected":"2","name":"nested"}
{"args":["18446744073709551615","0"],"expected":"9223372036854775808","name":"nested"}
{"args":["0","1"],"expected":"1","name":"nested"}
{"args":["1","1"],"expected":"18446744073709551601","name":"nested"}
{"args":["18446744073709551615","1"],"expected":"9223372036854775796","name":"nested"}
{"args":["9223372036854775808","2"],"expected":"13835058055282163710","name":"nested"}
{"args":["42","3"],"expected":"1376","name":"nested"}
{"args":["18446744073709551615","63"],"expected":"3","name":"nested"}
{"args":["9223372036854775809","64"],"expected":"1024819115206086385","name":"nested"}
{"args":["18446744073709551615","65"],"expected":"9223372036854775832","name":"nested"}
{"args":["81985529216486895","18446744073709551615"],"expected":"220","name":"nested"}
{"args":["3","17"],"expected":"65","name":"nested"}
{"args":["17","3"],"expected":"76","name":"nested"}
{"args":["0","0"],"expected":"0","name":"order"}
{"args":["1","0"],"expected":"1","name":"order"}
{"args":["18446744073709551615","0"],"expected":"18446744073709551615","name":"order"}
{"args":["0","1"],"expected":"18446744073709551615","name":"order"}
{"args":["1","1"],"expected":"0","name":"order"}
{"args":["18446744073709551615","1"],"expected":"18446744073709551614","name":"order"}
{"args":["9223372036854775808","2"],"expected":"9223372036854775806","name":"order"}
{"args":["42","3"],"expected":"39","name":"order"}
{"args":["18446744073709551615","63"],"expected":"18446744073709551552","name":"order"}
{"args":["9223372036854775809","64"],"expected":"9223372036854775745","name":"order"}
{"args":["18446744073709551615","65"],"expected":"18446744073709551550","name":"order"}
{"args":["81985529216486895","18446744073709551615"],"expected":"81985529216486896","name":"order"}
{"args":["3","17"],"expected":"18446744073709551602","name":"order"}
{"args":["17","3"],"expected":"14","name":"order"}
{"args":["0","0"],"expected":"0","name":"bindings"}
{"args":["1","0"],"expected":"0","name":"bindings"}
{"args":["18446744073709551615","0"],"expected":"2","name":"bindings"}
{"args":["0","1"],"expected":"9223372036854775807","name":"bindings"}
{"args":["1","1"],"expected":"0","name":"bindings"}
{"args":["18446744073709551615","1"],"expected":"0","name":"bindings"}
{"args":["9223372036854775808","2"],"expected":"3074457345618258602","name":"bindings"}
{"args":["42","3"],"expected":"461","name":"bindings"}
{"args":["18446744073709551615","63"],"expected":"288230376151711742","name":"bindings"}
{"args":["9223372036854775809","64"],"expected":"141898031336227320","name":"bindings"}
{"args":["18446744073709551615","65"],"expected":"279496122328932598","name":"bindings"}
{"args":["81985529216486895","18446744073709551615"],"expected":"0","name":"bindings"}
{"args":["3","17"],"expected":"2","name":"bindings"}
{"args":["17","3"],"expected":"80","name":"bindings"}
{"args":["0","0"],"expected":"0","name":"shadowed"}
{"args":["1","0"],"expected":"0","name":"shadowed"}
{"args":["18446744073709551615","0"],"expected":"0","name":"shadowed"}
{"args":["0","1"],"expected":"18446744073709551615","name":"shadowed"}
{"args":["1","1"],"expected":"1","name":"shadowed"}
{"args":["18446744073709551615","1"],"expected":"1","name":"shadowed"}
{"args":["9223372036854775808","2"],"expected":"18446744073709551614","name":"shadowed"}
{"args":["42","3"],"expected":"13","name":"shadowed"}
{"args":["18446744073709551615","63"],"expected":"63","name":"shadowed"}
{"args":["9223372036854775809","64"],"expected":"18446744073709551552","name":"shadowed"}
{"args":["18446744073709551615","65"],"expected":"65","name":"shadowed"}
{"args":["81985529216486895","18446744073709551615"],"expected":"31","name":"shadowed"}
{"args":["3","17"],"expected":"18446744073709551601","name":"shadowed"}
{"args":["17","3"],"expected":"31","name":"shadowed"}
{"args":["0","0"],"expected":"0","name":"nestedBindings"}
{"args":["1","0"],"expected":"0","name":"nestedBindings"}
{"args":["18446744073709551615","0"],"expected":"18446744073709551614","name":"nestedBindings"}
{"args":["0","1"],"expected":"0","name":"nestedBindings"}
{"args":["1","1"],"expected":"1","name":"nestedBindings"}
{"args":["18446744073709551615","1"],"expected":"18446744073709551613","name":"nestedBindings"}
{"args":["9223372036854775808","2"],"expected":"13835058055282163712","name":"nestedBindings"}
{"args":["42","3"],"expected":"18446744073709551084","name":"nestedBindings"}
{"args":["18446744073709551615","63"],"expected":"585610922974907359","name":"nestedBindings"}
{"args":["9223372036854775809","64"],"expected":"64","name":"nestedBindings"}
{"args":["18446744073709551615","65"],"expected":"567592125344910269","name":"nestedBindings"}
{"args":["81985529216486895","18446744073709551615"],"expected":"2547381487788710623","name":"nestedBindings"}
{"args":["3","17"],"expected":"45","name":"nestedBindings"}
{"args":["17","3"],"expected":"18446744073709551525","name":"nestedBindings"}
{"args":["0","0"],"expected":"0","name":"unusedBinding"}
{"args":["1","0"],"expected":"1","name":"unusedBinding"}
{"args":["18446744073709551615","0"],"expected":"18446744073709551615","name":"unusedBinding"}
{"args":["0","1"],"expected":"18446744073709551615","name":"unusedBinding"}
{"args":["1","1"],"expected":"0","name":"unusedBinding"}
{"args":["18446744073709551615","1"],"expected":"18446744073709551614","name":"unusedBinding"}
{"args":["9223372036854775808","2"],"expected":"9223372036854775806","name":"unusedBinding"}
{"args":["42","3"],"expected":"39","name":"unusedBinding"}
{"args":["18446744073709551615","63"],"expected":"18446744073709551552","name":"unusedBinding"}
{"args":["9223372036854775809","64"],"expected":"9223372036854775745","name":"unusedBinding"}
{"args":["18446744073709551615","65"],"expected":"18446744073709551550","name":"unusedBinding"}
{"args":["81985529216486895","18446744073709551615"],"expected":"81985529216486896","name":"unusedBinding"}
{"args":["3","17"],"expected":"18446744073709551602","name":"unusedBinding"}
{"args":["17","3"],"expected":"14","name":"unusedBinding"}
{"args":["0","0"],"expected":"1","name":"compareEq"}
{"args":["1","0"],"expected":"18446744073709551615","name":"compareEq"}
{"args":["18446744073709551615","0"],"expected":"18446744073709551615","name":"compareEq"}
{"args":["0","1"],"expected":"0","name":"compareEq"}
{"args":["1","1"],"expected":"2","name":"compareEq"}
{"args":["18446744073709551615","1"],"expected":"0","name":"compareEq"}
{"args":["9223372036854775808","2"],"expected":"1","name":"compareEq"}
{"args":["42","3"],"expected":"2","name":"compareEq"}
{"args":["18446744073709551615","63"],"expected":"62","name":"compareEq"}
{"args":["9223372036854775809","64"],"expected":"63","name":"compareEq"}
{"args":["18446744073709551615","65"],"expected":"64","name":"compareEq"}
{"args":["81985529216486895","18446744073709551615"],"expected":"18446744073709551614","name":"compareEq"}
{"args":["3","17"],"expected":"16","name":"compareEq"}
{"args":["17","3"],"expected":"2","name":"compareEq"}
{"args":["0","0"],"expected":"0","name":"compareLt"}
{"args":["1","0"],"expected":"0","name":"compareLt"}
{"args":["18446744073709551615","0"],"expected":"0","name":"compareLt"}
{"args":["0","1"],"expected":"0","name":"compareLt"}
{"args":["1","1"],"expected":"1","name":"compareLt"}
{"args":["18446744073709551615","1"],"expected":"0","name":"compareLt"}
{"args":["9223372036854775808","2"],"expected":"0","name":"compareLt"}
{"args":["42","3"],"expected":"0","name":"compareLt"}
{"args":["18446744073709551615","63"],"expected":"0","name":"compareLt"}
{"args":["9223372036854775809","64"],"expected":"0","name":"compareLt"}
{"args":["18446744073709551615","65"],"expected":"0","name":"compareLt"}
{"args":["81985529216486895","18446744073709551615"],"expected":"0","name":"compareLt"}
{"args":["3","17"],"expected":"0","name":"compareLt"}
{"args":["17","3"],"expected":"0","name":"compareLt"}
{"args":["0","0"],"expected":"0","name":"compareLe"}
{"args":["1","0"],"expected":"7","name":"compareLe"}
{"args":["18446744073709551615","0"],"expected":"7","name":"compareLe"}
{"args":["0","1"],"expected":"0","name":"compareLe"}
{"args":["1","1"],"expected":"3","name":"compareLe"}
{"args":["18446744073709551615","1"],"expected":"8","name":"compareLe"}
{"args":["9223372036854775808","2"],"expected":"9","name":"compareLe"}
{"args":["42","3"],"expected":"10","name":"compareLe"}
{"args":["18446744073709551615","63"],"expected":"70","name":"compareLe"}
{"args":["9223372036854775809","64"],"expected":"71","name":"compareLe"}
{"args":["18446744073709551615","65"],"expected":"72","name":"compareLe"}
{"args":["81985529216486895","18446744073709551615"],"expected":"245956587649460685","name":"compareLe"}
{"args":["3","17"],"expected":"9","name":"compareLe"}
{"args":["17","3"],"expected":"10","name":"compareLe"}
{"args":["0","0"],"expected":"17","name":"compareBEq"}
{"args":["1","0"],"expected":"0","name":"compareBEq"}
{"args":["18446744073709551615","0"],"expected":"0","name":"compareBEq"}
{"args":["0","1"],"expected":"1","name":"compareBEq"}
{"args":["1","1"],"expected":"16","name":"compareBEq"}
{"args":["18446744073709551615","1"],"expected":"9223372036854775808","name":"compareBEq"}
{"args":["9223372036854775808","2"],"expected":"2","name":"compareBEq"}
{"args":["42","3"],"expected":"13194139533312","name":"compareBEq"}
{"args":["18446744073709551615","63"],"expected":"9223372036854775808","name":"compareBEq"}
{"args":["9223372036854775809","64"],"expected":"128","name":"compareBEq"}
{"args":["18446744073709551615","65"],"expected":"9223372036854775808","name":"compareBEq"}
{"args":["81985529216486895","18446744073709551615"],"expected":"18446603336221196288","name":"compareBEq"}
{"args":["3","17"],"expected":"136","name":"compareBEq"}
{"args":["17","3"],"expected":"393216","name":"compareBEq"}
{"args":["0","0"],"expected":"0","name":"compareBNe"}
{"args":["1","0"],"expected":"1","name":"compareBNe"}
{"args":["18446744073709551615","0"],"expected":"18446744073709551615","name":"compareBNe"}
{"args":["0","1"],"expected":"18446744073709551615","name":"compareBNe"}
{"args":["1","1"],"expected":"2","name":"compareBNe"}
{"args":["18446744073709551615","1"],"expected":"18446744073709551614","name":"compareBNe"}
{"args":["9223372036854775808","2"],"expected":"9223372036854775806","name":"compareBNe"}
{"args":["42","3"],"expected":"39","name":"compareBNe"}
{"args":["18446744073709551615","63"],"expected":"18446744073709551552","name":"compareBNe"}
{"args":["9223372036854775809","64"],"expected":"9223372036854775745","name":"compareBNe"}
{"args":["18446744073709551615","65"],"expected":"18446744073709551550","name":"compareBNe"}
{"args":["81985529216486895","18446744073709551615"],"expected":"81985529216486896","name":"compareBNe"}
{"args":["3","17"],"expected":"18446744073709551602","name":"compareBNe"}
{"args":["17","3"],"expected":"14","name":"compareBNe"}
{"args":["0","0"],"expected":"19","name":"nestedChoice"}
{"args":["1","0"],"expected":"1","name":"nestedChoice"}
{"args":["18446744073709551615","0"],"expected":"18446744073709551615","name":"nestedChoice"}
{"args":["0","1"],"expected":"1","name":"nestedChoice"}
{"args":["1","1"],"expected":"20","name":"nestedChoice"}
{"args":["18446744073709551615","1"],"expected":"0","name":"nestedChoice"}
{"args":["9223372036854775808","2"],"expected":"0","name":"nestedChoice"}
{"args":["42","3"],"expected":"0","name":"nestedChoice"}
{"args":["18446744073709551615","63"],"expected":"15","name":"nestedChoice"}
{"args":["9223372036854775809","64"],"expected":"1","name":"nestedChoice"}
{"args":["18446744073709551615","65"],"expected":"15","name":"nestedChoice"}
{"args":["81985529216486895","18446744073709551615"],"expected":"131071","name":"nestedChoice"}
{"args":["3","17"],"expected":"2","name":"nestedChoice"}
{"args":["17","3"],"expected":"2","name":"nestedChoice"}
{"args":["0","0"],"expected":"1","name":"choiceBindings"}
{"args":["1","0"],"expected":"1","name":"choiceBindings"}
{"args":["18446744073709551615","0"],"expected":"1","name":"choiceBindings"}
{"args":["0","1"],"expected":"0","name":"choiceBindings"}
{"args":["1","1"],"expected":"9","name":"choiceBindings"}
{"args":["18446744073709551615","1"],"expected":"18446744073709551615","name":"choiceBindings"}
{"args":["9223372036854775808","2"],"expected":"18446744073709551613","name":"choiceBindings"}
{"args":["42","3"],"expected":"118","name":"choiceBindings"}
{"args":["18446744073709551615","63"],"expected":"18446744073709547585","name":"choiceBindings"}
{"args":["9223372036854775809","64"],"expected":"18446744073709547585","name":"choiceBindings"}
{"args":["18446744073709551615","65"],"expected":"18446744073709547327","name":"choiceBindings"}
{"args":["81985529216486895","18446744073709551615"],"expected":"18364758544493064721","name":"choiceBindings"}
{"args":["3","17"],"expected":"18446744073709551379","name":"choiceBindings"}
{"args":["17","3"],"expected":"43","name":"choiceBindings"}
{"args":["0","0"],"expected":"0","name":"choiceOperands"}
{"args":["1","0"],"expected":"0","name":"choiceOperands"}
{"args":["18446744073709551615","0"],"expected":"18446744073709551615","name":"choiceOperands"}
{"args":["0","1"],"expected":"1","name":"choiceOperands"}
{"args":["1","1"],"expected":"2","name":"choiceOperands"}
{"args":["18446744073709551615","1"],"expected":"18446744073709551615","name":"choiceOperands"}
{"args":["9223372036854775808","2"],"expected":"0","name":"choiceOperands"}
{"args":["42","3"],"expected":"126","name":"choiceOperands"}
{"args":["18446744073709551615","63"],"expected":"18446744073709551553","name":"choiceOperands"}
{"args":["9223372036854775809","64"],"expected":"64","name":"choiceOperands"}
{"args":["18446744073709551615","65"],"expected":"18446744073709551551","name":"choiceOperands"}
{"args":["81985529216486895","18446744073709551615"],"expected":"18364758544493064721","name":"choiceOperands"}
{"args":["3","17"],"expected":"51","name":"choiceOperands"}
{"args":["17","3"],"expected":"51","name":"choiceOperands"}
{"args":["0","0"],"expected":"0","name":"doReturn"}
{"args":["1","0"],"expected":"1","name":"doReturn"}
{"args":["18446744073709551615","0"],"expected":"18446744073709551615","name":"doReturn"}
{"args":["0","1"],"expected":"1","name":"doReturn"}
{"args":["1","1"],"expected":"2","name":"doReturn"}
{"args":["18446744073709551615","1"],"expected":"0","name":"doReturn"}
{"args":["9223372036854775808","2"],"expected":"9223372036854775810","name":"doReturn"}
{"args":["42","3"],"expected":"45","name":"doReturn"}
{"args":["18446744073709551615","63"],"expected":"62","name":"doReturn"}
{"args":["9223372036854775809","64"],"expected":"9223372036854775873","name":"doReturn"}
{"args":["18446744073709551615","65"],"expected":"64","name":"doReturn"}
{"args":["81985529216486895","18446744073709551615"],"expected":"81985529216486894","name":"doReturn"}
{"args":["3","17"],"expected":"20","name":"doReturn"}
{"args":["17","3"],"expected":"20","name":"doReturn"}
{"args":["0","0"],"expected":"0","name":"doBind"}
{"args":["1","0"],"expected":"1","name":"doBind"}
{"args":["18446744073709551615","0"],"expected":"18446744073709551615","name":"doBind"}
{"args":["0","1"],"expected":"0","name":"doBind"}
{"args":["1","1"],"expected":"0","name":"doBind"}
{"args":["18446744073709551615","1"],"expected":"0","name":"doBind"}
{"args":["9223372036854775808","2"],"expected":"1","name":"doBind"}
{"args":["42","3"],"expected":"30","name":"doBind"}
{"args":["18446744073709551615","63"],"expected":"292805461487453261","name":"doBind"}
{"args":["9223372036854775809","64"],"expected":"64","name":"doBind"}
{"args":["18446744073709551615","65"],"expected":"283796062672454703","name":"doBind"}
{"args":["81985529216486895","18446744073709551615"],"expected":"81985529216486894","name":"doBind"}
{"args":["3","17"],"expected":"3","name":"doBind"}
{"args":["17","3"],"expected":"7","name":"doBind"}
{"args":["0","0"],"expected":"0","name":"doUpdates"}
{"args":["1","0"],"expected":"1","name":"doUpdates"}
{"args":["18446744073709551615","0"],"expected":"1","name":"doUpdates"}
{"args":["0","1"],"expected":"18446744073709551615","name":"doUpdates"}
{"args":["1","1"],"expected":"1","name":"doUpdates"}
{"args":["18446744073709551615","1"],"expected":"18446744073709551615","name":"doUpdates"}
{"args":["9223372036854775808","2"],"expected":"18446744073709551614","name":"doUpdates"}
{"args":["42","3"],"expected":"1887","name":"doUpdates"}
{"args":["18446744073709551615","63"],"expected":"18446744073709551491","name":"doUpdates"}
{"args":["9223372036854775809","64"],"expected":"1","name":"doUpdates"}
{"args":["18446744073709551615","65"],"expected":"18446744073709551487","name":"doUpdates"}
{"args":["81985529216486895","18446744073709551615"],"expected":"15817377056704354099","name":"doUpdates"}
{"args":["3","17"],"expected":"43","name":"doUpdates"}
{"args":["17","3"],"expected":"337","name":"doUpdates"}
{"args":["0","0"],"expected":"0","name":"doEarly"}
{"args":["1","0"],"expected":"2","name":"doEarly"}
{"args":["18446744073709551615","0"],"expected":"2","name":"doEarly"}
{"args":["0","1"],"expected":"1","name":"doEarly"}
{"args":["1","1"],"expected":"1","name":"doEarly"}
{"args":["18446744073709551615","1"],"expected":"3","name":"doEarly"}
{"args":["9223372036854775808","2"],"expected":"4","name":"doEarly"}
{"args":["42","3"],"expected":"5","name":"doEarly"}
{"args":["18446744073709551615","63"],"expected":"65","name":"doEarly"}
{"args":["9223372036854775809","64"],"expected":"66","name":"doEarly"}
{"args":["18446744073709551615","65"],"expected":"67","name":"doEarly"}
{"args":["81985529216486895","18446744073709551615"],"expected":"81985529216486896","name":"doEarly"}
{"args":["3","17"],"expected":"4","name":"doEarly"}
{"args":["17","3"],"expected":"5","name":"doEarly"}
{"args":["0","0"],"expected":"0","name":"doNested"}
{"args":["1","0"],"expected":"1","name":"doNested"}
{"args":["18446744073709551615","0"],"expected":"18446744073709551615","name":"doNested"}
{"args":["0","1"],"expected":"0","name":"doNested"}
{"args":["1","1"],"expected":"0","name":"doNested"}
{"args":["18446744073709551615","1"],"expected":"0","name":"doNested"}
{"args":["9223372036854775808","2"],"expected":"0","name":"doNested"}
{"args":["42","3"],"expected":"2","name":"doNested"}
{"args":["18446744073709551615","63"],"expected":"33","name":"doNested"}
{"args":["9223372036854775809","64"],"expected":"1","name":"doNested"}
{"args":["18446744073709551615","65"],"expected":"34","name":"doNested"}
{"args":["81985529216486895","18446744073709551615"],"expected":"81985529216486894","name":"doNested"}
{"args":["3","17"],"expected":"3","name":"doNested"}
{"args":["17","3"],"expected":"1","name":"doNested"}
{"args":["0","0"],"expected":"0","name":"doBranches"}
{"args":["1","0"],"expected":"1","name":"doBranches"}
{"args":["18446744073709551615","0"],"expected":"1","name":"doBranches"}
{"args":["0","1"],"expected":"1","name":"doBranches"}
{"args":["1","1"],"expected":"0","name":"doBranches"}
{"args":["18446744073709551615","1"],"expected":"2","name":"doBranches"}
{"args":["9223372036854775808","2"],"expected":"0","name":"doBranches"}
{"args":["42","3"],"expected":"1638","name":"doBranches"}
{"args":["18446744073709551615","63"],"expected":"64","name":"doBranches"}
{"args":["9223372036854775809","64"],"expected":"18446744073709551553","name":"doBranches"}
{"args":["18446744073709551615","65"],"expected":"66","name":"doBranches"}
{"args":["81985529216486895","18446744073709551615"],"expected":"0","name":"doBranches"}
{"args":["3","17"],"expected":"0","name":"doBranches"}
{"args":["17","3"],"expected":"238","name":"doBranches"}
{"args":["0","0"],"expected":"0","name":"localFunction"}
{"args":["1","0"],"expected":"0","name":"localFunction"}
{"args":["18446744073709551615","0"],"expected":"0","name":"localFunction"}
{"args":["0","1"],"expected":"1","name":"localFunction"}
{"args":["1","1"],"expected":"4","name":"localFunction"}
{"args":["18446744073709551615","1"],"expected":"18446744073709551614","name":"localFunction"}
{"args":["9223372036854775808","2"],"expected":"4611686018427387905","name":"localFunction"}
{"args":["42","3"],"expected":"43","name":"localFunction"}
{"args":["18446744073709551615","63"],"expected":"292805461487453200","name":"localFunction"}
{"args":["9223372036854775809","64"],"expected":"144115188075855873","name":"localFunction"}
{"args":["18446744073709551615","65"],"expected":"283796062672454640","name":"localFunction"}
{"args":["81985529216486895","18446744073709551615"],"expected":"0","name":"localFunction"}
{"args":["3","17"],"expected":"1","name":"localFunction"}
{"args":["17","3"],"expected":"17","name":"localFunction"}
{"args":["0","0"],"expected":"34","name":"capturedShadow"}
{"args":["1","0"],"expected":"33","name":"capturedShadow"}
{"args":["18446744073709551615","0"],"expected":"35","name":"capturedShadow"}
{"args":["0","1"],"expected":"36","name":"capturedShadow"}
{"args":["1","1"],"expected":"35","name":"capturedShadow"}
{"args":["18446744073709551615","1"],"expected":"37","name":"capturedShadow"}
{"args":["9223372036854775808","2"],"expected":"9223372036854775846","name":"capturedShadow"}
{"args":["42","3"],"expected":"18446744073709551614","name":"capturedShadow"}
{"args":["18446744073709551615","63"],"expected":"161","name":"capturedShadow"}
{"args":["9223372036854775809","64"],"expected":"9223372036854775969","name":"capturedShadow"}
{"args":["18446744073709551615","65"],"expected":"165","name":"capturedShadow"}
{"args":["81985529216486895","18446744073709551615"],"expected":"18364758544493064753","name":"capturedShadow"}
{"args":["3","17"],"expected":"65","name":"capturedShadow"}
{"args":["17","3"],"expected":"23","name":"capturedShadow"}
{"args":["0","0"],"expected":"0","name":"chainedFunctions"}
{"args":["1","0"],"expected":"2","name":"chainedFunctions"}
{"args":["18446744073709551615","0"],"expected":"18446744073709551614","name":"chainedFunctions"}
{"args":["0","1"],"expected":"1","name":"chainedFunctions"}
{"args":["1","1"],"expected":"4","name":"chainedFunctions"}
{"args":["18446744073709551615","1"],"expected":"18446744073709551614","name":"chainedFunctions"}
{"args":["9223372036854775808","2"],"expected":"2","name":"chainedFunctions"}
{"args":["42","3"],"expected":"213","name":"chainedFunctions"}
{"args":["18446744073709551615","63"],"expected":"18446744073709551614","name":"chainedFunctions"}
{"args":["9223372036854775809","64"],"expected":"130","name":"chainedFunctions"}
{"args":["18446744073709551615","65"],"expected":"18446744073709551614","name":"chainedFunctions"}
{"args":["81985529216486895","18446744073709551615"],"expected":"81985529216486894","name":"chainedFunctions"}
{"args":["3","17"],"expected":"74","name":"chainedFunctions"}
{"args":["17","3"],"expected":"88","name":"chainedFunctions"}
{"args":["0","0"],"expected":"0","name":"nestedFunctions"}
{"args":["1","0"],"expected":"2","name":"nestedFunctions"}
{"args":["18446744073709551615","0"],"expected":"0","name":"nestedFunctions"}
{"args":["0","1"],"expected":"3","name":"nestedFunctions"}
{"args":["1","1"],"expected":"0","name":"nestedFunctions"}
{"args":["18446744073709551615","1"],"expected":"0","name":"nestedFunctions"}
{"args":["9223372036854775808","2"],"expected":"9223372036854775814","name":"nestedFunctions"}
{"args":["42","3"],"expected":"1941","name":"nestedFunctions"}
{"args":["18446744073709551615","63"],"expected":"0","name":"nestedFunctions"}
{"args":["9223372036854775809","64"],"expected":"9223372036854775938","name":"nestedFunctions"}
{"args":["18446744073709551615","65"],"expected":"0","name":"nestedFunctions"}
{"args":["81985529216486895","18446744073709551615"],"expected":"2528100387421569280","name":"nestedFunctions"}
{"args":["3","17"],"expected":"72","name":"nestedFunctions"}
{"args":["17","3"],"expected":"268","name":"nestedFunctions"}
{"args":["0","0"],"expected":"0","name":"unusedFunction"}
{"args":["1","0"],"expected":"1","name":"unusedFunction"}
{"args":["18446744073709551615","0"],"expected":"18446744073709551615","name":"unusedFunction"}
{"args":["0","1"],"expected":"18446744073709551615","name":"unusedFunction"}
{"args":["1","1"],"expected":"0","name":"unusedFunction"}
{"args":["18446744073709551615","1"],"expected":"18446744073709551614","name":"unusedFunction"}
{"args":["9223372036854775808","2"],"expected":"9223372036854775806","name":"unusedFunction"}
{"args":["42","3"],"expected":"39","name":"unusedFunction"}
{"args":["18446744073709551615","63"],"expected":"18446744073709551552","name":"unusedFunction"}
{"args":["9223372036854775809","64"],"expected":"9223372036854775745","name":"unusedFunction"}
{"args":["18446744073709551615","65"],"expected":"18446744073709551550","name":"unusedFunction"}
{"args":["81985529216486895","18446744073709551615"],"expected":"81985529216486896","name":"unusedFunction"}
{"args":["3","17"],"expected":"18446744073709551602","name":"unusedFunction"}
{"args":["17","3"],"expected":"14","name":"unusedFunction"}
{"args":["0","0"],"expected":"0","name":"doJoined"}
{"args":["1","0"],"expected":"18446744073709551615","name":"doJoined"}
{"args":["18446744073709551615","0"],"expected":"1","name":"doJoined"}
{"args":["0","1"],"expected":"0","name":"doJoined"}
{"args":["1","1"],"expected":"0","name":"doJoined"}
{"args":["18446744073709551615","1"],"expected":"0","name":"doJoined"}
{"args":["9223372036854775808","2"],"expected":"9223372036854775808","name":"doJoined"}
{"args":["42","3"],"expected":"84","name":"doJoined"}
{"args":["18446744073709551615","63"],"expected":"18446744073709551554","name":"doJoined"}
{"args":["9223372036854775809","64"],"expected":"9223372036854775871","name":"doJoined"}
{"args":["18446744073709551615","65"],"expected":"18446744073709551552","name":"doJoined"}
{"args":["81985529216486895","18446744073709551615"],"expected":"15981348115137327888","name":"doJoined"}
{"args":["3","17"],"expected":"12","name":"doJoined"}
{"args":["17","3"],"expected":"34","name":"doJoined"}
{"args":["0","0"],"expected":"7","name":"doBranchUpdates"}
{"args":["1","0"],"expected":"7","name":"doBranchUpdates"}
{"args":["18446744073709551615","0"],"expected":"7","name":"doBranchUpdates"}
{"args":["0","1"],"expected":"7","name":"doBranchUpdates"}
{"args":["1","1"],"expected":"9","name":"doBranchUpdates"}
{"args":["18446744073709551615","1"],"expected":"9","name":"doBranchUpdates"}
{"args":["9223372036854775808","2"],"expected":"7","name":"doBranchUpdates"}
{"args":["42","3"],"expected":"553","name":"doBranchUpdates"}
{"args":["18446744073709551615","63"],"expected":"8","name":"doBranchUpdates"}
{"args":["9223372036854775809","64"],"expected":"288230376151711750","name":"doBranchUpdates"}
{"args":["18446744073709551615","65"],"expected":"8","name":"doBranchUpdates"}
{"args":["81985529216486895","18446744073709551615"],"expected":"7","name":"doBranchUpdates"}
{"args":["3","17"],"expected":"10","name":"doBranchUpdates"}
{"args":["17","3"],"expected":"86","name":"doBranchUpdates"}
{"args":["0","0"],"expected":"0","name":"compareNe"}
{"args":["1","0"],"expected":"1","name":"compareNe"}
{"args":["18446744073709551615","0"],"expected":"18446744073709551615","name":"compareNe"}
{"args":["0","1"],"expected":"18446744073709551615","name":"compareNe"}
{"args":["1","1"],"expected":"2","name":"compareNe"}
{"args":["18446744073709551615","1"],"expected":"18446744073709551614","name":"compareNe"}
{"args":["9223372036854775808","2"],"expected":"9223372036854775806","name":"compareNe"}
{"args":["42","3"],"expected":"39","name":"compareNe"}
{"args":["18446744073709551615","63"],"expected":"18446744073709551552","name":"compareNe"}
{"args":["9223372036854775809","64"],"expected":"9223372036854775745","name":"compareNe"}
{"args":["18446744073709551615","65"],"expected":"18446744073709551550","name":"compareNe"}
{"args":["81985529216486895","18446744073709551615"],"expected":"81985529216486896","name":"compareNe"}
{"args":["3","17"],"expected":"18446744073709551602","name":"compareNe"}
{"args":["17","3"],"expected":"14","name":"compareNe"}
{"args":["0","0"],"expected":"0","name":"negatedEq"}
{"args":["1","0"],"expected":"8","name":"negatedEq"}
{"args":["18446744073709551615","0"],"expected":"6","name":"negatedEq"}
{"args":["0","1"],"expected":"7","name":"negatedEq"}
{"args":["1","1"],"expected":"1","name":"negatedEq"}
{"args":["18446744073709551615","1"],"expected":"6","name":"negatedEq"}
{"args":["9223372036854775808","2"],"expected":"9223372036854775815","name":"negatedEq"}
{"args":["42","3"],"expected":"49","name":"negatedEq"}
{"args":["18446744073709551615","63"],"expected":"6","name":"negatedEq"}
{"args":["9223372036854775809","64"],"expected":"9223372036854775816","name":"negatedEq"}
{"args":["18446744073709551615","65"],"expected":"6","name":"negatedEq"}
{"args":["81985529216486895","18446744073709551615"],"expected":"81985529216486902","name":"negatedEq"}
{"args":["3","17"],"expected":"10","name":"negatedEq"}
{"args":["17","3"],"expected":"24","name":"negatedEq"}
{"args":["0","0"],"expected":"0","name":"negatedLt"}
{"args":["1","0"],"expected":"3","name":"negatedLt"}
{"args":["18446744073709551615","0"],"expected":"18446744073709551613","name":"negatedLt"}
{"args":["0","1"],"expected":"0","name":"negatedLt"}
{"args":["1","1"],"expected":"3","name":"negatedLt"}
{"args":["18446744073709551615","1"],"expected":"18446744073709551613","name":"negatedLt"}
{"args":["9223372036854775808","2"],"expected":"9223372036854775808","name":"negatedLt"}
{"args":["42","3"],"expected":"126","name":"negatedLt"}
{"args":["18446744073709551615","63"],"expected":"18446744073709551613","name":"negatedLt"}
{"args":["9223372036854775809","64"],"expected":"9223372036854775811","name":"negatedLt"}
{"args":["18446744073709551615","65"],"expected":"18446744073709551613","name":"negatedLt"}
{"args":["81985529216486895","18446744073709551615"],"expected":"18446744073709551614","name":"negatedLt"}
{"args":["3","17"],"expected":"16","name":"negatedLt"}
{"args":["17","3"],"expected":"51","name":"negatedLt"}
{"args":["0","0"],"expected":"0","name":"negatedLe"}
{"args":["1","0"],"expected":"0","name":"negatedLe"}
{"args":["18446744073709551615","0"],"expected":"0","name":"negatedLe"}
{"args":["0","1"],"expected":"1","name":"negatedLe"}
{"args":["1","1"],"expected":"0","name":"negatedLe"}
{"args":["18446744073709551615","1"],"expected":"18446744073709551615","name":"negatedLe"}
{"args":["9223372036854775808","2"],"expected":"4611686018427387904","name":"negatedLe"}
{"args":["42","3"],"expected":"14","name":"negatedLe"}
{"args":["18446744073709551615","63"],"expected":"292805461487453200","name":"negatedLe"}
{"args":["9223372036854775809","64"],"expected":"144115188075855872","name":"negatedLe"}
{"args":["18446744073709551615","65"],"expected":"283796062672454640","name":"negatedLe"}
{"args":["81985529216486895","18446744073709551615"],"expected":"240","name":"negatedLe"}
{"args":["3","17"],"expected":"2","name":"negatedLe"}
{"args":["17","3"],"expected":"5","name":"negatedLe"}
{"args":["0","0"],"expected":"0","name":"negatedGt"}
{"args":["1","0"],"expected":"10","name":"negatedGt"}
{"args":["18446744073709551615","0"],"expected":"8","name":"negatedGt"}
{"args":["0","1"],"expected":"1","name":"negatedGt"}
{"args":["1","1"],"expected":"0","name":"negatedGt"}
{"args":["18446744073709551615","1"],"expected":"8","name":"negatedGt"}
{"args":["9223372036854775808","2"],"expected":"9223372036854775817","name":"negatedGt"}
{"args":["42","3"],"expected":"51","name":"negatedGt"}
{"args":["18446744073709551615","63"],"expected":"8","name":"negatedGt"}
{"args":["9223372036854775809","64"],"expected":"9223372036854775818","name":"negatedGt"}
{"args":["18446744073709551615","65"],"expected":"8","name":"negatedGt"}
{"args":["81985529216486895","18446744073709551615"],"expected":"18364758544493064720","name":"negatedGt"}
{"args":["3","17"],"expected":"18","name":"negatedGt"}
{"args":["17","3"],"expected":"26","name":"negatedGt"}
{"args":["0","0"],"expected":"0","name":"negatedGe"}
{"args":["1","0"],"expected":"0","name":"negatedGe"}
{"args":["18446744073709551615","0"],"expected":"0","name":"negatedGe"}
{"args":["0","1"],"expected":"0","name":"negatedGe"}
{"args":["1","1"],"expected":"0","name":"negatedGe"}
{"args":["18446744073709551615","1"],"expected":"0","name":"negatedGe"}
{"args":["9223372036854775808","2"],"expected":"2","name":"negatedGe"}
{"args":["42","3"],"expected":"0","name":"negatedGe"}
{"args":["18446744073709551615","63"],"expected":"0","name":"negatedGe"}
{"args":["9223372036854775809","64"],"expected":"32","name":"negatedGe"}
{"args":["18446744073709551615","65"],"expected":"0","name":"negatedGe"}
{"args":["81985529216486895","18446744073709551615"],"expected":"9223372036854775808","name":"negatedGe"}
{"args":["3","17"],"expected":"393216","name":"negatedGe"}
{"args":["17","3"],"expected":"0","name":"negatedGe"}
{"args":["0","0"],"expected":"0","name":"negatedBool"}
{"args":["1","0"],"expected":"18446744073709551615","name":"negatedBool"}
{"args":["18446744073709551615","0"],"expected":"1","name":"negatedBool"}
{"args":["0","1"],"expected":"1","name":"negatedBool"}
{"args":["1","1"],"expected":"7","name":"negatedBool"}
{"args":["18446744073709551615","1"],"expected":"2","name":"negatedBool"}
{"args":["9223372036854775808","2"],"expected":"9223372036854775810","name":"negatedBool"}
{"args":["42","3"],"expected":"18446744073709551577","name":"negatedBool"}
{"args":["18446744073709551615","63"],"expected":"64","name":"negatedBool"}
{"args":["9223372036854775809","64"],"expected":"9223372036854775871","name":"negatedBool"}
{"args":["18446744073709551615","65"],"expected":"66","name":"negatedBool"}
{"args":["81985529216486895","18446744073709551615"],"expected":"18364758544493064720","name":"negatedBool"}
{"args":["3","17"],"expected":"14","name":"negatedBool"}
{"args":["17","3"],"expected":"18446744073709551602","name":"negatedBool"}
{"args":["0","0"],"expected":"1","name":"doubleNegation"}
{"args":["1","0"],"expected":"1","name":"doubleNegation"}
{"args":["18446744073709551615","0"],"expected":"18446744073709551615","name":"doubleNegation"}
{"args":["0","1"],"expected":"4","name":"doubleNegation"}
{"args":["1","1"],"expected":"2","name":"doubleNegation"}
{"args":["18446744073709551615","1"],"expected":"18446744073709551614","name":"doubleNegation"}
{"args":["9223372036854775808","2"],"expected":"9223372036854775806","name":"doubleNegation"}
{"args":["42","3"],"expected":"39","name":"doubleNegation"}
{"args":["18446744073709551615","63"],"expected":"18446744073709551552","name":"doubleNegation"}
{"args":["9223372036854775809","64"],"expected":"9223372036854775745","name":"doubleNegation"}
{"args":["18446744073709551615","65"],"expected":"18446744073709551550","name":"doubleNegation"}
{"args":["81985529216486895","18446744073709551615"],"expected":"2","name":"doubleNegation"}
{"args":["3","17"],"expected":"20","name":"doubleNegation"}
{"args":["17","3"],"expected":"14","name":"doubleNegation"}
{"args":["0","0"],"expected":"9","name":"negatedBindings"}
{"args":["1","0"],"expected":"10","name":"negatedBindings"}
{"args":["18446744073709551615","0"],"expected":"8","name":"negatedBindings"}
{"args":["0","1"],"expected":"7","name":"negatedBindings"}
{"args":["1","1"],"expected":"10","name":"negatedBindings"}
{"args":["18446744073709551615","1"],"expected":"0","name":"negatedBindings"}
{"args":["9223372036854775808","2"],"expected":"9223372036854775822","name":"negatedBindings"}
{"args":["42","3"],"expected":"315","name":"negatedBindings"}
{"args":["18446744073709551615","63"],"expected":"434","name":"negatedBindings"}
{"args":["9223372036854775809","64"],"expected":"9223372036854776263","name":"negatedBindings"}
{"args":["18446744073709551615","65"],"expected":"448","name":"negatedBindings"}
{"args":["81985529216486895","18446744073709551615"],"expected":"573898704515408258","name":"negatedBindings"}
{"args":["3","17"],"expected":"140","name":"negatedBindings"}
{"args":["17","3"],"expected":"140","name":"negatedBindings"}
{"args":["0","0"],"expected":"0","name":"binaryOrder"}
{"args":["1","0"],"expected":"1","name":"binaryOrder"}
{"args":["18446744073709551615","0"],"expected":"18446744073709551615","name":"binaryOrder"}
{"args":["0","1"],"expected":"18446744073709551615","name":"binaryOrder"}
{"args":["1","1"],"expected":"0","name":"binaryOrder"}
{"args":["18446744073709551615","1"],"expected":"18446744073709551614","name":"binaryOrder"}
{"args":["9223372036854775808","2"],"expected":"9223372036854775806","name":"binaryOrder"}
{"args":["42","3"],"expected":"39","name":"binaryOrder"}
{"args":["18446744073709551615","63"],"expected":"18446744073709551552","name":"binaryOrder"}
{"args":["9223372036854775809","64"],"expected":"9223372036854775745","name":"binaryOrder"}
{"args":["18446744073709551615","65"],"expected":"18446744073709551550","name":"binaryOrder"}
{"args":["81985529216486895","18446744073709551615"],"expected":"81985529216486896","name":"binaryOrder"}
{"args":["3","17"],"expected":"18446744073709551602","name":"binaryOrder"}
{"args":["17","3"],"expected":"14","name":"binaryOrder"}
{"args":["0","0"],"expected":"7","name":"binaryCapture"}
{"args":["1","0"],"expected":"7","name":"binaryCapture"}
{"args":["18446744073709551615","0"],"expected":"7","name":"binaryCapture"}
{"args":["0","1"],"expected":"40","name":"binaryCapture"}
{"args":["1","1"],"expected":"40","name":"binaryCapture"}
{"args":["18446744073709551615","1"],"expected":"40","name":"binaryCapture"}
{"args":["9223372036854775808","2"],"expected":"73","name":"binaryCapture"}
{"args":["42","3"],"expected":"106","name":"binaryCapture"}
{"args":["18446744073709551615","63"],"expected":"2086","name":"binaryCapture"}
{"args":["9223372036854775809","64"],"expected":"2119","name":"binaryCapture"}
{"args":["18446744073709551615","65"],"expected":"2152","name":"binaryCapture"}
{"args":["81985529216486895","18446744073709551615"],"expected":"18446744073709551590","name":"binaryCapture"}
{"args":["3","17"],"expected":"568","name":"binaryCapture"}
{"args":["17","3"],"expected":"106","name":"binaryCapture"}
{"args":["0","0"],"expected":"0","name":"binaryChained"}
{"args":["1","0"],"expected":"1","name":"binaryChained"}
{"args":["18446744073709551615","0"],"expected":"1","name":"binaryChained"}
{"args":["0","1"],"expected":"1","name":"binaryChained"}
{"args":["1","1"],"expected":"2","name":"binaryChained"}
{"args":["18446744073709551615","1"],"expected":"0","name":"binaryChained"}
{"args":["9223372036854775808","2"],"expected":"5","name":"binaryChained"}
{"args":["42","3"],"expected":"7","name":"binaryChained"}
{"args":["18446744073709551615","63"],"expected":"62","name":"binaryChained"}
{"args":["9223372036854775809","64"],"expected":"129","name":"binaryChained"}
{"args":["18446744073709551615","65"],"expected":"64","name":"binaryChained"}
{"args":["81985529216486895","18446744073709551615"],"expected":"81985529216486894","name":"binaryChained"}
{"args":["3","17"],"expected":"20","name":"binaryChained"}
{"args":["17","3"],"expected":"7","name":"binaryChained"}
{"args":["0","0"],"expected":"0","name":"binaryUnused"}
{"args":["1","0"],"expected":"1","name":"binaryUnused"}
{"args":["18446744073709551615","0"],"expected":"18446744073709551615","name":"binaryUnused"}
{"args":["0","1"],"expected":"1","name":"binaryUnused"}
{"args":["1","1"],"expected":"2","name":"binaryUnused"}
{"args":["18446744073709551615","1"],"expected":"0","name":"binaryUnused"}
{"args":["9223372036854775808","2"],"expected":"9223372036854775810","name":"binaryUnused"}
{"args":["42","3"],"expected":"45","name":"binaryUnused"}
{"args":["18446744073709551615","63"],"expected":"62","name":"binaryUnused"}
{"args":["9223372036854775809","64"],"expected":"9223372036854775873","name":"binaryUnused"}
{"args":["18446744073709551615","65"],"expected":"64","name":"binaryUnused"}
{"args":["81985529216486895","18446744073709551615"],"expected":"81985529216486894","name":"binaryUnused"}
{"args":["3","17"],"expected":"20","name":"binaryUnused"}
{"args":["17","3"],"expected":"20","name":"binaryUnused"}
{"args":["0","0"],"expected":"0","name":"binaryDo"}
{"args":["1","0"],"expected":"2","name":"binaryDo"}
{"args":["18446744073709551615","0"],"expected":"0","name":"binaryDo"}
{"args":["0","1"],"expected":"0","name":"binaryDo"}
{"args":["1","1"],"expected":"3","name":"binaryDo"}
{"args":["18446744073709551615","1"],"expected":"18446744073709551615","name":"binaryDo"}
{"args":["9223372036854775808","2"],"expected":"9223372036854775808","name":"binaryDo"}
{"args":["42","3"],"expected":"1932","name":"binaryDo"}
{"args":["18446744073709551615","63"],"expected":"18446744073709551553","name":"binaryDo"}
{"args":["9223372036854775809","64"],"expected":"9223372036854775874","name":"binaryDo"}
{"args":["18446744073709551615","65"],"expected":"18446744073709551551","name":"binaryDo"}
{"args":["81985529216486895","18446744073709551615"],"expected":"15899362585920840993","name":"binaryDo"}
{"args":["3","17"],"expected":"63","name":"binaryDo"}
{"args":["17","3"],"expected":"357","name":"binaryDo"}
{"args":["0","0"],"expected":"0","name":"binaryNested"}
{"args":["1","0"],"expected":"0","name":"binaryNested"}
{"args":["18446744073709551615","0"],"expected":"0","name":"binaryNested"}
{"args":["0","1"],"expected":"0","name":"binaryNested"}
{"args":["1","1"],"expected":"2","name":"binaryNested"}
{"args":["18446744073709551615","1"],"expected":"18446744073709551614","name":"binaryNested"}
{"args":["9223372036854775808","2"],"expected":"0","name":"binaryNested"}
{"args":["42","3"],"expected":"252","name":"binaryNested"}
{"args":["18446744073709551615","63"],"expected":"18446744073709551490","name":"binaryNested"}
{"args":["9223372036854775809","64"],"expected":"128","name":"binaryNested"}
{"args":["18446744073709551615","65"],"expected":"18446744073709551486","name":"binaryNested"}
{"args":["81985529216486895","18446744073709551615"],"expected":"18282773015276577826","name":"binaryNested"}
{"args":["3","17"],"expected":"102","name":"binaryNested"}
{"args":["17","3"],"expected":"102","name":"binaryNested"}
{"args":["0","0"],"expected":"0","name":"binaryChoice"}
{"args":["1","0"],"expected":"0","name":"binaryChoice"}
{"args":["18446744073709551615","0"],"expected":"0","name":"binaryChoice"}
{"args":["0","1"],"expected":"8","name":"binaryChoice"}
{"args":["1","1"],"expected":"18446744073709551614","name":"binaryChoice"}
{"args":["18446744073709551615","1"],"expected":"7","name":"binaryChoice"}
{"args":["9223372036854775808","2"],"expected":"18446744073709551612","name":"binaryChoice"}
{"args":["42","3"],"expected":"18446744073709551610","name":"binaryChoice"}
{"args":["18446744073709551615","63"],"expected":"69","name":"binaryChoice"}
{"args":["9223372036854775809","64"],"expected":"18446744073709551488","name":"binaryChoice"}
{"args":["18446744073709551615","65"],"expected":"71","name":"binaryChoice"}
{"args":["81985529216486895","18446744073709551615"],"expected":"81985529216486901","name":"binaryChoice"}
{"args":["3","17"],"expected":"27","name":"binaryChoice"}
{"args":["17","3"],"expected":"18446744073709551610","name":"binaryChoice"}
{"args":["0","0"],"expected":"3","name":"binaryArguments"}
{"args":["1","0"],"expected":"20","name":"binaryArguments"}
{"args":["18446744073709551615","0"],"expected":"13835058055282163710","name":"binaryArguments"}
{"args":["0","1"],"expected":"9","name":"binaryArguments"}
{"args":["1","1"],"expected":"68","name":"binaryArguments"}
{"args":["18446744073709551615","1"],"expected":"18446744073709551614","name":"binaryArguments"}
{"args":["9223372036854775808","2"],"expected":"9223372036854775823","name":"binaryArguments"}
{"args":["42","3"],"expected":"127","name":"binaryArguments"}
{"args":["18446744073709551615","63"],"expected":"9223372036854775806","name":"binaryArguments"}
{"args":["9223372036854775809","64"],"expected":"9223372036854778900","name":"binaryArguments"}
{"args":["18446744073709551615","65"],"expected":"18446744073709551614","name":"binaryArguments"}
{"args":["81985529216486895","18446744073709551615"],"expected":"18200787486060112334","name":"binaryArguments"}
{"args":["3","17"],"expected":"53258","name":"binaryArguments"}
{"args":["17","3"],"expected":"45035996273705012","name":"binaryArguments"}
{"args":["0","0"],"expected":"7","name":"binaryWrapped"}
{"args":["1","0"],"expected":"6","name":"binaryWrapped"}
{"args":["18446744073709551615","0"],"expected":"8","name":"binaryWrapped"}
{"args":["0","1"],"expected":"1","name":"binaryWrapped"}
{"args":["1","1"],"expected":"7","name":"binaryWrapped"}
{"args":["18446744073709551615","1"],"expected":"9","name":"binaryWrapped"}
{"args":["9223372036854775808","2"],"expected":"9223372036854775817","name":"binaryWrapped"}
{"args":["42","3"],"expected":"18446744073709551584","name":"binaryWrapped"}
{"args":["18446744073709551615","63"],"expected":"71","name":"binaryWrapped"}
{"args":["9223372036854775809","64"],"expected":"9223372036854775878","name":"binaryWrapped"}
{"args":["18446744073709551615","65"],"expected":"73","name":"binaryWrapped"}
{"args":["81985529216486895","18446744073709551615"],"expected":"1","name":"binaryWrapped"}
{"args":["3","17"],"expected":"1","name":"binaryWrapped"}
{"args":["17","3"],"expected":"18446744073709551609","name":"binaryWrapped"}
{"args":["0","0"],"expected":"1","name":"boolNotEqual"}
{"args":["1","0"],"expected":"1","name":"boolNotEqual"}
{"args":["18446744073709551615","0"],"expected":"18446744073709551615","name":"boolNotEqual"}
{"args":["0","1"],"expected":"18446744073709551615","name":"boolNotEqual"}
{"args":["1","1"],"expected":"4","name":"boolNotEqual"}
{"args":["18446744073709551615","1"],"expected":"18446744073709551614","name":"boolNotEqual"}
{"args":["9223372036854775808","2"],"expected":"9223372036854775806","name":"boolNotEqual"}
{"args":["42","3"],"expected":"39","name":"boolNotEqual"}
{"args":["18446744073709551615","63"],"expected":"18446744073709551552","name":"boolNotEqual"}
{"args":["9223372036854775809","64"],"expected":"9223372036854775745","name":"boolNotEqual"}
{"args":["18446744073709551615","65"],"expected":"18446744073709551550","name":"boolNotEqual"}
{"args":["81985529216486895","18446744073709551615"],"expected":"81985529216486896","name":"boolNotEqual"}
{"args":["3","17"],"expected":"18446744073709551602","name":"boolNotEqual"}
{"args":["17","3"],"expected":"14","name":"boolNotEqual"}
{"args":["0","0"],"expected":"7","name":"boolNotUnequal"}
{"args":["1","0"],"expected":"0","name":"boolNotUnequal"}
{"args":["18446744073709551615","0"],"expected":"0","name":"boolNotUnequal"}
{"args":["0","1"],"expected":"0","name":"boolNotUnequal"}
{"args":["1","1"],"expected":"8","name":"boolNotUnequal"}
{"args":["18446744073709551615","1"],"expected":"0","name":"boolNotUnequal"}
{"args":["9223372036854775808","2"],"expected":"0","name":"boolNotUnequal"}
{"args":["42","3"],"expected":"0","name":"boolNotUnequal"}
{"args":["18446744073709551615","63"],"expected":"0","name":"boolNotUnequal"}
{"args":["9223372036854775809","64"],"expected":"0","name":"boolNotUnequal"}
{"args":["18446744073709551615","65"],"expected":"0","name":"boolNotUnequal"}
{"args":["81985529216486895","18446744073709551615"],"expected":"225","name":"boolNotUnequal"}
{"args":["3","17"],"expected":"5","name":"boolNotUnequal"}
{"args":["17","3"],"expected":"0","name":"boolNotUnequal"}
{"args":["0","0"],"expected":"0","name":"boolNotTwice"}
{"args":["1","0"],"expected":"0","name":"boolNotTwice"}
{"args":["18446744073709551615","0"],"expected":"0","name":"boolNotTwice"}
{"args":["0","1"],"expected":"1","name":"boolNotTwice"}
{"args":["1","1"],"expected":"1","name":"boolNotTwice"}
{"args":["18446744073709551615","1"],"expected":"1","name":"boolNotTwice"}
{"args":["9223372036854775808","2"],"expected":"2","name":"boolNotTwice"}
{"args":["42","3"],"expected":"3","name":"boolNotTwice"}
{"args":["18446744073709551615","63"],"expected":"63","name":"boolNotTwice"}
{"args":["9223372036854775809","64"],"expected":"64","name":"boolNotTwice"}
{"args":["18446744073709551615","65"],"expected":"65","name":"boolNotTwice"}
{"args":["81985529216486895","18446744073709551615"],"expected":"240","name":"boolNotTwice"}
{"args":["3","17"],"expected":"2","name":"boolNotTwice"}
{"args":["17","3"],"expected":"3","name":"boolNotTwice"}
{"args":["0","0"],"expected":"0","name":"boolNotThrice"}
{"args":["1","0"],"expected":"0","name":"boolNotThrice"}
{"args":["18446744073709551615","0"],"expected":"0","name":"boolNotThrice"}
{"args":["0","1"],"expected":"1","name":"boolNotThrice"}
{"args":["1","1"],"expected":"2","name":"boolNotThrice"}
{"args":["18446744073709551615","1"],"expected":"0","name":"boolNotThrice"}
{"args":["9223372036854775808","2"],"expected":"2","name":"boolNotThrice"}
{"args":["42","3"],"expected":"0","name":"boolNotThrice"}
{"args":["18446744073709551615","63"],"expected":"0","name":"boolNotThrice"}
{"args":["9223372036854775809","64"],"expected":"32","name":"boolNotThrice"}
{"args":["18446744073709551615","65"],"expected":"0","name":"boolNotThrice"}
{"args":["81985529216486895","18446744073709551615"],"expected":"131071","name":"boolNotThrice"}
{"args":["3","17"],"expected":"2","name":"boolNotThrice"}
{"args":["17","3"],"expected":"0","name":"boolNotThrice"}
{"args":["0","0"],"expected":"11","name":"boolNotNested"}
{"args":["1","0"],"expected":"1","name":"boolNotNested"}
{"args":["18446744073709551615","0"],"expected":"18446744073709551615","name":"boolNotNested"}
{"args":["0","1"],"expected":"1","name":"boolNotNested"}
{"args":["1","1"],"expected":"0","name":"boolNotNested"}
{"args":["18446744073709551615","1"],"expected":"18446744073709551614","name":"boolNotNested"}
{"args":["9223372036854775808","2"],"expected":"9223372036854775810","name":"boolNotNested"}
{"args":["42","3"],"expected":"41","name":"boolNotNested"}
{"args":["18446744073709551615","63"],"expected":"18446744073709551552","name":"boolNotNested"}
{"args":["9223372036854775809","64"],"expected":"9223372036854775873","name":"boolNotNested"}
{"args":["18446744073709551615","65"],"expected":"18446744073709551550","name":"boolNotNested"}
{"args":["81985529216486895","18446744073709551615"],"expected":"18364758544493064720","name":"boolNotNested"}
{"args":["3","17"],"expected":"18","name":"boolNotNested"}
{"args":["17","3"],"expected":"18","name":"boolNotNested"}
{"args":["0","0"],"expected":"0","name":"boolNotFunction"}
{"args":["1","0"],"expected":"1","name":"boolNotFunction"}
{"args":["18446744073709551615","0"],"expected":"18446744073709551615","name":"boolNotFunction"}
{"args":["0","1"],"expected":"3","name":"boolNotFunction"}
{"args":["1","1"],"expected":"7","name":"boolNotFunction"}
{"args":["18446744073709551615","1"],"expected":"2","name":"boolNotFunction"}
{"args":["9223372036854775808","2"],"expected":"9223372036854775814","name":"boolNotFunction"}
{"args":["42","3"],"expected":"51","name":"boolNotFunction"}
{"args":["18446744073709551615","63"],"expected":"188","name":"boolNotFunction"}
{"args":["9223372036854775809","64"],"expected":"9223372036854776001","name":"boolNotFunction"}
{"args":["18446744073709551615","65"],"expected":"194","name":"boolNotFunction"}
{"args":["81985529216486895","18446744073709551615"],"expected":"81985529216486892","name":"boolNotFunction"}
{"args":["3","17"],"expected":"54","name":"boolNotFunction"}
{"args":["17","3"],"expected":"26","name":"boolNotFunction"}
{"args":["0","0"],"expected":"1","name":"boolNotDo"}
{"args":["1","0"],"expected":"25","name":"boolNotDo"}
{"args":["18446744073709551615","0"],"expected":"19","name":"boolNotDo"}
{"args":["0","1"],"expected":"22","name":"boolNotDo"}
{"args":["1","1"],"expected":"3","name":"boolNotDo"}
{"args":["18446744073709551615","1"],"expected":"19","name":"boolNotDo"}
{"args":["9223372036854775808","2"],"expected":"9223372036854775830","name":"boolNotDo"}
{"args":["42","3"],"expected":"148","name":"boolNotDo"}
{"args":["18446744073709551615","63"],"expected":"19","name":"boolNotDo"}
{"args":["9223372036854775809","64"],"expected":"9223372036854775833","name":"boolNotDo"}
{"args":["18446744073709551615","65"],"expected":"19","name":"boolNotDo"}
{"args":["81985529216486895","18446744073709551615"],"expected":"245956587649460707","name":"boolNotDo"}
{"args":["3","17"],"expected":"31","name":"boolNotDo"}
{"args":["17","3"],"expected":"73","name":"boolNotDo"}
{"args":["0","0"],"expected":"3","name":"boolNotProposition"}
{"args":["1","0"],"expected":"1","name":"boolNotProposition"}
{"args":["18446744073709551615","0"],"expected":"18446744073709551615","name":"boolNotProposition"}
{"args":["0","1"],"expected":"18446744073709551615","name":"boolNotProposition"}
{"args":["1","1"],"expected":"4","name":"boolNotProposition"}
{"args":["18446744073709551615","1"],"expected":"18446744073709551614","name":"boolNotProposition"}
{"args":["9223372036854775808","2"],"expected":"9223372036854775806","name":"boolNotProposition"}
{"args":["42","3"],"expected":"39","name":"boolNotProposition"}
{"args":["18446744073709551615","63"],"expected":"18446744073709551552","name":"boolNotProposition"}
{"args":["9223372036854775809","64"],"expected":"9223372036854775745","name":"boolNotProposition"}
{"args":["18446744073709551615","65"],"expected":"18446744073709551550","name":"boolNotProposition"}
{"args":["81985529216486895","18446744073709551615"],"expected":"81985529216486896","name":"boolNotProposition"}
{"args":["3","17"],"expected":"18446744073709551602","name":"boolNotProposition"}
{"args":["17","3"],"expected":"14","name":"boolNotProposition"}
{"args":["0","0"],"expected":"18446744073709551615","name":"complementDirect"}
{"args":["1","0"],"expected":"18446744073709551614","name":"complementDirect"}
{"args":["18446744073709551615","0"],"expected":"0","name":"complementDirect"}
{"args":["0","1"],"expected":"0","name":"complementDirect"}
{"args":["1","1"],"expected":"18446744073709551615","name":"complementDirect"}
{"args":["18446744073709551615","1"],"expected":"1","name":"complementDirect"}
{"args":["9223372036854775808","2"],"expected":"9223372036854775809","name":"complementDirect"}
{"args":["42","3"],"expected":"18446744073709551576","name":"complementDirect"}
{"args":["18446744073709551615","63"],"expected":"63","name":"complementDirect"}
{"args":["9223372036854775809","64"],"expected":"9223372036854775870","name":"complementDirect"}
{"args":["18446744073709551615","65"],"expected":"65","name":"complementDirect"}
{"args":["81985529216486895","18446744073709551615"],"expected":"18364758544493064719","name":"complementDirect"}
{"args":["3","17"],"expected":"13","name":"complementDirect"}
{"args":["17","3"],"expected":"18446744073709551601","name":"complementDirect"}
{"args":["0","0"],"expected":"18446744073709551615","name":"complementOperator"}
{"args":["1","0"],"expected":"18446744073709551614","name":"complementOperator"}
{"args":["18446744073709551615","0"],"expected":"0","name":"complementOperator"}
{"args":["0","1"],"expected":"18446744073709551614","name":"complementOperator"}
{"args":["1","1"],"expected":"18446744073709551613","name":"complementOperator"}
{"args":["18446744073709551615","1"],"expected":"18446744073709551615","name":"complementOperator"}
{"args":["9223372036854775808","2"],"expected":"9223372036854775805","name":"complementOperator"}
{"args":["42","3"],"expected":"18446744073709551570","name":"complementOperator"}
{"args":["18446744073709551615","63"],"expected":"18446744073709551553","name":"complementOperator"}
{"args":["9223372036854775809","64"],"expected":"9223372036854775742","name":"complementOperator"}
{"args":["18446744073709551615","65"],"expected":"18446744073709551551","name":"complementOperator"}
{"args":["81985529216486895","18446744073709551615"],"expected":"18364758544493064721","name":"complementOperator"}
{"args":["3","17"],"expected":"18446744073709551595","name":"complementOperator"}
{"args":["17","3"],"expected":"18446744073709551595","name":"complementOperator"}
{"args":["0","0"],"expected":"18446744073709551615","name":"complementTwice"}
{"args":["1","0"],"expected":"0","name":"complementTwice"}
{"args":["18446744073709551615","0"],"expected":"18446744073709551614","name":"complementTwice"}
{"args":["0","1"],"expected":"18446744073709551614","name":"complementTwice"}
{"args":["1","1"],"expected":"18446744073709551615","name":"complementTwice"}
{"args":["18446744073709551615","1"],"expected":"18446744073709551613","name":"complementTwice"}
{"args":["9223372036854775808","2"],"expected":"9223372036854775805","name":"complementTwice"}
{"args":["42","3"],"expected":"38","name":"complementTwice"}
{"args":["18446744073709551615","63"],"expected":"18446744073709551551","name":"complementTwice"}
{"args":["9223372036854775809","64"],"expected":"9223372036854775744","name":"complementTwice"}
{"args":["18446744073709551615","65"],"expected":"18446744073709551549","name":"complementTwice"}
{"args":["81985529216486895","18446744073709551615"],"expected":"81985529216486895","name":"complementTwice"}
{"args":["3","17"],"expected":"18446744073709551601","name":"complementTwice"}
{"args":["17","3"],"expected":"13","name":"complementTwice"}
{"args":["0","0"],"expected":"18446744073709551615","name":"complementMixed"}
{"args":["1","0"],"expected":"18446744073709551614","name":"complementMixed"}
{"args":["18446744073709551615","0"],"expected":"0","name":"complementMixed"}
{"args":["0","1"],"expected":"18446744073709551615","name":"complementMixed"}
{"args":["1","1"],"expected":"18446744073709551612","name":"complementMixed"}
{"args":["18446744073709551615","1"],"expected":"0","name":"complementMixed"}
{"args":["9223372036854775808","2"],"expected":"18446744073709551615","name":"complementMixed"}
{"args":["42","3"],"expected":"18446744073709551277","name":"complementMixed"}
{"args":["18446744073709551615","63"],"expected":"9223372036854775744","name":"complementMixed"}
{"args":["9223372036854775809","64"],"expected":"9223372036854775806","name":"complementMixed"}
{"args":["18446744073709551615","65"],"expected":"64","name":"complementMixed"}
{"args":["81985529216486895","18446744073709551615"],"expected":"18364758544493064720","name":"complementMixed"}
{"args":["3","17"],"expected":"18446744073709158398","name":"complementMixed"}
{"args":["17","3"],"expected":"18446744073709551478","name":"complementMixed"}
{"args":["0","0"],"expected":"18446744073709551615","name":"complementChoice"}
{"args":["1","0"],"expected":"18446744073709551615","name":"complementChoice"}
{"args":["18446744073709551615","0"],"expected":"18446744073709551615","name":"complementChoice"}
{"args":["0","1"],"expected":"18446744073709551615","name":"complementChoice"}
{"args":["1","1"],"expected":"18446744073709551614","name":"complementChoice"}
{"args":["18446744073709551615","1"],"expected":"0","name":"complementChoice"}
{"args":["9223372036854775808","2"],"expected":"13835058055282163711","name":"complementChoice"}
{"args":["42","3"],"expected":"18446744073709551601","name":"complementChoice"}
{"args":["18446744073709551615","63"],"expected":"18153938612222098415","name":"complementChoice"}
{"args":["9223372036854775809","64"],"expected":"18302628885633695743","name":"complementChoice"}
{"args":["18446744073709551615","65"],"expected":"18162948011037096975","name":"complementChoice"}
{"args":["81985529216486895","18446744073709551615"],"expected":"18446744073709551615","name":"complementChoice"}
{"args":["3","17"],"expected":"18446744073709551615","name":"complementChoice"}
{"args":["17","3"],"expected":"18446744073709551610","name":"complementChoice"}
{"args":["0","0"],"expected":"0","name":"complementFunction"}
{"args":["1","0"],"expected":"18446744073709551614","name":"complementFunction"}
{"args":["18446744073709551615","0"],"expected":"2","name":"complementFunction"}
{"args":["0","1"],"expected":"2","name":"complementFunction"}
{"args":["1","1"],"expected":"0","name":"complementFunction"}
{"args":["18446744073709551615","1"],"expected":"4","name":"complementFunction"}
{"args":["9223372036854775808","2"],"expected":"4","name":"complementFunction"}
{"args":["42","3"],"expected":"18446744073709551538","name":"complementFunction"}
{"args":["18446744073709551615","63"],"expected":"128","name":"complementFunction"}
{"args":["9223372036854775809","64"],"expected":"126","name":"complementFunction"}
{"args":["18446744073709551615","65"],"expected":"132","name":"complementFunction"}
{"args":["81985529216486895","18446744073709551615"],"expected":"18282773015276577824","name":"complementFunction"}
{"args":["3","17"],"expected":"28","name":"complementFunction"}
{"args":["17","3"],"expected":"18446744073709551588","name":"complementFunction"}
{"args":["0","0"],"expected":"18446744073709551615","name":"complementDo"}
{"args":["1","0"],"expected":"18446744073709551614","name":"complementDo"}
{"args":["18446744073709551615","0"],"expected":"0","name":"complementDo"}
{"args":["0","1"],"expected":"18446744073709551615","name":"complementDo"}
{"args":["1","1"],"expected":"18446744073709551615","name":"complementDo"}
{"args":["18446744073709551615","1"],"expected":"1","name":"complementDo"}
{"args":["9223372036854775808","2"],"expected":"9223372036854775805","name":"complementDo"}
{"args":["42","3"],"expected":"18446744073709551574","name":"complementDo"}
{"args":["18446744073709551615","63"],"expected":"63","name":"complementDo"}
{"args":["9223372036854775809","64"],"expected":"9223372036854775742","name":"complementDo"}
{"args":["18446744073709551615","65"],"expected":"65","name":"complementDo"}
{"args":["81985529216486895","18446744073709551615"],"expected":"31","name":"complementDo"}
{"args":["3","17"],"expected":"18446744073709551601","name":"complementDo"}
{"args":["17","3"],"expected":"18446744073709551597","name":"complementDo"}
{"args":["0","0"],"expected":"9223372036854775808","name":"complementOperand"}
{"args":["1","0"],"expected":"0","name":"complementOperand"}
{"args":["18446744073709551615","0"],"expected":"0","name":"complementOperand"}
{"args":["0","1"],"expected":"13835058055282163712","name":"complementOperand"}
{"args":["1","1"],"expected":"9223372036854775808","name":"complementOperand"}
{"args":["18446744073709551615","1"],"expected":"0","name":"complementOperand"}
{"args":["9223372036854775808","2"],"expected":"16140901064495857664","name":"complementOperand"}
{"args":["42","3"],"expected":"5764607523034234880","name":"complementOperand"}
{"args":["18446744073709551615","63"],"expected":"0","name":"complementOperand"}
{"args":["9223372036854775809","64"],"expected":"0","name":"complementOperand"}
{"args":["18446744073709551615","65"],"expected":"0","name":"complementOperand"}
{"args":["81985529216486895","18446744073709551615"],"expected":"0","name":"complementOperand"}
{"args":["3","17"],"expected":"0","name":"complementOperand"}
{"args":["17","3"],"expected":"16140901064495857664","name":"complementOperand"}
{"args":["0","0"],"expected":"29","name":"compoundAnd"}
{"args":["1","0"],"expected":"29","name":"compoundAnd"}
{"args":["18446744073709551615","0"],"expected":"29","name":"compoundAnd"}
{"args":["0","1"],"expected":"29","name":"compoundAnd"}
{"args":["1","1"],"expected":"11","name":"compoundAnd"}
{"args":["18446744073709551615","1"],"expected":"11","name":"compoundAnd"}
{"args":["9223372036854775808","2"],"expected":"29","name":"compoundAnd"}
{"args":["42","3"],"expected":"29","name":"compoundAnd"}
{"args":["18446744073709551615","63"],"expected":"11","name":"compoundAnd"}
{"args":["9223372036854775809","64"],"expected":"29","name":"compoundAnd"}
{"args":["18446744073709551615","65"],"expected":"11","name":"compoundAnd"}
{"args":["81985529216486895","18446744073709551615"],"expected":"11","name":"compoundAnd"}
{"args":["3","17"],"expected":"11","name":"compoundAnd"}
{"args":["17","3"],"expected":"11","name":"compoundAnd"}
{"args":["0","0"],"expected":"47","name":"compoundOr"}
{"args":["1","0"],"expected":"31","name":"compoundOr"}
{"args":["18446744073709551615","0"],"expected":"31","name":"compoundOr"}
{"args":["0","1"],"expected":"31","name":"compoundOr"}
{"args":["1","1"],"expected":"31","name":"compoundOr"}
{"args":["18446744073709551615","1"],"expected":"31","name":"compoundOr"}
{"args":["9223372036854775808","2"],"expected":"47","name":"compoundOr"}
{"args":["42","3"],"expected":"31","name":"compoundOr"}
{"args":["18446744073709551615","63"],"expected":"31","name":"compoundOr"}
{"args":["9223372036854775809","64"],"expected":"31","name":"compoundOr"}
{"args":["18446744073709551615","65"],"expected":"31","name":"compoundOr"}
{"args":["81985529216486895","18446744073709551615"],"expected":"31","name":"compoundOr"}
{"args":["3","17"],"expected":"31","name":"compoundOr"}
{"args":["17","3"],"expected":"31","name":"compoundOr"}
{"args":["0","0"],"expected":"13","name":"compoundNested"}
{"args":["1","0"],"expected":"14","name":"compoundNested"}
{"args":["18446744073709551615","0"],"expected":"12","name":"compoundNested"}
{"args":["0","1"],"expected":"13","name":"compoundNested"}
{"args":["1","1"],"expected":"14","name":"compoundNested"}
{"args":["18446744073709551615","1"],"expected":"12","name":"compoundNested"}
{"args":["9223372036854775808","2"],"expected":"9223372036854775821","name":"compoundNested"}
{"args":["42","3"],"expected":"55","name":"compoundNested"}
{"args":["18446744073709551615","63"],"expected":"12","name":"compoundNested"}
{"args":["9223372036854775809","64"],"expected":"9223372036854775822","name":"compoundNested"}
{"args":["18446744073709551615","65"],"expected":"12","name":"compoundNested"}
{"args":["81985529216486895","18446744073709551615"],"expected":"81985529216486908","name":"compoundNested"}
{"args":["3","17"],"expected":"16","name":"compoundNested"}
{"args":["17","3"],"expected":"30","name":"compoundNested"}
{"args":["0","0"],"expected":"18446744073709551615","name":"compoundNegatedLeaves"}
{"args":["1","0"],"expected":"18446744073709551614","name":"compoundNegatedLeaves"}
{"args":["18446744073709551615","0"],"expected":"0","name":"compoundNegatedLeaves"}
{"args":["0","1"],"expected":"18446744073709551614","name":"compoundNegatedLeaves"}
{"args":["1","1"],"expected":"18446744073709551614","name":"compoundNegatedLeaves"}
{"args":["18446744073709551615","1"],"expected":"0","name":"compoundNegatedLeaves"}
{"args":["9223372036854775808","2"],"expected":"9223372036854775807","name":"compoundNegatedLeaves"}
{"args":["42","3"],"expected":"18446744073709551573","name":"compoundNegatedLeaves"}
{"args":["18446744073709551615","63"],"expected":"0","name":"compoundNegatedLeaves"}
{"args":["9223372036854775809","64"],"expected":"9223372036854775806","name":"compoundNegatedLeaves"}
{"args":["18446744073709551615","65"],"expected":"0","name":"compoundNegatedLeaves"}
{"args":["81985529216486895","18446744073709551615"],"expected":"18364758544493064720","name":"compoundNegatedLeaves"}
{"args":["3","17"],"expected":"18446744073709551612","name":"compoundNegatedLeaves"}
{"args":["17","3"],"expected":"18446744073709551598","name":"compoundNegatedLeaves"}
{"args":["0","0"],"expected":"1","name":"compoundZeroDivisor"}
{"args":["1","0"],"expected":"7","name":"compoundZeroDivisor"}
{"args":["18446744073709551615","0"],"expected":"7","name":"compoundZeroDivisor"}
{"args":["0","1"],"expected":"1","name":"compoundZeroDivisor"}
{"args":["1","1"],"expected":"7","name":"compoundZeroDivisor"}
{"args":["18446744073709551615","1"],"expected":"8","name":"compoundZeroDivisor"}
{"args":["9223372036854775808","2"],"expected":"9","name":"compoundZeroDivisor"}
{"args":["42","3"],"expected":"10","name":"compoundZeroDivisor"}
{"args":["18446744073709551615","63"],"expected":"70","name":"compoundZeroDivisor"}
{"args":["9223372036854775809","64"],"expected":"71","name":"compoundZeroDivisor"}
{"args":["18446744073709551615","65"],"expected":"72","name":"compoundZeroDivisor"}
{"args":["81985529216486895","18446744073709551615"],"expected":"247","name":"compoundZeroDivisor"}
{"args":["3","17"],"expected":"9","name":"compoundZeroDivisor"}
{"args":["17","3"],"expected":"10","name":"compoundZeroDivisor"}
{"args":["0","0"],"expected":"0","name":"compoundFunction"}
{"args":["1","0"],"expected":"2","name":"compoundFunction"}
{"args":["18446744073709551615","0"],"expected":"18446744073709551614","name":"compoundFunction"}
{"args":["0","1"],"expected":"2","name":"compoundFunction"}
{"args":["1","1"],"expected":"4","name":"compoundFunction"}
{"args":["18446744073709551615","1"],"expected":"18446744073709551614","name":"compoundFunction"}
{"args":["9223372036854775808","2"],"expected":"4","name":"compoundFunction"}
{"args":["42","3"],"expected":"90","name":"compoundFunction"}
{"args":["18446744073709551615","63"],"expected":"0","name":"compoundFunction"}
{"args":["9223372036854775809","64"],"expected":"130","name":"compoundFunction"}
{"args":["18446744073709551615","65"],"expected":"0","name":"compoundFunction"}
{"args":["81985529216486895","18446744073709551615"],"expected":"18446744073709551614","name":"compoundFunction"}
{"args":["3","17"],"expected":"34","name":"compoundFunction"}
{"args":["17","3"],"expected":"40","name":"compoundFunction"}
{"args":["0","0"],"expected":"0","name":"compoundDo"}
{"args":["1","0"],"expected":"2","name":"compoundDo"}
{"args":["18446744073709551615","0"],"expected":"18446744073709551614","name":"compoundDo"}
{"args":["0","1"],"expected":"18446744073709551614","name":"compoundDo"}
{"args":["1","1"],"expected":"1","name":"compoundDo"}
{"args":["18446744073709551615","1"],"expected":"1","name":"compoundDo"}
{"args":["9223372036854775808","2"],"expected":"9223372036854775810","name":"compoundDo"}
{"args":["42","3"],"expected":"171","name":"compoundDo"}
{"args":["18446744073709551615","63"],"expected":"1","name":"compoundDo"}
{"args":["9223372036854775809","64"],"expected":"9223372036854775681","name":"compoundDo"}
{"args":["18446744073709551615","65"],"expected":"1","name":"compoundDo"}
{"args":["81985529216486895","18446744073709551615"],"expected":"18446744073709551615","name":"compoundDo"}
{"args":["3","17"],"expected":"39","name":"compoundDo"}
{"args":["17","3"],"expected":"71","name":"compoundDo"}
{"args":["0","0"],"expected":"19","name":"compoundOperand"}
{"args":["1","0"],"expected":"1","name":"compoundOperand"}
{"args":["18446744073709551615","0"],"expected":"18446744073709551615","name":"compoundOperand"}
{"args":["0","1"],"expected":"18446744073709551614","name":"compoundOperand"}
{"args":["1","1"],"expected":"2","name":"compoundOperand"}
{"args":["18446744073709551615","1"],"expected":"18446744073709551615","name":"compoundOperand"}
{"args":["9223372036854775808","2"],"expected":"9223372036854775810","name":"compoundOperand"}
{"args":["42","3"],"expected":"45","name":"compoundOperand"}
{"args":["18446744073709551615","63"],"expected":"18446744073709551553","name":"compoundOperand"}
{"args":["9223372036854775809","64"],"expected":"9223372036854775873","name":"compoundOperand"}
{"args":["18446744073709551615","65"],"expected":"18446744073709551551","name":"compoundOperand"}
{"args":["81985529216486895","18446744073709551615"],"expected":"18364758544493064721","name":"compoundOperand"}
{"args":["3","17"],"expected":"18446744073709551595","name":"compoundOperand"}
{"args":["17","3"],"expected":"20","name":"compoundOperand"}
{"args":["0","0"],"expected":"11","name":"compoundNotAnd"}
{"args":["1","0"],"expected":"11","name":"compoundNotAnd"}
{"args":["18446744073709551615","0"],"expected":"11","name":"compoundNotAnd"}
{"args":["0","1"],"expected":"11","name":"compoundNotAnd"}
{"args":["1","1"],"expected":"29","name":"compoundNotAnd"}
{"args":["18446744073709551615","1"],"expected":"29","name":"compoundNotAnd"}
{"args":["9223372036854775808","2"],"expected":"11","name":"compoundNotAnd"}
{"args":["42","3"],"expected":"11","name":"compoundNotAnd"}
{"args":["18446744073709551615","63"],"expected":"29","name":"compoundNotAnd"}
{"args":["9223372036854775809","64"],"expected":"11","name":"compoundNotAnd"}
{"args":["18446744073709551615","65"],"expected":"29","name":"compoundNotAnd"}
{"args":["81985529216486895","18446744073709551615"],"expected":"29","name":"compoundNotAnd"}
{"args":["3","17"],"expected":"29","name":"compoundNotAnd"}
{"args":["17","3"],"expected":"29","name":"compoundNotAnd"}
{"args":["0","0"],"expected":"31","name":"compoundNotOr"}
{"args":["1","0"],"expected":"47","name":"compoundNotOr"}
{"args":["18446744073709551615","0"],"expected":"47","name":"compoundNotOr"}
{"args":["0","1"],"expected":"47","name":"compoundNotOr"}
{"args":["1","1"],"expected":"47","name":"compoundNotOr"}
{"args":["18446744073709551615","1"],"expected":"47","name":"compoundNotOr"}
{"args":["9223372036854775808","2"],"expected":"31","name":"compoundNotOr"}
{"args":["42","3"],"expected":"47","name":"compoundNotOr"}
{"args":["18446744073709551615","63"],"expected":"47","name":"compoundNotOr"}
{"args":["9223372036854775809","64"],"expected":"47","name":"compoundNotOr"}
{"args":["18446744073709551615","65"],"expected":"47","name":"compoundNotOr"}
{"args":["81985529216486895","18446744073709551615"],"expected":"47","name":"compoundNotOr"}
{"args":["3","17"],"expected":"47","name":"compoundNotOr"}
{"args":["17","3"],"expected":"47","name":"compoundNotOr"}
{"args":["0","0"],"expected":"18446744073709551599","name":"compoundNotTwice"}
{"args":["1","0"],"expected":"18446744073709551599","name":"compoundNotTwice"}
{"args":["18446744073709551615","0"],"expected":"18446744073709551599","name":"compoundNotTwice"}
{"args":["0","1"],"expected":"13","name":"compoundNotTwice"}
{"args":["1","1"],"expected":"18446744073709551600","name":"compoundNotTwice"}
{"args":["18446744073709551615","1"],"expected":"18446744073709551600","name":"compoundNotTwice"}
{"args":["9223372036854775808","2"],"expected":"18446744073709551601","name":"compoundNotTwice"}
{"args":["42","3"],"expected":"18446744073709551602","name":"compoundNotTwice"}
{"args":["18446744073709551615","63"],"expected":"46","name":"compoundNotTwice"}
{"args":["9223372036854775809","64"],"expected":"47","name":"compoundNotTwice"}
{"args":["18446744073709551615","65"],"expected":"48","name":"compoundNotTwice"}
{"args":["81985529216486895","18446744073709551615"],"expected":"81985529216486908","name":"compoundNotTwice"}
{"args":["3","17"],"expected":"16","name":"compoundNotTwice"}
{"args":["17","3"],"expected":"18446744073709551602","name":"compoundNotTwice"}
{"args":["0","0"],"expected":"18446744073709551615","name":"compoundNotThrice"}
{"args":["1","0"],"expected":"18446744073709551615","name":"compoundNotThrice"}
{"args":["18446744073709551615","0"],"expected":"18446744073709551615","name":"compoundNotThrice"}
{"args":["0","1"],"expected":"18446744073709551615","name":"compoundNotThrice"}
{"args":["1","1"],"expected":"18446744073709551614","name":"compoundNotThrice"}
{"args":["18446744073709551615","1"],"expected":"18446744073709551614","name":"compoundNotThrice"}
{"args":["9223372036854775808","2"],"expected":"18446744073709551613","name":"compoundNotThrice"}
{"args":["42","3"],"expected":"18446744073709551612","name":"compoundNotThrice"}
{"args":["18446744073709551615","63"],"expected":"18446744073709551552","name":"compoundNotThrice"}
{"args":["9223372036854775809","64"],"expected":"18446744073709551551","name":"compoundNotThrice"}
{"args":["18446744073709551615","65"],"expected":"18446744073709551550","name":"compoundNotThrice"}
{"args":["81985529216486895","18446744073709551615"],"expected":"18364758544493064720","name":"compoundNotThrice"}
{"args":["3","17"],"expected":"18446744073709551612","name":"compoundNotThrice"}
{"args":["17","3"],"expected":"18446744073709551612","name":"compoundNotThrice"}
{"args":["0","0"],"expected":"1","name":"compoundNotNested"}
{"args":["1","0"],"expected":"1","name":"compoundNotNested"}
{"args":["18446744073709551615","0"],"expected":"1","name":"compoundNotNested"}
{"args":["0","1"],"expected":"1","name":"compoundNotNested"}
{"args":["1","1"],"expected":"7","name":"compoundNotNested"}
{"args":["18446744073709551615","1"],"expected":"8","name":"compoundNotNested"}
{"args":["9223372036854775808","2"],"expected":"9","name":"compoundNotNested"}
{"args":["42","3"],"expected":"10","name":"compoundNotNested"}
{"args":["18446744073709551615","63"],"expected":"70","name":"compoundNotNested"}
{"args":["9223372036854775809","64"],"expected":"71","name":"compoundNotNested"}
{"args":["18446744073709551615","65"],"expected":"72","name":"compoundNotNested"}
{"args":["81985529216486895","18446744073709551615"],"expected":"247","name":"compoundNotNested"}
{"args":["3","17"],"expected":"9","name":"compoundNotNested"}
{"args":["17","3"],"expected":"10","name":"compoundNotNested"}
{"args":["0","0"],"expected":"0","name":"compoundNotFunction"}
{"args":["1","0"],"expected":"0","name":"compoundNotFunction"}
{"args":["18446744073709551615","0"],"expected":"0","name":"compoundNotFunction"}
{"args":["0","1"],"expected":"0","name":"compoundNotFunction"}
{"args":["1","1"],"expected":"4","name":"compoundNotFunction"}
{"args":["18446744073709551615","1"],"expected":"0","name":"compoundNotFunction"}
{"args":["9223372036854775808","2"],"expected":"4","name":"compoundNotFunction"}
{"args":["42","3"],"expected":"90","name":"compoundNotFunction"}
{"args":["18446744073709551615","63"],"expected":"124","name":"compoundNotFunction"}
{"args":["9223372036854775809","64"],"expected":"130","name":"compoundNotFunction"}
{"args":["18446744073709551615","65"],"expected":"128","name":"compoundNotFunction"}
{"args":["81985529216486895","18446744073709551615"],"expected":"163971058432973788","name":"compoundNotFunction"}
{"args":["3","17"],"expected":"40","name":"compoundNotFunction"}
{"args":["17","3"],"expected":"40","name":"compoundNotFunction"}
{"args":["0","0"],"expected":"0","name":"compoundNotDo"}
{"args":["1","0"],"expected":"1","name":"compoundNotDo"}
{"args":["18446744073709551615","0"],"expected":"18446744073709551615","name":"compoundNotDo"}
{"args":["0","1"],"expected":"1","name":"compoundNotDo"}
{"args":["1","1"],"expected":"18446744073709551614","name":"compoundNotDo"}
{"args":["18446744073709551615","1"],"expected":"18446744073709551614","name":"compoundNotDo"}
{"args":["9223372036854775808","2"],"expected":"0","name":"compoundNotDo"}
{"args":["42","3"],"expected":"84","name":"compoundNotDo"}
{"args":["18446744073709551615","63"],"expected":"18446744073709551614","name":"compoundNotDo"}
{"args":["9223372036854775809","64"],"expected":"2","name":"compoundNotDo"}
{"args":["18446744073709551615","65"],"expected":"18446744073709551614","name":"compoundNotDo"}
{"args":["81985529216486895","18446744073709551615"],"expected":"18446744073709551614","name":"compoundNotDo"}
{"args":["3","17"],"expected":"6","name":"compoundNotDo"}
{"args":["17","3"],"expected":"38","name":"compoundNotDo"}
{"args":["0","0"],"expected":"18446744073709551615","name":"compoundNotOperand"}
{"args":["1","0"],"expected":"18446744073709551614","name":"compoundNotOperand"}
{"args":["18446744073709551615","0"],"expected":"19","name":"compoundNotOperand"}
{"args":["0","1"],"expected":"18446744073709551614","name":"compoundNotOperand"}
{"args":["1","1"],"expected":"18446744073709551613","name":"compoundNotOperand"}
{"args":["18446744073709551615","1"],"expected":"18446744073709551615","name":"compoundNotOperand"}
{"args":["9223372036854775808","2"],"expected":"19","name":"compoundNotOperand"}
{"args":["42","3"],"expected":"18446744073709551570","name":"compoundNotOperand"}
{"args":["18446744073709551615","63"],"expected":"19","name":"compoundNotOperand"}
{"args":["9223372036854775809","64"],"expected":"19","name":"compoundNotOperand"}
{"args":["18446744073709551615","65"],"expected":"19","name":"compoundNotOperand"}
{"args":["81985529216486895","18446744073709551615"],"expected":"18364758544493064721","name":"compoundNotOperand"}
{"args":["3","17"],"expected":"19","name":"compoundNotOperand"}
{"args":["17","3"],"expected":"18446744073709551595","name":"compoundNotOperand"}
{"args":["0","0"],"expected":"29","name":"boolAndTruth"}
{"args":["1","0"],"expected":"29","name":"boolAndTruth"}
{"args":["18446744073709551615","0"],"expected":"29","name":"boolAndTruth"}
{"args":["0","1"],"expected":"29","name":"boolAndTruth"}
{"args":["1","1"],"expected":"11","name":"boolAndTruth"}
{"args":["18446744073709551615","1"],"expected":"11","name":"boolAndTruth"}
{"args":["9223372036854775808","2"],"expected":"29","name":"boolAndTruth"}
{"args":["42","3"],"expected":"29","name":"boolAndTruth"}
{"args":["18446744073709551615","63"],"expected":"11","name":"boolAndTruth"}
{"args":["9223372036854775809","64"],"expected":"29","name":"boolAndTruth"}
{"args":["18446744073709551615","65"],"expected":"11","name":"boolAndTruth"}
{"args":["81985529216486895","18446744073709551615"],"expected":"11","name":"boolAndTruth"}
{"args":["3","17"],"expected":"11","name":"boolAndTruth"}
{"args":["17","3"],"expected":"11","name":"boolAndTruth"}
{"args":["0","0"],"expected":"47","name":"boolOrTruth"}
{"args":["1","0"],"expected":"31","name":"boolOrTruth"}
{"args":["18446744073709551615","0"],"expected":"31","name":"boolOrTruth"}
{"args":["0","1"],"expected":"31","name":"boolOrTruth"}
{"args":["1","1"],"expected":"31","name":"boolOrTruth"}
{"args":["18446744073709551615","1"],"expected":"31","name":"boolOrTruth"}
{"args":["9223372036854775808","2"],"expected":"47","name":"boolOrTruth"}
{"args":["42","3"],"expected":"31","name":"boolOrTruth"}
{"args":["18446744073709551615","63"],"expected":"31","name":"boolOrTruth"}
{"args":["9223372036854775809","64"],"expected":"31","name":"boolOrTruth"}
{"args":["18446744073709551615","65"],"expected":"31","name":"boolOrTruth"}
{"args":["81985529216486895","18446744073709551615"],"expected":"31","name":"boolOrTruth"}
{"args":["3","17"],"expected":"31","name":"boolOrTruth"}
{"args":["17","3"],"expected":"31","name":"boolOrTruth"}
{"args":["0","0"],"expected":"18446744073709551615","name":"boolCompoundNot"}
{"args":["1","0"],"expected":"18446744073709551614","name":"boolCompoundNot"}
{"args":["18446744073709551615","0"],"expected":"0","name":"boolCompoundNot"}
{"args":["0","1"],"expected":"18446744073709551615","name":"boolCompoundNot"}
{"args":["1","1"],"expected":"18446744073709551614","name":"boolCompoundNot"}
{"args":["18446744073709551615","1"],"expected":"18446744073709551614","name":"boolCompoundNot"}
{"args":["9223372036854775808","2"],"expected":"9223372036854775807","name":"boolCompoundNot"}
{"args":["42","3"],"expected":"18446744073709551573","name":"boolCompoundNot"}
{"args":["18446744073709551615","63"],"expected":"0","name":"boolCompoundNot"}
{"args":["9223372036854775809","64"],"expected":"9223372036854775806","name":"boolCompoundNot"}
{"args":["18446744073709551615","65"],"expected":"0","name":"boolCompoundNot"}
{"args":["81985529216486895","18446744073709551615"],"expected":"18364758544493064720","name":"boolCompoundNot"}
{"args":["3","17"],"expected":"18446744073709551612","name":"boolCompoundNot"}
{"args":["17","3"],"expected":"18446744073709551598","name":"boolCompoundNot"}
{"args":["0","0"],"expected":"13","name":"boolCompoundTwice"}
{"args":["1","0"],"expected":"14","name":"boolCompoundTwice"}
{"args":["18446744073709551615","0"],"expected":"12","name":"boolCompoundTwice"}
{"args":["0","1"],"expected":"13","name":"boolCompoundTwice"}
{"args":["1","1"],"expected":"14","name":"boolCompoundTwice"}
{"args":["18446744073709551615","1"],"expected":"12","name":"boolCompoundTwice"}
{"args":["9223372036854775808","2"],"expected":"9223372036854775821","name":"boolCompoundTwice"}
{"args":["42","3"],"expected":"55","name":"boolCompoundTwice"}
{"args":["18446744073709551615","63"],"expected":"12","name":"boolCompoundTwice"}
{"args":["9223372036854775809","64"],"expected":"9223372036854775822","name":"boolCompoundTwice"}
{"args":["18446744073709551615","65"],"expected":"12","name":"boolCompoundTwice"}
{"args":["81985529216486895","18446744073709551615"],"expected":"81985529216486908","name":"boolCompoundTwice"}
{"args":["3","17"],"expected":"16","name":"boolCompoundTwice"}
{"args":["17","3"],"expected":"30","name":"boolCompoundTwice"}
{"args":["0","0"],"expected":"1","name":"boolCompoundNested"}
{"args":["1","0"],"expected":"1","name":"boolCompoundNested"}
{"args":["18446744073709551615","0"],"expected":"1","name":"boolCompoundNested"}
{"args":["0","1"],"expected":"1","name":"boolCompoundNested"}
{"args":["1","1"],"expected":"7","name":"boolCompoundNested"}
{"args":["18446744073709551615","1"],"expected":"8","name":"boolCompoundNested"}
{"args":["9223372036854775808","2"],"expected":"9","name":"boolCompoundNested"}
{"args":["42","3"],"expected":"10","name":"boolCompoundNested"}
{"args":["18446744073709551615","63"],"expected":"70","name":"boolCompoundNested"}
{"args":["9223372036854775809","64"],"expected":"71","name":"boolCompoundNested"}
{"args":["18446744073709551615","65"],"expected":"72","name":"boolCompoundNested"}
{"args":["81985529216486895","18446744073709551615"],"expected":"247","name":"boolCompoundNested"}
{"args":["3","17"],"expected":"9","name":"boolCompoundNested"}
{"args":["17","3"],"expected":"10","name":"boolCompoundNested"}
{"args":["0","0"],"expected":"0","name":"boolCompoundFunction"}
{"args":["1","0"],"expected":"2","name":"boolCompoundFunction"}
{"args":["18446744073709551615","0"],"expected":"18446744073709551614","name":"boolCompoundFunction"}
{"args":["0","1"],"expected":"2","name":"boolCompoundFunction"}
{"args":["1","1"],"expected":"4","name":"boolCompoundFunction"}
{"args":["18446744073709551615","1"],"expected":"0","name":"boolCompoundFunction"}
{"args":["9223372036854775808","2"],"expected":"4","name":"boolCompoundFunction"}
{"args":["42","3"],"expected":"90","name":"boolCompoundFunction"}
{"args":["18446744073709551615","63"],"expected":"124","name":"boolCompoundFunction"}
{"args":["9223372036854775809","64"],"expected":"130","name":"boolCompoundFunction"}
{"args":["18446744073709551615","65"],"expected":"128","name":"boolCompoundFunction"}
{"args":["81985529216486895","18446744073709551615"],"expected":"163971058432973788","name":"boolCompoundFunction"}
{"args":["3","17"],"expected":"40","name":"boolCompoundFunction"}
{"args":["17","3"],"expected":"40","name":"boolCompoundFunction"}
{"args":["0","0"],"expected":"0","name":"boolCompoundDo"}
{"args":["1","0"],"expected":"1","name":"boolCompoundDo"}
{"args":["18446744073709551615","0"],"expected":"18446744073709551615","name":"boolCompoundDo"}
{"args":["0","1"],"expected":"1","name":"boolCompoundDo"}
{"args":["1","1"],"expected":"18446744073709551614","name":"boolCompoundDo"}
{"args":["18446744073709551615","1"],"expected":"18446744073709551614","name":"boolCompoundDo"}
{"args":["9223372036854775808","2"],"expected":"18446744073709551612","name":"boolCompoundDo"}
{"args":["42","3"],"expected":"18446744073709551614","name":"boolCompoundDo"}
{"args":["18446744073709551615","63"],"expected":"18446744073709551614","name":"boolCompoundDo"}
{"args":["9223372036854775809","64"],"expected":"18446744073709551488","name":"boolCompoundDo"}
{"args":["18446744073709551615","65"],"expected":"18446744073709551614","name":"boolCompoundDo"}
{"args":["81985529216486895","18446744073709551615"],"expected":"18446744073709551614","name":"boolCompoundDo"}
{"args":["3","17"],"expected":"18446744073709551614","name":"boolCompoundDo"}
{"args":["17","3"],"expected":"18446744073709551614","name":"boolCompoundDo"}
{"args":["0","0"],"expected":"18446744073709551615","name":"boolCompoundOperand"}
{"args":["1","0"],"expected":"18446744073709551614","name":"boolCompoundOperand"}
{"args":["18446744073709551615","0"],"expected":"0","name":"boolCompoundOperand"}
{"args":["0","1"],"expected":"18446744073709551614","name":"boolCompoundOperand"}
{"args":["1","1"],"expected":"18446744073709551613","name":"boolCompoundOperand"}
{"args":["18446744073709551615","1"],"expected":"19","name":"boolCompoundOperand"}
{"args":["9223372036854775808","2"],"expected":"9223372036854775805","name":"boolCompoundOperand"}
{"args":["42","3"],"expected":"18446744073709551570","name":"boolCompoundOperand"}
{"args":["18446744073709551615","63"],"expected":"18446744073709551553","name":"boolCompoundOperand"}
{"args":["9223372036854775809","64"],"expected":"9223372036854775742","name":"boolCompoundOperand"}
{"args":["18446744073709551615","65"],"expected":"18446744073709551551","name":"boolCompoundOperand"}
{"args":["81985529216486895","18446744073709551615"],"expected":"18364758544493064721","name":"boolCompoundOperand"}
{"args":["3","17"],"expected":"18446744073709551595","name":"boolCompoundOperand"}
{"args":["17","3"],"expected":"18446744073709551595","name":"boolCompoundOperand"}
{"args":["0","0"],"expected":"29","name":"mixedGuardAnd"}
{"args":["1","0"],"expected":"11","name":"mixedGuardAnd"}
{"args":["18446744073709551615","0"],"expected":"11","name":"mixedGuardAnd"}
{"args":["0","1"],"expected":"11","name":"mixedGuardAnd"}
{"args":["1","1"],"expected":"29","name":"mixedGuardAnd"}
{"args":["18446744073709551615","1"],"expected":"11","name":"mixedGuardAnd"}
{"args":["9223372036854775808","2"],"expected":"29","name":"mixedGuardAnd"}
{"args":["42","3"],"expected":"11","name":"mixedGuardAnd"}
{"args":["18446744073709551615","63"],"expected":"11","name":"mixedGuardAnd"}
{"args":["9223372036854775809","64"],"expected":"11","name":"mixedGuardAnd"}
{"args":["18446744073709551615","65"],"expected":"11","name":"mixedGuardAnd"}
{"args":["81985529216486895","18446744073709551615"],"expected":"11","name":"mixedGuardAnd"}
{"args":["3","17"],"expected":"11","name":"mixedGuardAnd"}
{"args":["17","3"],"expected":"11","name":"mixedGuardAnd"}
{"args":["0","0"],"expected":"31","name":"mixedGuardOr"}
{"args":["1","0"],"expected":"47","name":"mixedGuardOr"}
{"args":["18446744073709551615","0"],"expected":"47","name":"mixedGuardOr"}
{"args":["0","1"],"expected":"47","name":"mixedGuardOr"}
{"args":["1","1"],"expected":"31","name":"mixedGuardOr"}
{"args":["18446744073709551615","1"],"expected":"31","name":"mixedGuardOr"}
{"args":["9223372036854775808","2"],"expected":"47","name":"mixedGuardOr"}
{"args":["42","3"],"expected":"47","name":"mixedGuardOr"}
{"args":["18446744073709551615","63"],"expected":"31","name":"mixedGuardOr"}
{"args":["9223372036854775809","64"],"expected":"47","name":"mixedGuardOr"}
{"args":["18446744073709551615","65"],"expected":"31","name":"mixedGuardOr"}
{"args":["81985529216486895","18446744073709551615"],"expected":"31","name":"mixedGuardOr"}
{"args":["3","17"],"expected":"31","name":"mixedGuardOr"}
{"args":["17","3"],"expected":"31","name":"mixedGuardOr"}
{"args":["0","0"],"expected":"18446744073709551615","name":"mixedGuardNot"}
{"args":["1","0"],"expected":"18446744073709551615","name":"mixedGuardNot"}
{"args":["18446744073709551615","0"],"expected":"18446744073709551615","name":"mixedGuardNot"}
{"args":["0","1"],"expected":"18446744073709551614","name":"mixedGuardNot"}
{"args":["1","1"],"expected":"18446744073709551614","name":"mixedGuardNot"}
{"args":["18446744073709551615","1"],"expected":"18446744073709551614","name":"mixedGuardNot"}
{"args":["9223372036854775808","2"],"expected":"18446744073709551613","name":"mixedGuardNot"}
{"args":["42","3"],"expected":"18446744073709551612","name":"mixedGuardNot"}
{"args":["18446744073709551615","63"],"expected":"18446744073709551552","name":"mixedGuardNot"}
{"args":["9223372036854775809","64"],"expected":"18446744073709551551","name":"mixedGuardNot"}
{"args":["18446744073709551615","65"],"expected":"18446744073709551550","name":"mixedGuardNot"}
{"args":["81985529216486895","18446744073709551615"],"expected":"0","name":"mixedGuardNot"}
{"args":["3","17"],"expected":"18446744073709551598","name":"mixedGuardNot"}
{"args":["17","3"],"expected":"18446744073709551612","name":"mixedGuardNot"}
{"args":["0","0"],"expected":"18446744073709551599","name":"mixedGuardNegations"}
{"args":["1","0"],"expected":"18446744073709551599","name":"mixedGuardNegations"}
{"args":["18446744073709551615","0"],"expected":"18446744073709551599","name":"mixedGuardNegations"}
{"args":["0","1"],"expected":"18446744073709551600","name":"mixedGuardNegations"}
{"args":["1","1"],"expected":"18446744073709551600","name":"mixedGuardNegations"}
{"args":["18446744073709551615","1"],"expected":"18446744073709551600","name":"mixedGuardNegations"}
{"args":["9223372036854775808","2"],"expected":"18446744073709551601","name":"mixedGuardNegations"}
{"args":["42","3"],"expected":"18446744073709551602","name":"mixedGuardNegations"}
{"args":["18446744073709551615","63"],"expected":"46","name":"mixedGuardNegations"}
{"args":["9223372036854775809","64"],"expected":"47","name":"mixedGuardNegations"}
{"args":["18446744073709551615","65"],"expected":"48","name":"mixedGuardNegations"}
{"args":["81985529216486895","18446744073709551615"],"expected":"18446744073709551598","name":"mixedGuardNegations"}
{"args":["3","17"],"expected":"0","name":"mixedGuardNegations"}
{"args":["17","3"],"expected":"18446744073709551602","name":"mixedGuardNegations"}
{"args":["0","0"],"expected":"1","name":"mixedGuardNested"}
{"args":["1","0"],"expected":"1","name":"mixedGuardNested"}
{"args":["18446744073709551615","0"],"expected":"1","name":"mixedGuardNested"}
{"args":["0","1"],"expected":"1","name":"mixedGuardNested"}
{"args":["1","1"],"expected":"7","name":"mixedGuardNested"}
{"args":["18446744073709551615","1"],"expected":"8","name":"mixedGuardNested"}
{"args":["9223372036854775808","2"],"expected":"4611686018427387905","name":"mixedGuardNested"}
{"args":["42","3"],"expected":"15","name":"mixedGuardNested"}
{"args":["18446744073709551615","63"],"expected":"292805461487453201","name":"mixedGuardNested"}
{"args":["9223372036854775809","64"],"expected":"144115188075855873","name":"mixedGuardNested"}
{"args":["18446744073709551615","65"],"expected":"283796062672454641","name":"mixedGuardNested"}
{"args":["81985529216486895","18446744073709551615"],"expected":"1","name":"mixedGuardNested"}
{"args":["3","17"],"expected":"1","name":"mixedGuardNested"}
{"args":["17","3"],"expected":"6","name":"mixedGuardNested"}
{"args":["0","0"],"expected":"0","name":"mixedGuardFunction"}
{"args":["1","0"],"expected":"2","name":"mixedGuardFunction"}
{"args":["18446744073709551615","0"],"expected":"18446744073709551614","name":"mixedGuardFunction"}
{"args":["0","1"],"expected":"2","name":"mixedGuardFunction"}
{"args":["1","1"],"expected":"4","name":"mixedGuardFunction"}
{"args":["18446744073709551615","1"],"expected":"0","name":"mixedGuardFunction"}
{"args":["9223372036854775808","2"],"expected":"4","name":"mixedGuardFunction"}
{"args":["42","3"],"expected":"90","name":"mixedGuardFunction"}
{"args":["18446744073709551615","63"],"expected":"124","name":"mixedGuardFunction"}
{"args":["9223372036854775809","64"],"expected":"130","name":"mixedGuardFunction"}
{"args":["18446744073709551615","65"],"expected":"128","name":"mixedGuardFunction"}
{"args":["81985529216486895","18446744073709551615"],"expected":"163971058432973788","name":"mixedGuardFunction"}
{"args":["3","17"],"expected":"40","name":"mixedGuardFunction"}
{"args":["17","3"],"expected":"40","name":"mixedGuardFunction"}
{"args":["0","0"],"expected":"0","name":"mixedGuardDo"}
{"args":["1","0"],"expected":"1","name":"mixedGuardDo"}
{"args":["18446744073709551615","0"],"expected":"18446744073709551615","name":"mixedGuardDo"}
{"args":["0","1"],"expected":"1","name":"mixedGuardDo"}
{"args":["1","1"],"expected":"2","name":"mixedGuardDo"}
{"args":["18446744073709551615","1"],"expected":"18446744073709551614","name":"mixedGuardDo"}
{"args":["9223372036854775808","2"],"expected":"0","name":"mixedGuardDo"}
{"args":["42","3"],"expected":"84","name":"mixedGuardDo"}
{"args":["18446744073709551615","63"],"expected":"18446744073709551614","name":"mixedGuardDo"}
{"args":["9223372036854775809","64"],"expected":"2","name":"mixedGuardDo"}
{"args":["18446744073709551615","65"],"expected":"18446744073709551614","name":"mixedGuardDo"}
{"args":["81985529216486895","18446744073709551615"],"expected":"18446744073709551614","name":"mixedGuardDo"}
{"args":["3","17"],"expected":"6","name":"mixedGuardDo"}
{"args":["17","3"],"expected":"38","name":"mixedGuardDo"}
{"args":["0","0"],"expected":"18446744073709551615","name":"mixedGuardOperand"}
{"args":["1","0"],"expected":"19","name":"mixedGuardOperand"}
{"args":["18446744073709551615","0"],"expected":"19","name":"mixedGuardOperand"}
{"args":["0","1"],"expected":"18446744073709551614","name":"mixedGuardOperand"}
{"args":["1","1"],"expected":"18446744073709551613","name":"mixedGuardOperand"}
{"args":["18446744073709551615","1"],"expected":"19","name":"mixedGuardOperand"}
{"args":["9223372036854775808","2"],"expected":"19","name":"mixedGuardOperand"}
{"args":["42","3"],"expected":"19","name":"mixedGuardOperand"}
{"args":["18446744073709551615","63"],"expected":"19","name":"mixedGuardOperand"}
{"args":["9223372036854775809","64"],"expected":"19","name":"mixedGuardOperand"}
{"args":["18446744073709551615","65"],"expected":"19","name":"mixedGuardOperand"}
{"args":["81985529216486895","18446744073709551615"],"expected":"18364758544493064721","name":"mixedGuardOperand"}
{"args":["3","17"],"expected":"18446744073709551595","name":"mixedGuardOperand"}
{"args":["17","3"],"expected":"19","name":"mixedGuardOperand"}
{"args":["0","0"],"expected":"0","name":"minimumOrder"}
{"args":["1","0"],"expected":"0","name":"minimumOrder"}
{"args":["18446744073709551615","0"],"expected":"0","name":"minimumOrder"}
{"args":["0","1"],"expected":"0","name":"minimumOrder"}
{"args":["1","1"],"expected":"1","name":"minimumOrder"}
{"args":["18446744073709551615","1"],"expected":"1","name":"minimumOrder"}
{"args":["9223372036854775808","2"],"expected":"2","name":"minimumOrder"}
{"args":["42","3"],"expected":"3","name":"minimumOrder"}
{"args":["18446744073709551615","63"],"expected":"63","name":"minimumOrder"}
{"args":["9223372036854775809","64"],"expected":"64","name":"minimumOrder"}
{"args":["18446744073709551615","65"],"expected":"65","name":"minimumOrder"}
{"args":["81985529216486895","18446744073709551615"],"expected":"81985529216486895","name":"minimumOrder"}
{"args":["3","17"],"expected":"3","name":"minimumOrder"}
{"args":["17","3"],"expected":"3","name":"minimumOrder"}
{"args":["0","0"],"expected":"0","name":"maximumOrder"}
{"args":["1","0"],"expected":"1","name":"maximumOrder"}
{"args":["18446744073709551615","0"],"expected":"18446744073709551615","name":"maximumOrder"}
{"args":["0","1"],"expected":"1","name":"maximumOrder"}
{"args":["1","1"],"expected":"1","name":"maximumOrder"}
{"args":["18446744073709551615","1"],"expected":"18446744073709551615","name":"maximumOrder"}
{"args":["9223372036854775808","2"],"expected":"9223372036854775808","name":"maximumOrder"}
{"args":["42","3"],"expected":"42","name":"maximumOrder"}
{"args":["18446744073709551615","63"],"expected":"18446744073709551615","name":"maximumOrder"}
{"args":["9223372036854775809","64"],"expected":"9223372036854775809","name":"maximumOrder"}
{"args":["18446744073709551615","65"],"expected":"18446744073709551615","name":"maximumOrder"}
{"args":["81985529216486895","18446744073709551615"],"expected":"18446744073709551615","name":"maximumOrder"}
{"args":["3","17"],"expected":"17","name":"maximumOrder"}
{"args":["17","3"],"expected":"17","name":"maximumOrder"}
{"args":["0","0"],"expected":"18446744073709551615","name":"extremaNested"}
{"args":["1","0"],"expected":"18446744073709551614","name":"extremaNested"}
{"args":["18446744073709551615","0"],"expected":"0","name":"extremaNested"}
{"args":["0","1"],"expected":"18446744073709551614","name":"extremaNested"}
{"args":["1","1"],"expected":"18446744073709551614","name":"extremaNested"}
{"args":["18446744073709551615","1"],"expected":"1","name":"extremaNested"}
{"args":["9223372036854775808","2"],"expected":"9223372036854775807","name":"extremaNested"}
{"args":["42","3"],"expected":"18446744073709551573","name":"extremaNested"}
{"args":["18446744073709551615","63"],"expected":"63","name":"extremaNested"}
{"args":["9223372036854775809","64"],"expected":"9223372036854775806","name":"extremaNested"}
{"args":["18446744073709551615","65"],"expected":"65","name":"extremaNested"}
{"args":["81985529216486895","18446744073709551615"],"expected":"81985529216486895","name":"extremaNested"}
{"args":["3","17"],"expected":"18446744073709551598","name":"extremaNested"}
{"args":["17","3"],"expected":"18446744073709551598","name":"extremaNested"}
{"args":["0","0"],"expected":"0","name":"extremaClamped"}
{"args":["1","0"],"expected":"1","name":"extremaClamped"}
{"args":["18446744073709551615","0"],"expected":"18446744073709551615","name":"extremaClamped"}
{"args":["0","1"],"expected":"1","name":"extremaClamped"}
{"args":["1","1"],"expected":"1","name":"extremaClamped"}
{"args":["18446744073709551615","1"],"expected":"1","name":"extremaClamped"}
{"args":["9223372036854775808","2"],"expected":"9223372036854775808","name":"extremaClamped"}
{"args":["42","3"],"expected":"42","name":"extremaClamped"}
{"args":["18446744073709551615","63"],"expected":"63","name":"extremaClamped"}
{"args":["9223372036854775809","64"],"expected":"9223372036854775809","name":"extremaClamped"}
{"args":["18446744073709551615","65"],"expected":"65","name":"extremaClamped"}
{"args":["81985529216486895","18446744073709551615"],"expected":"81985529216486895","name":"extremaClamped"}
{"args":["3","17"],"expected":"17","name":"extremaClamped"}
{"args":["17","3"],"expected":"17","name":"extremaClamped"}
{"args":["0","0"],"expected":"14","name":"extremaFunction"}
{"args":["1","0"],"expected":"14","name":"extremaFunction"}
{"args":["18446744073709551615","0"],"expected":"33","name":"extremaFunction"}
{"args":["0","1"],"expected":"14","name":"extremaFunction"}
{"args":["1","1"],"expected":"14","name":"extremaFunction"}
{"args":["18446744073709551615","1"],"expected":"34","name":"extremaFunction"}
{"args":["9223372036854775808","2"],"expected":"9223372036854775827","name":"extremaFunction"}
{"args":["42","3"],"expected":"62","name":"extremaFunction"}
{"args":["18446744073709551615","63"],"expected":"143","name":"extremaFunction"}
{"args":["9223372036854775809","64"],"expected":"9223372036854775890","name":"extremaFunction"}
{"args":["18446744073709551615","65"],"expected":"147","name":"extremaFunction"}
{"args":["81985529216486895","18446744073709551615"],"expected":"81985529216486928","name":"extremaFunction"}
{"args":["3","17"],"expected":"24","name":"extremaFunction"}
{"args":["17","3"],"expected":"34","name":"extremaFunction"}
{"args":["0","0"],"expected":"0","name":"extremaDo"}
{"args":["1","0"],"expected":"1","name":"extremaDo"}
{"args":["18446744073709551615","0"],"expected":"3","name":"extremaDo"}
{"args":["0","1"],"expected":"1","name":"extremaDo"}
{"args":["1","1"],"expected":"0","name":"extremaDo"}
{"args":["18446744073709551615","1"],"expected":"4","name":"extremaDo"}
{"args":["9223372036854775808","2"],"expected":"5","name":"extremaDo"}
{"args":["42","3"],"expected":"6","name":"extremaDo"}
{"args":["18446744073709551615","63"],"expected":"66","name":"extremaDo"}
{"args":["9223372036854775809","64"],"expected":"67","name":"extremaDo"}
{"args":["18446744073709551615","65"],"expected":"68","name":"extremaDo"}
{"args":["81985529216486895","18446744073709551615"],"expected":"81985529216486898","name":"extremaDo"}
{"args":["3","17"],"expected":"18","name":"extremaDo"}
{"args":["17","3"],"expected":"6","name":"extremaDo"}
{"args":["0","0"],"expected":"0","name":"extremaGuard"}
{"args":["1","0"],"expected":"0","name":"extremaGuard"}
{"args":["18446744073709551615","0"],"expected":"0","name":"extremaGuard"}
{"args":["0","1"],"expected":"1","name":"extremaGuard"}
{"args":["1","1"],"expected":"18446744073709551614","name":"extremaGuard"}
{"args":["18446744073709551615","1"],"expected":"18446744073709551615","name":"extremaGuard"}
{"args":["9223372036854775808","2"],"expected":"9223372036854775807","name":"extremaGuard"}
{"args":["42","3"],"expected":"18446744073709551573","name":"extremaGuard"}
{"args":["18446744073709551615","63"],"expected":"292805461487453200","name":"extremaGuard"}
{"args":["9223372036854775809","64"],"expected":"9223372036854775806","name":"extremaGuard"}
{"args":["18446744073709551615","65"],"expected":"283796062672454640","name":"extremaGuard"}
{"args":["81985529216486895","18446744073709551615"],"expected":"0","name":"extremaGuard"}
{"args":["3","17"],"expected":"18446744073709551598","name":"extremaGuard"}
{"args":["17","3"],"expected":"18446744073709551598","name":"extremaGuard"}
{"args":["0","0"],"expected":"1","name":"extremaWrapped"}
{"args":["1","0"],"expected":"4","name":"extremaWrapped"}
{"args":["18446744073709551615","0"],"expected":"18446744073709551614","name":"extremaWrapped"}
{"args":["0","1"],"expected":"1","name":"extremaWrapped"}
{"args":["1","1"],"expected":"3","name":"extremaWrapped"}
{"args":["18446744073709551615","1"],"expected":"9223372036854775806","name":"extremaWrapped"}
{"args":["9223372036854775808","2"],"expected":"6917529027641081857","name":"extremaWrapped"}
{"args":["42","3"],"expected":"13194139533309","name":"extremaWrapped"}
{"args":["18446744073709551615","63"],"expected":"18446744073709551612","name":"extremaWrapped"}
{"args":["9223372036854775809","64"],"expected":"65","name":"extremaWrapped"}
{"args":["18446744073709551615","65"],"expected":"9223372036854775806","name":"extremaWrapped"}
{"args":["81985529216486895","18446744073709551615"],"expected":"81844791728131568","name":"extremaWrapped"}
{"args":["3","17"],"expected":"140","name":"extremaWrapped"}
{"args":["17","3"],"expected":"393216","name":"extremaWrapped"}
{"args":["0","0"],"expected":"3","name":"literalBoolTrue"}
{"args":["1","0"],"expected":"4","name":"literalBoolTrue"}
{"args":["18446744073709551615","0"],"expected":"2","name":"literalBoolTrue"}
{"args":["0","1"],"expected":"3","name":"literalBoolTrue"}
{"args":["1","1"],"expected":"4","name":"literalBoolTrue"}
{"args":["18446744073709551615","1"],"expected":"2","name":"literalBoolTrue"}
{"args":["9223372036854775808","2"],"expected":"9223372036854775811","name":"literalBoolTrue"}
{"args":["42","3"],"expected":"45","name":"literalBoolTrue"}
{"args":["18446744073709551615","63"],"expected":"2","name":"literalBoolTrue"}
{"args":["9223372036854775809","64"],"expected":"9223372036854775812","name":"literalBoolTrue"}
{"args":["18446744073709551615","65"],"expected":"2","name":"literalBoolTrue"}
{"args":["81985529216486895","18446744073709551615"],"expected":"81985529216486898","name":"literalBoolTrue"}
{"args":["3","17"],"expected":"6","name":"literalBoolTrue"}
{"args":["17","3"],"expected":"20","name":"literalBoolTrue"}
{"args":["0","0"],"expected":"0","name":"literalBoolFalse"}
{"args":["1","0"],"expected":"0","name":"literalBoolFalse"}
{"args":["18446744073709551615","0"],"expected":"0","name":"literalBoolFalse"}
{"args":["0","1"],"expected":"1","name":"literalBoolFalse"}
{"args":["1","1"],"expected":"0","name":"literalBoolFalse"}
{"args":["18446744073709551615","1"],"expected":"1","name":"literalBoolFalse"}
{"args":["9223372036854775808","2"],"expected":"2","name":"literalBoolFalse"}
{"args":["42","3"],"expected":"3","name":"literalBoolFalse"}
{"args":["18446744073709551615","63"],"expected":"63","name":"literalBoolFalse"}
{"args":["9223372036854775809","64"],"expected":"64","name":"literalBoolFalse"}
{"args":["18446744073709551615","65"],"expected":"65","name":"literalBoolFalse"}
{"args":["81985529216486895","18446744073709551615"],"expected":"240","name":"literalBoolFalse"}
{"args":["3","17"],"expected":"2","name":"literalBoolFalse"}
{"args":["17","3"],"expected":"3","name":"literalBoolFalse"}
{"args":["0","0"],"expected":"0","name":"literalPropTrue"}
{"args":["1","0"],"expected":"1","name":"literalPropTrue"}
{"args":["18446744073709551615","0"],"expected":"18446744073709551615","name":"literalPropTrue"}
{"args":["0","1"],"expected":"1","name":"literalPropTrue"}
{"args":["1","1"],"expected":"0","name":"literalPropTrue"}
{"args":["18446744073709551615","1"],"expected":"18446744073709551614","name":"literalPropTrue"}
{"args":["9223372036854775808","2"],"expected":"9223372036854775810","name":"literalPropTrue"}
{"args":["42","3"],"expected":"41","name":"literalPropTrue"}
{"args":["18446744073709551615","63"],"expected":"18446744073709551552","name":"literalPropTrue"}
{"args":["9223372036854775809","64"],"expected":"9223372036854775873","name":"literalPropTrue"}
{"args":["18446744073709551615","65"],"expected":"18446744073709551550","name":"literalPropTrue"}
{"args":["81985529216486895","18446744073709551615"],"expected":"18364758544493064720","name":"literalPropTrue"}
{"args":["3","17"],"expected":"18","name":"literalPropTrue"}
{"args":["17","3"],"expected":"18","name":"literalPropTrue"}
{"args":["0","0"],"expected":"0","name":"literalPropFalse"}
{"args":["1","0"],"expected":"1","name":"literalPropFalse"}
{"args":["18446744073709551615","0"],"expected":"18446744073709551615","name":"literalPropFalse"}
{"args":["0","1"],"expected":"1","name":"literalPropFalse"}
{"args":["1","1"],"expected":"1","name":"literalPropFalse"}
{"args":["18446744073709551615","1"],"expected":"18446744073709551615","name":"literalPropFalse"}
{"args":["9223372036854775808","2"],"expected":"9223372036854775808","name":"literalPropFalse"}
{"args":["42","3"],"expected":"42","name":"literalPropFalse"}
{"args":["18446744073709551615","63"],"expected":"18446744073709551615","name":"literalPropFalse"}
{"args":["9223372036854775809","64"],"expected":"9223372036854775809","name":"literalPropFalse"}
{"args":["18446744073709551615","65"],"expected":"18446744073709551615","name":"literalPropFalse"}
{"args":["81985529216486895","18446744073709551615"],"expected":"18446744073709551615","name":"literalPropFalse"}
{"args":["3","17"],"expected":"17","name":"literalPropFalse"}
{"args":["17","3"],"expected":"17","name":"literalPropFalse"}
{"args":["0","0"],"expected":"0","name":"literalNegations"}
{"args":["1","0"],"expected":"1","name":"literalNegations"}
{"args":["18446744073709551615","0"],"expected":"18446744073709551615","name":"literalNegations"}
{"args":["0","1"],"expected":"1","name":"literalNegations"}
{"args":["1","1"],"expected":"2","name":"literalNegations"}
{"args":["18446744073709551615","1"],"expected":"0","name":"literalNegations"}
{"args":["9223372036854775808","2"],"expected":"9223372036854775810","name":"literalNegations"}
{"args":["42","3"],"expected":"45","name":"literalNegations"}
{"args":["18446744073709551615","63"],"expected":"62","name":"literalNegations"}
{"args":["9223372036854775809","64"],"expected":"9223372036854775873","name":"literalNegations"}
{"args":["18446744073709551615","65"],"expected":"64","name":"literalNegations"}
{"args":["81985529216486895","18446744073709551615"],"expected":"81985529216486894","name":"literalNegations"}
{"args":["3","17"],"expected":"20","name":"literalNegations"}
{"args":["17","3"],"expected":"20","name":"literalNegations"}
{"args":["0","0"],"expected":"7","name":"literalCompound"}
{"args":["1","0"],"expected":"18446744073709551613","name":"literalCompound"}
{"args":["18446744073709551615","0"],"expected":"18446744073709551613","name":"literalCompound"}
{"args":["0","1"],"expected":"18446744073709551614","name":"literalCompound"}
{"args":["1","1"],"expected":"8","name":"literalCompound"}
{"args":["18446744073709551615","1"],"expected":"18446744073709551614","name":"literalCompound"}
{"args":["9223372036854775808","2"],"expected":"18446744073709551615","name":"literalCompound"}
{"args":["42","3"],"expected":"0","name":"literalCompound"}
{"args":["18446744073709551615","63"],"expected":"60","name":"literalCompound"}
{"args":["9223372036854775809","64"],"expected":"61","name":"literalCompound"}
{"args":["18446744073709551615","65"],"expected":"62","name":"literalCompound"}
{"args":["81985529216486895","18446744073709551615"],"expected":"18446744073709551612","name":"literalCompound"}
{"args":["3","17"],"expected":"14","name":"literalCompound"}
{"args":["17","3"],"expected":"0","name":"literalCompound"}
{"args":["0","0"],"expected":"14","name":"literalFunction"}
{"args":["1","0"],"expected":"17","name":"literalFunction"}
{"args":["18446744073709551615","0"],"expected":"11","name":"literalFunction"}
{"args":["0","1"],"expected":"15","name":"literalFunction"}
{"args":["1","1"],"expected":"18","name":"literalFunction"}
{"args":["18446744073709551615","1"],"expected":"12","name":"literalFunction"}
{"args":["9223372036854775808","2"],"expected":"9223372036854775824","name":"literalFunction"}
{"args":["42","3"],"expected":"143","name":"literalFunction"}
{"args":["18446744073709551615","63"],"expected":"74","name":"literalFunction"}
{"args":["9223372036854775809","64"],"expected":"9223372036854775889","name":"literalFunction"}
{"args":["18446744073709551615","65"],"expected":"76","name":"literalFunction"}
{"args":["81985529216486895","18446744073709551615"],"expected":"245956587649460698","name":"literalFunction"}
{"args":["3","17"],"expected":"40","name":"literalFunction"}
{"args":["17","3"],"expected":"68","name":"literalFunction"}
{"args":["0","0"],"expected":"0","name":"literalDo"}
{"args":["1","0"],"expected":"2","name":"literalDo"}
{"args":["18446744073709551615","0"],"expected":"18446744073709551614","name":"literalDo"}
{"args":["0","1"],"expected":"1","name":"literalDo"}
{"args":["1","1"],"expected":"5","name":"literalDo"}
{"args":["18446744073709551615","1"],"expected":"1","name":"literalDo"}
{"args":["9223372036854775808","2"],"expected":"2","name":"literalDo"}
{"args":["42","3"],"expected":"91","name":"literalDo"}
{"args":["18446744073709551615","63"],"expected":"63","name":"literalDo"}
{"args":["9223372036854775809","64"],"expected":"66","name":"literalDo"}
{"args":["18446744073709551615","65"],"expected":"65","name":"literalDo"}
{"args":["81985529216486895","18446744073709551615"],"expected":"18446744073709551615","name":"literalDo"}
{"args":["3","17"],"expected":"25","name":"literalDo"}
{"args":["17","3"],"expected":"43","name":"literalDo"}
{"args":["0","0"],"expected":"0","name":"punitExplicit"}
{"args":["1","0"],"expected":"1","name":"punitExplicit"}
{"args":["18446744073709551615","0"],"expected":"18446744073709551615","name":"punitExplicit"}
{"args":["0","1"],"expected":"3","name":"punitExplicit"}
{"args":["1","1"],"expected":"4","name":"punitExplicit"}
{"args":["18446744073709551615","1"],"expected":"2","name":"punitExplicit"}
{"args":["9223372036854775808","2"],"expected":"9223372036854775814","name":"punitExplicit"}
{"args":["42","3"],"expected":"51","name":"punitExplicit"}
{"args":["18446744073709551615","63"],"expected":"188","name":"punitExplicit"}
{"args":["9223372036854775809","64"],"expected":"9223372036854776001","name":"punitExplicit"}
{"args":["18446744073709551615","65"],"expected":"194","name":"punitExplicit"}
{"args":["81985529216486895","18446744073709551615"],"expected":"81985529216486892","name":"punitExplicit"}
{"args":["3","17"],"expected":"54","name":"punitExplicit"}
{"args":["17","3"],"expected":"26","name":"punitExplicit"}
{"args":["0","0"],"expected":"11","name":"punitCapture"}
{"args":["1","0"],"expected":"10","name":"punitCapture"}
{"args":["18446744073709551615","0"],"expected":"12","name":"punitCapture"}
{"args":["0","1"],"expected":"12","name":"punitCapture"}
{"args":["1","1"],"expected":"11","name":"punitCapture"}
{"args":["18446744073709551615","1"],"expected":"13","name":"punitCapture"}
{"args":["9223372036854775808","2"],"expected":"9223372036854775821","name":"punitCapture"}
{"args":["42","3"],"expected":"18446744073709551588","name":"punitCapture"}
{"args":["18446744073709551615","63"],"expected":"75","name":"punitCapture"}
{"args":["9223372036854775809","64"],"expected":"9223372036854775882","name":"punitCapture"}
{"args":["18446744073709551615","65"],"expected":"77","name":"punitCapture"}
{"args":["81985529216486895","18446744073709551615"],"expected":"18364758544493064731","name":"punitCapture"}
{"args":["3","17"],"expected":"25","name":"punitCapture"}
{"args":["17","3"],"expected":"18446744073709551613","name":"punitCapture"}
{"args":["0","0"],"expected":"0","name":"punitChain"}
{"args":["1","0"],"expected":"1","name":"punitChain"}
{"args":["18446744073709551615","0"],"expected":"18446744073709551615","name":"punitChain"}
{"args":["0","1"],"expected":"2","name":"punitChain"}
{"args":["1","1"],"expected":"3","name":"punitChain"}
{"args":["18446744073709551615","1"],"expected":"18446744073709551613","name":"punitChain"}
{"args":["9223372036854775808","2"],"expected":"9223372036854775812","name":"punitChain"}
{"args":["42","3"],"expected":"48","name":"punitChain"}
{"args":["18446744073709551615","63"],"expected":"18446744073709551489","name":"punitChain"}
{"args":["9223372036854775809","64"],"expected":"9223372036854775937","name":"punitChain"}
{"args":["18446744073709551615","65"],"expected":"18446744073709551485","name":"punitChain"}
{"args":["81985529216486895","18446744073709551615"],"expected":"18364758544493064721","name":"punitChain"}
{"args":["3","17"],"expected":"41","name":"punitChain"}
{"args":["17","3"],"expected":"23","name":"punitChain"}
{"args":["0","0"],"expected":"0","name":"punitUnused"}
{"args":["1","0"],"expected":"1","name":"punitUnused"}
{"args":["18446744073709551615","0"],"expected":"18446744073709551615","name":"punitUnused"}
{"args":["0","1"],"expected":"1","name":"punitUnused"}
{"args":["1","1"],"expected":"2","name":"punitUnused"}
{"args":["18446744073709551615","1"],"expected":"0","name":"punitUnused"}
{"args":["9223372036854775808","2"],"expected":"9223372036854775810","name":"punitUnused"}
{"args":["42","3"],"expected":"45","name":"punitUnused"}
{"args":["18446744073709551615","63"],"expected":"62","name":"punitUnused"}
{"args":["9223372036854775809","64"],"expected":"9223372036854775873","name":"punitUnused"}
{"args":["18446744073709551615","65"],"expected":"64","name":"punitUnused"}
{"args":["81985529216486895","18446744073709551615"],"expected":"81985529216486894","name":"punitUnused"}
{"args":["3","17"],"expected":"20","name":"punitUnused"}
{"args":["17","3"],"expected":"20","name":"punitUnused"}
{"args":["0","0"],"expected":"0","name":"punitDo"}
{"args":["1","0"],"expected":"3","name":"punitDo"}
{"args":["18446744073709551615","0"],"expected":"1","name":"punitDo"}
{"args":["0","1"],"expected":"18446744073709551615","name":"punitDo"}
{"args":["1","1"],"expected":"0","name":"punitDo"}
{"args":["18446744073709551615","1"],"expected":"2","name":"punitDo"}
{"args":["9223372036854775808","2"],"expected":"9223372036854775814","name":"punitDo"}
{"args":["42","3"],"expected":"121","name":"punitDo"}
{"args":["18446744073709551615","63"],"expected":"64","name":"punitDo"}
{"args":["9223372036854775809","64"],"expected":"9223372036854776003","name":"punitDo"}
{"args":["18446744073709551615","65"],"expected":"66","name":"punitDo"}
{"args":["81985529216486895","18446744073709551615"],"expected":"244830077823243824","name":"punitDo"}
{"args":["3","17"],"expected":"18446744073709551606","name":"punitDo"}
{"args":["17","3"],"expected":"52","name":"punitDo"}
{"args":["0","0"],"expected":"0","name":"punitNested"}
{"args":["1","0"],"expected":"4","name":"punitNested"}
{"args":["18446744073709551615","0"],"expected":"0","name":"punitNested"}
{"args":["0","1"],"expected":"3","name":"punitNested"}
{"args":["1","1"],"expected":"6","name":"punitNested"}
{"args":["18446744073709551615","1"],"expected":"18446744073709551613","name":"punitNested"}
{"args":["9223372036854775808","2"],"expected":"6","name":"punitNested"}
{"args":["42","3"],"expected":"169","name":"punitNested"}
{"args":["18446744073709551615","63"],"expected":"18446744073709551427","name":"punitNested"}
{"args":["9223372036854775809","64"],"expected":"196","name":"punitNested"}
{"args":["18446744073709551615","65"],"expected":"18446744073709551421","name":"punitNested"}
{"args":["81985529216486895","18446744073709551615"],"expected":"162844548606756931","name":"punitNested"}
{"args":["3","17"],"expected":"53","name":"punitNested"}
{"args":["17","3"],"expected":"75","name":"punitNested"}
{"args":["0","0"],"expected":"0","name":"idReturnedHelper"}
{"args":["1","0"],"expected":"3","name":"idReturnedHelper"}
{"args":["18446744073709551615","0"],"expected":"1","name":"idReturnedHelper"}
{"args":["0","1"],"expected":"18446744073709551615","name":"idReturnedHelper"}
{"args":["1","1"],"expected":"0","name":"idReturnedHelper"}
{"args":["18446744073709551615","1"],"expected":"2","name":"idReturnedHelper"}
{"args":["9223372036854775808","2"],"expected":"9223372036854775814","name":"idReturnedHelper"}
{"args":["42","3"],"expected":"121","name":"idReturnedHelper"}
{"args":["18446744073709551615","63"],"expected":"64","name":"idReturnedHelper"}
{"args":["9223372036854775809","64"],"expected":"9223372036854776003","name":"idReturnedHelper"}
{"args":["18446744073709551615","65"],"expected":"66","name":"idReturnedHelper"}
{"args":["81985529216486895","18446744073709551615"],"expected":"244830077823243824","name":"idReturnedHelper"}
{"args":["3","17"],"expected":"18446744073709551606","name":"idReturnedHelper"}
{"args":["17","3"],"expected":"52","name":"idReturnedHelper"}
{"args":["0","0"],"expected":"0","name":"idPureNested"}
{"args":["1","0"],"expected":"1","name":"idPureNested"}
{"args":["18446744073709551615","0"],"expected":"18446744073709551615","name":"idPureNested"}
{"args":["0","1"],"expected":"1","name":"idPureNested"}
{"args":["1","1"],"expected":"2","name":"idPureNested"}
{"args":["18446744073709551615","1"],"expected":"0","name":"idPureNested"}
{"args":["9223372036854775808","2"],"expected":"9223372036854775810","name":"idPureNested"}
{"args":["42","3"],"expected":"45","name":"idPureNested"}
{"args":["18446744073709551615","63"],"expected":"62","name":"idPureNested"}
{"args":["9223372036854775809","64"],"expected":"9223372036854775873","name":"idPureNested"}
{"args":["18446744073709551615","65"],"expected":"64","name":"idPureNested"}
{"args":["81985529216486895","18446744073709551615"],"expected":"81985529216486894","name":"idPureNested"}
{"args":["3","17"],"expected":"20","name":"idPureNested"}
{"args":["17","3"],"expected":"20","name":"idPureNested"}
{"args":["0","0"],"expected":"0","name":"idRunNested"}
{"args":["1","0"],"expected":"1","name":"idRunNested"}
{"args":["18446744073709551615","0"],"expected":"18446744073709551615","name":"idRunNested"}
{"args":["0","1"],"expected":"18446744073709551615","name":"idRunNested"}
{"args":["1","1"],"expected":"0","name":"idRunNested"}
{"args":["18446744073709551615","1"],"expected":"18446744073709551614","name":"idRunNested"}
{"args":["9223372036854775808","2"],"expected":"9223372036854775806","name":"idRunNested"}
{"args":["42","3"],"expected":"39","name":"idRunNested"}
{"args":["18446744073709551615","63"],"expected":"18446744073709551552","name":"idRunNested"}
{"args":["9223372036854775809","64"],"expected":"9223372036854775745","name":"idRunNested"}
{"args":["18446744073709551615","65"],"expected":"18446744073709551550","name":"idRunNested"}
{"args":["81985529216486895","18446744073709551615"],"expected":"81985529216486896","name":"idRunNested"}
{"args":["3","17"],"expected":"18446744073709551602","name":"idRunNested"}
{"args":["17","3"],"expected":"14","name":"idRunNested"}
{"args":["0","0"],"expected":"0","name":"idBindInput"}
{"args":["1","0"],"expected":"1","name":"idBindInput"}
{"args":["18446744073709551615","0"],"expected":"1","name":"idBindInput"}
{"args":["0","1"],"expected":"0","name":"idBindInput"}
{"args":["1","1"],"expected":"2","name":"idBindInput"}
{"args":["18446744073709551615","1"],"expected":"0","name":"idBindInput"}
{"args":["9223372036854775808","2"],"expected":"0","name":"idBindInput"}
{"args":["42","3"],"expected":"1890","name":"idBindInput"}
{"args":["18446744073709551615","63"],"expected":"18446744073709551554","name":"idBindInput"}
{"args":["9223372036854775809","64"],"expected":"65","name":"idBindInput"}
{"args":["18446744073709551615","65"],"expected":"18446744073709551552","name":"idBindInput"}
{"args":["81985529216486895","18446744073709551615"],"expected":"15817377056704354098","name":"idBindInput"}
{"args":["3","17"],"expected":"60","name":"idBindInput"}
{"args":["17","3"],"expected":"340","name":"idBindInput"}
{"args":["0","0"],"expected":"0","name":"idBindOutput"}
{"args":["1","0"],"expected":"2","name":"idBindOutput"}
{"args":["18446744073709551615","0"],"expected":"18446744073709551614","name":"idBindOutput"}
{"args":["0","1"],"expected":"2","name":"idBindOutput"}
{"args":["1","1"],"expected":"2","name":"idBindOutput"}
{"args":["18446744073709551615","1"],"expected":"18446744073709551614","name":"idBindOutput"}
{"args":["9223372036854775808","2"],"expected":"4","name":"idBindOutput"}
{"args":["42","3"],"expected":"86","name":"idBindOutput"}
{"args":["18446744073709551615","63"],"expected":"18446744073709551614","name":"idBindOutput"}
{"args":["9223372036854775809","64"],"expected":"130","name":"idBindOutput"}
{"args":["18446744073709551615","65"],"expected":"18446744073709551614","name":"idBindOutput"}
{"args":["81985529216486895","18446744073709551615"],"expected":"18446744073709551614","name":"idBindOutput"}
{"args":["3","17"],"expected":"38","name":"idBindOutput"}
{"args":["17","3"],"expected":"38","name":"idBindOutput"}
{"args":["0","0"],"expected":"18446744073709551613","name":"idConditional"}
{"args":["1","0"],"expected":"18446744073709551613","name":"idConditional"}
{"args":["18446744073709551615","0"],"expected":"18446744073709551613","name":"idConditional"}
{"args":["0","1"],"expected":"7","name":"idConditional"}
{"args":["1","1"],"expected":"18446744073709551614","name":"idConditional"}
{"args":["18446744073709551615","1"],"expected":"18446744073709551614","name":"idConditional"}
{"args":["9223372036854775808","2"],"expected":"18446744073709551615","name":"idConditional"}
{"args":["42","3"],"expected":"0","name":"idConditional"}
{"args":["18446744073709551615","63"],"expected":"60","name":"idConditional"}
{"args":["9223372036854775809","64"],"expected":"61","name":"idConditional"}
{"args":["18446744073709551615","65"],"expected":"62","name":"idConditional"}
{"args":["81985529216486895","18446744073709551615"],"expected":"81985529216486902","name":"idConditional"}
{"args":["3","17"],"expected":"10","name":"idConditional"}
{"args":["17","3"],"expected":"0","name":"idConditional"}
{"args":["0","0"],"expected":"0","name":"idFunctions"}
{"args":["1","0"],"expected":"0","name":"idFunctions"}
{"args":["18446744073709551615","0"],"expected":"0","name":"idFunctions"}
{"args":["0","1"],"expected":"1","name":"idFunctions"}
{"args":["1","1"],"expected":"2","name":"idFunctions"}
{"args":["18446744073709551615","1"],"expected":"2","name":"idFunctions"}
{"args":["9223372036854775808","2"],"expected":"2","name":"idFunctions"}
{"args":["42","3"],"expected":"6","name":"idFunctions"}
{"args":["18446744073709551615","63"],"expected":"61","name":"idFunctions"}
{"args":["9223372036854775809","64"],"expected":"66","name":"idFunctions"}
{"args":["18446744073709551615","65"],"expected":"63","name":"idFunctions"}
{"args":["81985529216486895","18446744073709551615"],"expected":"163971058432973789","name":"idFunctions"}
{"args":["3","17"],"expected":"23","name":"idFunctions"}
{"args":["17","3"],"expected":"6","name":"idFunctions"}
{"args":["0","0"],"expected":"1","name":"idUnused"}
{"args":["1","0"],"expected":"1","name":"idUnused"}
{"args":["18446744073709551615","0"],"expected":"1","name":"idUnused"}
{"args":["0","1"],"expected":"2","name":"idUnused"}
{"args":["1","1"],"expected":"2","name":"idUnused"}
{"args":["18446744073709551615","1"],"expected":"2","name":"idUnused"}
{"args":["9223372036854775808","2"],"expected":"3","name":"idUnused"}
{"args":["42","3"],"expected":"4","name":"idUnused"}
{"args":["18446744073709551615","63"],"expected":"64","name":"idUnused"}
{"args":["9223372036854775809","64"],"expected":"65","name":"idUnused"}
{"args":["18446744073709551615","65"],"expected":"66","name":"idUnused"}
{"args":["81985529216486895","18446744073709551615"],"expected":"0","name":"idUnused"}
{"args":["3","17"],"expected":"18","name":"idUnused"}
{"args":["17","3"],"expected":"4","name":"idUnused"}
{"args":["0","0"],"expected":"0","name":"manyOrder"}
{"args":["1","0"],"expected":"1","name":"manyOrder"}
{"args":["18446744073709551615","0"],"expected":"1","name":"manyOrder"}
{"args":["0","1"],"expected":"18446744073709551615","name":"manyOrder"}
{"args":["1","1"],"expected":"1","name":"manyOrder"}
{"args":["18446744073709551615","1"],"expected":"2","name":"manyOrder"}
{"args":["9223372036854775808","2"],"expected":"9223372036854775808","name":"manyOrder"}
{"args":["42","3"],"expected":"1","name":"manyOrder"}
{"args":["18446744073709551615","63"],"expected":"64","name":"manyOrder"}
{"args":["9223372036854775809","64"],"expected":"9223372036854775809","name":"manyOrder"}
{"args":["18446744073709551615","65"],"expected":"66","name":"manyOrder"}
{"args":["81985529216486895","18446744073709551615"],"expected":"81985529216486895","name":"manyOrder"}
{"args":["3","17"],"expected":"1024819115206086203","name":"manyOrder"}
{"args":["17","3"],"expected":"17","name":"manyOrder"}
{"args":["0","0"],"expected":"7","name":"manyFour"}
{"args":["1","0"],"expected":"10","name":"manyFour"}
{"args":["18446744073709551615","0"],"expected":"18446744073709551608","name":"manyFour"}
{"args":["0","1"],"expected":"18446744073709551615","name":"manyFour"}
{"args":["1","1"],"expected":"4","name":"manyFour"}
{"args":["18446744073709551615","1"],"expected":"18446744073709551611","name":"manyFour"}
{"args":["9223372036854775808","2"],"expected":"16140901064495857649","name":"manyFour"}
{"args":["42","3"],"expected":"630","name":"manyFour"}
{"args":["18446744073709551615","63"],"expected":"18446744073709551552","name":"manyFour"}
{"args":["9223372036854775809","64"],"expected":"9223372036854775690","name":"manyFour"}
{"args":["18446744073709551615","65"],"expected":"18446744073709551355","name":"manyFour"}
{"args":["81985529216486895","18446744073709551615"],"expected":"81985529216486896","name":"manyFour"}
{"args":["3","17"],"expected":"18446744073705881600","name":"manyFour"}
{"args":["17","3"],"expected":"227","name":"manyFour"}
{"args":["0","0"],"expected":"9","name":"manySix"}
{"args":["1","0"],"expected":"13","name":"manySix"}
{"args":["18446744073709551615","0"],"expected":"5","name":"manySix"}
{"args":["0","1"],"expected":"18446744073709551604","name":"manySix"}
{"args":["1","1"],"expected":"18446744073709551608","name":"manySix"}
{"args":["18446744073709551615","1"],"expected":"18446744073709551600","name":"manySix"}
{"args":["9223372036854775808","2"],"expected":"18446744073709551583","name":"manySix"}
{"args":["42","3"],"expected":"114","name":"manySix"}
{"args":["18446744073709551615","63"],"expected":"18446744073709550298","name":"manySix"}
{"args":["9223372036854775809","64"],"expected":"18446744073709550285","name":"manySix"}
{"args":["18446744073709551615","65"],"expected":"18446744073709550256","name":"manySix"}
{"args":["81985529216486895","18446744073709551615"],"expected":"327942116865947610","name":"manySix"}
{"args":["3","17"],"expected":"18446744073709551280","name":"manySix"}
{"args":["17","3"],"expected":"14","name":"manySix"}
{"args":["0","0"],"expected":"7","name":"manyCapture"}
{"args":["1","0"],"expected":"7","name":"manyCapture"}
{"args":["18446744073709551615","0"],"expected":"5","name":"manyCapture"}
{"args":["0","1"],"expected":"31","name":"manyCapture"}
{"args":["1","1"],"expected":"32","name":"manyCapture"}
{"args":["18446744073709551615","1"],"expected":"28","name":"manyCapture"}
{"args":["9223372036854775808","2"],"expected":"9223372036854775867","name":"manyCapture"}
{"args":["42","3"],"expected":"18446744073709550111","name":"manyCapture"}
{"args":["18446744073709551615","63"],"expected":"9266","name":"manyCapture"}
{"args":["9223372036854775809","64"],"expected":"9223372036854785479","name":"manyCapture"}
{"args":["18446744073709551615","65"],"expected":"9820","name":"manyCapture"}
{"args":["81985529216486895","18446744073709551615"],"expected":"2547381487788710610","name":"manyCapture"}
{"args":["3","17"],"expected":"1004","name":"manyCapture"}
{"args":["17","3"],"expected":"18446744073709551486","name":"manyCapture"}
{"args":["0","0"],"expected":"0","name":"manyChained"}
{"args":["1","0"],"expected":"18446744073709551613","name":"manyChained"}
{"args":["18446744073709551615","0"],"expected":"5","name":"manyChained"}
{"args":["0","1"],"expected":"3","name":"manyChained"}
{"args":["1","1"],"expected":"18446744073709551614","name":"manyChained"}
{"args":["18446744073709551615","1"],"expected":"6","name":"manyChained"}
{"args":["9223372036854775808","2"],"expected":"8","name":"manyChained"}
{"args":["42","3"],"expected":"1683","name":"manyChained"}
{"args":["18446744073709551615","63"],"expected":"18446744073709547778","name":"manyChained"}
{"args":["9223372036854775809","64"],"expected":"4349","name":"manyChained"}
{"args":["18446744073709551615","65"],"expected":"18446744073709547526","name":"manyChained"}
{"args":["81985529216486895","18446744073709551615"],"expected":"2219439370922763042","name":"manyChained"}
{"args":["3","17"],"expected":"382","name":"manyChained"}
{"args":["17","3"],"expected":"298","name":"manyChained"}
{"args":["0","0"],"expected":"0","name":"manyDo"}
{"args":["1","0"],"expected":"0","name":"manyDo"}
{"args":["18446744073709551615","0"],"expected":"1","name":"manyDo"}
{"args":["0","1"],"expected":"0","name":"manyDo"}
{"args":["1","1"],"expected":"0","name":"manyDo"}
{"args":["18446744073709551615","1"],"expected":"0","name":"manyDo"}
{"args":["9223372036854775808","2"],"expected":"0","name":"manyDo"}
{"args":["42","3"],"expected":"61","name":"manyDo"}
{"args":["18446744073709551615","63"],"expected":"194","name":"manyDo"}
{"args":["9223372036854775809","64"],"expected":"0","name":"manyDo"}
{"args":["18446744073709551615","65"],"expected":"192","name":"manyDo"}
{"args":["81985529216486895","18446744073709551615"],"expected":"81985529216486898","name":"manyDo"}
{"args":["3","17"],"expected":"0","name":"manyDo"}
{"args":["17","3"],"expected":"20","name":"manyDo"}
{"args":["0","0"],"expected":"0","name":"manyId"}
{"args":["1","0"],"expected":"1","name":"manyId"}
{"args":["18446744073709551615","0"],"expected":"18446744073709551615","name":"manyId"}
{"args":["0","1"],"expected":"0","name":"manyId"}
{"args":["1","1"],"expected":"2","name":"manyId"}
{"args":["18446744073709551615","1"],"expected":"1","name":"manyId"}
{"args":["9223372036854775808","2"],"expected":"9223372036854775810","name":"manyId"}
{"args":["42","3"],"expected":"45","name":"manyId"}
{"args":["18446744073709551615","63"],"expected":"63","name":"manyId"}
{"args":["9223372036854775809","64"],"expected":"9223372036854775873","name":"manyId"}
{"args":["18446744073709551615","65"],"expected":"65","name":"manyId"}
{"args":["81985529216486895","18446744073709551615"],"expected":"81985529216486895","name":"manyId"}
{"args":["3","17"],"expected":"3","name":"manyId"}
{"args":["17","3"],"expected":"20","name":"manyId"}
{"args":["0","0"],"expected":"0","name":"manyUnused"}
{"args":["1","0"],"expected":"1","name":"manyUnused"}
{"args":["18446744073709551615","0"],"expected":"18446744073709551615","name":"manyUnused"}
{"args":["0","1"],"expected":"1","name":"manyUnused"}
{"args":["1","1"],"expected":"0","name":"manyUnused"}
{"args":["18446744073709551615","1"],"expected":"18446744073709551614","name":"manyUnused"}
{"args":["9223372036854775808","2"],"expected":"9223372036854775810","name":"manyUnused"}
{"args":["42","3"],"expected":"41","name":"manyUnused"}
{"args":["18446744073709551615","63"],"expected":"18446744073709551552","name":"manyUnused"}
{"args":["9223372036854775809","64"],"expected":"9223372036854775873","name":"manyUnused"}
{"args":["18446744073709551615","65"],"expected":"18446744073709551550","name":"manyUnused"}
{"args":["81985529216486895","18446744073709551615"],"expected":"18364758544493064720","name":"manyUnused"}
{"args":["3","17"],"expected":"18","name":"manyUnused"}
{"args":["17","3"],"expected":"18","name":"manyUnused"}
{"args":["0","0"],"expected":"0","name":"rangeIndexed"}
{"args":["0","1"],"expected":"1","name":"rangeIndexed"}
{"args":["0","9223372036854775808"],"expected":"9223372036854775808","name":"rangeIndexed"}
{"args":["0","18446744073709551615"],"expected":"18446744073709551615","name":"rangeIndexed"}
{"args":["1","0"],"expected":"0","name":"rangeIndexed"}
{"args":["1","1"],"expected":"1","name":"rangeIndexed"}
{"args":["1","9223372036854775808"],"expected":"9223372036854775808","name":"rangeIndexed"}
{"args":["1","18446744073709551615"],"expected":"18446744073709551615","name":"rangeIndexed"}
{"args":["2","0"],"expected":"1","name":"rangeIndexed"}
{"args":["2","1"],"expected":"2","name":"rangeIndexed"}
{"args":["2","9223372036854775808"],"expected":"9223372036854775809","name":"rangeIndexed"}
{"args":["2","18446744073709551615"],"expected":"0","name":"rangeIndexed"}
{"args":["7","0"],"expected":"21","name":"rangeIndexed"}
{"args":["7","1"],"expected":"22","name":"rangeIndexed"}
{"args":["7","9223372036854775808"],"expected":"9223372036854775829","name":"rangeIndexed"}
{"args":["7","18446744073709551615"],"expected":"20","name":"rangeIndexed"}
{"args":["16","0"],"expected":"120","name":"rangeIndexed"}
{"args":["16","1"],"expected":"121","name":"rangeIndexed"}
{"args":["16","9223372036854775808"],"expected":"9223372036854775928","name":"rangeIndexed"}
{"args":["16","18446744073709551615"],"expected":"119","name":"rangeIndexed"}
{"args":["31","0"],"expected":"465","name":"rangeIndexed"}
{"args":["31","1"],"expected":"466","name":"rangeIndexed"}
{"args":["31","9223372036854775808"],"expected":"9223372036854776273","name":"rangeIndexed"}
{"args":["31","18446744073709551615"],"expected":"464","name":"rangeIndexed"}
{"args":["0","0"],"expected":"0","name":"rangeIndexFree"}
{"args":["0","1"],"expected":"1","name":"rangeIndexFree"}
{"args":["0","9223372036854775808"],"expected":"9223372036854775808","name":"rangeIndexFree"}
{"args":["0","18446744073709551615"],"expected":"18446744073709551615","name":"rangeIndexFree"}
{"args":["1","0"],"expected":"3","name":"rangeIndexFree"}
{"args":["1","1"],"expected":"4","name":"rangeIndexFree"}
{"args":["1","9223372036854775808"],"expected":"9223372036854775811","name":"rangeIndexFree"}
{"args":["1","18446744073709551615"],"expected":"2","name":"rangeIndexFree"}
{"args":["2","0"],"expected":"6","name":"rangeIndexFree"}
{"args":["2","1"],"expected":"7","name":"rangeIndexFree"}
{"args":["2","9223372036854775808"],"expected":"9223372036854775814","name":"rangeIndexFree"}
{"args":["2","18446744073709551615"],"expected":"5","name":"rangeIndexFree"}
{"args":["7","0"],"expected":"21","name":"rangeIndexFree"}
{"args":["7","1"],"expected":"22","name":"rangeIndexFree"}
{"args":["7","9223372036854775808"],"expected":"9223372036854775829","name":"rangeIndexFree"}
{"args":["7","18446744073709551615"],"expected":"20","name":"rangeIndexFree"}
{"args":["16","0"],"expected":"48","name":"rangeIndexFree"}
{"args":["16","1"],"expected":"49","name":"rangeIndexFree"}
{"args":["16","9223372036854775808"],"expected":"9223372036854775856","name":"rangeIndexFree"}
{"args":["16","18446744073709551615"],"expected":"47","name":"rangeIndexFree"}
{"args":["31","0"],"expected":"93","name":"rangeIndexFree"}
{"args":["31","1"],"expected":"94","name":"rangeIndexFree"}
{"args":["31","9223372036854775808"],"expected":"9223372036854775901","name":"rangeIndexFree"}
{"args":["31","18446744073709551615"],"expected":"92","name":"rangeIndexFree"}
{"args":["0","0"],"expected":"0","name":"rangeBindings"}
{"args":["0","1"],"expected":"1","name":"rangeBindings"}
{"args":["0","9223372036854775808"],"expected":"9223372036854775808","name":"rangeBindings"}
{"args":["0","18446744073709551615"],"expected":"18446744073709551615","name":"rangeBindings"}
{"args":["1","0"],"expected":"0","name":"rangeBindings"}
{"args":["1","1"],"expected":"7","name":"rangeBindings"}
{"args":["1","9223372036854775808"],"expected":"9223372036854775808","name":"rangeBindings"}
{"args":["1","18446744073709551615"],"expected":"18446744073709551609","name":"rangeBindings"}
{"args":["2","0"],"expected":"6","name":"rangeBindings"}
{"args":["2","1"],"expected":"62","name":"rangeBindings"}
{"args":["2","9223372036854775808"],"expected":"6","name":"rangeBindings"}
{"args":["2","18446744073709551615"],"expected":"18446744073709551566","name":"rangeBindings"}
{"args":["7","0"],"expected":"124041","name":"rangeBindings"}
{"args":["7","1"],"expected":"1065625","name":"rangeBindings"}
{"args":["7","9223372036854775808"],"expected":"9223372036854899849","name":"rangeBindings"}
{"args":["7","18446744073709551615"],"expected":"18446744073708708853","name":"rangeBindings"}
{"args":["16","0"],"expected":"5005843035598","name":"rangeBindings"}
{"args":["16","1"],"expected":"43002112172122","name":"rangeBindings"}
{"args":["16","9223372036854775808"],"expected":"4611691024270423502","name":"rangeBindings"}
{"args":["16","18446744073709551615"],"expected":"18446710065420272903","name":"rangeBindings"}
{"args":["31","0"],"expected":"17034723657100040881","name":"rangeBindings"}
{"args":["31","1"],"expected":"1523097359056547281","name":"rangeBindings"}
{"args":["31","9223372036854775808"],"expected":"7811351620245265073","name":"rangeBindings"}
{"args":["31","18446744073709551615"],"expected":"10472155936103325933","name":"rangeBindings"}
{"args":["0","0"],"expected":"0","name":"rangeChoice"}
{"args":["0","1"],"expected":"1","name":"rangeChoice"}
{"args":["0","9223372036854775808"],"expected":"9223372036854775808","name":"rangeChoice"}
{"args":["0","18446744073709551615"],"expected":"18446744073709551615","name":"rangeChoice"}
{"args":["1","0"],"expected":"0","name":"rangeChoice"}
{"args":["1","1"],"expected":"1","name":"rangeChoice"}
{"args":["1","9223372036854775808"],"expected":"9223372036854775808","name":"rangeChoice"}
{"args":["1","18446744073709551615"],"expected":"18446744073709551613","name":"rangeChoice"}
{"args":["2","0"],"expected":"1","name":"rangeChoice"}
{"args":["2","1"],"expected":"2","name":"rangeChoice"}
{"args":["2","9223372036854775808"],"expected":"9223372036854775809","name":"rangeChoice"}
{"args":["2","18446744073709551615"],"expected":"18446744073709551606","name":"rangeChoice"}
{"args":["7","0"],"expected":"87","name":"rangeChoice"}
{"args":["7","1"],"expected":"164","name":"rangeChoice"}
{"args":["7","9223372036854775808"],"expected":"9223372036854775837","name":"rangeChoice"}
{"args":["7","18446744073709551615"],"expected":"18446744073709549120","name":"rangeChoice"}
{"args":["16","0"],"expected":"1703114","name":"rangeChoice"}
{"args":["16","1"],"expected":"3234483","name":"rangeChoice"}
{"args":["16","9223372036854775808"],"expected":"9223372036855313984","name":"rangeChoice"}
{"args":["16","18446744073709551615"],"expected":"18446744073660490159","name":"rangeChoice"}
{"args":["31","0"],"expected":"24437771413287","name":"rangeChoice"}
{"args":["31","1"],"expected":"46411186312372","name":"rangeChoice"}
{"args":["31","9223372036854775808"],"expected":"9223379759149561845","name":"rangeChoice"}
{"args":["31","18446744073709551615"],"expected":"18446040095468427712","name":"rangeChoice"}
{"args":["0","0"],"expected":"0","name":"rangeBeforeAfter"}
{"args":["0","1"],"expected":"6","name":"rangeBeforeAfter"}
{"args":["0","9223372036854775808"],"expected":"0","name":"rangeBeforeAfter"}
{"args":["0","18446744073709551615"],"expected":"18446744073709551610","name":"rangeBeforeAfter"}
{"args":["1","0"],"expected":"0","name":"rangeBeforeAfter"}
{"args":["1","1"],"expected":"6","name":"rangeBeforeAfter"}
{"args":["1","9223372036854775808"],"expected":"0","name":"rangeBeforeAfter"}
{"args":["1","18446744073709551615"],"expected":"18446744073709551610","name":"rangeBeforeAfter"}
{"args":["2","0"],"expected":"0","name":"rangeBeforeAfter"}
{"args":["2","1"],"expected":"9","name":"rangeBeforeAfter"}
{"args":["2","9223372036854775808"],"expected":"9223372036854775808","name":"rangeBeforeAfter"}
{"args":["2","18446744073709551615"],"expected":"18446744073709551607","name":"rangeBeforeAfter"}
{"args":["7","0"],"expected":"0","name":"rangeBeforeAfter"}
{"args":["7","1"],"expected":"69","name":"rangeBeforeAfter"}
{"args":["7","9223372036854775808"],"expected":"9223372036854775808","name":"rangeBeforeAfter"}
{"args":["7","18446744073709551615"],"expected":"18446744073709551547","name":"rangeBeforeAfter"}
{"args":["16","0"],"expected":"0","name":"rangeBeforeAfter"}
{"args":["16","1"],"expected":"366","name":"rangeBeforeAfter"}
{"args":["16","9223372036854775808"],"expected":"0","name":"rangeBeforeAfter"}
{"args":["16","18446744073709551615"],"expected":"18446744073709551250","name":"rangeBeforeAfter"}
{"args":["31","0"],"expected":"0","name":"rangeBeforeAfter"}
{"args":["31","1"],"expected":"279","name":"rangeBeforeAfter"}
{"args":["31","9223372036854775808"],"expected":"9223372036854775808","name":"rangeBeforeAfter"}
{"args":["31","18446744073709551615"],"expected":"18446744073709551337","name":"rangeBeforeAfter"}
{"args":["0","0"],"expected":"0","name":"rangeCaptured"}
{"args":["0","1"],"expected":"0","name":"rangeCaptured"}
{"args":["0","9223372036854775808"],"expected":"0","name":"rangeCaptured"}
{"args":["0","18446744073709551615"],"expected":"0","name":"rangeCaptured"}
{"args":["1","0"],"expected":"0","name":"rangeCaptured"}
{"args":["1","1"],"expected":"1","name":"rangeCaptured"}
{"args":["1","9223372036854775808"],"expected":"9223372036854775808","name":"rangeCaptured"}
{"args":["1","18446744073709551615"],"expected":"18446744073709551615","name":"rangeCaptured"}
{"args":["2","0"],"expected":"3","name":"rangeCaptured"}
{"args":["2","1"],"expected":"3","name":"rangeCaptured"}
{"args":["2","9223372036854775808"],"expected":"3","name":"rangeCaptured"}
{"args":["2","18446744073709551615"],"expected":"18446744073709551615","name":"rangeCaptured"}
{"args":["7","0"],"expected":"33","name":"rangeCaptured"}
{"args":["7","1"],"expected":"54","name":"rangeCaptured"}
{"args":["7","9223372036854775808"],"expected":"9223372036854775841","name":"rangeCaptured"}
{"args":["7","18446744073709551615"],"expected":"44","name":"rangeCaptured"}
{"args":["16","0"],"expected":"240","name":"rangeCaptured"}
{"args":["16","1"],"expected":"240","name":"rangeCaptured"}
{"args":["16","9223372036854775808"],"expected":"240","name":"rangeCaptured"}
{"args":["16","18446744073709551615"],"expected":"224","name":"rangeCaptured"}
{"args":["31","0"],"expected":"801","name":"rangeCaptured"}
{"args":["31","1"],"expected":"990","name":"rangeCaptured"}
{"args":["31","9223372036854775808"],"expected":"9223372036854776609","name":"rangeCaptured"}
{"args":["31","18446744073709551615"],"expected":"932","name":"rangeCaptured"}
{"args":["0","0"],"expected":"0","name":"rangeLocalFunction"}
{"args":["0","1"],"expected":"1","name":"rangeLocalFunction"}
{"args":["0","9223372036854775808"],"expected":"9223372036854775808","name":"rangeLocalFunction"}
{"args":["0","18446744073709551615"],"expected":"18446744073709551615","name":"rangeLocalFunction"}
{"args":["1","0"],"expected":"0","name":"rangeLocalFunction"}
{"args":["1","1"],"expected":"0","name":"rangeLocalFunction"}
{"args":["1","9223372036854775808"],"expected":"0","name":"rangeLocalFunction"}
{"args":["1","18446744073709551615"],"expected":"0","name":"rangeLocalFunction"}
{"args":["2","0"],"expected":"1","name":"rangeLocalFunction"}
{"args":["2","1"],"expected":"0","name":"rangeLocalFunction"}
{"args":["2","9223372036854775808"],"expected":"9223372036854775809","name":"rangeLocalFunction"}
{"args":["2","18446744073709551615"],"expected":"18446744073709551614","name":"rangeLocalFunction"}
{"args":["7","0"],"expected":"21","name":"rangeLocalFunction"}
{"args":["7","1"],"expected":"21","name":"rangeLocalFunction"}
{"args":["7","9223372036854775808"],"expected":"21","name":"rangeLocalFunction"}
{"args":["7","18446744073709551615"],"expected":"18446744073709551613","name":"rangeLocalFunction"}
{"args":["16","0"],"expected":"120","name":"rangeLocalFunction"}
{"args":["16","1"],"expected":"121","name":"rangeLocalFunction"}
{"args":["16","9223372036854775808"],"expected":"9223372036854775928","name":"rangeLocalFunction"}
{"args":["16","18446744073709551615"],"expected":"18446744073709551607","name":"rangeLocalFunction"}
{"args":["31","0"],"expected":"465","name":"rangeLocalFunction"}
{"args":["31","1"],"expected":"465","name":"rangeLocalFunction"}
{"args":["31","9223372036854775808"],"expected":"465","name":"rangeLocalFunction"}
{"args":["31","18446744073709551615"],"expected":"18446744073709551601","name":"rangeLocalFunction"}
{"args":["0","0"],"expected":"0","name":"rangeChainedFunctions"}
{"args":["0","1"],"expected":"1","name":"rangeChainedFunctions"}
{"args":["0","9223372036854775808"],"expected":"9223372036854775808","name":"rangeChainedFunctions"}
{"args":["0","18446744073709551615"],"expected":"18446744073709551615","name":"rangeChainedFunctions"}
{"args":["1","0"],"expected":"0","name":"rangeChainedFunctions"}
{"args":["1","1"],"expected":"3","name":"rangeChainedFunctions"}
{"args":["1","9223372036854775808"],"expected":"1","name":"rangeChainedFunctions"}
{"args":["1","18446744073709551615"],"expected":"18446744073709551615","name":"rangeChainedFunctions"}
{"args":["2","0"],"expected":"1","name":"rangeChainedFunctions"}
{"args":["2","1"],"expected":"10","name":"rangeChainedFunctions"}
{"args":["2","9223372036854775808"],"expected":"4","name":"rangeChainedFunctions"}
{"args":["2","18446744073709551615"],"expected":"18446744073709551615","name":"rangeChainedFunctions"}
{"args":["7","0"],"expected":"144","name":"rangeChainedFunctions"}
{"args":["7","1"],"expected":"2430","name":"rangeChainedFunctions"}
{"args":["7","9223372036854775808"],"expected":"224","name":"rangeChainedFunctions"}
{"args":["7","18446744073709551615"],"expected":"18446744073709551615","name":"rangeChainedFunctions"}
{"args":["16","0"],"expected":"73728","name":"rangeChainedFunctions"}
{"args":["16","1"],"expected":"47829690","name":"rangeChainedFunctions"}
{"args":["16","9223372036854775808"],"expected":"114688","name":"rangeChainedFunctions"}
{"args":["16","18446744073709551615"],"expected":"18446744073709551615","name":"rangeChainedFunctions"}
{"args":["31","0"],"expected":"2415919104","name":"rangeChainedFunctions"}
{"args":["31","1"],"expected":"686303773648830","name":"rangeChainedFunctions"}
{"args":["31","9223372036854775808"],"expected":"3758096384","name":"rangeChainedFunctions"}
{"args":["31","18446744073709551615"],"expected":"18446744073709551615","name":"rangeChainedFunctions"}
{"args":["0","0"],"expected":"0","name":"rangeUnusedFunction"}
{"args":["0","1"],"expected":"1","name":"rangeUnusedFunction"}
{"args":["0","9223372036854775808"],"expected":"9223372036854775808","name":"rangeUnusedFunction"}
{"args":["0","18446744073709551615"],"expected":"18446744073709551615","name":"rangeUnusedFunction"}
{"args":["1","0"],"expected":"0","name":"rangeUnusedFunction"}
{"args":["1","1"],"expected":"1","name":"rangeUnusedFunction"}
{"args":["1","9223372036854775808"],"expected":"9223372036854775808","name":"rangeUnusedFunction"}
{"args":["1","18446744073709551615"],"expected":"18446744073709551615","name":"rangeUnusedFunction"}
{"args":["2","0"],"expected":"1","name":"rangeUnusedFunction"}
{"args":["2","1"],"expected":"2","name":"rangeUnusedFunction"}
{"args":["2","9223372036854775808"],"expected":"9223372036854775809","name":"rangeUnusedFunction"}
{"args":["2","18446744073709551615"],"expected":"0","name":"rangeUnusedFunction"}
{"args":["7","0"],"expected":"21","name":"rangeUnusedFunction"}
{"args":["7","1"],"expected":"22","name":"rangeUnusedFunction"}
{"args":["7","9223372036854775808"],"expected":"9223372036854775829","name":"rangeUnusedFunction"}
{"args":["7","18446744073709551615"],"expected":"20","name":"rangeUnusedFunction"}
{"args":["16","0"],"expected":"120","name":"rangeUnusedFunction"}
{"args":["16","1"],"expected":"121","name":"rangeUnusedFunction"}
{"args":["16","9223372036854775808"],"expected":"9223372036854775928","name":"rangeUnusedFunction"}
{"args":["16","18446744073709551615"],"expected":"119","name":"rangeUnusedFunction"}
{"args":["31","0"],"expected":"465","name":"rangeUnusedFunction"}
{"args":["31","1"],"expected":"466","name":"rangeUnusedFunction"}
{"args":["31","9223372036854775808"],"expected":"9223372036854776273","name":"rangeUnusedFunction"}
{"args":["31","18446744073709551615"],"expected":"464","name":"rangeUnusedFunction"}
{"args":["0","0"],"expected":"0","name":"rangeMonadic"}
{"args":["0","1"],"expected":"1","name":"rangeMonadic"}
{"args":["0","9223372036854775808"],"expected":"9223372036854775808","name":"rangeMonadic"}
{"args":["0","18446744073709551615"],"expected":"18446744073709551615","name":"rangeMonadic"}
{"args":["1","0"],"expected":"0","name":"rangeMonadic"}
{"args":["1","1"],"expected":"2","name":"rangeMonadic"}
{"args":["1","9223372036854775808"],"expected":"9223372036854775808","name":"rangeMonadic"}
{"args":["1","18446744073709551615"],"expected":"18446744073709551615","name":"rangeMonadic"}
{"args":["2","0"],"expected":"0","name":"rangeMonadic"}
{"args":["2","1"],"expected":"4","name":"rangeMonadic"}
{"args":["2","9223372036854775808"],"expected":"1","name":"rangeMonadic"}
{"args":["2","18446744073709551615"],"expected":"18446744073709551615","name":"rangeMonadic"}
{"args":["7","0"],"expected":"0","name":"rangeMonadic"}
{"args":["7","1"],"expected":"12","name":"rangeMonadic"}
{"args":["7","9223372036854775808"],"expected":"5687746089393778431","name":"rangeMonadic"}
{"args":["7","18446744073709551615"],"expected":"8301034833169298225","name":"rangeMonadic"}
{"args":["16","0"],"expected":"0","name":"rangeMonadic"}
{"args":["16","1"],"expected":"23","name":"rangeMonadic"}
{"args":["16","9223372036854775808"],"expected":"13695745107128649097","name":"rangeMonadic"}
{"args":["16","18446744073709551615"],"expected":"5870288794929487894","name":"rangeMonadic"}
{"args":["31","0"],"expected":"0","name":"rangeMonadic"}
{"args":["31","1"],"expected":"23","name":"rangeMonadic"}
{"args":["31","9223372036854775808"],"expected":"1490993116315850421","name":"rangeMonadic"}
{"args":["31","18446744073709551615"],"expected":"18354272960722993729","name":"rangeMonadic"}
{"args":["0","0"],"expected":"0","name":"rangeNestedDo"}
{"args":["0","1"],"expected":"1","name":"rangeNestedDo"}
{"args":["0","9223372036854775808"],"expected":"9223372036854775808","name":"rangeNestedDo"}
{"args":["0","18446744073709551615"],"expected":"18446744073709551615","name":"rangeNestedDo"}
{"args":["1","0"],"expected":"0","name":"rangeNestedDo"}
{"args":["1","1"],"expected":"3","name":"rangeNestedDo"}
{"args":["1","9223372036854775808"],"expected":"9223372036854775808","name":"rangeNestedDo"}
{"args":["1","18446744073709551615"],"expected":"18446744073709551613","name":"rangeNestedDo"}
{"args":["2","0"],"expected":"3","name":"rangeNestedDo"}
{"args":["2","1"],"expected":"12","name":"rangeNestedDo"}
{"args":["2","9223372036854775808"],"expected":"9223372036854775811","name":"rangeNestedDo"}
{"args":["2","18446744073709551615"],"expected":"18446744073709551610","name":"rangeNestedDo"}
{"args":["7","0"],"expected":"1629","name":"rangeNestedDo"}
{"args":["7","1"],"expected":"3816","name":"rangeNestedDo"}
{"args":["7","9223372036854775808"],"expected":"9223372036854777437","name":"rangeNestedDo"}
{"args":["7","18446744073709551615"],"expected":"18446744073709551058","name":"rangeNestedDo"}
{"args":["16","0"],"expected":"32285016","name":"rangeNestedDo"}
{"args":["16","1"],"expected":"75331737","name":"rangeNestedDo"}
{"args":["16","9223372036854775808"],"expected":"9223372036887060824","name":"rangeNestedDo"}
{"args":["16","18446744073709551615"],"expected":"18446744073698789911","name":"rangeNestedDo"}
{"args":["31","0"],"expected":"463255047212913","name":"rangeNestedDo"}
{"args":["31","1"],"expected":"1080928443496860","name":"rangeNestedDo"}
{"args":["31","9223372036854775808"],"expected":"9223835291901988721","name":"rangeNestedDo"}
{"args":["31","18446744073709551615"],"expected":"18446589655360480582","name":"rangeNestedDo"}
{"args":["0","0"],"expected":"0","name":"rangeUnusedBind"}
{"args":["0","1"],"expected":"1","name":"rangeUnusedBind"}
{"args":["0","9223372036854775808"],"expected":"9223372036854775808","name":"rangeUnusedBind"}
{"args":["0","18446744073709551615"],"expected":"18446744073709551615","name":"rangeUnusedBind"}
{"args":["1","0"],"expected":"1","name":"rangeUnusedBind"}
{"args":["1","1"],"expected":"2","name":"rangeUnusedBind"}
{"args":["1","9223372036854775808"],"expected":"9223372036854775809","name":"rangeUnusedBind"}
{"args":["1","18446744073709551615"],"expected":"0","name":"rangeUnusedBind"}
{"args":["2","0"],"expected":"3","name":"rangeUnusedBind"}
{"args":["2","1"],"expected":"4","name":"rangeUnusedBind"}
{"args":["2","9223372036854775808"],"expected":"9223372036854775811","name":"rangeUnusedBind"}
{"args":["2","18446744073709551615"],"expected":"2","name":"rangeUnusedBind"}
{"args":["7","0"],"expected":"28","name":"rangeUnusedBind"}
{"args":["7","1"],"expected":"29","name":"rangeUnusedBind"}
{"args":["7","9223372036854775808"],"expected":"9223372036854775836","name":"rangeUnusedBind"}
{"args":["7","18446744073709551615"],"expected":"27","name":"rangeUnusedBind"}
{"args":["16","0"],"expected":"136","name":"rangeUnusedBind"}
{"args":["16","1"],"expected":"137","name":"rangeUnusedBind"}
{"args":["16","9223372036854775808"],"expected":"9223372036854775944","name":"rangeUnusedBind"}
{"args":["16","18446744073709551615"],"expected":"135","name":"rangeUnusedBind"}
{"args":["31","0"],"expected":"496","name":"rangeUnusedBind"}
{"args":["31","1"],"expected":"497","name":"rangeUnusedBind"}
{"args":["31","9223372036854775808"],"expected":"9223372036854776304","name":"rangeUnusedBind"}
{"args":["31","18446744073709551615"],"expected":"495","name":"rangeUnusedBind"}
{"args":["0","0"],"expected":"0","name":"rangeMonadicJoined"}
{"args":["0","1"],"expected":"1","name":"rangeMonadicJoined"}
{"args":["0","9223372036854775808"],"expected":"9223372036854775808","name":"rangeMonadicJoined"}
{"args":["0","18446744073709551615"],"expected":"18446744073709551615","name":"rangeMonadicJoined"}
{"args":["1","0"],"expected":"0","name":"rangeMonadicJoined"}
{"args":["1","1"],"expected":"2","name":"rangeMonadicJoined"}
{"args":["1","9223372036854775808"],"expected":"9223372036854775808","name":"rangeMonadicJoined"}
{"args":["1","18446744073709551615"],"expected":"18446744073709551615","name":"rangeMonadicJoined"}
{"args":["2","0"],"expected":"0","name":"rangeMonadicJoined"}
{"args":["2","1"],"expected":"4","name":"rangeMonadicJoined"}
{"args":["2","9223372036854775808"],"expected":"1","name":"rangeMonadicJoined"}
{"args":["2","18446744073709551615"],"expected":"18446744073709551615","name":"rangeMonadicJoined"}
{"args":["7","0"],"expected":"0","name":"rangeMonadicJoined"}
{"args":["7","1"],"expected":"12","name":"rangeMonadicJoined"}
{"args":["7","9223372036854775808"],"expected":"5687746089393778431","name":"rangeMonadicJoined"}
{"args":["7","18446744073709551615"],"expected":"8301034833169298225","name":"rangeMonadicJoined"}
{"args":["16","0"],"expected":"0","name":"rangeMonadicJoined"}
{"args":["16","1"],"expected":"23","name":"rangeMonadicJoined"}
{"args":["16","9223372036854775808"],"expected":"13695745107128649097","name":"rangeMonadicJoined"}
{"args":["16","18446744073709551615"],"expected":"5870288794929487894","name":"rangeMonadicJoined"}
{"args":["31","0"],"expected":"0","name":"rangeMonadicJoined"}
{"args":["31","1"],"expected":"23","name":"rangeMonadicJoined"}
{"args":["31","9223372036854775808"],"expected":"1490993116315850421","name":"rangeMonadicJoined"}
{"args":["31","18446744073709551615"],"expected":"18354272960722993729","name":"rangeMonadicJoined"}
{"args":["0","0"],"expected":"0","name":"rangeBranchUpdates"}
{"args":["0","1"],"expected":"1","name":"rangeBranchUpdates"}
{"args":["0","9223372036854775808"],"expected":"9223372036854775808","name":"rangeBranchUpdates"}
{"args":["0","18446744073709551615"],"expected":"18446744073709551615","name":"rangeBranchUpdates"}
{"args":["1","0"],"expected":"0","name":"rangeBranchUpdates"}
{"args":["1","1"],"expected":"3","name":"rangeBranchUpdates"}
{"args":["1","9223372036854775808"],"expected":"9223372036854775808","name":"rangeBranchUpdates"}
{"args":["1","18446744073709551615"],"expected":"18446744073709551613","name":"rangeBranchUpdates"}
{"args":["2","0"],"expected":"3","name":"rangeBranchUpdates"}
{"args":["2","1"],"expected":"6","name":"rangeBranchUpdates"}
{"args":["2","9223372036854775808"],"expected":"9223372036854775811","name":"rangeBranchUpdates"}
{"args":["2","18446744073709551615"],"expected":"18446744073709551610","name":"rangeBranchUpdates"}
{"args":["7","0"],"expected":"1383505805528216365","name":"rangeBranchUpdates"}
{"args":["7","1"],"expected":"1383505805528216366","name":"rangeBranchUpdates"}
{"args":["7","9223372036854775808"],"expected":"1037629354146162284","name":"rangeBranchUpdates"}
{"args":["7","18446744073709551615"],"expected":"691752902764108190","name":"rangeBranchUpdates"}
{"args":["16","0"],"expected":"14993573870026","name":"rangeBranchUpdates"}
{"args":["16","1"],"expected":"14993573870026","name":"rangeBranchUpdates"}
{"args":["16","9223372036854775808"],"expected":"11245180402526","name":"rangeBranchUpdates"}
{"args":["16","18446744073709551615"],"expected":"7496786935018","name":"rangeBranchUpdates"}
{"args":["31","0"],"expected":"614891469123651718","name":"rangeBranchUpdates"}
{"args":["31","1"],"expected":"614891469123651718","name":"rangeBranchUpdates"}
{"args":["31","9223372036854775808"],"expected":"4","name":"rangeBranchUpdates"}
{"args":["31","18446744073709551615"],"expected":"3","name":"rangeBranchUpdates"}
{"args":["0","0"],"expected":"0","name":"rangeContinue"}
{"args":["0","1"],"expected":"1","name":"rangeContinue"}
{"args":["0","9223372036854775808"],"expected":"9223372036854775808","name":"rangeContinue"}
{"args":["0","18446744073709551615"],"expected":"18446744073709551615","name":"rangeContinue"}
{"args":["1","0"],"expected":"0","name":"rangeContinue"}
{"args":["1","1"],"expected":"1","name":"rangeContinue"}
{"args":["1","9223372036854775808"],"expected":"9223372036854775808","name":"rangeContinue"}
{"args":["1","18446744073709551615"],"expected":"18446744073709551615","name":"rangeContinue"}
{"args":["2","0"],"expected":"1","name":"rangeContinue"}
{"args":["2","1"],"expected":"4","name":"rangeContinue"}
{"args":["2","9223372036854775808"],"expected":"9223372036854775809","name":"rangeContinue"}
{"args":["2","18446744073709551615"],"expected":"18446744073709551614","name":"rangeContinue"}
{"args":["7","0"],"expected":"13","name":"rangeContinue"}
{"args":["7","1"],"expected":"16","name":"rangeContinue"}
{"args":["7","9223372036854775808"],"expected":"9223372036854775821","name":"rangeContinue"}
{"args":["7","18446744073709551615"],"expected":"18446744073709551610","name":"rangeContinue"}
{"args":["16","0"],"expected":"1010","name":"rangeContinue"}
{"args":["16","1"],"expected":"499","name":"rangeContinue"}
{"args":["16","9223372036854775808"],"expected":"9223372036854776818","name":"rangeContinue"}
{"args":["16","18446744073709551615"],"expected":"18446744073709551605","name":"rangeContinue"}
{"args":["31","0"],"expected":"1048549","name":"rangeContinue"}
{"args":["31","1"],"expected":"524264","name":"rangeContinue"}
{"args":["31","9223372036854775808"],"expected":"9223372036855824357","name":"rangeContinue"}
{"args":["31","18446744073709551615"],"expected":"18446744073709551586","name":"rangeContinue"}
{"args":["0","0"],"expected":"0","name":"rangeNestedBranches"}
{"args":["0","1"],"expected":"1","name":"rangeNestedBranches"}
{"args":["0","9223372036854775808"],"expected":"9223372036854775808","name":"rangeNestedBranches"}
{"args":["0","18446744073709551615"],"expected":"18446744073709551615","name":"rangeNestedBranches"}
{"args":["1","0"],"expected":"1","name":"rangeNestedBranches"}
{"args":["1","1"],"expected":"5","name":"rangeNestedBranches"}
{"args":["1","9223372036854775808"],"expected":"1","name":"rangeNestedBranches"}
{"args":["1","18446744073709551615"],"expected":"18446744073709551603","name":"rangeNestedBranches"}
{"args":["2","0"],"expected":"5","name":"rangeNestedBranches"}
{"args":["2","1"],"expected":"13","name":"rangeNestedBranches"}
{"args":["2","9223372036854775808"],"expected":"5","name":"rangeNestedBranches"}
{"args":["2","18446744073709551615"],"expected":"18446744073709551433","name":"rangeNestedBranches"}
{"args":["7","0"],"expected":"36570","name":"rangeNestedBranches"}
{"args":["7","1"],"expected":"430480","name":"rangeNestedBranches"}
{"args":["7","9223372036854775808"],"expected":"36570","name":"rangeNestedBranches"}
{"args":["7","18446744073709551615"],"expected":"18446744073703394274","name":"rangeNestedBranches"}
{"args":["16","0"],"expected":"1475724534405","name":"rangeNestedBranches"}
{"args":["16","1"],"expected":"17371469974977","name":"rangeNestedBranches"}
{"args":["16","9223372036854775808"],"expected":"1475724534405","name":"rangeNestedBranches"}
{"args":["16","18446744073709551615"],"expected":"18446495602740199385","name":"rangeNestedBranches"}
{"args":["31","0"],"expected":"1152893501436755872","name":"rangeNestedBranches"}
{"args":["31","1"],"expected":"12991235528316903064","name":"rangeNestedBranches"}
{"args":["31","9223372036854775808"],"expected":"1152893501436755872","name":"rangeNestedBranches"}
{"args":["31","18446744073709551615"],"expected":"17445845747281775980","name":"rangeNestedBranches"}
{"args":["0","0"],"expected":"0","name":"rangeBreak"}
{"args":["0","1"],"expected":"1","name":"rangeBreak"}
{"args":["0","9223372036854775808"],"expected":"9223372036854775808","name":"rangeBreak"}
{"args":["0","18446744073709551615"],"expected":"18446744073709551615","name":"rangeBreak"}
{"args":["1","0"],"expected":"0","name":"rangeBreak"}
{"args":["1","1"],"expected":"4","name":"rangeBreak"}
{"args":["1","9223372036854775808"],"expected":"9223372036854775811","name":"rangeBreak"}
{"args":["1","18446744073709551615"],"expected":"2","name":"rangeBreak"}
{"args":["2","0"],"expected":"0","name":"rangeBreak"}
{"args":["2","1"],"expected":"7","name":"rangeBreak"}
{"args":["2","9223372036854775808"],"expected":"9223372036854775814","name":"rangeBreak"}
{"args":["2","18446744073709551615"],"expected":"5","name":"rangeBreak"}
{"args":["7","0"],"expected":"0","name":"rangeBreak"}
{"args":["7","1"],"expected":"10","name":"rangeBreak"}
{"args":["7","9223372036854775808"],"expected":"9223372036854775817","name":"rangeBreak"}
{"args":["7","18446744073709551615"],"expected":"11","name":"rangeBreak"}
{"args":["16","0"],"expected":"0","name":"rangeBreak"}
{"args":["16","1"],"expected":"10","name":"rangeBreak"}
{"args":["16","9223372036854775808"],"expected":"9223372036854775817","name":"rangeBreak"}
{"args":["16","18446744073709551615"],"expected":"11","name":"rangeBreak"}
{"args":["31","0"],"expected":"0","name":"rangeBreak"}
{"args":["31","1"],"expected":"10","name":"rangeBreak"}
{"args":["31","9223372036854775808"],"expected":"9223372036854775817","name":"rangeBreak"}
{"args":["31","18446744073709551615"],"expected":"11","name":"rangeBreak"}
{"args":["0","0"],"expected":"0","name":"rangeBreakUpdated"}
{"args":["0","1"],"expected":"1","name":"rangeBreakUpdated"}
{"args":["0","9223372036854775808"],"expected":"9223372036854775808","name":"rangeBreakUpdated"}
{"args":["0","18446744073709551615"],"expected":"18446744073709551615","name":"rangeBreakUpdated"}
{"args":["1","0"],"expected":"0","name":"rangeBreakUpdated"}
{"args":["1","1"],"expected":"1","name":"rangeBreakUpdated"}
{"args":["1","9223372036854775808"],"expected":"9223372036854775808","name":"rangeBreakUpdated"}
{"args":["1","18446744073709551615"],"expected":"18446744073709551613","name":"rangeBreakUpdated"}
{"args":["2","0"],"expected":"0","name":"rangeBreakUpdated"}
{"args":["2","1"],"expected":"1","name":"rangeBreakUpdated"}
{"args":["2","9223372036854775808"],"expected":"9223372036854775811","name":"rangeBreakUpdated"}
{"args":["2","18446744073709551615"],"expected":"18446744073709551610","name":"rangeBreakUpdated"}
{"args":["7","0"],"expected":"0","name":"rangeBreakUpdated"}
{"args":["7","1"],"expected":"1","name":"rangeBreakUpdated"}
{"args":["7","9223372036854775808"],"expected":"9223372036854777437","name":"rangeBreakUpdated"}
{"args":["7","18446744073709551615"],"expected":"18446744073709551058","name":"rangeBreakUpdated"}
{"args":["16","0"],"expected":"0","name":"rangeBreakUpdated"}
{"args":["16","1"],"expected":"1","name":"rangeBreakUpdated"}
{"args":["16","9223372036854775808"],"expected":"9223372036887060824","name":"rangeBreakUpdated"}
{"args":["16","18446744073709551615"],"expected":"18446744073698789911","name":"rangeBreakUpdated"}
{"args":["31","0"],"expected":"0","name":"rangeBreakUpdated"}
{"args":["31","1"],"expected":"1","name":"rangeBreakUpdated"}
{"args":["31","9223372036854775808"],"expected":"9223835291901988721","name":"rangeBreakUpdated"}
{"args":["31","18446744073709551615"],"expected":"18446589655360480582","name":"rangeBreakUpdated"}
{"args":["0","0"],"expected":"0","name":"rangeBreakJoined"}
{"args":["0","1"],"expected":"1","name":"rangeBreakJoined"}
{"args":["0","9223372036854775808"],"expected":"9223372036854775808","name":"rangeBreakJoined"}
{"args":["0","18446744073709551615"],"expected":"18446744073709551615","name":"rangeBreakJoined"}
{"args":["1","0"],"expected":"0","name":"rangeBreakJoined"}
{"args":["1","1"],"expected":"1","name":"rangeBreakJoined"}
{"args":["1","9223372036854775808"],"expected":"9223372036854775808","name":"rangeBreakJoined"}
{"args":["1","18446744073709551615"],"expected":"18446744073709551615","name":"rangeBreakJoined"}
{"args":["2","0"],"expected":"0","name":"rangeBreakJoined"}
{"args":["2","1"],"expected":"1","name":"rangeBreakJoined"}
{"args":["2","9223372036854775808"],"expected":"9223372036854775808","name":"rangeBreakJoined"}
{"args":["2","18446744073709551615"],"expected":"18446744073709551615","name":"rangeBreakJoined"}
{"args":["7","0"],"expected":"0","name":"rangeBreakJoined"}
{"args":["7","1"],"expected":"1","name":"rangeBreakJoined"}
{"args":["7","9223372036854775808"],"expected":"9223372036854775808","name":"rangeBreakJoined"}
{"args":["7","18446744073709551615"],"expected":"18446744073709551615","name":"rangeBreakJoined"}
{"args":["16","0"],"expected":"0","name":"rangeBreakJoined"}
{"args":["16","1"],"expected":"1","name":"rangeBreakJoined"}
{"args":["16","9223372036854775808"],"expected":"9223372036854775808","name":"rangeBreakJoined"}
{"args":["16","18446744073709551615"],"expected":"18446744073709551615","name":"rangeBreakJoined"}
{"args":["31","0"],"expected":"0","name":"rangeBreakJoined"}
{"args":["31","1"],"expected":"1","name":"rangeBreakJoined"}
{"args":["31","9223372036854775808"],"expected":"9223372036854775808","name":"rangeBreakJoined"}
{"args":["31","18446744073709551615"],"expected":"18446744073709551615","name":"rangeBreakJoined"}
{"args":["0","0"],"expected":"7","name":"rangeBreakBeforeAfter"}
{"args":["0","1"],"expected":"29","name":"rangeBreakBeforeAfter"}
{"args":["0","9223372036854775808"],"expected":"7","name":"rangeBreakBeforeAfter"}
{"args":["0","18446744073709551615"],"expected":"18446744073709551601","name":"rangeBreakBeforeAfter"}
{"args":["1","0"],"expected":"14","name":"rangeBreakBeforeAfter"}
{"args":["1","1"],"expected":"57","name":"rangeBreakBeforeAfter"}
{"args":["1","9223372036854775808"],"expected":"9223372036854775822","name":"rangeBreakBeforeAfter"}
{"args":["1","18446744073709551615"],"expected":"18446744073709551587","name":"rangeBreakBeforeAfter"}
{"args":["2","0"],"expected":"28","name":"rangeBreakBeforeAfter"}
{"args":["2","1"],"expected":"92","name":"rangeBreakBeforeAfter"}
{"args":["2","9223372036854775808"],"expected":"28","name":"rangeBreakBeforeAfter"}
{"args":["2","18446744073709551615"],"expected":"18446744073709551580","name":"rangeBreakBeforeAfter"}
{"args":["7","0"],"expected":"203","name":"rangeBreakBeforeAfter"}
{"args":["7","1"],"expected":"372","name":"rangeBreakBeforeAfter"}
{"args":["7","9223372036854775808"],"expected":"154","name":"rangeBreakBeforeAfter"}
{"args":["7","18446744073709551615"],"expected":"34","name":"rangeBreakBeforeAfter"}
{"args":["16","0"],"expected":"959","name":"rangeBreakBeforeAfter"}
{"args":["16","1"],"expected":"1317","name":"rangeBreakBeforeAfter"}
{"args":["16","9223372036854775808"],"expected":"154","name":"rangeBreakBeforeAfter"}
{"args":["16","18446744073709551615"],"expected":"34","name":"rangeBreakBeforeAfter"}
{"args":["31","0"],"expected":"3479","name":"rangeBreakBeforeAfter"}
{"args":["31","1"],"expected":"4152","name":"rangeBreakBeforeAfter"}
{"args":["31","9223372036854775808"],"expected":"154","name":"rangeBreakBeforeAfter"}
{"args":["31","18446744073709551615"],"expected":"34","name":"rangeBreakBeforeAfter"}
{"args":["0","0"],"expected":"0","name":"rangeBreakBranchUpdates"}
{"args":["0","1"],"expected":"1","name":"rangeBreakBranchUpdates"}
{"args":["0","9223372036854775808"],"expected":"9223372036854775808","name":"rangeBreakBranchUpdates"}
{"args":["0","18446744073709551615"],"expected":"18446744073709551615","name":"rangeBreakBranchUpdates"}
{"args":["1","0"],"expected":"0","name":"rangeBreakBranchUpdates"}
{"args":["1","1"],"expected":"1","name":"rangeBreakBranchUpdates"}
{"args":["1","9223372036854775808"],"expected":"3074457345618258603","name":"rangeBreakBranchUpdates"}
{"args":["1","18446744073709551615"],"expected":"6148914691236517206","name":"rangeBreakBranchUpdates"}
{"args":["2","0"],"expected":"0","name":"rangeBreakBranchUpdates"}
{"args":["2","1"],"expected":"1","name":"rangeBreakBranchUpdates"}
{"args":["2","9223372036854775808"],"expected":"1024819115206086202","name":"rangeBreakBranchUpdates"}
{"args":["2","18446744073709551615"],"expected":"2049638230412172403","name":"rangeBreakBranchUpdates"}
{"args":["7","0"],"expected":"0","name":"rangeBreakBranchUpdates"}
{"args":["7","1"],"expected":"1","name":"rangeBreakBranchUpdates"}
{"args":["7","9223372036854775808"],"expected":"4217362614016817","name":"rangeBreakBranchUpdates"}
{"args":["7","18446744073709551615"],"expected":"8434725228033632","name":"rangeBreakBranchUpdates"}
{"args":["16","0"],"expected":"0","name":"rangeBreakBranchUpdates"}
{"args":["16","1"],"expected":"1","name":"rangeBreakBranchUpdates"}
{"args":["16","9223372036854775808"],"expected":"214264218566","name":"rangeBreakBranchUpdates"}
{"args":["16","18446744073709551615"],"expected":"428528437131","name":"rangeBreakBranchUpdates"}
{"args":["31","0"],"expected":"0","name":"rangeBreakBranchUpdates"}
{"args":["31","1"],"expected":"1","name":"rangeBreakBranchUpdates"}
{"args":["31","9223372036854775808"],"expected":"14933","name":"rangeBreakBranchUpdates"}
{"args":["31","18446744073709551615"],"expected":"29866","name":"rangeBreakBranchUpdates"}
{"args":["0","0"],"expected":"1","name":"rangeContinueBreak"}
{"args":["0","1"],"expected":"2","name":"rangeContinueBreak"}
{"args":["0","9223372036854775808"],"expected":"9223372036854775809","name":"rangeContinueBreak"}
{"args":["0","18446744073709551615"],"expected":"0","name":"rangeContinueBreak"}
{"args":["1","0"],"expected":"1","name":"rangeContinueBreak"}
{"args":["1","1"],"expected":"2","name":"rangeContinueBreak"}
{"args":["1","9223372036854775808"],"expected":"9223372036854775809","name":"rangeContinueBreak"}
{"args":["1","18446744073709551615"],"expected":"0","name":"rangeContinueBreak"}
{"args":["2","0"],"expected":"2","name":"rangeContinueBreak"}
{"args":["2","1"],"expected":"3","name":"rangeContinueBreak"}
{"args":["2","9223372036854775808"],"expected":"9223372036854775810","name":"rangeContinueBreak"}
{"args":["2","18446744073709551615"],"expected":"1","name":"rangeContinueBreak"}
{"args":["7","0"],"expected":"13","name":"rangeContinueBreak"}
{"args":["7","1"],"expected":"14","name":"rangeContinueBreak"}
{"args":["7","9223372036854775808"],"expected":"9223372036854775816","name":"rangeContinueBreak"}
{"args":["7","18446744073709551615"],"expected":"1","name":"rangeContinueBreak"}
{"args":["16","0"],"expected":"76","name":"rangeContinueBreak"}
{"args":["16","1"],"expected":"21","name":"rangeContinueBreak"}
{"args":["16","9223372036854775808"],"expected":"9223372036854775816","name":"rangeContinueBreak"}
{"args":["16","18446744073709551615"],"expected":"1","name":"rangeContinueBreak"}
{"args":["31","0"],"expected":"76","name":"rangeContinueBreak"}
{"args":["31","1"],"expected":"21","name":"rangeContinueBreak"}
{"args":["31","9223372036854775808"],"expected":"9223372036854775816","name":"rangeContinueBreak"}
{"args":["31","18446744073709551615"],"expected":"1","name":"rangeContinueBreak"}
{"args":["0","0"],"expected":"0","name":"rangeDoneFunction"}
{"args":["0","1"],"expected":"1","name":"rangeDoneFunction"}
{"args":["0","9223372036854775808"],"expected":"9223372036854775808","name":"rangeDoneFunction"}
{"args":["0","18446744073709551615"],"expected":"18446744073709551615","name":"rangeDoneFunction"}
{"args":["1","0"],"expected":"0","name":"rangeDoneFunction"}
{"args":["1","1"],"expected":"1","name":"rangeDoneFunction"}
{"args":["1","9223372036854775808"],"expected":"9223372036854775808","name":"rangeDoneFunction"}
{"args":["1","18446744073709551615"],"expected":"18446744073709551614","name":"rangeDoneFunction"}
{"args":["2","0"],"expected":"0","name":"rangeDoneFunction"}
{"args":["2","1"],"expected":"2","name":"rangeDoneFunction"}
{"args":["2","9223372036854775808"],"expected":"9223372036854775809","name":"rangeDoneFunction"}
{"args":["2","18446744073709551615"],"expected":"18446744073709551614","name":"rangeDoneFunction"}
{"args":["7","0"],"expected":"0","name":"rangeDoneFunction"}
{"args":["7","1"],"expected":"22","name":"rangeDoneFunction"}
{"args":["7","9223372036854775808"],"expected":"1","name":"rangeDoneFunction"}
{"args":["7","18446744073709551615"],"expected":"18446744073709551614","name":"rangeDoneFunction"}
{"args":["16","0"],"expected":"0","name":"rangeDoneFunction"}
{"args":["16","1"],"expected":"121","name":"rangeDoneFunction"}
{"args":["16","9223372036854775808"],"expected":"1","name":"rangeDoneFunction"}
{"args":["16","18446744073709551615"],"expected":"18446744073709551614","name":"rangeDoneFunction"}
{"args":["31","0"],"expected":"0","name":"rangeDoneFunction"}
{"args":["31","1"],"expected":"466","name":"rangeDoneFunction"}
{"args":["31","9223372036854775808"],"expected":"1","name":"rangeDoneFunction"}
{"args":["31","18446744073709551615"],"expected":"18446744073709551614","name":"rangeDoneFunction"}
{"args":["0","0"],"expected":"0","name":"rangeDoneUnitFunction"}
{"args":["0","1"],"expected":"1","name":"rangeDoneUnitFunction"}
{"args":["0","9223372036854775808"],"expected":"9223372036854775808","name":"rangeDoneUnitFunction"}
{"args":["0","18446744073709551615"],"expected":"18446744073709551615","name":"rangeDoneUnitFunction"}
{"args":["1","0"],"expected":"1","name":"rangeDoneUnitFunction"}
{"args":["1","1"],"expected":"2","name":"rangeDoneUnitFunction"}
{"args":["1","9223372036854775808"],"expected":"9223372036854775809","name":"rangeDoneUnitFunction"}
{"args":["1","18446744073709551615"],"expected":"1","name":"rangeDoneUnitFunction"}
{"args":["2","0"],"expected":"4","name":"rangeDoneUnitFunction"}
{"args":["2","1"],"expected":"5","name":"rangeDoneUnitFunction"}
{"args":["2","9223372036854775808"],"expected":"9223372036854775812","name":"rangeDoneUnitFunction"}
{"args":["2","18446744073709551615"],"expected":"1","name":"rangeDoneUnitFunction"}
{"args":["7","0"],"expected":"4","name":"rangeDoneUnitFunction"}
{"args":["7","1"],"expected":"5","name":"rangeDoneUnitFunction"}
{"args":["7","9223372036854775808"],"expected":"9223372036854775812","name":"rangeDoneUnitFunction"}
{"args":["7","18446744073709551615"],"expected":"1","name":"rangeDoneUnitFunction"}
{"args":["16","0"],"expected":"4","name":"rangeDoneUnitFunction"}
{"args":["16","1"],"expected":"5","name":"rangeDoneUnitFunction"}
{"args":["16","9223372036854775808"],"expected":"9223372036854775812","name":"rangeDoneUnitFunction"}
{"args":["16","18446744073709551615"],"expected":"1","name":"rangeDoneUnitFunction"}
{"args":["31","0"],"expected":"4","name":"rangeDoneUnitFunction"}
{"args":["31","1"],"expected":"5","name":"rangeDoneUnitFunction"}
{"args":["31","9223372036854775808"],"expected":"9223372036854775812","name":"rangeDoneUnitFunction"}
{"args":["31","18446744073709551615"],"expected":"1","name":"rangeDoneUnitFunction"}
{"args":["0","0"],"expected":"0","name":"rangeUnusedDone"}
{"args":["0","1"],"expected":"1","name":"rangeUnusedDone"}
{"args":["0","9223372036854775808"],"expected":"9223372036854775808","name":"rangeUnusedDone"}
{"args":["0","18446744073709551615"],"expected":"18446744073709551615","name":"rangeUnusedDone"}
{"args":["1","0"],"expected":"1","name":"rangeUnusedDone"}
{"args":["1","1"],"expected":"2","name":"rangeUnusedDone"}
{"args":["1","9223372036854775808"],"expected":"9223372036854775809","name":"rangeUnusedDone"}
{"args":["1","18446744073709551615"],"expected":"0","name":"rangeUnusedDone"}
{"args":["2","0"],"expected":"2","name":"rangeUnusedDone"}
{"args":["2","1"],"expected":"3","name":"rangeUnusedDone"}
{"args":["2","9223372036854775808"],"expected":"9223372036854775810","name":"rangeUnusedDone"}
{"args":["2","18446744073709551615"],"expected":"1","name":"rangeUnusedDone"}
{"args":["7","0"],"expected":"7","name":"rangeUnusedDone"}
{"args":["7","1"],"expected":"8","name":"rangeUnusedDone"}
{"args":["7","9223372036854775808"],"expected":"9223372036854775815","name":"rangeUnusedDone"}
{"args":["7","18446744073709551615"],"expected":"6","name":"rangeUnusedDone"}
{"args":["16","0"],"expected":"16","name":"rangeUnusedDone"}
{"args":["16","1"],"expected":"17","name":"rangeUnusedDone"}
{"args":["16","9223372036854775808"],"expected":"9223372036854775824","name":"rangeUnusedDone"}
{"args":["16","18446744073709551615"],"expected":"15","name":"rangeUnusedDone"}
{"args":["31","0"],"expected":"31","name":"rangeUnusedDone"}
{"args":["31","1"],"expected":"32","name":"rangeUnusedDone"}
{"args":["31","9223372036854775808"],"expected":"9223372036854775839","name":"rangeUnusedDone"}
{"args":["31","18446744073709551615"],"expected":"30","name":"rangeUnusedDone"}
{"args":["0","0"],"expected":"0","name":"rangeDirectSteps"}
{"args":["0","1"],"expected":"1","name":"rangeDirectSteps"}
{"args":["0","9223372036854775808"],"expected":"9223372036854775808","name":"rangeDirectSteps"}
{"args":["0","18446744073709551615"],"expected":"18446744073709551615","name":"rangeDirectSteps"}
{"args":["1","0"],"expected":"9","name":"rangeDirectSteps"}
{"args":["1","1"],"expected":"2","name":"rangeDirectSteps"}
{"args":["1","9223372036854775808"],"expected":"9223372036854775809","name":"rangeDirectSteps"}
{"args":["1","18446744073709551615"],"expected":"0","name":"rangeDirectSteps"}
{"args":["2","0"],"expected":"9","name":"rangeDirectSteps"}
{"args":["2","1"],"expected":"11","name":"rangeDirectSteps"}
{"args":["2","9223372036854775808"],"expected":"9223372036854775818","name":"rangeDirectSteps"}
{"args":["2","18446744073709551615"],"expected":"9","name":"rangeDirectSteps"}
{"args":["7","0"],"expected":"9","name":"rangeDirectSteps"}
{"args":["7","1"],"expected":"11","name":"rangeDirectSteps"}
{"args":["7","9223372036854775808"],"expected":"9223372036854775818","name":"rangeDirectSteps"}
{"args":["7","18446744073709551615"],"expected":"9","name":"rangeDirectSteps"}
{"args":["16","0"],"expected":"9","name":"rangeDirectSteps"}
{"args":["16","1"],"expected":"11","name":"rangeDirectSteps"}
{"args":["16","9223372036854775808"],"expected":"9223372036854775818","name":"rangeDirectSteps"}
{"args":["16","18446744073709551615"],"expected":"9","name":"rangeDirectSteps"}
{"args":["31","0"],"expected":"9","name":"rangeDirectSteps"}
{"args":["31","1"],"expected":"11","name":"rangeDirectSteps"}
{"args":["31","9223372036854775808"],"expected":"9223372036854775818","name":"rangeDirectSteps"}
{"args":["31","18446744073709551615"],"expected":"9","name":"rangeDirectSteps"}
{"args":["0","0"],"expected":"0","name":"rangeDirectFunction"}
{"args":["0","1"],"expected":"1","name":"rangeDirectFunction"}
{"args":["0","9223372036854775808"],"expected":"9223372036854775808","name":"rangeDirectFunction"}
{"args":["0","18446744073709551615"],"expected":"18446744073709551615","name":"rangeDirectFunction"}
{"args":["1","0"],"expected":"1","name":"rangeDirectFunction"}
{"args":["1","1"],"expected":"2","name":"rangeDirectFunction"}
{"args":["1","9223372036854775808"],"expected":"9223372036854775809","name":"rangeDirectFunction"}
{"args":["1","18446744073709551615"],"expected":"7","name":"rangeDirectFunction"}
{"args":["2","0"],"expected":"3","name":"rangeDirectFunction"}
{"args":["2","1"],"expected":"4","name":"rangeDirectFunction"}
{"args":["2","9223372036854775808"],"expected":"9223372036854775811","name":"rangeDirectFunction"}
{"args":["2","18446744073709551615"],"expected":"7","name":"rangeDirectFunction"}
{"args":["7","0"],"expected":"28","name":"rangeDirectFunction"}
{"args":["7","1"],"expected":"29","name":"rangeDirectFunction"}
{"args":["7","9223372036854775808"],"expected":"9223372036854775836","name":"rangeDirectFunction"}
{"args":["7","18446744073709551615"],"expected":"7","name":"rangeDirectFunction"}
{"args":["16","0"],"expected":"136","name":"rangeDirectFunction"}
{"args":["16","1"],"expected":"137","name":"rangeDirectFunction"}
{"args":["16","9223372036854775808"],"expected":"9223372036854775944","name":"rangeDirectFunction"}
{"args":["16","18446744073709551615"],"expected":"7","name":"rangeDirectFunction"}
{"args":["31","0"],"expected":"496","name":"rangeDirectFunction"}
{"args":["31","1"],"expected":"497","name":"rangeDirectFunction"}
{"args":["31","9223372036854775808"],"expected":"9223372036854776304","name":"rangeDirectFunction"}
{"args":["31","18446744073709551615"],"expected":"7","name":"rangeDirectFunction"}
{"args":["0","0"],"expected":"0","name":"rangeDirectUnitFunction"}
{"args":["0","1"],"expected":"1","name":"rangeDirectUnitFunction"}
{"args":["0","9223372036854775808"],"expected":"9223372036854775808","name":"rangeDirectUnitFunction"}
{"args":["0","18446744073709551615"],"expected":"18446744073709551615","name":"rangeDirectUnitFunction"}
{"args":["1","0"],"expected":"1","name":"rangeDirectUnitFunction"}
{"args":["1","1"],"expected":"2","name":"rangeDirectUnitFunction"}
{"args":["1","9223372036854775808"],"expected":"9223372036854775809","name":"rangeDirectUnitFunction"}
{"args":["1","18446744073709551615"],"expected":"0","name":"rangeDirectUnitFunction"}
{"args":["2","0"],"expected":"9","name":"rangeDirectUnitFunction"}
{"args":["2","1"],"expected":"12","name":"rangeDirectUnitFunction"}
{"args":["2","9223372036854775808"],"expected":"9223372036854775817","name":"rangeDirectUnitFunction"}
{"args":["2","18446744073709551615"],"expected":"0","name":"rangeDirectUnitFunction"}
{"args":["7","0"],"expected":"9","name":"rangeDirectUnitFunction"}
{"args":["7","1"],"expected":"12","name":"rangeDirectUnitFunction"}
{"args":["7","9223372036854775808"],"expected":"9223372036854775817","name":"rangeDirectUnitFunction"}
{"args":["7","18446744073709551615"],"expected":"0","name":"rangeDirectUnitFunction"}
{"args":["16","0"],"expected":"9","name":"rangeDirectUnitFunction"}
{"args":["16","1"],"expected":"12","name":"rangeDirectUnitFunction"}
{"args":["16","9223372036854775808"],"expected":"9223372036854775817","name":"rangeDirectUnitFunction"}
{"args":["16","18446744073709551615"],"expected":"0","name":"rangeDirectUnitFunction"}
{"args":["31","0"],"expected":"9","name":"rangeDirectUnitFunction"}
{"args":["31","1"],"expected":"12","name":"rangeDirectUnitFunction"}
{"args":["31","9223372036854775808"],"expected":"9223372036854775817","name":"rangeDirectUnitFunction"}
{"args":["31","18446744073709551615"],"expected":"0","name":"rangeDirectUnitFunction"}
{"args":["0","0"],"expected":"0","name":"rangeNatEmpty"}
{"args":["0","1"],"expected":"1","name":"rangeNatEmpty"}
{"args":["0","9223372036854775808"],"expected":"9223372036854775808","name":"rangeNatEmpty"}
{"args":["0","18446744073709551615"],"expected":"18446744073709551615","name":"rangeNatEmpty"}
{"args":["1","0"],"expected":"1","name":"rangeNatEmpty"}
{"args":["1","1"],"expected":"2","name":"rangeNatEmpty"}
{"args":["1","9223372036854775808"],"expected":"9223372036854775809","name":"rangeNatEmpty"}
{"args":["1","18446744073709551615"],"expected":"0","name":"rangeNatEmpty"}
{"args":["2","0"],"expected":"2","name":"rangeNatEmpty"}
{"args":["2","1"],"expected":"3","name":"rangeNatEmpty"}
{"args":["2","9223372036854775808"],"expected":"9223372036854775810","name":"rangeNatEmpty"}
{"args":["2","18446744073709551615"],"expected":"1","name":"rangeNatEmpty"}
{"args":["7","0"],"expected":"7","name":"rangeNatEmpty"}
{"args":["7","1"],"expected":"8","name":"rangeNatEmpty"}
{"args":["7","9223372036854775808"],"expected":"9223372036854775815","name":"rangeNatEmpty"}
{"args":["7","18446744073709551615"],"expected":"6","name":"rangeNatEmpty"}
{"args":["16","0"],"expected":"16","name":"rangeNatEmpty"}
{"args":["16","1"],"expected":"17","name":"rangeNatEmpty"}
{"args":["16","9223372036854775808"],"expected":"9223372036854775824","name":"rangeNatEmpty"}
{"args":["16","18446744073709551615"],"expected":"15","name":"rangeNatEmpty"}
{"args":["31","0"],"expected":"31","name":"rangeNatEmpty"}
{"args":["31","1"],"expected":"32","name":"rangeNatEmpty"}
{"args":["31","9223372036854775808"],"expected":"9223372036854775839","name":"rangeNatEmpty"}
{"args":["31","18446744073709551615"],"expected":"30","name":"rangeNatEmpty"}
{"args":["0","0"],"expected":"0","name":"rangeNatOne"}
{"args":["0","1"],"expected":"1","name":"rangeNatOne"}
{"args":["0","9223372036854775808"],"expected":"9223372036854775808","name":"rangeNatOne"}
{"args":["0","18446744073709551615"],"expected":"18446744073709551615","name":"rangeNatOne"}
{"args":["1","0"],"expected":"1","name":"rangeNatOne"}
{"args":["1","1"],"expected":"2","name":"rangeNatOne"}
{"args":["1","9223372036854775808"],"expected":"9223372036854775809","name":"rangeNatOne"}
{"args":["1","18446744073709551615"],"expected":"0","name":"rangeNatOne"}
{"args":["2","0"],"expected":"2","name":"rangeNatOne"}
{"args":["2","1"],"expected":"3","name":"rangeNatOne"}
{"args":["2","9223372036854775808"],"expected":"9223372036854775810","name":"rangeNatOne"}
{"args":["2","18446744073709551615"],"expected":"1","name":"rangeNatOne"}
{"args":["7","0"],"expected":"7","name":"rangeNatOne"}
{"args":["7","1"],"expected":"8","name":"rangeNatOne"}
{"args":["7","9223372036854775808"],"expected":"9223372036854775815","name":"rangeNatOne"}
{"args":["7","18446744073709551615"],"expected":"6","name":"rangeNatOne"}
{"args":["16","0"],"expected":"16","name":"rangeNatOne"}
{"args":["16","1"],"expected":"17","name":"rangeNatOne"}
{"args":["16","9223372036854775808"],"expected":"9223372036854775824","name":"rangeNatOne"}
{"args":["16","18446744073709551615"],"expected":"15","name":"rangeNatOne"}
{"args":["31","0"],"expected":"31","name":"rangeNatOne"}
{"args":["31","1"],"expected":"32","name":"rangeNatOne"}
{"args":["31","9223372036854775808"],"expected":"9223372036854775839","name":"rangeNatOne"}
{"args":["31","18446744073709551615"],"expected":"30","name":"rangeNatOne"}
{"args":["0","0"],"expected":"0","name":"rangeNatLiteral"}
{"args":["0","1"],"expected":"1","name":"rangeNatLiteral"}
{"args":["0","9223372036854775808"],"expected":"9223372036854775808","name":"rangeNatLiteral"}
{"args":["0","18446744073709551615"],"expected":"18446744073709551615","name":"rangeNatLiteral"}
{"args":["1","0"],"expected":"1","name":"rangeNatLiteral"}
{"args":["1","1"],"expected":"2","name":"rangeNatLiteral"}
{"args":["1","9223372036854775808"],"expected":"9223372036854775809","name":"rangeNatLiteral"}
{"args":["1","18446744073709551615"],"expected":"0","name":"rangeNatLiteral"}
{"args":["2","0"],"expected":"3","name":"rangeNatLiteral"}
{"args":["2","1"],"expected":"4","name":"rangeNatLiteral"}
{"args":["2","9223372036854775808"],"expected":"9223372036854775811","name":"rangeNatLiteral"}
{"args":["2","18446744073709551615"],"expected":"2","name":"rangeNatLiteral"}
{"args":["7","0"],"expected":"28","name":"rangeNatLiteral"}
{"args":["7","1"],"expected":"29","name":"rangeNatLiteral"}
{"args":["7","9223372036854775808"],"expected":"9223372036854775836","name":"rangeNatLiteral"}
{"args":["7","18446744073709551615"],"expected":"27","name":"rangeNatLiteral"}
{"args":["16","0"],"expected":"28","name":"rangeNatLiteral"}
{"args":["16","1"],"expected":"29","name":"rangeNatLiteral"}
{"args":["16","9223372036854775808"],"expected":"9223372036854775836","name":"rangeNatLiteral"}
{"args":["16","18446744073709551615"],"expected":"27","name":"rangeNatLiteral"}
{"args":["31","0"],"expected":"28","name":"rangeNatLiteral"}
{"args":["31","1"],"expected":"29","name":"rangeNatLiteral"}
{"args":["31","9223372036854775808"],"expected":"9223372036854775836","name":"rangeNatLiteral"}
{"args":["31","18446744073709551615"],"expected":"27","name":"rangeNatLiteral"}
{"args":["0","0"],"expected":"9","name":"rangeNatDirect"}
{"args":["0","1"],"expected":"10","name":"rangeNatDirect"}
{"args":["0","9223372036854775808"],"expected":"9223372036854775817","name":"rangeNatDirect"}
{"args":["0","18446744073709551615"],"expected":"8","name":"rangeNatDirect"}
{"args":["1","0"],"expected":"10","name":"rangeNatDirect"}
{"args":["1","1"],"expected":"13","name":"rangeNatDirect"}
{"args":["1","9223372036854775808"],"expected":"9223372036854775818","name":"rangeNatDirect"}
{"args":["1","18446744073709551615"],"expected":"7","name":"rangeNatDirect"}
{"args":["2","0"],"expected":"13","name":"rangeNatDirect"}
{"args":["2","1"],"expected":"22","name":"rangeNatDirect"}
{"args":["2","9223372036854775808"],"expected":"9223372036854775821","name":"rangeNatDirect"}
{"args":["2","18446744073709551615"],"expected":"4","name":"rangeNatDirect"}
{"args":["7","0"],"expected":"1102","name":"rangeNatDirect"}
{"args":["7","1"],"expected":"3289","name":"rangeNatDirect"}
{"args":["7","9223372036854775808"],"expected":"9223372036854776910","name":"rangeNatDirect"}
{"args":["7","18446744073709551615"],"expected":"18446744073709550531","name":"rangeNatDirect"}
{"args":["16","0"],"expected":"21523369","name":"rangeNatDirect"}
{"args":["16","1"],"expected":"64570090","name":"rangeNatDirect"}
{"args":["16","9223372036854775808"],"expected":"9223372036876299177","name":"rangeNatDirect"}
{"args":["16","18446744073709551615"],"expected":"18446744073688028264","name":"rangeNatDirect"}
{"args":["31","0"],"expected":"308836698141973","name":"rangeNatDirect"}
{"args":["31","1"],"expected":"926510094425920","name":"rangeNatDirect"}
{"args":["31","9223372036854775808"],"expected":"9223680873552917781","name":"rangeNatDirect"}
{"args":["31","18446744073709551615"],"expected":"18446435237011409642","name":"rangeNatDirect"}
{"args":["0","0"],"expected":"0","name":"rangeNatMax"}
{"args":["0","1"],"expected":"1","name":"rangeNatMax"}
{"args":["0","9223372036854775808"],"expected":"9223372036854775808","name":"rangeNatMax"}
{"args":["0","18446744073709551615"],"expected":"18446744073709551615","name":"rangeNatMax"}
{"args":["1","0"],"expected":"1","name":"rangeNatMax"}
{"args":["1","1"],"expected":"2","name":"rangeNatMax"}
{"args":["1","9223372036854775808"],"expected":"9223372036854775809","name":"rangeNatMax"}
{"args":["1","18446744073709551615"],"expected":"0","name":"rangeNatMax"}
{"args":["2","0"],"expected":"2","name":"rangeNatMax"}
{"args":["2","1"],"expected":"3","name":"rangeNatMax"}
{"args":["2","9223372036854775808"],"expected":"9223372036854775810","name":"rangeNatMax"}
{"args":["2","18446744073709551615"],"expected":"1","name":"rangeNatMax"}
{"args":["7","0"],"expected":"7","name":"rangeNatMax"}
{"args":["7","1"],"expected":"8","name":"rangeNatMax"}
{"args":["7","9223372036854775808"],"expected":"9223372036854775815","name":"rangeNatMax"}
{"args":["7","18446744073709551615"],"expected":"6","name":"rangeNatMax"}
{"args":["16","0"],"expected":"16","name":"rangeNatMax"}
{"args":["16","1"],"expected":"17","name":"rangeNatMax"}
{"args":["16","9223372036854775808"],"expected":"9223372036854775824","name":"rangeNatMax"}
{"args":["16","18446744073709551615"],"expected":"15","name":"rangeNatMax"}
{"args":["31","0"],"expected":"31","name":"rangeNatMax"}
{"args":["31","1"],"expected":"32","name":"rangeNatMax"}
{"args":["31","9223372036854775808"],"expected":"9223372036854775839","name":"rangeNatMax"}
{"args":["31","18446744073709551615"],"expected":"30","name":"rangeNatMax"}
{"args":["0","0"],"expected":"0","name":"rangeStepRun"}
{"args":["0","1"],"expected":"1","name":"rangeStepRun"}
{"args":["0","9223372036854775808"],"expected":"9223372036854775808","name":"rangeStepRun"}
{"args":["0","18446744073709551615"],"expected":"18446744073709551615","name":"rangeStepRun"}
{"args":["1","0"],"expected":"7","name":"rangeStepRun"}
{"args":["1","1"],"expected":"8","name":"rangeStepRun"}
{"args":["1","9223372036854775808"],"expected":"9223372036854775815","name":"rangeStepRun"}
{"args":["1","18446744073709551615"],"expected":"6","name":"rangeStepRun"}
{"args":["2","0"],"expected":"7","name":"rangeStepRun"}
{"args":["2","1"],"expected":"8","name":"rangeStepRun"}
{"args":["2","9223372036854775808"],"expected":"9223372036854775815","name":"rangeStepRun"}
{"args":["2","18446744073709551615"],"expected":"6","name":"rangeStepRun"}
{"args":["7","0"],"expected":"7","name":"rangeStepRun"}
{"args":["7","1"],"expected":"8","name":"rangeStepRun"}
{"args":["7","9223372036854775808"],"expected":"9223372036854775815","name":"rangeStepRun"}
{"args":["7","18446744073709551615"],"expected":"6","name":"rangeStepRun"}
{"args":["16","0"],"expected":"7","name":"rangeStepRun"}
{"args":["16","1"],"expected":"8","name":"rangeStepRun"}
{"args":["16","9223372036854775808"],"expected":"9223372036854775815","name":"rangeStepRun"}
{"args":["16","18446744073709551615"],"expected":"6","name":"rangeStepRun"}
{"args":["31","0"],"expected":"7","name":"rangeStepRun"}
{"args":["31","1"],"expected":"8","name":"rangeStepRun"}
{"args":["31","9223372036854775808"],"expected":"9223372036854775815","name":"rangeStepRun"}
{"args":["31","18446744073709551615"],"expected":"6","name":"rangeStepRun"}
{"args":["0","0"],"expected":"0","name":"rangeStepPure"}
{"args":["0","1"],"expected":"1","name":"rangeStepPure"}
{"args":["0","9223372036854775808"],"expected":"9223372036854775808","name":"rangeStepPure"}
{"args":["0","18446744073709551615"],"expected":"18446744073709551615","name":"rangeStepPure"}
{"args":["1","0"],"expected":"9","name":"rangeStepPure"}
{"args":["1","1"],"expected":"2","name":"rangeStepPure"}
{"args":["1","9223372036854775808"],"expected":"9223372036854775809","name":"rangeStepPure"}
{"args":["1","18446744073709551615"],"expected":"0","name":"rangeStepPure"}
{"args":["2","0"],"expected":"9","name":"rangeStepPure"}
{"args":["2","1"],"expected":"11","name":"rangeStepPure"}
{"args":["2","9223372036854775808"],"expected":"9223372036854775818","name":"rangeStepPure"}
{"args":["2","18446744073709551615"],"expected":"9","name":"rangeStepPure"}
{"args":["7","0"],"expected":"9","name":"rangeStepPure"}
{"args":["7","1"],"expected":"11","name":"rangeStepPure"}
{"args":["7","9223372036854775808"],"expected":"9223372036854775818","name":"rangeStepPure"}
{"args":["7","18446744073709551615"],"expected":"9","name":"rangeStepPure"}
{"args":["16","0"],"expected":"9","name":"rangeStepPure"}
{"args":["16","1"],"expected":"11","name":"rangeStepPure"}
{"args":["16","9223372036854775808"],"expected":"9223372036854775818","name":"rangeStepPure"}
{"args":["16","18446744073709551615"],"expected":"9","name":"rangeStepPure"}
{"args":["31","0"],"expected":"9","name":"rangeStepPure"}
{"args":["31","1"],"expected":"11","name":"rangeStepPure"}
{"args":["31","9223372036854775808"],"expected":"9223372036854775818","name":"rangeStepPure"}
{"args":["31","18446744073709551615"],"expected":"9","name":"rangeStepPure"}
{"args":["0","0"],"expected":"0","name":"rangeStepLet"}
{"args":["0","1"],"expected":"1","name":"rangeStepLet"}
{"args":["0","9223372036854775808"],"expected":"9223372036854775808","name":"rangeStepLet"}
{"args":["0","18446744073709551615"],"expected":"18446744073709551615","name":"rangeStepLet"}
{"args":["1","0"],"expected":"7","name":"rangeStepLet"}
{"args":["1","1"],"expected":"1","name":"rangeStepLet"}
{"args":["1","9223372036854775808"],"expected":"9223372036854775808","name":"rangeStepLet"}
{"args":["1","18446744073709551615"],"expected":"6","name":"rangeStepLet"}
{"args":["2","0"],"expected":"7","name":"rangeStepLet"}
{"args":["2","1"],"expected":"8","name":"rangeStepLet"}
{"args":["2","9223372036854775808"],"expected":"9223372036854775809","name":"rangeStepLet"}
{"args":["2","18446744073709551615"],"expected":"6","name":"rangeStepLet"}
{"args":["7","0"],"expected":"7","name":"rangeStepLet"}
{"args":["7","1"],"expected":"8","name":"rangeStepLet"}
{"args":["7","9223372036854775808"],"expected":"9223372036854775816","name":"rangeStepLet"}
{"args":["7","18446744073709551615"],"expected":"6","name":"rangeStepLet"}
{"args":["16","0"],"expected":"7","name":"rangeStepLet"}
{"args":["16","1"],"expected":"8","name":"rangeStepLet"}
{"args":["16","9223372036854775808"],"expected":"9223372036854775816","name":"rangeStepLet"}
{"args":["16","18446744073709551615"],"expected":"6","name":"rangeStepLet"}
{"args":["31","0"],"expected":"7","name":"rangeStepLet"}
{"args":["31","1"],"expected":"8","name":"rangeStepLet"}
{"args":["31","9223372036854775808"],"expected":"9223372036854775816","name":"rangeStepLet"}
{"args":["31","18446744073709551615"],"expected":"6","name":"rangeStepLet"}
{"args":["0","0"],"expected":"0","name":"rangeStepCapture"}
{"args":["0","1"],"expected":"1","name":"rangeStepCapture"}
{"args":["0","9223372036854775808"],"expected":"9223372036854775808","name":"rangeStepCapture"}
{"args":["0","18446744073709551615"],"expected":"18446744073709551615","name":"rangeStepCapture"}
{"args":["1","0"],"expected":"3","name":"rangeStepCapture"}
{"args":["1","1"],"expected":"4","name":"rangeStepCapture"}
{"args":["1","9223372036854775808"],"expected":"9223372036854775810","name":"rangeStepCapture"}
{"args":["1","18446744073709551615"],"expected":"2","name":"rangeStepCapture"}
{"args":["2","0"],"expected":"3","name":"rangeStepCapture"}
{"args":["2","1"],"expected":"4","name":"rangeStepCapture"}
{"args":["2","9223372036854775808"],"expected":"9223372036854775812","name":"rangeStepCapture"}
{"args":["2","18446744073709551615"],"expected":"2","name":"rangeStepCapture"}
{"args":["7","0"],"expected":"3","name":"rangeStepCapture"}
{"args":["7","1"],"expected":"4","name":"rangeStepCapture"}
{"args":["7","9223372036854775808"],"expected":"9223372036854775822","name":"rangeStepCapture"}
{"args":["7","18446744073709551615"],"expected":"2","name":"rangeStepCapture"}
{"args":["16","0"],"expected":"3","name":"rangeStepCapture"}
{"args":["16","1"],"expected":"4","name":"rangeStepCapture"}
{"args":["16","9223372036854775808"],"expected":"9223372036854775840","name":"rangeStepCapture"}
{"args":["16","18446744073709551615"],"expected":"2","name":"rangeStepCapture"}
{"args":["31","0"],"expected":"3","name":"rangeStepCapture"}
{"args":["31","1"],"expected":"4","name":"rangeStepCapture"}
{"args":["31","9223372036854775808"],"expected":"9223372036854775870","name":"rangeStepCapture"}
{"args":["31","18446744073709551615"],"expected":"2","name":"rangeStepCapture"}
{"args":["0","0"],"expected":"0","name":"rangeStepBind"}
{"args":["0","1"],"expected":"1","name":"rangeStepBind"}
{"args":["0","9223372036854775808"],"expected":"9223372036854775808","name":"rangeStepBind"}
{"args":["0","18446744073709551615"],"expected":"18446744073709551615","name":"rangeStepBind"}
{"args":["1","0"],"expected":"9","name":"rangeStepBind"}
{"args":["1","1"],"expected":"2","name":"rangeStepBind"}
{"args":["1","9223372036854775808"],"expected":"9223372036854775809","name":"rangeStepBind"}
{"args":["1","18446744073709551615"],"expected":"0","name":"rangeStepBind"}
{"args":["2","0"],"expected":"9","name":"rangeStepBind"}
{"args":["2","1"],"expected":"11","name":"rangeStepBind"}
{"args":["2","9223372036854775808"],"expected":"9223372036854775818","name":"rangeStepBind"}
{"args":["2","18446744073709551615"],"expected":"9","name":"rangeStepBind"}
{"args":["7","0"],"expected":"9","name":"rangeStepBind"}
{"args":["7","1"],"expected":"11","name":"rangeStepBind"}
{"args":["7","9223372036854775808"],"expected":"9223372036854775818","name":"rangeStepBind"}
{"args":["7","18446744073709551615"],"expected":"9","name":"rangeStepBind"}
{"args":["16","0"],"expected":"9","name":"rangeStepBind"}
{"args":["16","1"],"expected":"11","name":"rangeStepBind"}
{"args":["16","9223372036854775808"],"expected":"9223372036854775818","name":"rangeStepBind"}
{"args":["16","18446744073709551615"],"expected":"9","name":"rangeStepBind"}
{"args":["31","0"],"expected":"9","name":"rangeStepBind"}
{"args":["31","1"],"expected":"11","name":"rangeStepBind"}
{"args":["31","9223372036854775808"],"expected":"9223372036854775818","name":"rangeStepBind"}
{"args":["31","18446744073709551615"],"expected":"9","name":"rangeStepBind"}
{"args":["0","0"],"expected":"0","name":"rangeStepIdLet"}
{"args":["0","1"],"expected":"1","name":"rangeStepIdLet"}
{"args":["0","9223372036854775808"],"expected":"9223372036854775808","name":"rangeStepIdLet"}
{"args":["0","18446744073709551615"],"expected":"18446744073709551615","name":"rangeStepIdLet"}
{"args":["1","0"],"expected":"1","name":"rangeStepIdLet"}
{"args":["1","1"],"expected":"2","name":"rangeStepIdLet"}
{"args":["1","9223372036854775808"],"expected":"9223372036854775809","name":"rangeStepIdLet"}
{"args":["1","18446744073709551615"],"expected":"0","name":"rangeStepIdLet"}
{"args":["2","0"],"expected":"1","name":"rangeStepIdLet"}
{"args":["2","1"],"expected":"2","name":"rangeStepIdLet"}
{"args":["2","9223372036854775808"],"expected":"9223372036854775809","name":"rangeStepIdLet"}
{"args":["2","18446744073709551615"],"expected":"0","name":"rangeStepIdLet"}
{"args":["7","0"],"expected":"1","name":"rangeStepIdLet"}
{"args":["7","1"],"expected":"2","name":"rangeStepIdLet"}
{"args":["7","9223372036854775808"],"expected":"9223372036854775809","name":"rangeStepIdLet"}
{"args":["7","18446744073709551615"],"expected":"0","name":"rangeStepIdLet"}
{"args":["16","0"],"expected":"1","name":"rangeStepIdLet"}
{"args":["16","1"],"expected":"2","name":"rangeStepIdLet"}
{"args":["16","9223372036854775808"],"expected":"9223372036854775809","name":"rangeStepIdLet"}
{"args":["16","18446744073709551615"],"expected":"0","name":"rangeStepIdLet"}
{"args":["31","0"],"expected":"1","name":"rangeStepIdLet"}
{"args":["31","1"],"expected":"2","name":"rangeStepIdLet"}
{"args":["31","9223372036854775808"],"expected":"9223372036854775809","name":"rangeStepIdLet"}
{"args":["31","18446744073709551615"],"expected":"0","name":"rangeStepIdLet"}
{"args":["0","0"],"expected":"0","name":"rangeStepUnused"}
{"args":["0","1"],"expected":"1","name":"rangeStepUnused"}
{"args":["0","9223372036854775808"],"expected":"9223372036854775808","name":"rangeStepUnused"}
{"args":["0","18446744073709551615"],"expected":"18446744073709551615","name":"rangeStepUnused"}
{"args":["1","0"],"expected":"1","name":"rangeStepUnused"}
{"args":["1","1"],"expected":"2","name":"rangeStepUnused"}
{"args":["1","9223372036854775808"],"expected":"9223372036854775809","name":"rangeStepUnused"}
{"args":["1","18446744073709551615"],"expected":"0","name":"rangeStepUnused"}
{"args":["2","0"],"expected":"3","name":"rangeStepUnused"}
{"args":["2","1"],"expected":"4","name":"rangeStepUnused"}
{"args":["2","9223372036854775808"],"expected":"9223372036854775811","name":"rangeStepUnused"}
{"args":["2","18446744073709551615"],"expected":"2","name":"rangeStepUnused"}
{"args":["7","0"],"expected":"28","name":"rangeStepUnused"}
{"args":["7","1"],"expected":"29","name":"rangeStepUnused"}
{"args":["7","9223372036854775808"],"expected":"9223372036854775836","name":"rangeStepUnused"}
{"args":["7","18446744073709551615"],"expected":"27","name":"rangeStepUnused"}
{"args":["16","0"],"expected":"136","name":"rangeStepUnused"}
{"args":["16","1"],"expected":"137","name":"rangeStepUnused"}
{"args":["16","9223372036854775808"],"expected":"9223372036854775944","name":"rangeStepUnused"}
{"args":["16","18446744073709551615"],"expected":"135","name":"rangeStepUnused"}
{"args":["31","0"],"expected":"496","name":"rangeStepUnused"}
{"args":["31","1"],"expected":"497","name":"rangeStepUnused"}
{"args":["31","9223372036854775808"],"expected":"9223372036854776304","name":"rangeStepUnused"}
{"args":["31","18446744073709551615"],"expected":"495","name":"rangeStepUnused"}
{"args":["0","0"],"expected":"0","name":"rangeStepWrappedBind"}
{"args":["0","1"],"expected":"1","name":"rangeStepWrappedBind"}
{"args":["0","9223372036854775808"],"expected":"9223372036854775808","name":"rangeStepWrappedBind"}
{"args":["0","18446744073709551615"],"expected":"18446744073709551615","name":"rangeStepWrappedBind"}
{"args":["1","0"],"expected":"11","name":"rangeStepWrappedBind"}
{"args":["1","1"],"expected":"12","name":"rangeStepWrappedBind"}
{"args":["1","9223372036854775808"],"expected":"9223372036854775819","name":"rangeStepWrappedBind"}
{"args":["1","18446744073709551615"],"expected":"10","name":"rangeStepWrappedBind"}
{"args":["2","0"],"expected":"11","name":"rangeStepWrappedBind"}
{"args":["2","1"],"expected":"12","name":"rangeStepWrappedBind"}
{"args":["2","9223372036854775808"],"expected":"9223372036854775819","name":"rangeStepWrappedBind"}
{"args":["2","18446744073709551615"],"expected":"10","name":"rangeStepWrappedBind"}
{"args":["7","0"],"expected":"11","name":"rangeStepWrappedBind"}
{"args":["7","1"],"expected":"12","name":"rangeStepWrappedBind"}
{"args":["7","9223372036854775808"],"expected":"9223372036854775819","name":"rangeStepWrappedBind"}
{"args":["7","18446744073709551615"],"expected":"10","name":"rangeStepWrappedBind"}
{"args":["16","0"],"expected":"11","name":"rangeStepWrappedBind"}
{"args":["16","1"],"expected":"12","name":"rangeStepWrappedBind"}
{"args":["16","9223372036854775808"],"expected":"9223372036854775819","name":"rangeStepWrappedBind"}
{"args":["16","18446744073709551615"],"expected":"10","name":"rangeStepWrappedBind"}
{"args":["31","0"],"expected":"11","name":"rangeStepWrappedBind"}
{"args":["31","1"],"expected":"12","name":"rangeStepWrappedBind"}
{"args":["31","9223372036854775808"],"expected":"9223372036854775819","name":"rangeStepWrappedBind"}
{"args":["31","18446744073709551615"],"expected":"10","name":"rangeStepWrappedBind"}
{"args":["0","0"],"expected":"0","name":"rangeStepJoined"}
{"args":["0","1"],"expected":"1","name":"rangeStepJoined"}
{"args":["0","9223372036854775808"],"expected":"9223372036854775808","name":"rangeStepJoined"}
{"args":["0","18446744073709551615"],"expected":"18446744073709551615","name":"rangeStepJoined"}
{"args":["1","0"],"expected":"9","name":"rangeStepJoined"}
{"args":["1","1"],"expected":"2","name":"rangeStepJoined"}
{"args":["1","9223372036854775808"],"expected":"9223372036854775809","name":"rangeStepJoined"}
{"args":["1","18446744073709551615"],"expected":"0","name":"rangeStepJoined"}
{"args":["2","0"],"expected":"9","name":"rangeStepJoined"}
{"args":["2","1"],"expected":"11","name":"rangeStepJoined"}
{"args":["2","9223372036854775808"],"expected":"9223372036854775818","name":"rangeStepJoined"}
{"args":["2","18446744073709551615"],"expected":"9","name":"rangeStepJoined"}
{"args":["7","0"],"expected":"9","name":"rangeStepJoined"}
{"args":["7","1"],"expected":"11","name":"rangeStepJoined"}
{"args":["7","9223372036854775808"],"expected":"9223372036854775818","name":"rangeStepJoined"}
{"args":["7","18446744073709551615"],"expected":"9","name":"rangeStepJoined"}
{"args":["16","0"],"expected":"9","name":"rangeStepJoined"}
{"args":["16","1"],"expected":"11","name":"rangeStepJoined"}
{"args":["16","9223372036854775808"],"expected":"9223372036854775818","name":"rangeStepJoined"}
{"args":["16","18446744073709551615"],"expected":"9","name":"rangeStepJoined"}
{"args":["31","0"],"expected":"9","name":"rangeStepJoined"}
{"args":["31","1"],"expected":"11","name":"rangeStepJoined"}
{"args":["31","9223372036854775808"],"expected":"9223372036854775818","name":"rangeStepJoined"}
{"args":["31","18446744073709551615"],"expected":"9","name":"rangeStepJoined"}
{"args":["0","0"],"expected":"0","name":"rangeResultFunction"}
{"args":["0","1"],"expected":"1","name":"rangeResultFunction"}
{"args":["0","9223372036854775808"],"expected":"9223372036854775808","name":"rangeResultFunction"}
{"args":["0","18446744073709551615"],"expected":"18446744073709551615","name":"rangeResultFunction"}
{"args":["1","0"],"expected":"0","name":"rangeResultFunction"}
{"args":["1","1"],"expected":"2","name":"rangeResultFunction"}
{"args":["1","9223372036854775808"],"expected":"9223372036854775809","name":"rangeResultFunction"}
{"args":["1","18446744073709551615"],"expected":"18446744073709551614","name":"rangeResultFunction"}
{"args":["2","0"],"expected":"0","name":"rangeResultFunction"}
{"args":["2","1"],"expected":"11","name":"rangeResultFunction"}
{"args":["2","9223372036854775808"],"expected":"1","name":"rangeResultFunction"}
{"args":["2","18446744073709551615"],"expected":"18446744073709551614","name":"rangeResultFunction"}
{"args":["7","0"],"expected":"0","name":"rangeResultFunction"}
{"args":["7","1"],"expected":"11","name":"rangeResultFunction"}
{"args":["7","9223372036854775808"],"expected":"1","name":"rangeResultFunction"}
{"args":["7","18446744073709551615"],"expected":"18446744073709551614","name":"rangeResultFunction"}
{"args":["16","0"],"expected":"0","name":"rangeResultFunction"}
{"args":["16","1"],"expected":"11","name":"rangeResultFunction"}
{"args":["16","9223372036854775808"],"expected":"1","name":"rangeResultFunction"}
{"args":["16","18446744073709551615"],"expected":"18446744073709551614","name":"rangeResultFunction"}
{"args":["31","0"],"expected":"0","name":"rangeResultFunction"}
{"args":["31","1"],"expected":"11","name":"rangeResultFunction"}
{"args":["31","9223372036854775808"],"expected":"1","name":"rangeResultFunction"}
{"args":["31","18446744073709551615"],"expected":"18446744073709551614","name":"rangeResultFunction"}
{"args":["0","0"],"expected":"0","name":"rangeResultChained"}
{"args":["0","1"],"expected":"1","name":"rangeResultChained"}
{"args":["0","9223372036854775808"],"expected":"9223372036854775808","name":"rangeResultChained"}
{"args":["0","18446744073709551615"],"expected":"18446744073709551615","name":"rangeResultChained"}
{"args":["1","0"],"expected":"0","name":"rangeResultChained"}
{"args":["1","1"],"expected":"8","name":"rangeResultChained"}
{"args":["1","9223372036854775808"],"expected":"3074457345618258602","name":"rangeResultChained"}
{"args":["1","18446744073709551615"],"expected":"6148914691236517205","name":"rangeResultChained"}
{"args":["2","0"],"expected":"0","name":"rangeResultChained"}
{"args":["2","1"],"expected":"2","name":"rangeResultChained"}
{"args":["2","9223372036854775808"],"expected":"1024819115206086200","name":"rangeResultChained"}
{"args":["2","18446744073709551615"],"expected":"2049638230412172401","name":"rangeResultChained"}
{"args":["7","0"],"expected":"0","name":"rangeResultChained"}
{"args":["7","1"],"expected":"4","name":"rangeResultChained"}
{"args":["7","9223372036854775808"],"expected":"4217362614016815","name":"rangeResultChained"}
{"args":["7","18446744073709551615"],"expected":"8434725228033631","name":"rangeResultChained"}
{"args":["16","0"],"expected":"5","name":"rangeResultChained"}
{"args":["16","1"],"expected":"9","name":"rangeResultChained"}
{"args":["16","9223372036854775808"],"expected":"4217362614016820","name":"rangeResultChained"}
{"args":["16","18446744073709551615"],"expected":"8434725228033636","name":"rangeResultChained"}
{"args":["31","0"],"expected":"5","name":"rangeResultChained"}
{"args":["31","1"],"expected":"9","name":"rangeResultChained"}
{"args":["31","9223372036854775808"],"expected":"4217362614016820","name":"rangeResultChained"}
{"args":["31","18446744073709551615"],"expected":"8434725228033636","name":"rangeResultChained"}
{"args":["0","0"],"expected":"0","name":"rangeResultCapture"}
{"args":["0","1"],"expected":"1","name":"rangeResultCapture"}
{"args":["0","9223372036854775808"],"expected":"9223372036854775808","name":"rangeResultCapture"}
{"args":["0","18446744073709551615"],"expected":"18446744073709551615","name":"rangeResultCapture"}
{"args":["1","0"],"expected":"0","name":"rangeResultCapture"}
{"args":["1","1"],"expected":"1","name":"rangeResultCapture"}
{"args":["1","9223372036854775808"],"expected":"9223372036854775808","name":"rangeResultCapture"}
{"args":["1","18446744073709551615"],"expected":"18446744073709551615","name":"rangeResultCapture"}
{"args":["2","0"],"expected":"0","name":"rangeResultCapture"}
{"args":["2","1"],"expected":"1","name":"rangeResultCapture"}
{"args":["2","9223372036854775808"],"expected":"9223372036854775808","name":"rangeResultCapture"}
{"args":["2","18446744073709551615"],"expected":"18446744073709551615","name":"rangeResultCapture"}
{"args":["7","0"],"expected":"0","name":"rangeResultCapture"}
{"args":["7","1"],"expected":"1","name":"rangeResultCapture"}
{"args":["7","9223372036854775808"],"expected":"9223372036854775808","name":"rangeResultCapture"}
{"args":["7","18446744073709551615"],"expected":"18446744073709551615","name":"rangeResultCapture"}
{"args":["16","0"],"expected":"0","name":"rangeResultCapture"}
{"args":["16","1"],"expected":"1","name":"rangeResultCapture"}
{"args":["16","9223372036854775808"],"expected":"9223372036854775808","name":"rangeResultCapture"}
{"args":["16","18446744073709551615"],"expected":"18446744073709551615","name":"rangeResultCapture"}
{"args":["31","0"],"expected":"0","name":"rangeResultCapture"}
{"args":["31","1"],"expected":"1","name":"rangeResultCapture"}
{"args":["31","9223372036854775808"],"expected":"9223372036854775808","name":"rangeResultCapture"}
{"args":["31","18446744073709551615"],"expected":"18446744073709551615","name":"rangeResultCapture"}
{"args":["0","0"],"expected":"0","name":"rangeResultUnused"}
{"args":["0","1"],"expected":"1","name":"rangeResultUnused"}
{"args":["0","9223372036854775808"],"expected":"9223372036854775808","name":"rangeResultUnused"}
{"args":["0","18446744073709551615"],"expected":"18446744073709551615","name":"rangeResultUnused"}
{"args":["1","0"],"expected":"1","name":"rangeResultUnused"}
{"args":["1","1"],"expected":"2","name":"rangeResultUnused"}
{"args":["1","9223372036854775808"],"expected":"9223372036854775809","name":"rangeResultUnused"}
{"args":["1","18446744073709551615"],"expected":"0","name":"rangeResultUnused"}
{"args":["2","0"],"expected":"3","name":"rangeResultUnused"}
{"args":["2","1"],"expected":"4","name":"rangeResultUnused"}
{"args":["2","9223372036854775808"],"expected":"9223372036854775811","name":"rangeResultUnused"}
{"args":["2","18446744073709551615"],"expected":"2","name":"rangeResultUnused"}
{"args":["7","0"],"expected":"28","name":"rangeResultUnused"}
{"args":["7","1"],"expected":"29","name":"rangeResultUnused"}
{"args":["7","9223372036854775808"],"expected":"9223372036854775836","name":"rangeResultUnused"}
{"args":["7","18446744073709551615"],"expected":"27","name":"rangeResultUnused"}
{"args":["16","0"],"expected":"136","name":"rangeResultUnused"}
{"args":["16","1"],"expected":"137","name":"rangeResultUnused"}
{"args":["16","9223372036854775808"],"expected":"9223372036854775944","name":"rangeResultUnused"}
{"args":["16","18446744073709551615"],"expected":"135","name":"rangeResultUnused"}
{"args":["31","0"],"expected":"496","name":"rangeResultUnused"}
{"args":["31","1"],"expected":"497","name":"rangeResultUnused"}
{"args":["31","9223372036854775808"],"expected":"9223372036854776304","name":"rangeResultUnused"}
{"args":["31","18446744073709551615"],"expected":"495","name":"rangeResultUnused"}
{"args":["0","0"],"expected":"0","name":"rangeResultWrapped"}
{"args":["0","1"],"expected":"1","name":"rangeResultWrapped"}
{"args":["0","9223372036854775808"],"expected":"9223372036854775808","name":"rangeResultWrapped"}
{"args":["0","18446744073709551615"],"expected":"18446744073709551615","name":"rangeResultWrapped"}
{"args":["1","0"],"expected":"1","name":"rangeResultWrapped"}
{"args":["1","1"],"expected":"2","name":"rangeResultWrapped"}
{"args":["1","9223372036854775808"],"expected":"9223372036854775809","name":"rangeResultWrapped"}
{"args":["1","18446744073709551615"],"expected":"0","name":"rangeResultWrapped"}
{"args":["2","0"],"expected":"1","name":"rangeResultWrapped"}
{"args":["2","1"],"expected":"2","name":"rangeResultWrapped"}
{"args":["2","9223372036854775808"],"expected":"9223372036854775809","name":"rangeResultWrapped"}
{"args":["2","18446744073709551615"],"expected":"0","name":"rangeResultWrapped"}
{"args":["7","0"],"expected":"1","name":"rangeResultWrapped"}
{"args":["7","1"],"expected":"2","name":"rangeResultWrapped"}
{"args":["7","9223372036854775808"],"expected":"9223372036854775809","name":"rangeResultWrapped"}
{"args":["7","18446744073709551615"],"expected":"0","name":"rangeResultWrapped"}
{"args":["16","0"],"expected":"1","name":"rangeResultWrapped"}
{"args":["16","1"],"expected":"2","name":"rangeResultWrapped"}
{"args":["16","9223372036854775808"],"expected":"9223372036854775809","name":"rangeResultWrapped"}
{"args":["16","18446744073709551615"],"expected":"0","name":"rangeResultWrapped"}
{"args":["31","0"],"expected":"1","name":"rangeResultWrapped"}
{"args":["31","1"],"expected":"2","name":"rangeResultWrapped"}
{"args":["31","9223372036854775808"],"expected":"9223372036854775809","name":"rangeResultWrapped"}
{"args":["31","18446744073709551615"],"expected":"0","name":"rangeResultWrapped"}
{"args":["0","0"],"expected":"0","name":"rangeNegatedBreak"}
{"args":["0","1"],"expected":"1","name":"rangeNegatedBreak"}
{"args":["0","9223372036854775808"],"expected":"9223372036854775808","name":"rangeNegatedBreak"}
{"args":["0","18446744073709551615"],"expected":"18446744073709551615","name":"rangeNegatedBreak"}
{"args":["1","0"],"expected":"0","name":"rangeNegatedBreak"}
{"args":["1","1"],"expected":"1","name":"rangeNegatedBreak"}
{"args":["1","9223372036854775808"],"expected":"9223372036854775808","name":"rangeNegatedBreak"}
{"args":["1","18446744073709551615"],"expected":"18446744073709551615","name":"rangeNegatedBreak"}
{"args":["2","0"],"expected":"0","name":"rangeNegatedBreak"}
{"args":["2","1"],"expected":"1","name":"rangeNegatedBreak"}
{"args":["2","9223372036854775808"],"expected":"9223372036854775808","name":"rangeNegatedBreak"}
{"args":["2","18446744073709551615"],"expected":"18446744073709551615","name":"rangeNegatedBreak"}
{"args":["7","0"],"expected":"0","name":"rangeNegatedBreak"}
{"args":["7","1"],"expected":"1","name":"rangeNegatedBreak"}
{"args":["7","9223372036854775808"],"expected":"9223372036854775808","name":"rangeNegatedBreak"}
{"args":["7","18446744073709551615"],"expected":"18446744073709551615","name":"rangeNegatedBreak"}
{"args":["16","0"],"expected":"0","name":"rangeNegatedBreak"}
{"args":["16","1"],"expected":"1","name":"rangeNegatedBreak"}
{"args":["16","9223372036854775808"],"expected":"9223372036854775808","name":"rangeNegatedBreak"}
{"args":["16","18446744073709551615"],"expected":"18446744073709551615","name":"rangeNegatedBreak"}
{"args":["31","0"],"expected":"0","name":"rangeNegatedBreak"}
{"args":["31","1"],"expected":"1","name":"rangeNegatedBreak"}
{"args":["31","9223372036854775808"],"expected":"9223372036854775808","name":"rangeNegatedBreak"}
{"args":["31","18446744073709551615"],"expected":"18446744073709551615","name":"rangeNegatedBreak"}
{"args":["0","0"],"expected":"0","name":"rangeNegatedContinue"}
{"args":["0","1"],"expected":"1","name":"rangeNegatedContinue"}
{"args":["0","9223372036854775808"],"expected":"9223372036854775808","name":"rangeNegatedContinue"}
{"args":["0","18446744073709551615"],"expected":"18446744073709551615","name":"rangeNegatedContinue"}
{"args":["1","0"],"expected":"0","name":"rangeNegatedContinue"}
{"args":["1","1"],"expected":"4","name":"rangeNegatedContinue"}
{"args":["1","9223372036854775808"],"expected":"9223372036854775809","name":"rangeNegatedContinue"}
{"args":["1","18446744073709551615"],"expected":"18446744073709551614","name":"rangeNegatedContinue"}
{"args":["2","0"],"expected":"0","name":"rangeNegatedContinue"}
{"args":["2","1"],"expected":"4","name":"rangeNegatedContinue"}
{"args":["2","9223372036854775808"],"expected":"9223372036854775809","name":"rangeNegatedContinue"}
{"args":["2","18446744073709551615"],"expected":"18446744073709551614","name":"rangeNegatedContinue"}
{"args":["7","0"],"expected":"0","name":"rangeNegatedContinue"}
{"args":["7","1"],"expected":"4","name":"rangeNegatedContinue"}
{"args":["7","9223372036854775808"],"expected":"9223372036854775809","name":"rangeNegatedContinue"}
{"args":["7","18446744073709551615"],"expected":"18446744073709551614","name":"rangeNegatedContinue"}
{"args":["16","0"],"expected":"0","name":"rangeNegatedContinue"}
{"args":["16","1"],"expected":"4","name":"rangeNegatedContinue"}
{"args":["16","9223372036854775808"],"expected":"9223372036854775809","name":"rangeNegatedContinue"}
{"args":["16","18446744073709551615"],"expected":"18446744073709551614","name":"rangeNegatedContinue"}
{"args":["31","0"],"expected":"0","name":"rangeNegatedContinue"}
{"args":["31","1"],"expected":"4","name":"rangeNegatedContinue"}
{"args":["31","9223372036854775808"],"expected":"9223372036854775809","name":"rangeNegatedContinue"}
{"args":["31","18446744073709551615"],"expected":"18446744073709551614","name":"rangeNegatedContinue"}
{"args":["0","0"],"expected":"0","name":"rangeNegatedJoin"}
{"args":["0","1"],"expected":"1","name":"rangeNegatedJoin"}
{"args":["0","9223372036854775808"],"expected":"9223372036854775808","name":"rangeNegatedJoin"}
{"args":["0","18446744073709551615"],"expected":"18446744073709551615","name":"rangeNegatedJoin"}
{"args":["1","0"],"expected":"11","name":"rangeNegatedJoin"}
{"args":["1","1"],"expected":"2","name":"rangeNegatedJoin"}
{"args":["1","9223372036854775808"],"expected":"9223372036854775809","name":"rangeNegatedJoin"}
{"args":["1","18446744073709551615"],"expected":"0","name":"rangeNegatedJoin"}
{"args":["2","0"],"expected":"11","name":"rangeNegatedJoin"}
{"args":["2","1"],"expected":"13","name":"rangeNegatedJoin"}
{"args":["2","9223372036854775808"],"expected":"9223372036854775820","name":"rangeNegatedJoin"}
{"args":["2","18446744073709551615"],"expected":"11","name":"rangeNegatedJoin"}
{"args":["7","0"],"expected":"11","name":"rangeNegatedJoin"}
{"args":["7","1"],"expected":"13","name":"rangeNegatedJoin"}
{"args":["7","9223372036854775808"],"expected":"9223372036854775820","name":"rangeNegatedJoin"}
{"args":["7","18446744073709551615"],"expected":"11","name":"rangeNegatedJoin"}
{"args":["16","0"],"expected":"11","name":"rangeNegatedJoin"}
{"args":["16","1"],"expected":"13","name":"rangeNegatedJoin"}
{"args":["16","9223372036854775808"],"expected":"9223372036854775820","name":"rangeNegatedJoin"}
{"args":["16","18446744073709551615"],"expected":"11","name":"rangeNegatedJoin"}
{"args":["31","0"],"expected":"11","name":"rangeNegatedJoin"}
{"args":["31","1"],"expected":"13","name":"rangeNegatedJoin"}
{"args":["31","9223372036854775808"],"expected":"9223372036854775820","name":"rangeNegatedJoin"}
{"args":["31","18446744073709551615"],"expected":"11","name":"rangeNegatedJoin"}
{"args":["0","0"],"expected":"0","name":"rangeFromOne"}
{"args":["0","1"],"expected":"1","name":"rangeFromOne"}
{"args":["0","9223372036854775808"],"expected":"9223372036854775808","name":"rangeFromOne"}
{"args":["0","18446744073709551615"],"expected":"18446744073709551615","name":"rangeFromOne"}
{"args":["1","0"],"expected":"0","name":"rangeFromOne"}
{"args":["1","1"],"expected":"1","name":"rangeFromOne"}
{"args":["1","9223372036854775808"],"expected":"9223372036854775808","name":"rangeFromOne"}
{"args":["1","18446744073709551615"],"expected":"18446744073709551615","name":"rangeFromOne"}
{"args":["2","0"],"expected":"1","name":"rangeFromOne"}
{"args":["2","1"],"expected":"4","name":"rangeFromOne"}
{"args":["2","9223372036854775808"],"expected":"9223372036854775809","name":"rangeFromOne"}
{"args":["2","18446744073709551615"],"expected":"18446744073709551614","name":"rangeFromOne"}
{"args":["7","0"],"expected":"543","name":"rangeFromOne"}
{"args":["7","1"],"expected":"1272","name":"rangeFromOne"}
{"args":["7","9223372036854775808"],"expected":"9223372036854776351","name":"rangeFromOne"}
{"args":["7","18446744073709551615"],"expected":"18446744073709551430","name":"rangeFromOne"}
{"args":["16","0"],"expected":"10761672","name":"rangeFromOne"}
{"args":["16","1"],"expected":"25110579","name":"rangeFromOne"}
{"args":["16","9223372036854775808"],"expected":"9223372036865537480","name":"rangeFromOne"}
{"args":["16","18446744073709551615"],"expected":"18446744073705964381","name":"rangeFromOne"}
{"args":["31","0"],"expected":"154418349070971","name":"rangeFromOne"}
{"args":["31","1"],"expected":"360309481165620","name":"rangeFromOne"}
{"args":["31","9223372036854775808"],"expected":"9223526455203846779","name":"rangeFromOne"}
{"args":["31","18446744073709551615"],"expected":"18446692600926527938","name":"rangeFromOne"}
{"args":["0","0"],"expected":"25","name":"rangeIntervalLiteral"}
{"args":["0","1"],"expected":"26","name":"rangeIntervalLiteral"}
{"args":["0","9223372036854775808"],"expected":"9223372036854775833","name":"rangeIntervalLiteral"}
{"args":["0","18446744073709551615"],"expected":"24","name":"rangeIntervalLiteral"}
{"args":["1","0"],"expected":"30","name":"rangeIntervalLiteral"}
{"args":["1","1"],"expected":"31","name":"rangeIntervalLiteral"}
{"args":["1","9223372036854775808"],"expected":"9223372036854775838","name":"rangeIntervalLiteral"}
{"args":["1","18446744073709551615"],"expected":"29","name":"rangeIntervalLiteral"}
{"args":["2","0"],"expected":"35","name":"rangeIntervalLiteral"}
{"args":["2","1"],"expected":"36","name":"rangeIntervalLiteral"}
{"args":["2","9223372036854775808"],"expected":"9223372036854775843","name":"rangeIntervalLiteral"}
{"args":["2","18446744073709551615"],"expected":"34","name":"rangeIntervalLiteral"}
{"args":["7","0"],"expected":"60","name":"rangeIntervalLiteral"}
{"args":["7","1"],"expected":"61","name":"rangeIntervalLiteral"}
{"args":["7","9223372036854775808"],"expected":"9223372036854775868","name":"rangeIntervalLiteral"}
{"args":["7","18446744073709551615"],"expected":"59","name":"rangeIntervalLiteral"}
{"args":["16","0"],"expected":"105","name":"rangeIntervalLiteral"}
{"args":["16","1"],"expected":"106","name":"rangeIntervalLiteral"}
{"args":["16","9223372036854775808"],"expected":"9223372036854775913","name":"rangeIntervalLiteral"}
{"args":["16","18446744073709551615"],"expected":"104","name":"rangeIntervalLiteral"}
{"args":["31","0"],"expected":"180","name":"rangeIntervalLiteral"}
{"args":["31","1"],"expected":"181","name":"rangeIntervalLiteral"}
{"args":["31","9223372036854775808"],"expected":"9223372036854775988","name":"rangeIntervalLiteral"}
{"args":["31","18446744073709551615"],"expected":"179","name":"rangeIntervalLiteral"}
{"args":["0","0"],"expected":"0","name":"rangeIntervalEmpty"}
{"args":["0","1"],"expected":"1","name":"rangeIntervalEmpty"}
{"args":["0","9223372036854775808"],"expected":"9223372036854775808","name":"rangeIntervalEmpty"}
{"args":["0","18446744073709551615"],"expected":"18446744073709551615","name":"rangeIntervalEmpty"}
{"args":["1","0"],"expected":"0","name":"rangeIntervalEmpty"}
{"args":["1","1"],"expected":"1","name":"rangeIntervalEmpty"}
{"args":["1","9223372036854775808"],"expected":"9223372036854775808","name":"rangeIntervalEmpty"}
{"args":["1","18446744073709551615"],"expected":"18446744073709551615","name":"rangeIntervalEmpty"}
{"args":["2","0"],"expected":"0","name":"rangeIntervalEmpty"}
{"args":["2","1"],"expected":"1","name":"rangeIntervalEmpty"}
{"args":["2","9223372036854775808"],"expected":"9223372036854775808","name":"rangeIntervalEmpty"}
{"args":["2","18446744073709551615"],"expected":"18446744073709551615","name":"rangeIntervalEmpty"}
{"args":["7","0"],"expected":"0","name":"rangeIntervalEmpty"}
{"args":["7","1"],"expected":"1","name":"rangeIntervalEmpty"}
{"args":["7","9223372036854775808"],"expected":"9223372036854775808","name":"rangeIntervalEmpty"}
{"args":["7","18446744073709551615"],"expected":"18446744073709551615","name":"rangeIntervalEmpty"}
{"args":["16","0"],"expected":"0","name":"rangeIntervalEmpty"}
{"args":["16","1"],"expected":"1","name":"rangeIntervalEmpty"}
{"args":["16","9223372036854775808"],"expected":"9223372036854775808","name":"rangeIntervalEmpty"}
{"args":["16","18446744073709551615"],"expected":"18446744073709551615","name":"rangeIntervalEmpty"}
{"args":["31","0"],"expected":"0","name":"rangeIntervalEmpty"}
{"args":["31","1"],"expected":"1","name":"rangeIntervalEmpty"}
{"args":["31","9223372036854775808"],"expected":"9223372036854775808","name":"rangeIntervalEmpty"}
{"args":["31","18446744073709551615"],"expected":"18446744073709551615","name":"rangeIntervalEmpty"}
{"args":["0","0"],"expected":"0","name":"rangeIntervalEqual"}
{"args":["0","1"],"expected":"1","name":"rangeIntervalEqual"}
{"args":["0","9223372036854775808"],"expected":"9223372036854775808","name":"rangeIntervalEqual"}
{"args":["0","18446744073709551615"],"expected":"18446744073709551615","name":"rangeIntervalEqual"}
{"args":["1","0"],"expected":"0","name":"rangeIntervalEqual"}
{"args":["1","1"],"expected":"1","name":"rangeIntervalEqual"}
{"args":["1","9223372036854775808"],"expected":"9223372036854775808","name":"rangeIntervalEqual"}
{"args":["1","18446744073709551615"],"expected":"18446744073709551615","name":"rangeIntervalEqual"}
{"args":["2","0"],"expected":"0","name":"rangeIntervalEqual"}
{"args":["2","1"],"expected":"1","name":"rangeIntervalEqual"}
{"args":["2","9223372036854775808"],"expected":"9223372036854775808","name":"rangeIntervalEqual"}
{"args":["2","18446744073709551615"],"expected":"18446744073709551615","name":"rangeIntervalEqual"}
{"args":["7","0"],"expected":"0","name":"rangeIntervalEqual"}
{"args":["7","1"],"expected":"1","name":"rangeIntervalEqual"}
{"args":["7","9223372036854775808"],"expected":"9223372036854775808","name":"rangeIntervalEqual"}
{"args":["7","18446744073709551615"],"expected":"18446744073709551615","name":"rangeIntervalEqual"}
{"args":["16","0"],"expected":"0","name":"rangeIntervalEqual"}
{"args":["16","1"],"expected":"1","name":"rangeIntervalEqual"}
{"args":["16","9223372036854775808"],"expected":"9223372036854775808","name":"rangeIntervalEqual"}
{"args":["16","18446744073709551615"],"expected":"18446744073709551615","name":"rangeIntervalEqual"}
{"args":["31","0"],"expected":"0","name":"rangeIntervalEqual"}
{"args":["31","1"],"expected":"1","name":"rangeIntervalEqual"}
{"args":["31","9223372036854775808"],"expected":"9223372036854775808","name":"rangeIntervalEqual"}
{"args":["31","18446744073709551615"],"expected":"18446744073709551615","name":"rangeIntervalEqual"}
{"args":["0","0"],"expected":"0","name":"rangeIntervalBreak"}
{"args":["0","1"],"expected":"1","name":"rangeIntervalBreak"}
{"args":["0","9223372036854775808"],"expected":"9223372036854775808","name":"rangeIntervalBreak"}
{"args":["0","18446744073709551615"],"expected":"18446744073709551615","name":"rangeIntervalBreak"}
{"args":["1","0"],"expected":"0","name":"rangeIntervalBreak"}
{"args":["1","1"],"expected":"1","name":"rangeIntervalBreak"}
{"args":["1","9223372036854775808"],"expected":"9223372036854775808","name":"rangeIntervalBreak"}
{"args":["1","18446744073709551615"],"expected":"18446744073709551615","name":"rangeIntervalBreak"}
{"args":["2","0"],"expected":"0","name":"rangeIntervalBreak"}
{"args":["2","1"],"expected":"1","name":"rangeIntervalBreak"}
{"args":["2","9223372036854775808"],"expected":"9223372036854775808","name":"rangeIntervalBreak"}
{"args":["2","18446744073709551615"],"expected":"18446744073709551615","name":"rangeIntervalBreak"}
{"args":["7","0"],"expected":"63","name":"rangeIntervalBreak"}
{"args":["7","1"],"expected":"72","name":"rangeIntervalBreak"}
{"args":["7","9223372036854775808"],"expected":"9223372036854775871","name":"rangeIntervalBreak"}
{"args":["7","18446744073709551615"],"expected":"54","name":"rangeIntervalBreak"}
{"args":["16","0"],"expected":"70","name":"rangeIntervalBreak"}
{"args":["16","1"],"expected":"79","name":"rangeIntervalBreak"}
{"args":["16","9223372036854775808"],"expected":"9223372036854775878","name":"rangeIntervalBreak"}
{"args":["16","18446744073709551615"],"expected":"61","name":"rangeIntervalBreak"}
{"args":["31","0"],"expected":"70","name":"rangeIntervalBreak"}
{"args":["31","1"],"expected":"79","name":"rangeIntervalBreak"}
{"args":["31","9223372036854775808"],"expected":"9223372036854775878","name":"rangeIntervalBreak"}
{"args":["31","18446744073709551615"],"expected":"61","name":"rangeIntervalBreak"}
{"args":["0","0"],"expected":"0","name":"rangeIntervalContinue"}
{"args":["0","1"],"expected":"1","name":"rangeIntervalContinue"}
{"args":["0","9223372036854775808"],"expected":"9223372036854775808","name":"rangeIntervalContinue"}
{"args":["0","18446744073709551615"],"expected":"18446744073709551615","name":"rangeIntervalContinue"}
{"args":["1","0"],"expected":"0","name":"rangeIntervalContinue"}
{"args":["1","1"],"expected":"1","name":"rangeIntervalContinue"}
{"args":["1","9223372036854775808"],"expected":"9223372036854775808","name":"rangeIntervalContinue"}
{"args":["1","18446744073709551615"],"expected":"18446744073709551615","name":"rangeIntervalContinue"}
{"args":["2","0"],"expected":"1","name":"rangeIntervalContinue"}
{"args":["2","1"],"expected":"2","name":"rangeIntervalContinue"}
{"args":["2","9223372036854775808"],"expected":"9223372036854775809","name":"rangeIntervalContinue"}
{"args":["2","18446744073709551615"],"expected":"0","name":"rangeIntervalContinue"}
{"args":["7","0"],"expected":"12","name":"rangeIntervalContinue"}
{"args":["7","1"],"expected":"13","name":"rangeIntervalContinue"}
{"args":["7","9223372036854775808"],"expected":"9223372036854775820","name":"rangeIntervalContinue"}
{"args":["7","18446744073709551615"],"expected":"11","name":"rangeIntervalContinue"}
{"args":["16","0"],"expected":"48","name":"rangeIntervalContinue"}
{"args":["16","1"],"expected":"49","name":"rangeIntervalContinue"}
{"args":["16","9223372036854775808"],"expected":"9223372036854775856","name":"rangeIntervalContinue"}
{"args":["16","18446744073709551615"],"expected":"47","name":"rangeIntervalContinue"}
{"args":["31","0"],"expected":"48","name":"rangeIntervalContinue"}
{"args":["31","1"],"expected":"49","name":"rangeIntervalContinue"}
{"args":["31","9223372036854775808"],"expected":"9223372036854775856","name":"rangeIntervalContinue"}
{"args":["31","18446744073709551615"],"expected":"47","name":"rangeIntervalContinue"}
{"args":["0","0"],"expected":"18446744073709551609","name":"rangeIntervalCapture"}
{"args":["0","1"],"expected":"18446744073709551611","name":"rangeIntervalCapture"}
{"args":["0","9223372036854775808"],"expected":"18446744073709551609","name":"rangeIntervalCapture"}
{"args":["0","18446744073709551615"],"expected":"18446744073709551607","name":"rangeIntervalCapture"}
{"args":["1","0"],"expected":"18446744073709551609","name":"rangeIntervalCapture"}
{"args":["1","1"],"expected":"18446744073709551611","name":"rangeIntervalCapture"}
{"args":["1","9223372036854775808"],"expected":"18446744073709551609","name":"rangeIntervalCapture"}
{"args":["1","18446744073709551615"],"expected":"18446744073709551607","name":"rangeIntervalCapture"}
{"args":["2","0"],"expected":"2","name":"rangeIntervalCapture"}
{"args":["2","1"],"expected":"5","name":"rangeIntervalCapture"}
{"args":["2","9223372036854775808"],"expected":"9223372036854775810","name":"rangeIntervalCapture"}
{"args":["2","18446744073709551615"],"expected":"18446744073709551615","name":"rangeIntervalCapture"}
{"args":["7","0"],"expected":"62","name":"rangeIntervalCapture"}
{"args":["7","1"],"expected":"70","name":"rangeIntervalCapture"}
{"args":["7","9223372036854775808"],"expected":"62","name":"rangeIntervalCapture"}
{"args":["7","18446744073709551615"],"expected":"54","name":"rangeIntervalCapture"}
{"args":["16","0"],"expected":"233","name":"rangeIntervalCapture"}
{"args":["16","1"],"expected":"250","name":"rangeIntervalCapture"}
{"args":["16","9223372036854775808"],"expected":"9223372036854776041","name":"rangeIntervalCapture"}
{"args":["16","18446744073709551615"],"expected":"216","name":"rangeIntervalCapture"}
{"args":["31","0"],"expected":"698","name":"rangeIntervalCapture"}
{"args":["31","1"],"expected":"730","name":"rangeIntervalCapture"}
{"args":["31","9223372036854775808"],"expected":"698","name":"rangeIntervalCapture"}
{"args":["31","18446744073709551615"],"expected":"666","name":"rangeIntervalCapture"}
{"args":["0","0"],"expected":"0","name":"rangeIntervalJoin"}
{"args":["0","1"],"expected":"1","name":"rangeIntervalJoin"}
{"args":["0","9223372036854775808"],"expected":"9223372036854775808","name":"rangeIntervalJoin"}
{"args":["0","18446744073709551615"],"expected":"18446744073709551615","name":"rangeIntervalJoin"}
{"args":["1","0"],"expected":"0","name":"rangeIntervalJoin"}
{"args":["1","1"],"expected":"1","name":"rangeIntervalJoin"}
{"args":["1","9223372036854775808"],"expected":"9223372036854775808","name":"rangeIntervalJoin"}
{"args":["1","18446744073709551615"],"expected":"18446744073709551615","name":"rangeIntervalJoin"}
{"args":["2","0"],"expected":"0","name":"rangeIntervalJoin"}
{"args":["2","1"],"expected":"1","name":"rangeIntervalJoin"}
{"args":["2","9223372036854775808"],"expected":"9223372036854775808","name":"rangeIntervalJoin"}
{"args":["2","18446744073709551615"],"expected":"18446744073709551615","name":"rangeIntervalJoin"}
{"args":["7","0"],"expected":"18","name":"rangeIntervalJoin"}
{"args":["7","1"],"expected":"19","name":"rangeIntervalJoin"}
{"args":["7","9223372036854775808"],"expected":"9223372036854775826","name":"rangeIntervalJoin"}
{"args":["7","18446744073709551615"],"expected":"17","name":"rangeIntervalJoin"}
{"args":["16","0"],"expected":"29","name":"rangeIntervalJoin"}
{"args":["16","1"],"expected":"30","name":"rangeIntervalJoin"}
{"args":["16","9223372036854775808"],"expected":"9223372036854775837","name":"rangeIntervalJoin"}
{"args":["16","18446744073709551615"],"expected":"28","name":"rangeIntervalJoin"}
{"args":["31","0"],"expected":"29","name":"rangeIntervalJoin"}
{"args":["31","1"],"expected":"30","name":"rangeIntervalJoin"}
{"args":["31","9223372036854775808"],"expected":"9223372036854775837","name":"rangeIntervalJoin"}
{"args":["31","18446744073709551615"],"expected":"28","name":"rangeIntervalJoin"}
{"args":["0","0"],"expected":"18446744073709551611","name":"rangeIntervalHigh"}
{"args":["0","1"],"expected":"18446744073709551612","name":"rangeIntervalHigh"}
{"args":["0","9223372036854775808"],"expected":"9223372036854775803","name":"rangeIntervalHigh"}
{"args":["0","18446744073709551615"],"expected":"18446744073709551610","name":"rangeIntervalHigh"}
{"args":["1","0"],"expected":"18446744073709551613","name":"rangeIntervalHigh"}
{"args":["1","1"],"expected":"18446744073709551614","name":"rangeIntervalHigh"}
{"args":["1","9223372036854775808"],"expected":"9223372036854775805","name":"rangeIntervalHigh"}
{"args":["1","18446744073709551615"],"expected":"18446744073709551612","name":"rangeIntervalHigh"}
{"args":["2","0"],"expected":"18446744073709551615","name":"rangeIntervalHigh"}
{"args":["2","1"],"expected":"0","name":"rangeIntervalHigh"}
{"args":["2","9223372036854775808"],"expected":"9223372036854775807","name":"rangeIntervalHigh"}
{"args":["2","18446744073709551615"],"expected":"18446744073709551614","name":"rangeIntervalHigh"}
{"args":["7","0"],"expected":"9","name":"rangeIntervalHigh"}
{"args":["7","1"],"expected":"10","name":"rangeIntervalHigh"}
{"args":["7","9223372036854775808"],"expected":"9223372036854775817","name":"rangeIntervalHigh"}
{"args":["7","18446744073709551615"],"expected":"8","name":"rangeIntervalHigh"}
{"args":["16","0"],"expected":"27","name":"rangeIntervalHigh"}
{"args":["16","1"],"expected":"28","name":"rangeIntervalHigh"}
{"args":["16","9223372036854775808"],"expected":"9223372036854775835","name":"rangeIntervalHigh"}
{"args":["16","18446744073709551615"],"expected":"26","name":"rangeIntervalHigh"}
{"args":["31","0"],"expected":"57","name":"rangeIntervalHigh"}
{"args":["31","1"],"expected":"58","name":"rangeIntervalHigh"}
{"args":["31","9223372036854775808"],"expected":"9223372036854775865","name":"rangeIntervalHigh"}
{"args":["31","18446744073709551615"],"expected":"56","name":"rangeIntervalHigh"}
{"args":["0","0"],"expected":"0","name":"rangeIntervalMaxEmpty"}
{"args":["0","1"],"expected":"1","name":"rangeIntervalMaxEmpty"}
{"args":["0","9223372036854775808"],"expected":"9223372036854775808","name":"rangeIntervalMaxEmpty"}
{"args":["0","18446744073709551615"],"expected":"18446744073709551615","name":"rangeIntervalMaxEmpty"}
{"args":["1","0"],"expected":"0","name":"rangeIntervalMaxEmpty"}
{"args":["1","1"],"expected":"1","name":"rangeIntervalMaxEmpty"}
{"args":["1","9223372036854775808"],"expected":"9223372036854775808","name":"rangeIntervalMaxEmpty"}
{"args":["1","18446744073709551615"],"expected":"18446744073709551615","name":"rangeIntervalMaxEmpty"}
{"args":["2","0"],"expected":"0","name":"rangeIntervalMaxEmpty"}
{"args":["2","1"],"expected":"1","name":"rangeIntervalMaxEmpty"}
{"args":["2","9223372036854775808"],"expected":"9223372036854775808","name":"rangeIntervalMaxEmpty"}
{"args":["2","18446744073709551615"],"expected":"18446744073709551615","name":"rangeIntervalMaxEmpty"}
{"args":["7","0"],"expected":"0","name":"rangeIntervalMaxEmpty"}
{"args":["7","1"],"expected":"1","name":"rangeIntervalMaxEmpty"}
{"args":["7","9223372036854775808"],"expected":"9223372036854775808","name":"rangeIntervalMaxEmpty"}
{"args":["7","18446744073709551615"],"expected":"18446744073709551615","name":"rangeIntervalMaxEmpty"}
{"args":["16","0"],"expected":"0","name":"rangeIntervalMaxEmpty"}
{"args":["16","1"],"expected":"1","name":"rangeIntervalMaxEmpty"}
{"args":["16","9223372036854775808"],"expected":"9223372036854775808","name":"rangeIntervalMaxEmpty"}
{"args":["16","18446744073709551615"],"expected":"18446744073709551615","name":"rangeIntervalMaxEmpty"}
{"args":["31","0"],"expected":"0","name":"rangeIntervalMaxEmpty"}
{"args":["31","1"],"expected":"1","name":"rangeIntervalMaxEmpty"}
{"args":["31","9223372036854775808"],"expected":"9223372036854775808","name":"rangeIntervalMaxEmpty"}
{"args":["31","18446744073709551615"],"expected":"18446744073709551615","name":"rangeIntervalMaxEmpty"}
{"args":["0","0"],"expected":"2","name":"rangeIntervalHugeBreak"}
{"args":["0","1"],"expected":"3","name":"rangeIntervalHugeBreak"}
{"args":["0","9223372036854775808"],"expected":"9223372036854775810","name":"rangeIntervalHugeBreak"}
{"args":["0","18446744073709551615"],"expected":"1","name":"rangeIntervalHugeBreak"}
{"args":["1","0"],"expected":"3","name":"rangeIntervalHugeBreak"}
{"args":["1","1"],"expected":"4","name":"rangeIntervalHugeBreak"}
{"args":["1","9223372036854775808"],"expected":"9223372036854775811","name":"rangeIntervalHugeBreak"}
{"args":["1","18446744073709551615"],"expected":"2","name":"rangeIntervalHugeBreak"}
{"args":["2","0"],"expected":"4","name":"rangeIntervalHugeBreak"}
{"args":["2","1"],"expected":"5","name":"rangeIntervalHugeBreak"}
{"args":["2","9223372036854775808"],"expected":"9223372036854775812","name":"rangeIntervalHugeBreak"}
{"args":["2","18446744073709551615"],"expected":"3","name":"rangeIntervalHugeBreak"}
{"args":["7","0"],"expected":"9","name":"rangeIntervalHugeBreak"}
{"args":["7","1"],"expected":"10","name":"rangeIntervalHugeBreak"}
{"args":["7","9223372036854775808"],"expected":"9223372036854775817","name":"rangeIntervalHugeBreak"}
{"args":["7","18446744073709551615"],"expected":"8","name":"rangeIntervalHugeBreak"}
{"args":["16","0"],"expected":"18","name":"rangeIntervalHugeBreak"}
{"args":["16","1"],"expected":"19","name":"rangeIntervalHugeBreak"}
{"args":["16","9223372036854775808"],"expected":"9223372036854775826","name":"rangeIntervalHugeBreak"}
{"args":["16","18446744073709551615"],"expected":"17","name":"rangeIntervalHugeBreak"}
{"args":["31","0"],"expected":"33","name":"rangeIntervalHugeBreak"}
{"args":["31","1"],"expected":"34","name":"rangeIntervalHugeBreak"}
{"args":["31","9223372036854775808"],"expected":"9223372036854775841","name":"rangeIntervalHugeBreak"}
{"args":["31","18446744073709551615"],"expected":"32","name":"rangeIntervalHugeBreak"}
{"args":["0","0"],"expected":"0","name":"rangeDynamicStart"}
{"args":["0","1"],"expected":"1","name":"rangeDynamicStart"}
{"args":["0","9223372036854775808"],"expected":"9223372036854775808","name":"rangeDynamicStart"}
{"args":["0","18446744073709551615"],"expected":"18446744073709551615","name":"rangeDynamicStart"}
{"args":["1","0"],"expected":"0","name":"rangeDynamicStart"}
{"args":["1","1"],"expected":"1","name":"rangeDynamicStart"}
{"args":["1","9223372036854775808"],"expected":"9223372036854775808","name":"rangeDynamicStart"}
{"args":["1","18446744073709551615"],"expected":"18446744073709551615","name":"rangeDynamicStart"}
{"args":["2","0"],"expected":"1","name":"rangeDynamicStart"}
{"args":["2","1"],"expected":"4","name":"rangeDynamicStart"}
{"args":["2","9223372036854775808"],"expected":"9223372036854775809","name":"rangeDynamicStart"}
{"args":["2","18446744073709551615"],"expected":"18446744073709551614","name":"rangeDynamicStart"}
{"args":["7","0"],"expected":"543","name":"rangeDynamicStart"}
{"args":["7","1"],"expected":"1272","name":"rangeDynamicStart"}
{"args":["7","9223372036854775808"],"expected":"9223372036854776351","name":"rangeDynamicStart"}
{"args":["7","18446744073709551615"],"expected":"18446744073709551430","name":"rangeDynamicStart"}
{"args":["16","0"],"expected":"10761672","name":"rangeDynamicStart"}
{"args":["16","1"],"expected":"25110579","name":"rangeDynamicStart"}
{"args":["16","9223372036854775808"],"expected":"9223372036865537480","name":"rangeDynamicStart"}
{"args":["16","18446744073709551615"],"expected":"18446744073705964381","name":"rangeDynamicStart"}
{"args":["31","0"],"expected":"154418349070971","name":"rangeDynamicStart"}
{"args":["31","1"],"expected":"360309481165620","name":"rangeDynamicStart"}
{"args":["31","9223372036854775808"],"expected":"9223526455203846779","name":"rangeDynamicStart"}
{"args":["31","18446744073709551615"],"expected":"18446692600926527938","name":"rangeDynamicStart"}
{"args":["0","0"],"expected":"28","name":"rangeDynamicLiteral"}
{"args":["0","1"],"expected":"29","name":"rangeDynamicLiteral"}
{"args":["0","9223372036854775808"],"expected":"9223372036854775836","name":"rangeDynamicLiteral"}
{"args":["0","18446744073709551615"],"expected":"27","name":"rangeDynamicLiteral"}
{"args":["1","0"],"expected":"28","name":"rangeDynamicLiteral"}
{"args":["1","1"],"expected":"29","name":"rangeDynamicLiteral"}
{"args":["1","9223372036854775808"],"expected":"9223372036854775836","name":"rangeDynamicLiteral"}
{"args":["1","18446744073709551615"],"expected":"27","name":"rangeDynamicLiteral"}
{"args":["2","0"],"expected":"27","name":"rangeDynamicLiteral"}
{"args":["2","1"],"expected":"28","name":"rangeDynamicLiteral"}
{"args":["2","9223372036854775808"],"expected":"9223372036854775835","name":"rangeDynamicLiteral"}
{"args":["2","18446744073709551615"],"expected":"26","name":"rangeDynamicLiteral"}
{"args":["7","0"],"expected":"7","name":"rangeDynamicLiteral"}
{"args":["7","1"],"expected":"8","name":"rangeDynamicLiteral"}
{"args":["7","9223372036854775808"],"expected":"9223372036854775815","name":"rangeDynamicLiteral"}
{"args":["7","18446744073709551615"],"expected":"6","name":"rangeDynamicLiteral"}
{"args":["16","0"],"expected":"0","name":"rangeDynamicLiteral"}
{"args":["16","1"],"expected":"1","name":"rangeDynamicLiteral"}
{"args":["16","9223372036854775808"],"expected":"9223372036854775808","name":"rangeDynamicLiteral"}
{"args":["16","18446744073709551615"],"expected":"18446744073709551615","name":"rangeDynamicLiteral"}
{"args":["31","0"],"expected":"0","name":"rangeDynamicLiteral"}
{"args":["31","1"],"expected":"1","name":"rangeDynamicLiteral"}
{"args":["31","9223372036854775808"],"expected":"9223372036854775808","name":"rangeDynamicLiteral"}
{"args":["31","18446744073709551615"],"expected":"18446744073709551615","name":"rangeDynamicLiteral"}
{"args":["0","0"],"expected":"0","name":"rangeDynamicComputed"}
{"args":["0","1"],"expected":"1","name":"rangeDynamicComputed"}
{"args":["0","9223372036854775808"],"expected":"9223372036854775809","name":"rangeDynamicComputed"}
{"args":["0","18446744073709551615"],"expected":"18446744073709551615","name":"rangeDynamicComputed"}
{"args":["1","0"],"expected":"0","name":"rangeDynamicComputed"}
{"args":["1","1"],"expected":"2","name":"rangeDynamicComputed"}
{"args":["1","9223372036854775808"],"expected":"9223372036854775811","name":"rangeDynamicComputed"}
{"args":["1","18446744073709551615"],"expected":"18446744073709551615","name":"rangeDynamicComputed"}
{"args":["2","0"],"expected":"1","name":"rangeDynamicComputed"}
{"args":["2","1"],"expected":"4","name":"rangeDynamicComputed"}
{"args":["2","9223372036854775808"],"expected":"9223372036854775814","name":"rangeDynamicComputed"}
{"args":["2","18446744073709551615"],"expected":"0","name":"rangeDynamicComputed"}
{"args":["7","0"],"expected":"18","name":"rangeDynamicComputed"}
{"args":["7","1"],"expected":"26","name":"rangeDynamicComputed"}
{"args":["7","9223372036854775808"],"expected":"9223372036854775841","name":"rangeDynamicComputed"}
{"args":["7","18446744073709551615"],"expected":"17","name":"rangeDynamicComputed"}
{"args":["16","0"],"expected":"92","name":"rangeDynamicComputed"}
{"args":["16","1"],"expected":"109","name":"rangeDynamicComputed"}
{"args":["16","9223372036854775808"],"expected":"9223372036854775933","name":"rangeDynamicComputed"}
{"args":["16","18446744073709551615"],"expected":"91","name":"rangeDynamicComputed"}
{"args":["31","0"],"expected":"360","name":"rangeDynamicComputed"}
{"args":["31","1"],"expected":"392","name":"rangeDynamicComputed"}
{"args":["31","9223372036854775808"],"expected":"9223372036854776231","name":"rangeDynamicComputed"}
{"args":["31","18446744073709551615"],"expected":"359","name":"rangeDynamicComputed"}
{"args":["0","0"],"expected":"0","name":"rangeDynamicCapture"}
{"args":["0","1"],"expected":"1","name":"rangeDynamicCapture"}
{"args":["0","9223372036854775808"],"expected":"9223372036854775808","name":"rangeDynamicCapture"}
{"args":["0","18446744073709551615"],"expected":"18446744073709551615","name":"rangeDynamicCapture"}
{"args":["1","0"],"expected":"7","name":"rangeDynamicCapture"}
{"args":["1","1"],"expected":"9","name":"rangeDynamicCapture"}
{"args":["1","9223372036854775808"],"expected":"7","name":"rangeDynamicCapture"}
{"args":["1","18446744073709551615"],"expected":"18446744073709551615","name":"rangeDynamicCapture"}
{"args":["2","0"],"expected":"15","name":"rangeDynamicCapture"}
{"args":["2","1"],"expected":"18","name":"rangeDynamicCapture"}
{"args":["2","9223372036854775808"],"expected":"9223372036854775823","name":"rangeDynamicCapture"}
{"args":["2","18446744073709551615"],"expected":"18446744073709551615","name":"rangeDynamicCapture"}
{"args":["7","0"],"expected":"70","name":"rangeDynamicCapture"}
{"args":["7","1"],"expected":"78","name":"rangeDynamicCapture"}
{"args":["7","9223372036854775808"],"expected":"70","name":"rangeDynamicCapture"}
{"args":["7","18446744073709551615"],"expected":"18446744073709551615","name":"rangeDynamicCapture"}
{"args":["16","0"],"expected":"232","name":"rangeDynamicCapture"}
{"args":["16","1"],"expected":"249","name":"rangeDynamicCapture"}
{"args":["16","9223372036854775808"],"expected":"9223372036854776040","name":"rangeDynamicCapture"}
{"args":["16","18446744073709551615"],"expected":"18446744073709551615","name":"rangeDynamicCapture"}
{"args":["31","0"],"expected":"682","name":"rangeDynamicCapture"}
{"args":["31","1"],"expected":"714","name":"rangeDynamicCapture"}
{"args":["31","9223372036854775808"],"expected":"682","name":"rangeDynamicCapture"}
{"args":["31","18446744073709551615"],"expected":"18446744073709551615","name":"rangeDynamicCapture"}
{"args":["0","0"],"expected":"0","name":"rangeDynamicHigh"}
{"args":["0","1"],"expected":"1","name":"rangeDynamicHigh"}
{"args":["0","9223372036854775808"],"expected":"9223372036854775808","name":"rangeDynamicHigh"}
{"args":["0","18446744073709551615"],"expected":"18446744073709551615","name":"rangeDynamicHigh"}
{"args":["1","0"],"expected":"18446744073709551614","name":"rangeDynamicHigh"}
{"args":["1","1"],"expected":"18446744073709551615","name":"rangeDynamicHigh"}
{"args":["1","9223372036854775808"],"expected":"9223372036854775806","name":"rangeDynamicHigh"}
{"args":["1","18446744073709551615"],"expected":"18446744073709551613","name":"rangeDynamicHigh"}
{"args":["2","0"],"expected":"18446744073709551611","name":"rangeDynamicHigh"}
{"args":["2","1"],"expected":"18446744073709551612","name":"rangeDynamicHigh"}
{"args":["2","9223372036854775808"],"expected":"9223372036854775803","name":"rangeDynamicHigh"}
{"args":["2","18446744073709551615"],"expected":"18446744073709551610","name":"rangeDynamicHigh"}
{"args":["7","0"],"expected":"18446744073709551581","name":"rangeDynamicHigh"}
{"args":["7","1"],"expected":"18446744073709551582","name":"rangeDynamicHigh"}
{"args":["7","9223372036854775808"],"expected":"9223372036854775773","name":"rangeDynamicHigh"}
{"args":["7","18446744073709551615"],"expected":"18446744073709551580","name":"rangeDynamicHigh"}
{"args":["16","0"],"expected":"18446744073709551464","name":"rangeDynamicHigh"}
{"args":["16","1"],"expected":"18446744073709551465","name":"rangeDynamicHigh"}
{"args":["16","9223372036854775808"],"expected":"9223372036854775656","name":"rangeDynamicHigh"}
{"args":["16","18446744073709551615"],"expected":"18446744073709551463","name":"rangeDynamicHigh"}
{"args":["31","0"],"expected":"18446744073709551089","name":"rangeDynamicHigh"}
{"args":["31","1"],"expected":"18446744073709551090","name":"rangeDynamicHigh"}
{"args":["31","9223372036854775808"],"expected":"9223372036854775281","name":"rangeDynamicHigh"}
{"args":["31","18446744073709551615"],"expected":"18446744073709551088","name":"rangeDynamicHigh"}
{"args":["0","0"],"expected":"0","name":"rangeDynamicEmpty"}
{"args":["0","1"],"expected":"1","name":"rangeDynamicEmpty"}
{"args":["0","9223372036854775808"],"expected":"9223372036854775808","name":"rangeDynamicEmpty"}
{"args":["0","18446744073709551615"],"expected":"18446744073709551615","name":"rangeDynamicEmpty"}
{"args":["1","0"],"expected":"0","name":"rangeDynamicEmpty"}
{"args":["1","1"],"expected":"1","name":"rangeDynamicEmpty"}
{"args":["1","9223372036854775808"],"expected":"9223372036854775808","name":"rangeDynamicEmpty"}
{"args":["1","18446744073709551615"],"expected":"18446744073709551615","name":"rangeDynamicEmpty"}
{"args":["2","0"],"expected":"0","name":"rangeDynamicEmpty"}
{"args":["2","1"],"expected":"1","name":"rangeDynamicEmpty"}
{"args":["2","9223372036854775808"],"expected":"9223372036854775808","name":"rangeDynamicEmpty"}
{"args":["2","18446744073709551615"],"expected":"18446744073709551615","name":"rangeDynamicEmpty"}
{"args":["7","0"],"expected":"0","name":"rangeDynamicEmpty"}
{"args":["7","1"],"expected":"1","name":"rangeDynamicEmpty"}
{"args":["7","9223372036854775808"],"expected":"9223372036854775808","name":"rangeDynamicEmpty"}
{"args":["7","18446744073709551615"],"expected":"18446744073709551615","name":"rangeDynamicEmpty"}
{"args":["16","0"],"expected":"0","name":"rangeDynamicEmpty"}
{"args":["16","1"],"expected":"1","name":"rangeDynamicEmpty"}
{"args":["16","9223372036854775808"],"expected":"9223372036854775808","name":"rangeDynamicEmpty"}
{"args":["16","18446744073709551615"],"expected":"18446744073709551615","name":"rangeDynamicEmpty"}
{"args":["31","0"],"expected":"0","name":"rangeDynamicEmpty"}
{"args":["31","1"],"expected":"1","name":"rangeDynamicEmpty"}
{"args":["31","9223372036854775808"],"expected":"9223372036854775808","name":"rangeDynamicEmpty"}
{"args":["31","18446744073709551615"],"expected":"18446744073709551615","name":"rangeDynamicEmpty"}
{"args":["0","0"],"expected":"0","name":"rangeDynamicEqual"}
{"args":["0","1"],"expected":"1","name":"rangeDynamicEqual"}
{"args":["0","9223372036854775808"],"expected":"9223372036854775808","name":"rangeDynamicEqual"}
{"args":["0","18446744073709551615"],"expected":"18446744073709551615","name":"rangeDynamicEqual"}
{"args":["1","0"],"expected":"0","name":"rangeDynamicEqual"}
{"args":["1","1"],"expected":"1","name":"rangeDynamicEqual"}
{"args":["1","9223372036854775808"],"expected":"9223372036854775808","name":"rangeDynamicEqual"}
{"args":["1","18446744073709551615"],"expected":"18446744073709551615","name":"rangeDynamicEqual"}
{"args":["2","0"],"expected":"0","name":"rangeDynamicEqual"}
{"args":["2","1"],"expected":"1","name":"rangeDynamicEqual"}
{"args":["2","9223372036854775808"],"expected":"9223372036854775808","name":"rangeDynamicEqual"}
{"args":["2","18446744073709551615"],"expected":"18446744073709551615","name":"rangeDynamicEqual"}
{"args":["7","0"],"expected":"0","name":"rangeDynamicEqual"}
{"args":["7","1"],"expected":"1","name":"rangeDynamicEqual"}
{"args":["7","9223372036854775808"],"expected":"9223372036854775808","name":"rangeDynamicEqual"}
{"args":["7","18446744073709551615"],"expected":"18446744073709551615","name":"rangeDynamicEqual"}
{"args":["16","0"],"expected":"0","name":"rangeDynamicEqual"}
{"args":["16","1"],"expected":"1","name":"rangeDynamicEqual"}
{"args":["16","9223372036854775808"],"expected":"9223372036854775808","name":"rangeDynamicEqual"}
{"args":["16","18446744073709551615"],"expected":"18446744073709551615","name":"rangeDynamicEqual"}
{"args":["31","0"],"expected":"0","name":"rangeDynamicEqual"}
{"args":["31","1"],"expected":"1","name":"rangeDynamicEqual"}
{"args":["31","9223372036854775808"],"expected":"9223372036854775808","name":"rangeDynamicEqual"}
{"args":["31","18446744073709551615"],"expected":"18446744073709551615","name":"rangeDynamicEqual"}
{"args":["0","0"],"expected":"0","name":"rangeDynamicHugeBreak"}
{"args":["0","1"],"expected":"2","name":"rangeDynamicHugeBreak"}
{"args":["0","9223372036854775808"],"expected":"9223372036854775809","name":"rangeDynamicHugeBreak"}
{"args":["0","18446744073709551615"],"expected":"0","name":"rangeDynamicHugeBreak"}
{"args":["1","0"],"expected":"1","name":"rangeDynamicHugeBreak"}
{"args":["1","1"],"expected":"3","name":"rangeDynamicHugeBreak"}
{"args":["1","9223372036854775808"],"expected":"9223372036854775810","name":"rangeDynamicHugeBreak"}
{"args":["1","18446744073709551615"],"expected":"1","name":"rangeDynamicHugeBreak"}
{"args":["2","0"],"expected":"2","name":"rangeDynamicHugeBreak"}
{"args":["2","1"],"expected":"4","name":"rangeDynamicHugeBreak"}
{"args":["2","9223372036854775808"],"expected":"9223372036854775811","name":"rangeDynamicHugeBreak"}
{"args":["2","18446744073709551615"],"expected":"2","name":"rangeDynamicHugeBreak"}
{"args":["7","0"],"expected":"7","name":"rangeDynamicHugeBreak"}
{"args":["7","1"],"expected":"9","name":"rangeDynamicHugeBreak"}
{"args":["7","9223372036854775808"],"expected":"9223372036854775816","name":"rangeDynamicHugeBreak"}
{"args":["7","18446744073709551615"],"expected":"7","name":"rangeDynamicHugeBreak"}
{"args":["16","0"],"expected":"16","name":"rangeDynamicHugeBreak"}
{"args":["16","1"],"expected":"18","name":"rangeDynamicHugeBreak"}
{"args":["16","9223372036854775808"],"expected":"9223372036854775825","name":"rangeDynamicHugeBreak"}
{"args":["16","18446744073709551615"],"expected":"16","name":"rangeDynamicHugeBreak"}
{"args":["31","0"],"expected":"31","name":"rangeDynamicHugeBreak"}
{"args":["31","1"],"expected":"33","name":"rangeDynamicHugeBreak"}
{"args":["31","9223372036854775808"],"expected":"9223372036854775840","name":"rangeDynamicHugeBreak"}
{"args":["31","18446744073709551615"],"expected":"31","name":"rangeDynamicHugeBreak"}
{"args":["0","0"],"expected":"0","name":"rangeDynamicContinue"}
{"args":["0","1"],"expected":"1","name":"rangeDynamicContinue"}
{"args":["0","9223372036854775808"],"expected":"9223372036854775808","name":"rangeDynamicContinue"}
{"args":["0","18446744073709551615"],"expected":"18446744073709551615","name":"rangeDynamicContinue"}
{"args":["1","0"],"expected":"0","name":"rangeDynamicContinue"}
{"args":["1","1"],"expected":"1","name":"rangeDynamicContinue"}
{"args":["1","9223372036854775808"],"expected":"9223372036854775808","name":"rangeDynamicContinue"}
{"args":["1","18446744073709551615"],"expected":"18446744073709551615","name":"rangeDynamicContinue"}
{"args":["2","0"],"expected":"1","name":"rangeDynamicContinue"}
{"args":["2","1"],"expected":"2","name":"rangeDynamicContinue"}
{"args":["2","9223372036854775808"],"expected":"9223372036854775808","name":"rangeDynamicContinue"}
{"args":["2","18446744073709551615"],"expected":"0","name":"rangeDynamicContinue"}
{"args":["7","0"],"expected":"12","name":"rangeDynamicContinue"}
{"args":["7","1"],"expected":"13","name":"rangeDynamicContinue"}
{"args":["7","9223372036854775808"],"expected":"9223372036854775817","name":"rangeDynamicContinue"}
{"args":["7","18446744073709551615"],"expected":"11","name":"rangeDynamicContinue"}
{"args":["16","0"],"expected":"48","name":"rangeDynamicContinue"}
{"args":["16","1"],"expected":"49","name":"rangeDynamicContinue"}
{"args":["16","9223372036854775808"],"expected":"9223372036854775853","name":"rangeDynamicContinue"}
{"args":["16","18446744073709551615"],"expected":"47","name":"rangeDynamicContinue"}
{"args":["31","0"],"expected":"48","name":"rangeDynamicContinue"}
{"args":["31","1"],"expected":"49","name":"rangeDynamicContinue"}
{"args":["31","9223372036854775808"],"expected":"9223372036854775853","name":"rangeDynamicContinue"}
{"args":["31","18446744073709551615"],"expected":"47","name":"rangeDynamicContinue"}
{"args":["0","0"],"expected":"0","name":"rangeDynamicJoin"}
{"args":["0","1"],"expected":"1","name":"rangeDynamicJoin"}
{"args":["0","9223372036854775808"],"expected":"9223372036854775808","name":"rangeDynamicJoin"}
{"args":["0","18446744073709551615"],"expected":"18446744073709551615","name":"rangeDynamicJoin"}
{"args":["1","0"],"expected":"0","name":"rangeDynamicJoin"}
{"args":["1","1"],"expected":"1","name":"rangeDynamicJoin"}
{"args":["1","9223372036854775808"],"expected":"9223372036854775808","name":"rangeDynamicJoin"}
{"args":["1","18446744073709551615"],"expected":"18446744073709551615","name":"rangeDynamicJoin"}
{"args":["2","0"],"expected":"1","name":"rangeDynamicJoin"}
{"args":["2","1"],"expected":"2","name":"rangeDynamicJoin"}
{"args":["2","9223372036854775808"],"expected":"9223372036854775808","name":"rangeDynamicJoin"}
{"args":["2","18446744073709551615"],"expected":"0","name":"rangeDynamicJoin"}
{"args":["7","0"],"expected":"21","name":"rangeDynamicJoin"}
{"args":["7","1"],"expected":"22","name":"rangeDynamicJoin"}
{"args":["7","9223372036854775808"],"expected":"9223372036854775826","name":"rangeDynamicJoin"}
{"args":["7","18446744073709551615"],"expected":"20","name":"rangeDynamicJoin"}
{"args":["16","0"],"expected":"32","name":"rangeDynamicJoin"}
{"args":["16","1"],"expected":"33","name":"rangeDynamicJoin"}
{"args":["16","9223372036854775808"],"expected":"9223372036854775837","name":"rangeDynamicJoin"}
{"args":["16","18446744073709551615"],"expected":"31","name":"rangeDynamicJoin"}
{"args":["31","0"],"expected":"32","name":"rangeDynamicJoin"}
{"args":["31","1"],"expected":"33","name":"rangeDynamicJoin"}
{"args":["31","9223372036854775808"],"expected":"9223372036854775837","name":"rangeDynamicJoin"}
{"args":["31","18446744073709551615"],"expected":"31","name":"rangeDynamicJoin"}
{"args":["0","0"],"expected":"0","name":"rangeDynamicChoice"}
{"args":["0","1"],"expected":"1","name":"rangeDynamicChoice"}
{"args":["0","9223372036854775808"],"expected":"9223372036854775808","name":"rangeDynamicChoice"}
{"args":["0","18446744073709551615"],"expected":"18446744073709551615","name":"rangeDynamicChoice"}
{"args":["1","0"],"expected":"0","name":"rangeDynamicChoice"}
{"args":["1","1"],"expected":"1","name":"rangeDynamicChoice"}
{"args":["1","9223372036854775808"],"expected":"9223372036854775808","name":"rangeDynamicChoice"}
{"args":["1","18446744073709551615"],"expected":"18446744073709551615","name":"rangeDynamicChoice"}
{"args":["2","0"],"expected":"1","name":"rangeDynamicChoice"}
{"args":["2","1"],"expected":"2","name":"rangeDynamicChoice"}
{"args":["2","9223372036854775808"],"expected":"9223372036854775809","name":"rangeDynamicChoice"}
{"args":["2","18446744073709551615"],"expected":"0","name":"rangeDynamicChoice"}
{"args":["7","0"],"expected":"21","name":"rangeDynamicChoice"}
{"args":["7","1"],"expected":"22","name":"rangeDynamicChoice"}
{"args":["7","9223372036854775808"],"expected":"9223372036854775826","name":"rangeDynamicChoice"}
{"args":["7","18446744073709551615"],"expected":"17","name":"rangeDynamicChoice"}
{"args":["16","0"],"expected":"120","name":"rangeDynamicChoice"}
{"args":["16","1"],"expected":"121","name":"rangeDynamicChoice"}
{"args":["16","9223372036854775808"],"expected":"9223372036854775900","name":"rangeDynamicChoice"}
{"args":["16","18446744073709551615"],"expected":"91","name":"rangeDynamicChoice"}
{"args":["31","0"],"expected":"465","name":"rangeDynamicChoice"}
{"args":["31","1"],"expected":"466","name":"rangeDynamicChoice"}
{"args":["31","9223372036854775808"],"expected":"9223372036854776168","name":"rangeDynamicChoice"}
{"args":["31","18446744073709551615"],"expected":"359","name":"rangeDynamicChoice"}
{"args":["0","0"],"expected":"0","name":"rangeStrideTwo"}
{"args":["0","1"],"expected":"1","name":"rangeStrideTwo"}
{"args":["0","9223372036854775808"],"expected":"9223372036854775808","name":"rangeStrideTwo"}
{"args":["0","18446744073709551615"],"expected":"18446744073709551615","name":"rangeStrideTwo"}
{"args":["1","0"],"expected":"0","name":"rangeStrideTwo"}
{"args":["1","1"],"expected":"3","name":"rangeStrideTwo"}
{"args":["1","9223372036854775808"],"expected":"9223372036854775808","name":"rangeStrideTwo"}
{"args":["1","18446744073709551615"],"expected":"18446744073709551613","name":"rangeStrideTwo"}
{"args":["2","0"],"expected":"0","name":"rangeStrideTwo"}
{"args":["2","1"],"expected":"3","name":"rangeStrideTwo"}
{"args":["2","9223372036854775808"],"expected":"9223372036854775808","name":"rangeStrideTwo"}
{"args":["2","18446744073709551615"],"expected":"18446744073709551613","name":"rangeStrideTwo"}
{"args":["7","0"],"expected":"36","name":"rangeStrideTwo"}
{"args":["7","1"],"expected":"117","name":"rangeStrideTwo"}
{"args":["7","9223372036854775808"],"expected":"9223372036854775844","name":"rangeStrideTwo"}
{"args":["7","18446744073709551615"],"expected":"18446744073709551571","name":"rangeStrideTwo"}
{"args":["16","0"],"expected":"3272","name":"rangeStrideTwo"}
{"args":["16","1"],"expected":"9833","name":"rangeStrideTwo"}
{"args":["16","9223372036854775808"],"expected":"9223372036854779080","name":"rangeStrideTwo"}
{"args":["16","18446744073709551615"],"expected":"18446744073709548327","name":"rangeStrideTwo"}
{"args":["31","0"],"expected":"21523344","name":"rangeStrideTwo"}
{"args":["31","1"],"expected":"64570065","name":"rangeStrideTwo"}
{"args":["31","9223372036854775808"],"expected":"9223372036876299152","name":"rangeStrideTwo"}
{"args":["31","18446744073709551615"],"expected":"18446744073688028239","name":"rangeStrideTwo"}
{"args":["0","0"],"expected":"40","name":"rangeStrideLiteral"}
{"args":["0","1"],"expected":"41","name":"rangeStrideLiteral"}
{"args":["0","9223372036854775808"],"expected":"9223372036854775848","name":"rangeStrideLiteral"}
{"args":["0","18446744073709551615"],"expected":"39","name":"rangeStrideLiteral"}
{"args":["1","0"],"expected":"45","name":"rangeStrideLiteral"}
{"args":["1","1"],"expected":"46","name":"rangeStrideLiteral"}
{"args":["1","9223372036854775808"],"expected":"9223372036854775853","name":"rangeStrideLiteral"}
{"args":["1","18446744073709551615"],"expected":"44","name":"rangeStrideLiteral"}
{"args":["2","0"],"expected":"50","name":"rangeStrideLiteral"}
{"args":["2","1"],"expected":"51","name":"rangeStrideLiteral"}
{"args":["2","9223372036854775808"],"expected":"9223372036854775858","name":"rangeStrideLiteral"}
{"args":["2","18446744073709551615"],"expected":"49","name":"rangeStrideLiteral"}
{"args":["7","0"],"expected":"75","name":"rangeStrideLiteral"}
{"args":["7","1"],"expected":"76","name":"rangeStrideLiteral"}
{"args":["7","9223372036854775808"],"expected":"9223372036854775883","name":"rangeStrideLiteral"}
{"args":["7","18446744073709551615"],"expected":"74","name":"rangeStrideLiteral"}
{"args":["16","0"],"expected":"120","name":"rangeStrideLiteral"}
{"args":["16","1"],"expected":"121","name":"rangeStrideLiteral"}
{"args":["16","9223372036854775808"],"expected":"9223372036854775928","name":"rangeStrideLiteral"}
{"args":["16","18446744073709551615"],"expected":"119","name":"rangeStrideLiteral"}
{"args":["31","0"],"expected":"195","name":"rangeStrideLiteral"}
{"args":["31","1"],"expected":"196","name":"rangeStrideLiteral"}
{"args":["31","9223372036854775808"],"expected":"9223372036854776003","name":"rangeStrideLiteral"}
{"args":["31","18446744073709551615"],"expected":"194","name":"rangeStrideLiteral"}
{"args":["0","0"],"expected":"0","name":"rangeStrideDynamic"}
{"args":["0","1"],"expected":"1","name":"rangeStrideDynamic"}
{"args":["0","9223372036854775808"],"expected":"9223372036854775808","name":"rangeStrideDynamic"}
{"args":["0","18446744073709551615"],"expected":"18446744073709551615","name":"rangeStrideDynamic"}
{"args":["1","0"],"expected":"0","name":"rangeStrideDynamic"}
{"args":["1","1"],"expected":"1","name":"rangeStrideDynamic"}
{"args":["1","9223372036854775808"],"expected":"9223372036854775808","name":"rangeStrideDynamic"}
{"args":["1","18446744073709551615"],"expected":"18446744073709551615","name":"rangeStrideDynamic"}
{"args":["2","0"],"expected":"0","name":"rangeStrideDynamic"}
{"args":["2","1"],"expected":"2","name":"rangeStrideDynamic"}
{"args":["2","9223372036854775808"],"expected":"9223372036854775808","name":"rangeStrideDynamic"}
{"args":["2","18446744073709551615"],"expected":"18446744073709551615","name":"rangeStrideDynamic"}
{"args":["7","0"],"expected":"9","name":"rangeStrideDynamic"}
{"args":["7","1"],"expected":"6","name":"rangeStrideDynamic"}
{"args":["7","9223372036854775808"],"expected":"9223372036854775817","name":"rangeStrideDynamic"}
{"args":["7","18446744073709551615"],"expected":"8","name":"rangeStrideDynamic"}
{"args":["16","0"],"expected":"45","name":"rangeStrideDynamic"}
{"args":["16","1"],"expected":"36","name":"rangeStrideDynamic"}
{"args":["16","9223372036854775808"],"expected":"9223372036854775853","name":"rangeStrideDynamic"}
{"args":["16","18446744073709551615"],"expected":"44","name":"rangeStrideDynamic"}
{"args":["31","0"],"expected":"165","name":"rangeStrideDynamic"}
{"args":["31","1"],"expected":"146","name":"rangeStrideDynamic"}
{"args":["31","9223372036854775808"],"expected":"9223372036854775973","name":"rangeStrideDynamic"}
{"args":["31","18446744073709551615"],"expected":"164","name":"rangeStrideDynamic"}
{"args":["0","0"],"expected":"0","name":"rangeStrideCapture"}
{"args":["0","1"],"expected":"1","name":"rangeStrideCapture"}
{"args":["0","9223372036854775808"],"expected":"9223372036854775808","name":"rangeStrideCapture"}
{"args":["0","18446744073709551615"],"expected":"18446744073709551615","name":"rangeStrideCapture"}
{"args":["1","0"],"expected":"7","name":"rangeStrideCapture"}
{"args":["1","1"],"expected":"9","name":"rangeStrideCapture"}
{"args":["1","9223372036854775808"],"expected":"7","name":"rangeStrideCapture"}
{"args":["1","18446744073709551615"],"expected":"18446744073709551615","name":"rangeStrideCapture"}
{"args":["2","0"],"expected":"7","name":"rangeStrideCapture"}
{"args":["2","1"],"expected":"9","name":"rangeStrideCapture"}
{"args":["2","9223372036854775808"],"expected":"7","name":"rangeStrideCapture"}
{"args":["2","18446744073709551615"],"expected":"18446744073709551615","name":"rangeStrideCapture"}
{"args":["7","0"],"expected":"30","name":"rangeStrideCapture"}
{"args":["7","1"],"expected":"34","name":"rangeStrideCapture"}
{"args":["7","9223372036854775808"],"expected":"30","name":"rangeStrideCapture"}
{"args":["7","18446744073709551615"],"expected":"18446744073709551615","name":"rangeStrideCapture"}
{"args":["16","0"],"expected":"87","name":"rangeStrideCapture"}
{"args":["16","1"],"expected":"94","name":"rangeStrideCapture"}
{"args":["16","9223372036854775808"],"expected":"9223372036854775895","name":"rangeStrideCapture"}
{"args":["16","18446744073709551615"],"expected":"18446744073709551615","name":"rangeStrideCapture"}
{"args":["31","0"],"expected":"242","name":"rangeStrideCapture"}
{"args":["31","1"],"expected":"254","name":"rangeStrideCapture"}
{"args":["31","9223372036854775808"],"expected":"242","name":"rangeStrideCapture"}
{"args":["31","18446744073709551615"],"expected":"18446744073709551615","name":"rangeStrideCapture"}
{"args":["0","0"],"expected":"0","name":"rangeStrideHigh"}
{"args":["0","1"],"expected":"1","name":"rangeStrideHigh"}
{"args":["0","9223372036854775808"],"expected":"9223372036854775808","name":"rangeStrideHigh"}
{"args":["0","18446744073709551615"],"expected":"18446744073709551615","name":"rangeStrideHigh"}
{"args":["1","0"],"expected":"18446744073709551614","name":"rangeStrideHigh"}
{"args":["1","1"],"expected":"18446744073709551615","name":"rangeStrideHigh"}
{"args":["1","9223372036854775808"],"expected":"9223372036854775806","name":"rangeStrideHigh"}
{"args":["1","18446744073709551615"],"expected":"18446744073709551613","name":"rangeStrideHigh"}
{"args":["2","0"],"expected":"18446744073709551613","name":"rangeStrideHigh"}
{"args":["2","1"],"expected":"18446744073709551614","name":"rangeStrideHigh"}
{"args":["2","9223372036854775808"],"expected":"9223372036854775805","name":"rangeStrideHigh"}
{"args":["2","18446744073709551615"],"expected":"18446744073709551612","name":"rangeStrideHigh"}
{"args":["7","0"],"expected":"18446744073709551596","name":"rangeStrideHigh"}
{"args":["7","1"],"expected":"18446744073709551597","name":"rangeStrideHigh"}
{"args":["7","9223372036854775808"],"expected":"9223372036854775788","name":"rangeStrideHigh"}
{"args":["7","18446744073709551615"],"expected":"18446744073709551595","name":"rangeStrideHigh"}
{"args":["16","0"],"expected":"18446744073709551536","name":"rangeStrideHigh"}
{"args":["16","1"],"expected":"18446744073709551537","name":"rangeStrideHigh"}
{"args":["16","9223372036854775808"],"expected":"9223372036854775728","name":"rangeStrideHigh"}
{"args":["16","18446744073709551615"],"expected":"18446744073709551535","name":"rangeStrideHigh"}
{"args":["31","0"],"expected":"18446744073709551344","name":"rangeStrideHigh"}
{"args":["31","1"],"expected":"18446744073709551345","name":"rangeStrideHigh"}
{"args":["31","9223372036854775808"],"expected":"9223372036854775536","name":"rangeStrideHigh"}
{"args":["31","18446744073709551615"],"expected":"18446744073709551343","name":"rangeStrideHigh"}
{"args":["0","0"],"expected":"0","name":"rangeStrideEmpty"}
{"args":["0","1"],"expected":"1","name":"rangeStrideEmpty"}
{"args":["0","9223372036854775808"],"expected":"9223372036854775808","name":"rangeStrideEmpty"}
{"args":["0","18446744073709551615"],"expected":"18446744073709551615","name":"rangeStrideEmpty"}
{"args":["1","0"],"expected":"0","name":"rangeStrideEmpty"}
{"args":["1","1"],"expected":"1","name":"rangeStrideEmpty"}
{"args":["1","9223372036854775808"],"expected":"9223372036854775808","name":"rangeStrideEmpty"}
{"args":["1","18446744073709551615"],"expected":"18446744073709551615","name":"rangeStrideEmpty"}
{"args":["2","0"],"expected":"0","name":"rangeStrideEmpty"}
{"args":["2","1"],"expected":"1","name":"rangeStrideEmpty"}
{"args":["2","9223372036854775808"],"expected":"9223372036854775808","name":"rangeStrideEmpty"}
{"args":["2","18446744073709551615"],"expected":"18446744073709551615","name":"rangeStrideEmpty"}
{"args":["7","0"],"expected":"0","name":"rangeStrideEmpty"}
{"args":["7","1"],"expected":"1","name":"rangeStrideEmpty"}
{"args":["7","9223372036854775808"],"expected":"9223372036854775808","name":"rangeStrideEmpty"}
{"args":["7","18446744073709551615"],"expected":"18446744073709551615","name":"rangeStrideEmpty"}
{"args":["16","0"],"expected":"0","name":"rangeStrideEmpty"}
{"args":["16","1"],"expected":"1","name":"rangeStrideEmpty"}
{"args":["16","9223372036854775808"],"expected":"9223372036854775808","name":"rangeStrideEmpty"}
{"args":["16","18446744073709551615"],"expected":"18446744073709551615","name":"rangeStrideEmpty"}
{"args":["31","0"],"expected":"0","name":"rangeStrideEmpty"}
{"args":["31","1"],"expected":"1","name":"rangeStrideEmpty"}
{"args":["31","9223372036854775808"],"expected":"9223372036854775808","name":"rangeStrideEmpty"}
{"args":["31","18446744073709551615"],"expected":"18446744073709551615","name":"rangeStrideEmpty"}
{"args":["0","0"],"expected":"0","name":"rangeStrideHuge"}
{"args":["0","1"],"expected":"1","name":"rangeStrideHuge"}
{"args":["0","9223372036854775808"],"expected":"9223372036854775808","name":"rangeStrideHuge"}
{"args":["0","18446744073709551615"],"expected":"18446744073709551615","name":"rangeStrideHuge"}
{"args":["1","0"],"expected":"7","name":"rangeStrideHuge"}
{"args":["1","1"],"expected":"8","name":"rangeStrideHuge"}
{"args":["1","9223372036854775808"],"expected":"9223372036854775815","name":"rangeStrideHuge"}
{"args":["1","18446744073709551615"],"expected":"6","name":"rangeStrideHuge"}
{"args":["2","0"],"expected":"7","name":"rangeStrideHuge"}
{"args":["2","1"],"expected":"8","name":"rangeStrideHuge"}
{"args":["2","9223372036854775808"],"expected":"9223372036854775815","name":"rangeStrideHuge"}
{"args":["2","18446744073709551615"],"expected":"6","name":"rangeStrideHuge"}
{"args":["7","0"],"expected":"7","name":"rangeStrideHuge"}
{"args":["7","1"],"expected":"8","name":"rangeStrideHuge"}
{"args":["7","9223372036854775808"],"expected":"9223372036854775815","name":"rangeStrideHuge"}
{"args":["7","18446744073709551615"],"expected":"6","name":"rangeStrideHuge"}
{"args":["16","0"],"expected":"7","name":"rangeStrideHuge"}
{"args":["16","1"],"expected":"8","name":"rangeStrideHuge"}
{"args":["16","9223372036854775808"],"expected":"9223372036854775815","name":"rangeStrideHuge"}
{"args":["16","18446744073709551615"],"expected":"6","name":"rangeStrideHuge"}
{"args":["31","0"],"expected":"7","name":"rangeStrideHuge"}
{"args":["31","1"],"expected":"8","name":"rangeStrideHuge"}
{"args":["31","9223372036854775808"],"expected":"9223372036854775815","name":"rangeStrideHuge"}
{"args":["31","18446744073709551615"],"expected":"6","name":"rangeStrideHuge"}
{"args":["0","0"],"expected":"18446744073709551614","name":"rangeStrideHugeTwo"}
{"args":["0","1"],"expected":"18446744073709551615","name":"rangeStrideHugeTwo"}
{"args":["0","9223372036854775808"],"expected":"9223372036854775806","name":"rangeStrideHugeTwo"}
{"args":["0","18446744073709551615"],"expected":"18446744073709551613","name":"rangeStrideHugeTwo"}
{"args":["1","0"],"expected":"0","name":"rangeStrideHugeTwo"}
{"args":["1","1"],"expected":"1","name":"rangeStrideHugeTwo"}
{"args":["1","9223372036854775808"],"expected":"9223372036854775808","name":"rangeStrideHugeTwo"}
{"args":["1","18446744073709551615"],"expected":"18446744073709551615","name":"rangeStrideHugeTwo"}
{"args":["2","0"],"expected":"2","name":"rangeStrideHugeTwo"}
{"args":["2","1"],"expected":"3","name":"rangeStrideHugeTwo"}
{"args":["2","9223372036854775808"],"expected":"9223372036854775810","name":"rangeStrideHugeTwo"}
{"args":["2","18446744073709551615"],"expected":"1","name":"rangeStrideHugeTwo"}
{"args":["7","0"],"expected":"12","name":"rangeStrideHugeTwo"}
{"args":["7","1"],"expected":"13","name":"rangeStrideHugeTwo"}
{"args":["7","9223372036854775808"],"expected":"9223372036854775820","name":"rangeStrideHugeTwo"}
{"args":["7","18446744073709551615"],"expected":"11","name":"rangeStrideHugeTwo"}
{"args":["16","0"],"expected":"30","name":"rangeStrideHugeTwo"}
{"args":["16","1"],"expected":"31","name":"rangeStrideHugeTwo"}
{"args":["16","9223372036854775808"],"expected":"9223372036854775838","name":"rangeStrideHugeTwo"}
{"args":["16","18446744073709551615"],"expected":"29","name":"rangeStrideHugeTwo"}
{"args":["31","0"],"expected":"60","name":"rangeStrideHugeTwo"}
{"args":["31","1"],"expected":"61","name":"rangeStrideHugeTwo"}
{"args":["31","9223372036854775808"],"expected":"9223372036854775868","name":"rangeStrideHugeTwo"}
{"args":["31","18446744073709551615"],"expected":"59","name":"rangeStrideHugeTwo"}
{"args":["0","0"],"expected":"1","name":"rangeStrideHugeBreak"}
{"args":["0","1"],"expected":"2","name":"rangeStrideHugeBreak"}
{"args":["0","9223372036854775808"],"expected":"9223372036854775809","name":"rangeStrideHugeBreak"}
{"args":["0","18446744073709551615"],"expected":"0","name":"rangeStrideHugeBreak"}
{"args":["1","0"],"expected":"2","name":"rangeStrideHugeBreak"}
{"args":["1","1"],"expected":"3","name":"rangeStrideHugeBreak"}
{"args":["1","9223372036854775808"],"expected":"9223372036854775810","name":"rangeStrideHugeBreak"}
{"args":["1","18446744073709551615"],"expected":"1","name":"rangeStrideHugeBreak"}
{"args":["2","0"],"expected":"3","name":"rangeStrideHugeBreak"}
{"args":["2","1"],"expected":"4","name":"rangeStrideHugeBreak"}
{"args":["2","9223372036854775808"],"expected":"9223372036854775811","name":"rangeStrideHugeBreak"}
{"args":["2","18446744073709551615"],"expected":"2","name":"rangeStrideHugeBreak"}
{"args":["7","0"],"expected":"8","name":"rangeStrideHugeBreak"}
{"args":["7","1"],"expected":"9","name":"rangeStrideHugeBreak"}
{"args":["7","9223372036854775808"],"expected":"9223372036854775816","name":"rangeStrideHugeBreak"}
{"args":["7","18446744073709551615"],"expected":"7","name":"rangeStrideHugeBreak"}
{"args":["16","0"],"expected":"17","name":"rangeStrideHugeBreak"}
{"args":["16","1"],"expected":"18","name":"rangeStrideHugeBreak"}
{"args":["16","9223372036854775808"],"expected":"9223372036854775825","name":"rangeStrideHugeBreak"}
{"args":["16","18446744073709551615"],"expected":"16","name":"rangeStrideHugeBreak"}
{"args":["31","0"],"expected":"32","name":"rangeStrideHugeBreak"}
{"args":["31","1"],"expected":"33","name":"rangeStrideHugeBreak"}
{"args":["31","9223372036854775808"],"expected":"9223372036854775840","name":"rangeStrideHugeBreak"}
{"args":["31","18446744073709551615"],"expected":"31","name":"rangeStrideHugeBreak"}
{"args":["0","0"],"expected":"0","name":"rangeStrideContinue"}
{"args":["0","1"],"expected":"1","name":"rangeStrideContinue"}
{"args":["0","9223372036854775808"],"expected":"9223372036854775808","name":"rangeStrideContinue"}
{"args":["0","18446744073709551615"],"expected":"18446744073709551615","name":"rangeStrideContinue"}
{"args":["1","0"],"expected":"0","name":"rangeStrideContinue"}
{"args":["1","1"],"expected":"1","name":"rangeStrideContinue"}
{"args":["1","9223372036854775808"],"expected":"9223372036854775808","name":"rangeStrideContinue"}
{"args":["1","18446744073709551615"],"expected":"18446744073709551615","name":"rangeStrideContinue"}
{"args":["2","0"],"expected":"1","name":"rangeStrideContinue"}
{"args":["2","1"],"expected":"2","name":"rangeStrideContinue"}
{"args":["2","9223372036854775808"],"expected":"9223372036854775809","name":"rangeStrideContinue"}
{"args":["2","18446744073709551615"],"expected":"0","name":"rangeStrideContinue"}
{"args":["7","0"],"expected":"6","name":"rangeStrideContinue"}
{"args":["7","1"],"expected":"7","name":"rangeStrideContinue"}
{"args":["7","9223372036854775808"],"expected":"9223372036854775814","name":"rangeStrideContinue"}
{"args":["7","18446744073709551615"],"expected":"5","name":"rangeStrideContinue"}
{"args":["16","0"],"expected":"24","name":"rangeStrideContinue"}
{"args":["16","1"],"expected":"25","name":"rangeStrideContinue"}
{"args":["16","9223372036854775808"],"expected":"9223372036854775832","name":"rangeStrideContinue"}
{"args":["16","18446744073709551615"],"expected":"23","name":"rangeStrideContinue"}
{"args":["31","0"],"expected":"24","name":"rangeStrideContinue"}
{"args":["31","1"],"expected":"25","name":"rangeStrideContinue"}
{"args":["31","9223372036854775808"],"expected":"9223372036854775832","name":"rangeStrideContinue"}
{"args":["31","18446744073709551615"],"expected":"23","name":"rangeStrideContinue"}
{"args":["0","0"],"expected":"0","name":"rangeStrideJoin"}
{"args":["0","1"],"expected":"1","name":"rangeStrideJoin"}
{"args":["0","9223372036854775808"],"expected":"9223372036854775808","name":"rangeStrideJoin"}
{"args":["0","18446744073709551615"],"expected":"18446744073709551615","name":"rangeStrideJoin"}
{"args":["1","0"],"expected":"0","name":"rangeStrideJoin"}
{"args":["1","1"],"expected":"1","name":"rangeStrideJoin"}
{"args":["1","9223372036854775808"],"expected":"9223372036854775808","name":"rangeStrideJoin"}
{"args":["1","18446744073709551615"],"expected":"18446744073709551615","name":"rangeStrideJoin"}
{"args":["2","0"],"expected":"0","name":"rangeStrideJoin"}
{"args":["2","1"],"expected":"1","name":"rangeStrideJoin"}
{"args":["2","9223372036854775808"],"expected":"9223372036854775808","name":"rangeStrideJoin"}
{"args":["2","18446744073709551615"],"expected":"18446744073709551615","name":"rangeStrideJoin"}
{"args":["7","0"],"expected":"7","name":"rangeStrideJoin"}
{"args":["7","1"],"expected":"8","name":"rangeStrideJoin"}
{"args":["7","9223372036854775808"],"expected":"9223372036854775815","name":"rangeStrideJoin"}
{"args":["7","18446744073709551615"],"expected":"6","name":"rangeStrideJoin"}
{"args":["16","0"],"expected":"18","name":"rangeStrideJoin"}
{"args":["16","1"],"expected":"19","name":"rangeStrideJoin"}
{"args":["16","9223372036854775808"],"expected":"9223372036854775826","name":"rangeStrideJoin"}
{"args":["16","18446744073709551615"],"expected":"17","name":"rangeStrideJoin"}
{"args":["31","0"],"expected":"18","name":"rangeStrideJoin"}
{"args":["31","1"],"expected":"19","name":"rangeStrideJoin"}
{"args":["31","9223372036854775808"],"expected":"9223372036854775826","name":"rangeStrideJoin"}
{"args":["31","18446744073709551615"],"expected":"17","name":"rangeStrideJoin"}
{"args":["0","0"],"expected":"0","name":"rangeStrideOne"}
{"args":["0","1"],"expected":"1","name":"rangeStrideOne"}
{"args":["0","9223372036854775808"],"expected":"9223372036854775808","name":"rangeStrideOne"}
{"args":["0","18446744073709551615"],"expected":"18446744073709551615","name":"rangeStrideOne"}
{"args":["1","0"],"expected":"0","name":"rangeStrideOne"}
{"args":["1","1"],"expected":"1","name":"rangeStrideOne"}
{"args":["1","9223372036854775808"],"expected":"9223372036854775808","name":"rangeStrideOne"}
{"args":["1","18446744073709551615"],"expected":"18446744073709551615","name":"rangeStrideOne"}
{"args":["2","0"],"expected":"0","name":"rangeStrideOne"}
{"args":["2","1"],"expected":"1","name":"rangeStrideOne"}
{"args":["2","9223372036854775808"],"expected":"9223372036854775808","name":"rangeStrideOne"}
{"args":["2","18446744073709551615"],"expected":"18446744073709551615","name":"rangeStrideOne"}
{"args":["7","0"],"expected":"20","name":"rangeStrideOne"}
{"args":["7","1"],"expected":"21","name":"rangeStrideOne"}
{"args":["7","9223372036854775808"],"expected":"9223372036854775828","name":"rangeStrideOne"}
{"args":["7","18446744073709551615"],"expected":"19","name":"rangeStrideOne"}
{"args":["16","0"],"expected":"119","name":"rangeStrideOne"}
{"args":["16","1"],"expected":"120","name":"rangeStrideOne"}
{"args":["16","9223372036854775808"],"expected":"9223372036854775927","name":"rangeStrideOne"}
{"args":["16","18446744073709551615"],"expected":"118","name":"rangeStrideOne"}
{"args":["31","0"],"expected":"464","name":"rangeStrideOne"}
{"args":["31","1"],"expected":"465","name":"rangeStrideOne"}
{"args":["31","9223372036854775808"],"expected":"9223372036854776272","name":"rangeStrideOne"}
{"args":["31","18446744073709551615"],"expected":"463","name":"rangeStrideOne"}
{"args":["0","0"],"expected":"0","name":"rangeBinaryLocal"}
{"args":["0","1"],"expected":"1","name":"rangeBinaryLocal"}
{"args":["0","9223372036854775808"],"expected":"9223372036854775808","name":"rangeBinaryLocal"}
{"args":["0","18446744073709551615"],"expected":"18446744073709551615","name":"rangeBinaryLocal"}
{"args":["1","0"],"expected":"0","name":"rangeBinaryLocal"}
{"args":["1","1"],"expected":"4","name":"rangeBinaryLocal"}
{"args":["1","9223372036854775808"],"expected":"0","name":"rangeBinaryLocal"}
{"args":["1","18446744073709551615"],"expected":"18446744073709551612","name":"rangeBinaryLocal"}
{"args":["2","0"],"expected":"1","name":"rangeBinaryLocal"}
{"args":["2","1"],"expected":"14","name":"rangeBinaryLocal"}
{"args":["2","9223372036854775808"],"expected":"9223372036854775809","name":"rangeBinaryLocal"}
{"args":["2","18446744073709551615"],"expected":"18446744073709551604","name":"rangeBinaryLocal"}
{"args":["7","0"],"expected":"543","name":"rangeBinaryLocal"}
{"args":["7","1"],"expected":"3823","name":"rangeBinaryLocal"}
{"args":["7","9223372036854775808"],"expected":"543","name":"rangeBinaryLocal"}
{"args":["7","18446744073709551615"],"expected":"18446744073709548879","name":"rangeBinaryLocal"}
{"args":["16","0"],"expected":"10761672","name":"rangeBinaryLocal"}
{"args":["16","1"],"expected":"75331753","name":"rangeBinaryLocal"}
{"args":["16","9223372036854775808"],"expected":"9223372036865537480","name":"rangeBinaryLocal"}
{"args":["16","18446744073709551615"],"expected":"18446744073655743207","name":"rangeBinaryLocal"}
{"args":["31","0"],"expected":"154418349070971","name":"rangeBinaryLocal"}
{"args":["31","1"],"expected":"1080928443496891","name":"rangeBinaryLocal"}
{"args":["31","9223372036854775808"],"expected":"154418349070971","name":"rangeBinaryLocal"}
{"args":["31","18446744073709551615"],"expected":"18445971981964196667","name":"rangeBinaryLocal"}
{"args":["0","0"],"expected":"0","name":"rangeBinaryCapture"}
{"args":["0","1"],"expected":"1","name":"rangeBinaryCapture"}
{"args":["0","9223372036854775808"],"expected":"9223372036854775808","name":"rangeBinaryCapture"}
{"args":["0","18446744073709551615"],"expected":"18446744073709551615","name":"rangeBinaryCapture"}
{"args":["1","0"],"expected":"0","name":"rangeBinaryCapture"}
{"args":["1","1"],"expected":"1","name":"rangeBinaryCapture"}
{"args":["1","9223372036854775808"],"expected":"9223372036854775808","name":"rangeBinaryCapture"}
{"args":["1","18446744073709551615"],"expected":"18446744073709551615","name":"rangeBinaryCapture"}
{"args":["2","0"],"expected":"6","name":"rangeBinaryCapture"}
{"args":["2","1"],"expected":"8","name":"rangeBinaryCapture"}
{"args":["2","9223372036854775808"],"expected":"6","name":"rangeBinaryCapture"}
{"args":["2","18446744073709551615"],"expected":"4","name":"rangeBinaryCapture"}
{"args":["7","0"],"expected":"34","name":"rangeBinaryCapture"}
{"args":["7","1"],"expected":"42","name":"rangeBinaryCapture"}
{"args":["7","9223372036854775808"],"expected":"34","name":"rangeBinaryCapture"}
{"args":["7","18446744073709551615"],"expected":"26","name":"rangeBinaryCapture"}
{"args":["16","0"],"expected":"1036","name":"rangeBinaryCapture"}
{"args":["16","1"],"expected":"1292","name":"rangeBinaryCapture"}
{"args":["16","9223372036854775808"],"expected":"1036","name":"rangeBinaryCapture"}
{"args":["16","18446744073709551615"],"expected":"780","name":"rangeBinaryCapture"}
{"args":["31","0"],"expected":"131098","name":"rangeBinaryCapture"}
{"args":["31","1"],"expected":"163866","name":"rangeBinaryCapture"}
{"args":["31","9223372036854775808"],"expected":"131098","name":"rangeBinaryCapture"}
{"args":["31","18446744073709551615"],"expected":"98330","name":"rangeBinaryCapture"}
{"args":["0","0"],"expected":"0","name":"rangeBinaryNested"}
{"args":["0","1"],"expected":"1","name":"rangeBinaryNested"}
{"args":["0","9223372036854775808"],"expected":"9223372036854775808","name":"rangeBinaryNested"}
{"args":["0","18446744073709551615"],"expected":"18446744073709551615","name":"rangeBinaryNested"}
{"args":["1","0"],"expected":"0","name":"rangeBinaryNested"}
{"args":["1","1"],"expected":"1","name":"rangeBinaryNested"}
{"args":["1","9223372036854775808"],"expected":"9223372036854775808","name":"rangeBinaryNested"}
{"args":["1","18446744073709551615"],"expected":"2","name":"rangeBinaryNested"}
{"args":["2","0"],"expected":"1","name":"rangeBinaryNested"}
{"args":["2","1"],"expected":"3","name":"rangeBinaryNested"}
{"args":["2","9223372036854775808"],"expected":"9223372036854775808","name":"rangeBinaryNested"}
{"args":["2","18446744073709551615"],"expected":"18446744073709551613","name":"rangeBinaryNested"}
{"args":["7","0"],"expected":"6","name":"rangeBinaryNested"}
{"args":["7","1"],"expected":"184","name":"rangeBinaryNested"}
{"args":["7","9223372036854775808"],"expected":"6","name":"rangeBinaryNested"}
{"args":["7","18446744073709551615"],"expected":"116","name":"rangeBinaryNested"}
{"args":["16","0"],"expected":"15","name":"rangeBinaryNested"}
{"args":["16","1"],"expected":"98287","name":"rangeBinaryNested"}
{"args":["16","9223372036854775808"],"expected":"15","name":"rangeBinaryNested"}
{"args":["16","18446744073709551615"],"expected":"18446744073709493367","name":"rangeBinaryNested"}
{"args":["31","0"],"expected":"30","name":"rangeBinaryNested"}
{"args":["31","1"],"expected":"3221225440","name":"rangeBinaryNested"}
{"args":["31","9223372036854775808"],"expected":"30","name":"rangeBinaryNested"}
{"args":["31","18446744073709551615"],"expected":"1908874364","name":"rangeBinaryNested"}
{"args":["0","0"],"expected":"0","name":"rangeBinaryDo"}
{"args":["0","1"],"expected":"1","name":"rangeBinaryDo"}
{"args":["0","9223372036854775808"],"expected":"9223372036854775808","name":"rangeBinaryDo"}
{"args":["0","18446744073709551615"],"expected":"18446744073709551615","name":"rangeBinaryDo"}
{"args":["1","0"],"expected":"0","name":"rangeBinaryDo"}
{"args":["1","1"],"expected":"1","name":"rangeBinaryDo"}
{"args":["1","9223372036854775808"],"expected":"9223372036854775808","name":"rangeBinaryDo"}
{"args":["1","18446744073709551615"],"expected":"18446744073709551615","name":"rangeBinaryDo"}
{"args":["2","0"],"expected":"0","name":"rangeBinaryDo"}
{"args":["2","1"],"expected":"1","name":"rangeBinaryDo"}
{"args":["2","9223372036854775808"],"expected":"9223372036854775808","name":"rangeBinaryDo"}
{"args":["2","18446744073709551615"],"expected":"18446744073709551615","name":"rangeBinaryDo"}
{"args":["7","0"],"expected":"0","name":"rangeBinaryDo"}
{"args":["7","1"],"expected":"1","name":"rangeBinaryDo"}
{"args":["7","9223372036854775808"],"expected":"9223372036854775808","name":"rangeBinaryDo"}
{"args":["7","18446744073709551615"],"expected":"18446744073709551615","name":"rangeBinaryDo"}
{"args":["16","0"],"expected":"0","name":"rangeBinaryDo"}
{"args":["16","1"],"expected":"1","name":"rangeBinaryDo"}
{"args":["16","9223372036854775808"],"expected":"9223372036854775808","name":"rangeBinaryDo"}
{"args":["16","18446744073709551615"],"expected":"18446744073709551615","name":"rangeBinaryDo"}
{"args":["31","0"],"expected":"0","name":"rangeBinaryDo"}
{"args":["31","1"],"expected":"1","name":"rangeBinaryDo"}
{"args":["31","9223372036854775808"],"expected":"9223372036854775808","name":"rangeBinaryDo"}
{"args":["31","18446744073709551615"],"expected":"18446744073709551615","name":"rangeBinaryDo"}
{"args":["0","0"],"expected":"0","name":"rangeBinaryContinue"}
{"args":["0","1"],"expected":"1","name":"rangeBinaryContinue"}
{"args":["0","9223372036854775808"],"expected":"9223372036854775808","name":"rangeBinaryContinue"}
{"args":["0","18446744073709551615"],"expected":"18446744073709551615","name":"rangeBinaryContinue"}
{"args":["1","0"],"expected":"0","name":"rangeBinaryContinue"}
{"args":["1","1"],"expected":"1","name":"rangeBinaryContinue"}
{"args":["1","9223372036854775808"],"expected":"9223372036854775808","name":"rangeBinaryContinue"}
{"args":["1","18446744073709551615"],"expected":"18446744073709551615","name":"rangeBinaryContinue"}
{"args":["2","0"],"expected":"1","name":"rangeBinaryContinue"}
{"args":["2","1"],"expected":"1","name":"rangeBinaryContinue"}
{"args":["2","9223372036854775808"],"expected":"9223372036854775808","name":"rangeBinaryContinue"}
{"args":["2","18446744073709551615"],"expected":"18446744073709551615","name":"rangeBinaryContinue"}
{"args":["7","0"],"expected":"2","name":"rangeBinaryContinue"}
{"args":["7","1"],"expected":"11","name":"rangeBinaryContinue"}
{"args":["7","9223372036854775808"],"expected":"9223372036854775792","name":"rangeBinaryContinue"}
{"args":["7","18446744073709551615"],"expected":"18446744073709551599","name":"rangeBinaryContinue"}
{"args":["16","0"],"expected":"0","name":"rangeBinaryContinue"}
{"args":["16","1"],"expected":"1","name":"rangeBinaryContinue"}
{"args":["16","9223372036854775808"],"expected":"9223372036854775764","name":"rangeBinaryContinue"}
{"args":["16","18446744073709551615"],"expected":"18446744073709551571","name":"rangeBinaryContinue"}
{"args":["31","0"],"expected":"0","name":"rangeBinaryContinue"}
{"args":["31","1"],"expected":"1","name":"rangeBinaryContinue"}
{"args":["31","9223372036854775808"],"expected":"9223372036854775764","name":"rangeBinaryContinue"}
{"args":["31","18446744073709551615"],"expected":"18446744073709551571","name":"rangeBinaryContinue"}
{"args":["0","0"],"expected":"0","name":"rangeBinaryUnused"}
{"args":["0","1"],"expected":"1","name":"rangeBinaryUnused"}
{"args":["0","9223372036854775808"],"expected":"9223372036854775808","name":"rangeBinaryUnused"}
{"args":["0","18446744073709551615"],"expected":"18446744073709551615","name":"rangeBinaryUnused"}
{"args":["1","0"],"expected":"1","name":"rangeBinaryUnused"}
{"args":["1","1"],"expected":"2","name":"rangeBinaryUnused"}
{"args":["1","9223372036854775808"],"expected":"9223372036854775809","name":"rangeBinaryUnused"}
{"args":["1","18446744073709551615"],"expected":"0","name":"rangeBinaryUnused"}
{"args":["2","0"],"expected":"3","name":"rangeBinaryUnused"}
{"args":["2","1"],"expected":"4","name":"rangeBinaryUnused"}
{"args":["2","9223372036854775808"],"expected":"9223372036854775811","name":"rangeBinaryUnused"}
{"args":["2","18446744073709551615"],"expected":"2","name":"rangeBinaryUnused"}
{"args":["7","0"],"expected":"28","name":"rangeBinaryUnused"}
{"args":["7","1"],"expected":"29","name":"rangeBinaryUnused"}
{"args":["7","9223372036854775808"],"expected":"9223372036854775836","name":"rangeBinaryUnused"}
{"args":["7","18446744073709551615"],"expected":"27","name":"rangeBinaryUnused"}
{"args":["16","0"],"expected":"136","name":"rangeBinaryUnused"}
{"args":["16","1"],"expected":"137","name":"rangeBinaryUnused"}
{"args":["16","9223372036854775808"],"expected":"9223372036854775944","name":"rangeBinaryUnused"}
{"args":["16","18446744073709551615"],"expected":"135","name":"rangeBinaryUnused"}
{"args":["31","0"],"expected":"496","name":"rangeBinaryUnused"}
{"args":["31","1"],"expected":"497","name":"rangeBinaryUnused"}
{"args":["31","9223372036854775808"],"expected":"9223372036854776304","name":"rangeBinaryUnused"}
{"args":["31","18446744073709551615"],"expected":"495","name":"rangeBinaryUnused"}
{"args":["0","0"],"expected":"0","name":"rangeBinaryStep"}
{"args":["0","1"],"expected":"1","name":"rangeBinaryStep"}
{"args":["0","9223372036854775808"],"expected":"9223372036854775808","name":"rangeBinaryStep"}
{"args":["0","18446744073709551615"],"expected":"18446744073709551615","name":"rangeBinaryStep"}
{"args":["1","0"],"expected":"9","name":"rangeBinaryStep"}
{"args":["1","1"],"expected":"2","name":"rangeBinaryStep"}
{"args":["1","9223372036854775808"],"expected":"9223372036854775809","name":"rangeBinaryStep"}
{"args":["1","18446744073709551615"],"expected":"0","name":"rangeBinaryStep"}
{"args":["2","0"],"expected":"9","name":"rangeBinaryStep"}
{"args":["2","1"],"expected":"11","name":"rangeBinaryStep"}
{"args":["2","9223372036854775808"],"expected":"9223372036854775818","name":"rangeBinaryStep"}
{"args":["2","18446744073709551615"],"expected":"9","name":"rangeBinaryStep"}
{"args":["7","0"],"expected":"9","name":"rangeBinaryStep"}
{"args":["7","1"],"expected":"11","name":"rangeBinaryStep"}
{"args":["7","9223372036854775808"],"expected":"9223372036854775818","name":"rangeBinaryStep"}
{"args":["7","18446744073709551615"],"expected":"9","name":"rangeBinaryStep"}
{"args":["16","0"],"expected":"9","name":"rangeBinaryStep"}
{"args":["16","1"],"expected":"11","name":"rangeBinaryStep"}
{"args":["16","9223372036854775808"],"expected":"9223372036854775818","name":"rangeBinaryStep"}
{"args":["16","18446744073709551615"],"expected":"9","name":"rangeBinaryStep"}
{"args":["31","0"],"expected":"9","name":"rangeBinaryStep"}
{"args":["31","1"],"expected":"11","name":"rangeBinaryStep"}
{"args":["31","9223372036854775808"],"expected":"9223372036854775818","name":"rangeBinaryStep"}
{"args":["31","18446744073709551615"],"expected":"9","name":"rangeBinaryStep"}
{"args":["0","0"],"expected":"0","name":"rangeBinaryStepOrder"}
{"args":["0","1"],"expected":"1","name":"rangeBinaryStepOrder"}
{"args":["0","9223372036854775808"],"expected":"9223372036854775808","name":"rangeBinaryStepOrder"}
{"args":["0","18446744073709551615"],"expected":"18446744073709551615","name":"rangeBinaryStepOrder"}
{"args":["1","0"],"expected":"18446744073709551613","name":"rangeBinaryStepOrder"}
{"args":["1","1"],"expected":"18446744073709551614","name":"rangeBinaryStepOrder"}
{"args":["1","9223372036854775808"],"expected":"9223372036854775811","name":"rangeBinaryStepOrder"}
{"args":["1","18446744073709551615"],"expected":"4","name":"rangeBinaryStepOrder"}
{"args":["2","0"],"expected":"7","name":"rangeBinaryStepOrder"}
{"args":["2","1"],"expected":"6","name":"rangeBinaryStepOrder"}
{"args":["2","9223372036854775808"],"expected":"9223372036854775811","name":"rangeBinaryStepOrder"}
{"args":["2","18446744073709551615"],"expected":"4","name":"rangeBinaryStepOrder"}
{"args":["7","0"],"expected":"7","name":"rangeBinaryStepOrder"}
{"args":["7","1"],"expected":"6","name":"rangeBinaryStepOrder"}
{"args":["7","9223372036854775808"],"expected":"9223372036854775811","name":"rangeBinaryStepOrder"}
{"args":["7","18446744073709551615"],"expected":"4","name":"rangeBinaryStepOrder"}
{"args":["16","0"],"expected":"7","name":"rangeBinaryStepOrder"}
{"args":["16","1"],"expected":"6","name":"rangeBinaryStepOrder"}
{"args":["16","9223372036854775808"],"expected":"9223372036854775811","name":"rangeBinaryStepOrder"}
{"args":["16","18446744073709551615"],"expected":"4","name":"rangeBinaryStepOrder"}
{"args":["31","0"],"expected":"7","name":"rangeBinaryStepOrder"}
{"args":["31","1"],"expected":"6","name":"rangeBinaryStepOrder"}
{"args":["31","9223372036854775808"],"expected":"9223372036854775811","name":"rangeBinaryStepOrder"}
{"args":["31","18446744073709551615"],"expected":"4","name":"rangeBinaryStepOrder"}
{"args":["0","0"],"expected":"0","name":"rangeBinaryStepCapture"}
{"args":["0","1"],"expected":"1","name":"rangeBinaryStepCapture"}
{"args":["0","9223372036854775808"],"expected":"9223372036854775808","name":"rangeBinaryStepCapture"}
{"args":["0","18446744073709551615"],"expected":"18446744073709551615","name":"rangeBinaryStepCapture"}
{"args":["1","0"],"expected":"0","name":"rangeBinaryStepCapture"}
{"args":["1","1"],"expected":"1","name":"rangeBinaryStepCapture"}
{"args":["1","9223372036854775808"],"expected":"9223372036854775808","name":"rangeBinaryStepCapture"}
{"args":["1","18446744073709551615"],"expected":"18446744073709551615","name":"rangeBinaryStepCapture"}
{"args":["2","0"],"expected":"1","name":"rangeBinaryStepCapture"}
{"args":["2","1"],"expected":"3","name":"rangeBinaryStepCapture"}
{"args":["2","9223372036854775808"],"expected":"1","name":"rangeBinaryStepCapture"}
{"args":["2","18446744073709551615"],"expected":"18446744073709551615","name":"rangeBinaryStepCapture"}
{"args":["7","0"],"expected":"9","name":"rangeBinaryStepCapture"}
{"args":["7","1"],"expected":"13","name":"rangeBinaryStepCapture"}
{"args":["7","9223372036854775808"],"expected":"9","name":"rangeBinaryStepCapture"}
{"args":["7","18446744073709551615"],"expected":"5","name":"rangeBinaryStepCapture"}
{"args":["16","0"],"expected":"64","name":"rangeBinaryStepCapture"}
{"args":["16","1"],"expected":"73","name":"rangeBinaryStepCapture"}
{"args":["16","9223372036854775808"],"expected":"9223372036854775872","name":"rangeBinaryStepCapture"}
{"args":["16","18446744073709551615"],"expected":"55","name":"rangeBinaryStepCapture"}
{"args":["31","0"],"expected":"225","name":"rangeBinaryStepCapture"}
{"args":["31","1"],"expected":"241","name":"rangeBinaryStepCapture"}
{"args":["31","9223372036854775808"],"expected":"225","name":"rangeBinaryStepCapture"}
{"args":["31","18446744073709551615"],"expected":"209","name":"rangeBinaryStepCapture"}
{"args":["0","0"],"expected":"0","name":"rangeBinaryStepChained"}
{"args":["0","1"],"expected":"1","name":"rangeBinaryStepChained"}
{"args":["0","9223372036854775808"],"expected":"9223372036854775808","name":"rangeBinaryStepChained"}
{"args":["0","18446744073709551615"],"expected":"18446744073709551615","name":"rangeBinaryStepChained"}
{"args":["1","0"],"expected":"13","name":"rangeBinaryStepChained"}
{"args":["1","1"],"expected":"16","name":"rangeBinaryStepChained"}
{"args":["1","9223372036854775808"],"expected":"9223372036854775821","name":"rangeBinaryStepChained"}
{"args":["1","18446744073709551615"],"expected":"10","name":"rangeBinaryStepChained"}
{"args":["2","0"],"expected":"13","name":"rangeBinaryStepChained"}
{"args":["2","1"],"expected":"16","name":"rangeBinaryStepChained"}
{"args":["2","9223372036854775808"],"expected":"9223372036854775821","name":"rangeBinaryStepChained"}
{"args":["2","18446744073709551615"],"expected":"10","name":"rangeBinaryStepChained"}
{"args":["7","0"],"expected":"13","name":"rangeBinaryStepChained"}
{"args":["7","1"],"expected":"16","name":"rangeBinaryStepChained"}
{"args":["7","9223372036854775808"],"expected":"9223372036854775821","name":"rangeBinaryStepChained"}
{"args":["7","18446744073709551615"],"expected":"10","name":"rangeBinaryStepChained"}
{"args":["16","0"],"expected":"13","name":"rangeBinaryStepChained"}
{"args":["16","1"],"expected":"16","name":"rangeBinaryStepChained"}
{"args":["16","9223372036854775808"],"expected":"9223372036854775821","name":"rangeBinaryStepChained"}
{"args":["16","18446744073709551615"],"expected":"10","name":"rangeBinaryStepChained"}
{"args":["31","0"],"expected":"13","name":"rangeBinaryStepChained"}
{"args":["31","1"],"expected":"16","name":"rangeBinaryStepChained"}
{"args":["31","9223372036854775808"],"expected":"9223372036854775821","name":"rangeBinaryStepChained"}
{"args":["31","18446744073709551615"],"expected":"10","name":"rangeBinaryStepChained"}
{"args":["0","0"],"expected":"0","name":"rangeBinaryStepNested"}
{"args":["0","1"],"expected":"1","name":"rangeBinaryStepNested"}
{"args":["0","9223372036854775808"],"expected":"9223372036854775808","name":"rangeBinaryStepNested"}
{"args":["0","18446744073709551615"],"expected":"18446744073709551615","name":"rangeBinaryStepNested"}
{"args":["1","0"],"expected":"0","name":"rangeBinaryStepNested"}
{"args":["1","1"],"expected":"1","name":"rangeBinaryStepNested"}
{"args":["1","9223372036854775808"],"expected":"9223372036854775808","name":"rangeBinaryStepNested"}
{"args":["1","18446744073709551615"],"expected":"18446744073709551614","name":"rangeBinaryStepNested"}
{"args":["2","0"],"expected":"0","name":"rangeBinaryStepNested"}
{"args":["2","1"],"expected":"2","name":"rangeBinaryStepNested"}
{"args":["2","9223372036854775808"],"expected":"9223372036854775808","name":"rangeBinaryStepNested"}
{"args":["2","18446744073709551615"],"expected":"18446744073709551614","name":"rangeBinaryStepNested"}
{"args":["7","0"],"expected":"0","name":"rangeBinaryStepNested"}
{"args":["7","1"],"expected":"2","name":"rangeBinaryStepNested"}
{"args":["7","9223372036854775808"],"expected":"0","name":"rangeBinaryStepNested"}
{"args":["7","18446744073709551615"],"expected":"13","name":"rangeBinaryStepNested"}
{"args":["16","0"],"expected":"0","name":"rangeBinaryStepNested"}
{"args":["16","1"],"expected":"2","name":"rangeBinaryStepNested"}
{"args":["16","9223372036854775808"],"expected":"0","name":"rangeBinaryStepNested"}
{"args":["16","18446744073709551615"],"expected":"103","name":"rangeBinaryStepNested"}
{"args":["31","0"],"expected":"0","name":"rangeBinaryStepNested"}
{"args":["31","1"],"expected":"2","name":"rangeBinaryStepNested"}
{"args":["31","9223372036854775808"],"expected":"0","name":"rangeBinaryStepNested"}
{"args":["31","18446744073709551615"],"expected":"433","name":"rangeBinaryStepNested"}
{"args":["0","0"],"expected":"0","name":"rangeBinaryStepDo"}
{"args":["0","1"],"expected":"1","name":"rangeBinaryStepDo"}
{"args":["0","9223372036854775808"],"expected":"9223372036854775808","name":"rangeBinaryStepDo"}
{"args":["0","18446744073709551615"],"expected":"18446744073709551615","name":"rangeBinaryStepDo"}
{"args":["1","0"],"expected":"0","name":"rangeBinaryStepDo"}
{"args":["1","1"],"expected":"3","name":"rangeBinaryStepDo"}
{"args":["1","9223372036854775808"],"expected":"1","name":"rangeBinaryStepDo"}
{"args":["1","18446744073709551615"],"expected":"18446744073709551615","name":"rangeBinaryStepDo"}
{"args":["2","0"],"expected":"0","name":"rangeBinaryStepDo"}
{"args":["2","1"],"expected":"6","name":"rangeBinaryStepDo"}
{"args":["2","9223372036854775808"],"expected":"9223372036854775811","name":"rangeBinaryStepDo"}
{"args":["2","18446744073709551615"],"expected":"0","name":"rangeBinaryStepDo"}
{"args":["7","0"],"expected":"0","name":"rangeBinaryStepDo"}
{"args":["7","1"],"expected":"36","name":"rangeBinaryStepDo"}
{"args":["7","9223372036854775808"],"expected":"28","name":"rangeBinaryStepDo"}
{"args":["7","18446744073709551615"],"expected":"22","name":"rangeBinaryStepDo"}
{"args":["16","0"],"expected":"0","name":"rangeBinaryStepDo"}
{"args":["16","1"],"expected":"153","name":"rangeBinaryStepDo"}
{"args":["16","9223372036854775808"],"expected":"9223372036854775944","name":"rangeBinaryStepDo"}
{"args":["16","18446744073709551615"],"expected":"121","name":"rangeBinaryStepDo"}
{"args":["31","0"],"expected":"0","name":"rangeBinaryStepDo"}
{"args":["31","1"],"expected":"528","name":"rangeBinaryStepDo"}
{"args":["31","9223372036854775808"],"expected":"496","name":"rangeBinaryStepDo"}
{"args":["31","18446744073709551615"],"expected":"466","name":"rangeBinaryStepDo"}
{"args":["0","0"],"expected":"0","name":"rangeBinaryStepScalar"}
{"args":["0","1"],"expected":"1","name":"rangeBinaryStepScalar"}
{"args":["0","9223372036854775808"],"expected":"9223372036854775808","name":"rangeBinaryStepScalar"}
{"args":["0","18446744073709551615"],"expected":"18446744073709551615","name":"rangeBinaryStepScalar"}
{"args":["1","0"],"expected":"11","name":"rangeBinaryStepScalar"}
{"args":["1","1"],"expected":"4","name":"rangeBinaryStepScalar"}
{"args":["1","9223372036854775808"],"expected":"11","name":"rangeBinaryStepScalar"}
{"args":["1","18446744073709551615"],"expected":"18446744073709551612","name":"rangeBinaryStepScalar"}
{"args":["2","0"],"expected":"11","name":"rangeBinaryStepScalar"}
{"args":["2","1"],"expected":"14","name":"rangeBinaryStepScalar"}
{"args":["2","9223372036854775808"],"expected":"11","name":"rangeBinaryStepScalar"}
{"args":["2","18446744073709551615"],"expected":"18446744073709551604","name":"rangeBinaryStepScalar"}
{"args":["7","0"],"expected":"11","name":"rangeBinaryStepScalar"}
{"args":["7","1"],"expected":"56","name":"rangeBinaryStepScalar"}
{"args":["7","9223372036854775808"],"expected":"11","name":"rangeBinaryStepScalar"}
{"args":["7","18446744073709551615"],"expected":"18446744073709551321","name":"rangeBinaryStepScalar"}
{"args":["16","0"],"expected":"11","name":"rangeBinaryStepScalar"}
{"args":["16","1"],"expected":"56","name":"rangeBinaryStepScalar"}
{"args":["16","9223372036854775808"],"expected":"11","name":"rangeBinaryStepScalar"}
{"args":["16","18446744073709551615"],"expected":"18446744073709551321","name":"rangeBinaryStepScalar"}
{"args":["31","0"],"expected":"11","name":"rangeBinaryStepScalar"}
{"args":["31","1"],"expected":"56","name":"rangeBinaryStepScalar"}
{"args":["31","9223372036854775808"],"expected":"11","name":"rangeBinaryStepScalar"}
{"args":["31","18446744073709551615"],"expected":"18446744073709551321","name":"rangeBinaryStepScalar"}
{"args":["0","0"],"expected":"0","name":"rangeBinaryStepUnused"}
{"args":["0","1"],"expected":"1","name":"rangeBinaryStepUnused"}
{"args":["0","9223372036854775808"],"expected":"9223372036854775808","name":"rangeBinaryStepUnused"}
{"args":["0","18446744073709551615"],"expected":"18446744073709551615","name":"rangeBinaryStepUnused"}
{"args":["1","0"],"expected":"1","name":"rangeBinaryStepUnused"}
{"args":["1","1"],"expected":"2","name":"rangeBinaryStepUnused"}
{"args":["1","9223372036854775808"],"expected":"9223372036854775809","name":"rangeBinaryStepUnused"}
{"args":["1","18446744073709551615"],"expected":"0","name":"rangeBinaryStepUnused"}
{"args":["2","0"],"expected":"3","name":"rangeBinaryStepUnused"}
{"args":["2","1"],"expected":"4","name":"rangeBinaryStepUnused"}
{"args":["2","9223372036854775808"],"expected":"9223372036854775811","name":"rangeBinaryStepUnused"}
{"args":["2","18446744073709551615"],"expected":"2","name":"rangeBinaryStepUnused"}
{"args":["7","0"],"expected":"28","name":"rangeBinaryStepUnused"}
{"args":["7","1"],"expected":"29","name":"rangeBinaryStepUnused"}
{"args":["7","9223372036854775808"],"expected":"9223372036854775836","name":"rangeBinaryStepUnused"}
{"args":["7","18446744073709551615"],"expected":"27","name":"rangeBinaryStepUnused"}
{"args":["16","0"],"expected":"136","name":"rangeBinaryStepUnused"}
{"args":["16","1"],"expected":"137","name":"rangeBinaryStepUnused"}
{"args":["16","9223372036854775808"],"expected":"9223372036854775944","name":"rangeBinaryStepUnused"}
{"args":["16","18446744073709551615"],"expected":"135","name":"rangeBinaryStepUnused"}
{"args":["31","0"],"expected":"496","name":"rangeBinaryStepUnused"}
{"args":["31","1"],"expected":"497","name":"rangeBinaryStepUnused"}
{"args":["31","9223372036854775808"],"expected":"9223372036854776304","name":"rangeBinaryStepUnused"}
{"args":["31","18446744073709551615"],"expected":"495","name":"rangeBinaryStepUnused"}
{"args":["0","0"],"expected":"0","name":"rangeBinaryStepResult"}
{"args":["0","1"],"expected":"1","name":"rangeBinaryStepResult"}
{"args":["0","9223372036854775808"],"expected":"9223372036854775808","name":"rangeBinaryStepResult"}
{"args":["0","18446744073709551615"],"expected":"18446744073709551615","name":"rangeBinaryStepResult"}
{"args":["1","0"],"expected":"9","name":"rangeBinaryStepResult"}
{"args":["1","1"],"expected":"2","name":"rangeBinaryStepResult"}
{"args":["1","9223372036854775808"],"expected":"9223372036854775809","name":"rangeBinaryStepResult"}
{"args":["1","18446744073709551615"],"expected":"0","name":"rangeBinaryStepResult"}
{"args":["2","0"],"expected":"9","name":"rangeBinaryStepResult"}
{"args":["2","1"],"expected":"11","name":"rangeBinaryStepResult"}
{"args":["2","9223372036854775808"],"expected":"9223372036854775818","name":"rangeBinaryStepResult"}
{"args":["2","18446744073709551615"],"expected":"9","name":"rangeBinaryStepResult"}
{"args":["7","0"],"expected":"9","name":"rangeBinaryStepResult"}
{"args":["7","1"],"expected":"11","name":"rangeBinaryStepResult"}
{"args":["7","9223372036854775808"],"expected":"9223372036854775818","name":"rangeBinaryStepResult"}
{"args":["7","18446744073709551615"],"expected":"9","name":"rangeBinaryStepResult"}
{"args":["16","0"],"expected":"9","name":"rangeBinaryStepResult"}
{"args":["16","1"],"expected":"11","name":"rangeBinaryStepResult"}
{"args":["16","9223372036854775808"],"expected":"9223372036854775818","name":"rangeBinaryStepResult"}
{"args":["16","18446744073709551615"],"expected":"9","name":"rangeBinaryStepResult"}
{"args":["31","0"],"expected":"9","name":"rangeBinaryStepResult"}
{"args":["31","1"],"expected":"11","name":"rangeBinaryStepResult"}
{"args":["31","9223372036854775808"],"expected":"9223372036854775818","name":"rangeBinaryStepResult"}
{"args":["31","18446744073709551615"],"expected":"9","name":"rangeBinaryStepResult"}
{"args":["0","0"],"expected":"0","name":"rangeBinaryStepWrapped"}
{"args":["0","1"],"expected":"1","name":"rangeBinaryStepWrapped"}
{"args":["0","9223372036854775808"],"expected":"9223372036854775808","name":"rangeBinaryStepWrapped"}
{"args":["0","18446744073709551615"],"expected":"18446744073709551615","name":"rangeBinaryStepWrapped"}
{"args":["1","0"],"expected":"11","name":"rangeBinaryStepWrapped"}
{"args":["1","1"],"expected":"6","name":"rangeBinaryStepWrapped"}
{"args":["1","9223372036854775808"],"expected":"0","name":"rangeBinaryStepWrapped"}
{"args":["1","18446744073709551615"],"expected":"18446744073709551610","name":"rangeBinaryStepWrapped"}
{"args":["2","0"],"expected":"11","name":"rangeBinaryStepWrapped"}
{"args":["2","1"],"expected":"24","name":"rangeBinaryStepWrapped"}
{"args":["2","9223372036854775808"],"expected":"9223372036854775811","name":"rangeBinaryStepWrapped"}
{"args":["2","18446744073709551615"],"expected":"5","name":"rangeBinaryStepWrapped"}
{"args":["7","0"],"expected":"11","name":"rangeBinaryStepWrapped"}
{"args":["7","1"],"expected":"797","name":"rangeBinaryStepWrapped"}
{"args":["7","9223372036854775808"],"expected":"69","name":"rangeBinaryStepWrapped"}
{"args":["7","18446744073709551615"],"expected":"5","name":"rangeBinaryStepWrapped"}
{"args":["16","0"],"expected":"11","name":"rangeBinaryStepWrapped"}
{"args":["16","1"],"expected":"797","name":"rangeBinaryStepWrapped"}
{"args":["16","9223372036854775808"],"expected":"69","name":"rangeBinaryStepWrapped"}
{"args":["16","18446744073709551615"],"expected":"5","name":"rangeBinaryStepWrapped"}
{"args":["31","0"],"expected":"11","name":"rangeBinaryStepWrapped"}
{"args":["31","1"],"expected":"797","name":"rangeBinaryStepWrapped"}
{"args":["31","9223372036854775808"],"expected":"69","name":"rangeBinaryStepWrapped"}
{"args":["31","18446744073709551615"],"expected":"5","name":"rangeBinaryStepWrapped"}
{"args":["0","0"],"expected":"0","name":"rangeBoolNotBreak"}
{"args":["0","1"],"expected":"1","name":"rangeBoolNotBreak"}
{"args":["0","9223372036854775808"],"expected":"9223372036854775808","name":"rangeBoolNotBreak"}
{"args":["0","18446744073709551615"],"expected":"18446744073709551615","name":"rangeBoolNotBreak"}
{"args":["1","0"],"expected":"0","name":"rangeBoolNotBreak"}
{"args":["1","1"],"expected":"1","name":"rangeBoolNotBreak"}
{"args":["1","9223372036854775808"],"expected":"9223372036854775808","name":"rangeBoolNotBreak"}
{"args":["1","18446744073709551615"],"expected":"18446744073709551615","name":"rangeBoolNotBreak"}
{"args":["2","0"],"expected":"0","name":"rangeBoolNotBreak"}
{"args":["2","1"],"expected":"1","name":"rangeBoolNotBreak"}
{"args":["2","9223372036854775808"],"expected":"9223372036854775808","name":"rangeBoolNotBreak"}
{"args":["2","18446744073709551615"],"expected":"18446744073709551615","name":"rangeBoolNotBreak"}
{"args":["7","0"],"expected":"0","name":"rangeBoolNotBreak"}
{"args":["7","1"],"expected":"1","name":"rangeBoolNotBreak"}
{"args":["7","9223372036854775808"],"expected":"9223372036854775808","name":"rangeBoolNotBreak"}
{"args":["7","18446744073709551615"],"expected":"18446744073709551615","name":"rangeBoolNotBreak"}
{"args":["16","0"],"expected":"0","name":"rangeBoolNotBreak"}
{"args":["16","1"],"expected":"1","name":"rangeBoolNotBreak"}
{"args":["16","9223372036854775808"],"expected":"9223372036854775808","name":"rangeBoolNotBreak"}
{"args":["16","18446744073709551615"],"expected":"18446744073709551615","name":"rangeBoolNotBreak"}
{"args":["31","0"],"expected":"0","name":"rangeBoolNotBreak"}
{"args":["31","1"],"expected":"1","name":"rangeBoolNotBreak"}
{"args":["31","9223372036854775808"],"expected":"9223372036854775808","name":"rangeBoolNotBreak"}
{"args":["31","18446744073709551615"],"expected":"18446744073709551615","name":"rangeBoolNotBreak"}
{"args":["0","0"],"expected":"0","name":"rangeBoolNotContinue"}
{"args":["0","1"],"expected":"1","name":"rangeBoolNotContinue"}
{"args":["0","9223372036854775808"],"expected":"9223372036854775808","name":"rangeBoolNotContinue"}
{"args":["0","18446744073709551615"],"expected":"18446744073709551615","name":"rangeBoolNotContinue"}
{"args":["1","0"],"expected":"0","name":"rangeBoolNotContinue"}
{"args":["1","1"],"expected":"1","name":"rangeBoolNotContinue"}
{"args":["1","9223372036854775808"],"expected":"9223372036854775808","name":"rangeBoolNotContinue"}
{"args":["1","18446744073709551615"],"expected":"18446744073709551615","name":"rangeBoolNotContinue"}
{"args":["2","0"],"expected":"0","name":"rangeBoolNotContinue"}
{"args":["2","1"],"expected":"2","name":"rangeBoolNotContinue"}
{"args":["2","9223372036854775808"],"expected":"9223372036854775808","name":"rangeBoolNotContinue"}
{"args":["2","18446744073709551615"],"expected":"18446744073709551615","name":"rangeBoolNotContinue"}
{"args":["7","0"],"expected":"3","name":"rangeBoolNotContinue"}
{"args":["7","1"],"expected":"2","name":"rangeBoolNotContinue"}
{"args":["7","9223372036854775808"],"expected":"9223372036854775813","name":"rangeBoolNotContinue"}
{"args":["7","18446744073709551615"],"expected":"2","name":"rangeBoolNotContinue"}
{"args":["16","0"],"expected":"27","name":"rangeBoolNotContinue"}
{"args":["16","1"],"expected":"22","name":"rangeBoolNotContinue"}
{"args":["16","9223372036854775808"],"expected":"9223372036854775824","name":"rangeBoolNotContinue"}
{"args":["16","18446744073709551615"],"expected":"26","name":"rangeBoolNotContinue"}
{"args":["31","0"],"expected":"75","name":"rangeBoolNotContinue"}
{"args":["31","1"],"expected":"66","name":"rangeBoolNotContinue"}
{"args":["31","9223372036854775808"],"expected":"9223372036854775893","name":"rangeBoolNotContinue"}
{"args":["31","18446744073709551615"],"expected":"74","name":"rangeBoolNotContinue"}
{"args":["0","0"],"expected":"0","name":"rangeBoolNotJoin"}
{"args":["0","1"],"expected":"1","name":"rangeBoolNotJoin"}
{"args":["0","9223372036854775808"],"expected":"9223372036854775808","name":"rangeBoolNotJoin"}
{"args":["0","18446744073709551615"],"expected":"18446744073709551615","name":"rangeBoolNotJoin"}
{"args":["1","0"],"expected":"9","name":"rangeBoolNotJoin"}
{"args":["1","1"],"expected":"2","name":"rangeBoolNotJoin"}
{"args":["1","9223372036854775808"],"expected":"9223372036854775809","name":"rangeBoolNotJoin"}
{"args":["1","18446744073709551615"],"expected":"0","name":"rangeBoolNotJoin"}
{"args":["2","0"],"expected":"9","name":"rangeBoolNotJoin"}
{"args":["2","1"],"expected":"11","name":"rangeBoolNotJoin"}
{"args":["2","9223372036854775808"],"expected":"9223372036854775818","name":"rangeBoolNotJoin"}
{"args":["2","18446744073709551615"],"expected":"9","name":"rangeBoolNotJoin"}
{"args":["7","0"],"expected":"9","name":"rangeBoolNotJoin"}
{"args":["7","1"],"expected":"11","name":"rangeBoolNotJoin"}
{"args":["7","9223372036854775808"],"expected":"9223372036854775818","name":"rangeBoolNotJoin"}
{"args":["7","18446744073709551615"],"expected":"9","name":"rangeBoolNotJoin"}
{"args":["16","0"],"expected":"9","name":"rangeBoolNotJoin"}
{"args":["16","1"],"expected":"11","name":"rangeBoolNotJoin"}
{"args":["16","9223372036854775808"],"expected":"9223372036854775818","name":"rangeBoolNotJoin"}
{"args":["16","18446744073709551615"],"expected":"9","name":"rangeBoolNotJoin"}
{"args":["31","0"],"expected":"9","name":"rangeBoolNotJoin"}
{"args":["31","1"],"expected":"11","name":"rangeBoolNotJoin"}
{"args":["31","9223372036854775808"],"expected":"9223372036854775818","name":"rangeBoolNotJoin"}
{"args":["31","18446744073709551615"],"expected":"9","name":"rangeBoolNotJoin"}
{"args":["0","0"],"expected":"0","name":"rangeBoolNotFunction"}
{"args":["0","1"],"expected":"1","name":"rangeBoolNotFunction"}
{"args":["0","9223372036854775808"],"expected":"9223372036854775808","name":"rangeBoolNotFunction"}
{"args":["0","18446744073709551615"],"expected":"18446744073709551615","name":"rangeBoolNotFunction"}
{"args":["1","0"],"expected":"17","name":"rangeBoolNotFunction"}
{"args":["1","1"],"expected":"1","name":"rangeBoolNotFunction"}
{"args":["1","9223372036854775808"],"expected":"9223372036854775808","name":"rangeBoolNotFunction"}
{"args":["1","18446744073709551615"],"expected":"18446744073709551611","name":"rangeBoolNotFunction"}
{"args":["2","0"],"expected":"17","name":"rangeBoolNotFunction"}
{"args":["2","1"],"expected":"10","name":"rangeBoolNotFunction"}
{"args":["2","9223372036854775808"],"expected":"9223372036854775808","name":"rangeBoolNotFunction"}
{"args":["2","18446744073709551615"],"expected":"18446744073709551602","name":"rangeBoolNotFunction"}
{"args":["7","0"],"expected":"17","name":"rangeBoolNotFunction"}
{"args":["7","1"],"expected":"3814","name":"rangeBoolNotFunction"}
{"args":["7","9223372036854775808"],"expected":"1021","name":"rangeBoolNotFunction"}
{"args":["7","18446744073709551615"],"expected":"18446744073709548872","name":"rangeBoolNotFunction"}
{"args":["16","0"],"expected":"17","name":"rangeBoolNotFunction"}
{"args":["16","1"],"expected":"75331735","name":"rangeBoolNotFunction"}
{"args":["16","9223372036854775808"],"expected":"9223372036875103401","name":"rangeBoolNotFunction"}
{"args":["16","18446744073709551615"],"expected":"18446744073655743191","name":"rangeBoolNotFunction"}
{"args":["31","0"],"expected":"17","name":"rangeBoolNotFunction"}
{"args":["31","1"],"expected":"1080928443496858","name":"rangeBoolNotFunction"}
{"args":["31","9223372036854775808"],"expected":"291679103800705","name":"rangeBoolNotFunction"}
{"args":["31","18446744073709551615"],"expected":"18445971981964196636","name":"rangeBoolNotFunction"}
{"args":["0","0"],"expected":"0","name":"rangeOuterUnary"}
{"args":["0","1"],"expected":"4","name":"rangeOuterUnary"}
{"args":["0","9223372036854775808"],"expected":"0","name":"rangeOuterUnary"}
{"args":["0","18446744073709551615"],"expected":"18446744073709551612","name":"rangeOuterUnary"}
{"args":["1","0"],"expected":"0","name":"rangeOuterUnary"}
{"args":["1","1"],"expected":"13","name":"rangeOuterUnary"}
{"args":["1","9223372036854775808"],"expected":"9223372036854775808","name":"rangeOuterUnary"}
{"args":["1","18446744073709551615"],"expected":"18446744073709551603","name":"rangeOuterUnary"}
{"args":["2","0"],"expected":"3","name":"rangeOuterUnary"}
{"args":["2","1"],"expected":"43","name":"rangeOuterUnary"}
{"args":["2","9223372036854775808"],"expected":"3","name":"rangeOuterUnary"}
{"args":["2","18446744073709551615"],"expected":"18446744073709551579","name":"rangeOuterUnary"}
{"args":["7","0"],"expected":"1629","name":"rangeOuterUnary"}
{"args":["7","1"],"expected":"11470","name":"rangeOuterUnary"}
{"args":["7","9223372036854775808"],"expected":"9223372036854777437","name":"rangeOuterUnary"}
{"args":["7","18446744073709551615"],"expected":"18446744073709543404","name":"rangeOuterUnary"}
{"args":["16","0"],"expected":"32285016","name":"rangeOuterUnary"}
{"args":["16","1"],"expected":"225995260","name":"rangeOuterUnary"}
{"args":["16","9223372036854775808"],"expected":"32285016","name":"rangeOuterUnary"}
{"args":["16","18446744073709551615"],"expected":"18446744073548126388","name":"rangeOuterUnary"}
{"args":["31","0"],"expected":"463255047212913","name":"rangeOuterUnary"}
{"args":["31","1"],"expected":"3242785330490674","name":"rangeOuterUnary"}
{"args":["31","9223372036854775808"],"expected":"9223835291901988721","name":"rangeOuterUnary"}
{"args":["31","18446744073709551615"],"expected":"18444427798473486768","name":"rangeOuterUnary"}
{"args":["0","0"],"expected":"0","name":"rangeOuterBinary"}
{"args":["0","1"],"expected":"2","name":"rangeOuterBinary"}
{"args":["0","9223372036854775808"],"expected":"0","name":"rangeOuterBinary"}
{"args":["0","18446744073709551615"],"expected":"18446744073709551614","name":"rangeOuterBinary"}
{"args":["1","0"],"expected":"1","name":"rangeOuterBinary"}
{"args":["1","1"],"expected":"6","name":"rangeOuterBinary"}
{"args":["1","9223372036854775808"],"expected":"9223372036854775809","name":"rangeOuterBinary"}
{"args":["1","18446744073709551615"],"expected":"18446744073709551612","name":"rangeOuterBinary"}
{"args":["2","0"],"expected":"2","name":"rangeOuterBinary"}
{"args":["2","1"],"expected":"19","name":"rangeOuterBinary"}
{"args":["2","9223372036854775808"],"expected":"9223372036854775810","name":"rangeOuterBinary"}
{"args":["2","18446744073709551615"],"expected":"18446744073709551613","name":"rangeOuterBinary"}
{"args":["7","0"],"expected":"7","name":"rangeOuterBinary"}
{"args":["7","1"],"expected":"4917","name":"rangeOuterBinary"}
{"args":["7","9223372036854775808"],"expected":"9223372036854775815","name":"rangeOuterBinary"}
{"args":["7","18446744073709551615"],"expected":"2","name":"rangeOuterBinary"}
{"args":["16","0"],"expected":"16","name":"rangeOuterBinary"}
{"args":["16","1"],"expected":"132861","name":"rangeOuterBinary"}
{"args":["16","9223372036854775808"],"expected":"9223372036854775824","name":"rangeOuterBinary"}
{"args":["16","18446744073709551615"],"expected":"11","name":"rangeOuterBinary"}
{"args":["31","0"],"expected":"31","name":"rangeOuterBinary"}
{"args":["31","1"],"expected":"132876","name":"rangeOuterBinary"}
{"args":["31","9223372036854775808"],"expected":"9223372036854775839","name":"rangeOuterBinary"}
{"args":["31","18446744073709551615"],"expected":"26","name":"rangeOuterBinary"}
{"args":["0","0"],"expected":"2","name":"rangeOuterUnit"}
{"args":["0","1"],"expected":"5","name":"rangeOuterUnit"}
{"args":["0","9223372036854775808"],"expected":"9223372036854775810","name":"rangeOuterUnit"}
{"args":["0","18446744073709551615"],"expected":"18446744073709551615","name":"rangeOuterUnit"}
{"args":["1","0"],"expected":"2","name":"rangeOuterUnit"}
{"args":["1","1"],"expected":"5","name":"rangeOuterUnit"}
{"args":["1","9223372036854775808"],"expected":"9223372036854775810","name":"rangeOuterUnit"}
{"args":["1","18446744073709551615"],"expected":"18446744073709551615","name":"rangeOuterUnit"}
{"args":["2","0"],"expected":"4","name":"rangeOuterUnit"}
{"args":["2","1"],"expected":"8","name":"rangeOuterUnit"}
{"args":["2","9223372036854775808"],"expected":"4","name":"rangeOuterUnit"}
{"args":["2","18446744073709551615"],"expected":"0","name":"rangeOuterUnit"}
{"args":["7","0"],"expected":"14","name":"rangeOuterUnit"}
{"args":["7","1"],"expected":"20","name":"rangeOuterUnit"}
{"args":["7","9223372036854775808"],"expected":"14","name":"rangeOuterUnit"}
{"args":["7","18446744073709551615"],"expected":"8","name":"rangeOuterUnit"}
{"args":["16","0"],"expected":"74","name":"rangeOuterUnit"}
{"args":["16","1"],"expected":"85","name":"rangeOuterUnit"}
{"args":["16","9223372036854775808"],"expected":"9223372036854775882","name":"rangeOuterUnit"}
{"args":["16","18446744073709551615"],"expected":"63","name":"rangeOuterUnit"}
{"args":["31","0"],"expected":"242","name":"rangeOuterUnit"}
{"args":["31","1"],"expected":"260","name":"rangeOuterUnit"}
{"args":["31","9223372036854775808"],"expected":"242","name":"rangeOuterUnit"}
{"args":["31","18446744073709551615"],"expected":"224","name":"rangeOuterUnit"}
{"args":["0","0"],"expected":"17","name":"rangeOuterCapture"}
{"args":["0","1"],"expected":"19","name":"rangeOuterCapture"}
{"args":["0","9223372036854775808"],"expected":"17","name":"rangeOuterCapture"}
{"args":["0","18446744073709551615"],"expected":"15","name":"rangeOuterCapture"}
{"args":["1","0"],"expected":"17","name":"rangeOuterCapture"}
{"args":["1","1"],"expected":"20","name":"rangeOuterCapture"}
{"args":["1","9223372036854775808"],"expected":"9223372036854775825","name":"rangeOuterCapture"}
{"args":["1","18446744073709551615"],"expected":"14","name":"rangeOuterCapture"}
{"args":["2","0"],"expected":"18","name":"rangeOuterCapture"}
{"args":["2","1"],"expected":"22","name":"rangeOuterCapture"}
{"args":["2","9223372036854775808"],"expected":"18","name":"rangeOuterCapture"}
{"args":["2","18446744073709551615"],"expected":"14","name":"rangeOuterCapture"}
{"args":["7","0"],"expected":"20","name":"rangeOuterCapture"}
{"args":["7","1"],"expected":"22","name":"rangeOuterCapture"}
{"args":["7","9223372036854775808"],"expected":"9223372036854775846","name":"rangeOuterCapture"}
{"args":["7","18446744073709551615"],"expected":"14","name":"rangeOuterCapture"}
{"args":["16","0"],"expected":"20","name":"rangeOuterCapture"}
{"args":["16","1"],"expected":"22","name":"rangeOuterCapture"}
{"args":["16","9223372036854775808"],"expected":"9223372036854775846","name":"rangeOuterCapture"}
{"args":["16","18446744073709551615"],"expected":"14","name":"rangeOuterCapture"}
{"args":["31","0"],"expected":"20","name":"rangeOuterCapture"}
{"args":["31","1"],"expected":"22","name":"rangeOuterCapture"}
{"args":["31","9223372036854775808"],"expected":"9223372036854775846","name":"rangeOuterCapture"}
{"args":["31","18446744073709551615"],"expected":"14","name":"rangeOuterCapture"}
{"args":["0","0"],"expected":"1","name":"rangeOuterBounds"}
{"args":["0","1"],"expected":"4","name":"rangeOuterBounds"}
{"args":["0","9223372036854775808"],"expected":"4","name":"rangeOuterBounds"}
{"args":["0","18446744073709551615"],"expected":"3","name":"rangeOuterBounds"}
{"args":["1","0"],"expected":"4","name":"rangeOuterBounds"}
{"args":["1","1"],"expected":"1","name":"rangeOuterBounds"}
{"args":["1","9223372036854775808"],"expected":"1","name":"rangeOuterBounds"}
{"args":["1","18446744073709551615"],"expected":"0","name":"rangeOuterBounds"}
{"args":["2","0"],"expected":"1","name":"rangeOuterBounds"}
{"args":["2","1"],"expected":"6","name":"rangeOuterBounds"}
{"args":["2","9223372036854775808"],"expected":"6","name":"rangeOuterBounds"}
{"args":["2","18446744073709551615"],"expected":"3","name":"rangeOuterBounds"}
{"args":["7","0"],"expected":"1","name":"rangeOuterBounds"}
{"args":["7","1"],"expected":"4","name":"rangeOuterBounds"}
{"args":["7","9223372036854775808"],"expected":"4","name":"rangeOuterBounds"}
{"args":["7","18446744073709551615"],"expected":"5","name":"rangeOuterBounds"}
{"args":["16","0"],"expected":"1","name":"rangeOuterBounds"}
{"args":["16","1"],"expected":"6","name":"rangeOuterBounds"}
{"args":["16","9223372036854775808"],"expected":"6","name":"rangeOuterBounds"}
{"args":["16","18446744073709551615"],"expected":"3","name":"rangeOuterBounds"}
{"args":["31","0"],"expected":"6","name":"rangeOuterBounds"}
{"args":["31","1"],"expected":"5","name":"rangeOuterBounds"}
{"args":["31","9223372036854775808"],"expected":"5","name":"rangeOuterBounds"}
{"args":["31","18446744073709551615"],"expected":"0","name":"rangeOuterBounds"}
{"args":["0","0"],"expected":"0","name":"rangeOuterChained"}
{"args":["0","1"],"expected":"4","name":"rangeOuterChained"}
{"args":["0","9223372036854775808"],"expected":"0","name":"rangeOuterChained"}
{"args":["0","18446744073709551615"],"expected":"18446744073709551612","name":"rangeOuterChained"}
{"args":["1","0"],"expected":"1","name":"rangeOuterChained"}
{"args":["1","1"],"expected":"5","name":"rangeOuterChained"}
{"args":["1","9223372036854775808"],"expected":"1","name":"rangeOuterChained"}
{"args":["1","18446744073709551615"],"expected":"18446744073709551613","name":"rangeOuterChained"}
{"args":["2","0"],"expected":"5","name":"rangeOuterChained"}
{"args":["2","1"],"expected":"18","name":"rangeOuterChained"}
{"args":["2","9223372036854775808"],"expected":"9223372036854775813","name":"rangeOuterChained"}
{"args":["2","18446744073709551615"],"expected":"18446744073709551608","name":"rangeOuterChained"}
{"args":["7","0"],"expected":"193","name":"rangeOuterChained"}
{"args":["7","1"],"expected":"557","name":"rangeOuterChained"}
{"args":["7","9223372036854775808"],"expected":"193","name":"rangeOuterChained"}
{"args":["7","18446744073709551615"],"expected":"18446744073709551445","name":"rangeOuterChained"}
{"args":["16","0"],"expected":"143923","name":"rangeOuterChained"}
{"args":["16","1"],"expected":"409643","name":"rangeOuterChained"}
{"args":["16","9223372036854775808"],"expected":"143923","name":"rangeOuterChained"}
{"args":["16","18446744073709551615"],"expected":"18446744073709429819","name":"rangeOuterChained"}
{"args":["31","0"],"expected":"8499036961","name":"rangeOuterChained"}
{"args":["31","1"],"expected":"24189566765","name":"rangeOuterChained"}
{"args":["31","9223372036854775808"],"expected":"8499036961","name":"rangeOuterChained"}
{"args":["31","18446744073709551615"],"expected":"18446744066518058773","name":"rangeOuterChained"}
{"args":["0","0"],"expected":"0","name":"rangeOuterNested"}
{"args":["0","1"],"expected":"20","name":"rangeOuterNested"}
{"args":["0","9223372036854775808"],"expected":"0","name":"rangeOuterNested"}
{"args":["0","18446744073709551615"],"expected":"18446744073709551596","name":"rangeOuterNested"}
{"args":["1","0"],"expected":"0","name":"rangeOuterNested"}
{"args":["1","1"],"expected":"59","name":"rangeOuterNested"}
{"args":["1","9223372036854775808"],"expected":"0","name":"rangeOuterNested"}
{"args":["1","18446744073709551615"],"expected":"18446744073709551557","name":"rangeOuterNested"}
{"args":["2","0"],"expected":"0","name":"rangeOuterNested"}
{"args":["2","1"],"expected":"179","name":"rangeOuterNested"}
{"args":["2","9223372036854775808"],"expected":"0","name":"rangeOuterNested"}
{"args":["2","18446744073709551615"],"expected":"18446744073709551443","name":"rangeOuterNested"}
{"args":["7","0"],"expected":"0","name":"rangeOuterNested"}
{"args":["7","1"],"expected":"44276","name":"rangeOuterNested"}
{"args":["7","9223372036854775808"],"expected":"9223372036854776708","name":"rangeOuterNested"}
{"args":["7","18446744073709551615"],"expected":"18446744073709510598","name":"rangeOuterNested"}
{"args":["16","0"],"expected":"0","name":"rangeOuterNested"}
{"args":["16","1"],"expected":"871696076","name":"rangeOuterNested"}
{"args":["16","9223372036854775808"],"expected":"17936109","name":"rangeOuterNested"}
{"args":["16","18446744073709551615"],"expected":"18446744072902425572","name":"rangeOuterNested"}
{"args":["31","0"],"expected":"0","name":"rangeOuterNested"}
{"args":["31","1"],"expected":"12507886274749880","name":"rangeOuterNested"}
{"args":["31","9223372036854775808"],"expected":"9223629400769894072","name":"rangeOuterNested"}
{"args":["31","18446744073709551615"],"expected":"18435162697529227562","name":"rangeOuterNested"}
{"args":["0","0"],"expected":"1","name":"rangeOuterDo"}
{"args":["0","1"],"expected":"1","name":"rangeOuterDo"}
{"args":["0","9223372036854775808"],"expected":"3074457345618258607","name":"rangeOuterDo"}
{"args":["0","18446744073709551615"],"expected":"6148914691236517210","name":"rangeOuterDo"}
{"args":["1","0"],"expected":"1","name":"rangeOuterDo"}
{"args":["1","1"],"expected":"1","name":"rangeOuterDo"}
{"args":["1","9223372036854775808"],"expected":"3074457345618258611","name":"rangeOuterDo"}
{"args":["1","18446744073709551615"],"expected":"6148914691236517214","name":"rangeOuterDo"}
{"args":["2","0"],"expected":"1","name":"rangeOuterDo"}
{"args":["2","1"],"expected":"1","name":"rangeOuterDo"}
{"args":["2","9223372036854775808"],"expected":"3074457345618258616","name":"rangeOuterDo"}
{"args":["2","18446744073709551615"],"expected":"6148914691236517214","name":"rangeOuterDo"}
{"args":["7","0"],"expected":"2","name":"rangeOuterDo"}
{"args":["7","1"],"expected":"2","name":"rangeOuterDo"}
{"args":["7","9223372036854775808"],"expected":"3074457345618258629","name":"rangeOuterDo"}
{"args":["7","18446744073709551615"],"expected":"6148914691236517214","name":"rangeOuterDo"}
{"args":["16","0"],"expected":"2","name":"rangeOuterDo"}
{"args":["16","1"],"expected":"2","name":"rangeOuterDo"}
{"args":["16","9223372036854775808"],"expected":"3074457345618258629","name":"rangeOuterDo"}
{"args":["16","18446744073709551615"],"expected":"6148914691236517214","name":"rangeOuterDo"}
{"args":["31","0"],"expected":"2","name":"rangeOuterDo"}
{"args":["31","1"],"expected":"2","name":"rangeOuterDo"}
{"args":["31","9223372036854775808"],"expected":"3074457345618258629","name":"rangeOuterDo"}
{"args":["31","18446744073709551615"],"expected":"6148914691236517214","name":"rangeOuterDo"}
{"args":["0","0"],"expected":"0","name":"rangeOuterUnused"}
{"args":["0","1"],"expected":"1","name":"rangeOuterUnused"}
{"args":["0","9223372036854775808"],"expected":"9223372036854775808","name":"rangeOuterUnused"}
{"args":["0","18446744073709551615"],"expected":"18446744073709551615","name":"rangeOuterUnused"}
{"args":["1","0"],"expected":"1","name":"rangeOuterUnused"}
{"args":["1","1"],"expected":"2","name":"rangeOuterUnused"}
{"args":["1","9223372036854775808"],"expected":"9223372036854775809","name":"rangeOuterUnused"}
{"args":["1","18446744073709551615"],"expected":"0","name":"rangeOuterUnused"}
{"args":["2","0"],"expected":"3","name":"rangeOuterUnused"}
{"args":["2","1"],"expected":"4","name":"rangeOuterUnused"}
{"args":["2","9223372036854775808"],"expected":"9223372036854775811","name":"rangeOuterUnused"}
{"args":["2","18446744073709551615"],"expected":"2","name":"rangeOuterUnused"}
{"args":["7","0"],"expected":"28","name":"rangeOuterUnused"}
{"args":["7","1"],"expected":"29","name":"rangeOuterUnused"}
{"args":["7","9223372036854775808"],"expected":"9223372036854775836","name":"rangeOuterUnused"}
{"args":["7","18446744073709551615"],"expected":"27","name":"rangeOuterUnused"}
{"args":["16","0"],"expected":"136","name":"rangeOuterUnused"}
{"args":["16","1"],"expected":"137","name":"rangeOuterUnused"}
{"args":["16","9223372036854775808"],"expected":"9223372036854775944","name":"rangeOuterUnused"}
{"args":["16","18446744073709551615"],"expected":"135","name":"rangeOuterUnused"}
{"args":["31","0"],"expected":"496","name":"rangeOuterUnused"}
{"args":["31","1"],"expected":"497","name":"rangeOuterUnused"}
{"args":["31","9223372036854775808"],"expected":"9223372036854776304","name":"rangeOuterUnused"}
{"args":["31","18446744073709551615"],"expected":"495","name":"rangeOuterUnused"}
{"args":["0","0"],"expected":"0","name":"rangeOuterStep"}
{"args":["0","1"],"expected":"4","name":"rangeOuterStep"}
{"args":["0","9223372036854775808"],"expected":"0","name":"rangeOuterStep"}
{"args":["0","18446744073709551615"],"expected":"18446744073709551612","name":"rangeOuterStep"}
{"args":["1","0"],"expected":"22","name":"rangeOuterStep"}
{"args":["1","1"],"expected":"17","name":"rangeOuterStep"}
{"args":["1","9223372036854775808"],"expected":"22","name":"rangeOuterStep"}
{"args":["1","18446744073709551615"],"expected":"18446744073709551601","name":"rangeOuterStep"}
{"args":["2","0"],"expected":"23","name":"rangeOuterStep"}
{"args":["2","1"],"expected":"57","name":"rangeOuterStep"}
{"args":["2","9223372036854775808"],"expected":"23","name":"rangeOuterStep"}
{"args":["2","18446744073709551615"],"expected":"18446744073709551569","name":"rangeOuterStep"}
{"args":["7","0"],"expected":"28","name":"rangeOuterStep"}
{"args":["7","1"],"expected":"197","name":"rangeOuterStep"}
{"args":["7","9223372036854775808"],"expected":"28","name":"rangeOuterStep"}
{"args":["7","18446744073709551615"],"expected":"18446744073709551205","name":"rangeOuterStep"}
{"args":["16","0"],"expected":"37","name":"rangeOuterStep"}
{"args":["16","1"],"expected":"206","name":"rangeOuterStep"}
{"args":["16","9223372036854775808"],"expected":"37","name":"rangeOuterStep"}
{"args":["16","18446744073709551615"],"expected":"18446744073709551214","name":"rangeOuterStep"}
{"args":["31","0"],"expected":"52","name":"rangeOuterStep"}
{"args":["31","1"],"expected":"221","name":"rangeOuterStep"}
{"args":["31","9223372036854775808"],"expected":"52","name":"rangeOuterStep"}
{"args":["31","18446744073709551615"],"expected":"18446744073709551229","name":"rangeOuterStep"}
{"args":["0","0"],"expected":"0","name":"rangeLetResult"}
{"args":["0","1"],"expected":"4","name":"rangeLetResult"}
{"args":["0","9223372036854775808"],"expected":"0","name":"rangeLetResult"}
{"args":["0","18446744073709551615"],"expected":"18446744073709551612","name":"rangeLetResult"}
{"args":["1","0"],"expected":"3","name":"rangeLetResult"}
{"args":["1","1"],"expected":"7","name":"rangeLetResult"}
{"args":["1","9223372036854775808"],"expected":"3","name":"rangeLetResult"}
{"args":["1","18446744073709551615"],"expected":"18446744073709551615","name":"rangeLetResult"}
{"args":["2","0"],"expected":"9","name":"rangeLetResult"}
{"args":["2","1"],"expected":"13","name":"rangeLetResult"}
{"args":["2","9223372036854775808"],"expected":"9","name":"rangeLetResult"}
{"args":["2","18446744073709551615"],"expected":"5","name":"rangeLetResult"}
{"args":["7","0"],"expected":"84","name":"rangeLetResult"}
{"args":["7","1"],"expected":"88","name":"rangeLetResult"}
{"args":["7","9223372036854775808"],"expected":"84","name":"rangeLetResult"}
{"args":["7","18446744073709551615"],"expected":"80","name":"rangeLetResult"}
{"args":["16","0"],"expected":"408","name":"rangeLetResult"}
{"args":["16","1"],"expected":"412","name":"rangeLetResult"}
{"args":["16","9223372036854775808"],"expected":"408","name":"rangeLetResult"}
{"args":["16","18446744073709551615"],"expected":"404","name":"rangeLetResult"}
{"args":["31","0"],"expected":"1488","name":"rangeLetResult"}
{"args":["31","1"],"expected":"1492","name":"rangeLetResult"}
{"args":["31","9223372036854775808"],"expected":"1488","name":"rangeLetResult"}
{"args":["31","18446744073709551615"],"expected":"1484","name":"rangeLetResult"}
{"args":["0","0"],"expected":"0","name":"rangeLetDirect"}
{"args":["0","1"],"expected":"1","name":"rangeLetDirect"}
{"args":["0","9223372036854775808"],"expected":"9223372036854775808","name":"rangeLetDirect"}
{"args":["0","18446744073709551615"],"expected":"18446744073709551615","name":"rangeLetDirect"}
{"args":["1","0"],"expected":"10","name":"rangeLetDirect"}
{"args":["1","1"],"expected":"5","name":"rangeLetDirect"}
{"args":["1","9223372036854775808"],"expected":"9223372036854775810","name":"rangeLetDirect"}
{"args":["1","18446744073709551615"],"expected":"18446744073709551615","name":"rangeLetDirect"}
{"args":["2","0"],"expected":"11","name":"rangeLetDirect"}
{"args":["2","1"],"expected":"15","name":"rangeLetDirect"}
{"args":["2","9223372036854775808"],"expected":"9223372036854775820","name":"rangeLetDirect"}
{"args":["2","18446744073709551615"],"expected":"9","name":"rangeLetDirect"}
{"args":["7","0"],"expected":"16","name":"rangeLetDirect"}
{"args":["7","1"],"expected":"20","name":"rangeLetDirect"}
{"args":["7","9223372036854775808"],"expected":"9223372036854775825","name":"rangeLetDirect"}
{"args":["7","18446744073709551615"],"expected":"14","name":"rangeLetDirect"}
{"args":["16","0"],"expected":"25","name":"rangeLetDirect"}
{"args":["16","1"],"expected":"29","name":"rangeLetDirect"}
{"args":["16","9223372036854775808"],"expected":"9223372036854775834","name":"rangeLetDirect"}
{"args":["16","18446744073709551615"],"expected":"23","name":"rangeLetDirect"}
{"args":["31","0"],"expected":"40","name":"rangeLetDirect"}
{"args":["31","1"],"expected":"44","name":"rangeLetDirect"}
{"args":["31","9223372036854775808"],"expected":"9223372036854775849","name":"rangeLetDirect"}
{"args":["31","18446744073709551615"],"expected":"38","name":"rangeLetDirect"}
{"args":["0","0"],"expected":"25","name":"rangeLetCapture"}
{"args":["0","1"],"expected":"27","name":"rangeLetCapture"}
{"args":["0","9223372036854775808"],"expected":"25","name":"rangeLetCapture"}
{"args":["0","18446744073709551615"],"expected":"23","name":"rangeLetCapture"}
{"args":["1","0"],"expected":"39","name":"rangeLetCapture"}
{"args":["1","1"],"expected":"43","name":"rangeLetCapture"}
{"args":["1","9223372036854775808"],"expected":"39","name":"rangeLetCapture"}
{"args":["1","18446744073709551615"],"expected":"35","name":"rangeLetCapture"}
{"args":["2","0"],"expected":"55","name":"rangeLetCapture"}
{"args":["2","1"],"expected":"61","name":"rangeLetCapture"}
{"args":["2","9223372036854775808"],"expected":"55","name":"rangeLetCapture"}
{"args":["2","18446744073709551615"],"expected":"49","name":"rangeLetCapture"}
{"args":["7","0"],"expected":"165","name":"rangeLetCapture"}
{"args":["7","1"],"expected":"181","name":"rangeLetCapture"}
{"args":["7","9223372036854775808"],"expected":"165","name":"rangeLetCapture"}
{"args":["7","18446744073709551615"],"expected":"149","name":"rangeLetCapture"}
{"args":["16","0"],"expected":"489","name":"rangeLetCapture"}
{"args":["16","1"],"expected":"523","name":"rangeLetCapture"}
{"args":["16","9223372036854775808"],"expected":"489","name":"rangeLetCapture"}
{"args":["16","18446744073709551615"],"expected":"455","name":"rangeLetCapture"}
{"args":["31","0"],"expected":"1389","name":"rangeLetCapture"}
{"args":["31","1"],"expected":"1453","name":"rangeLetCapture"}
{"args":["31","9223372036854775808"],"expected":"1389","name":"rangeLetCapture"}
{"args":["31","18446744073709551615"],"expected":"1325","name":"rangeLetCapture"}
{"args":["0","0"],"expected":"7","name":"rangeLetAliases"}
{"args":["0","1"],"expected":"8","name":"rangeLetAliases"}
{"args":["0","9223372036854775808"],"expected":"6148914691236517213","name":"rangeLetAliases"}
{"args":["0","18446744073709551615"],"expected":"12297829382473034417","name":"rangeLetAliases"}
{"args":["1","0"],"expected":"8","name":"rangeLetAliases"}
{"args":["1","1"],"expected":"10","name":"rangeLetAliases"}
{"args":["1","9223372036854775808"],"expected":"6148914691236517213","name":"rangeLetAliases"}
{"args":["1","18446744073709551615"],"expected":"12297829382473034417","name":"rangeLetAliases"}
{"args":["2","0"],"expected":"10","name":"rangeLetAliases"}
{"args":["2","1"],"expected":"16","name":"rangeLetAliases"}
{"args":["2","9223372036854775808"],"expected":"6148914691236517215","name":"rangeLetAliases"}
{"args":["2","18446744073709551615"],"expected":"12297829382473034415","name":"rangeLetAliases"}
{"args":["7","0"],"expected":"736","name":"rangeLetAliases"}
{"args":["7","1"],"expected":"2194","name":"rangeLetAliases"}
{"args":["7","9223372036854775808"],"expected":"6148914691236517941","name":"rangeLetAliases"}
{"args":["7","18446744073709551615"],"expected":"12297829382473033689","name":"rangeLetAliases"}
{"args":["16","0"],"expected":"14348914","name":"rangeLetAliases"}
{"args":["16","1"],"expected":"43046728","name":"rangeLetAliases"}
{"args":["16","9223372036854775808"],"expected":"6148914691250866119","name":"rangeLetAliases"}
{"args":["16","18446744073709551615"],"expected":"12297829382458685511","name":"rangeLetAliases"}
{"args":["31","0"],"expected":"205891132094656","name":"rangeLetAliases"}
{"args":["31","1"],"expected":"617673396283954","name":"rangeLetAliases"}
{"args":["31","9223372036854775808"],"expected":"6149120582368611861","name":"rangeLetAliases"}
{"args":["31","18446744073709551615"],"expected":"12297623491340939769","name":"rangeLetAliases"}
{"args":["0","0"],"expected":"0","name":"rangeLetUnused"}
{"args":["0","1"],"expected":"1","name":"rangeLetUnused"}
{"args":["0","9223372036854775808"],"expected":"9223372036854775808","name":"rangeLetUnused"}
{"args":["0","18446744073709551615"],"expected":"18446744073709551615","name":"rangeLetUnused"}
{"args":["1","0"],"expected":"1","name":"rangeLetUnused"}
{"args":["1","1"],"expected":"2","name":"rangeLetUnused"}
{"args":["1","9223372036854775808"],"expected":"9223372036854775809","name":"rangeLetUnused"}
{"args":["1","18446744073709551615"],"expected":"0","name":"rangeLetUnused"}
{"args":["2","0"],"expected":"2","name":"rangeLetUnused"}
{"args":["2","1"],"expected":"3","name":"rangeLetUnused"}
{"args":["2","9223372036854775808"],"expected":"9223372036854775810","name":"rangeLetUnused"}
{"args":["2","18446744073709551615"],"expected":"1","name":"rangeLetUnused"}
{"args":["7","0"],"expected":"7","name":"rangeLetUnused"}
{"args":["7","1"],"expected":"8","name":"rangeLetUnused"}
{"args":["7","9223372036854775808"],"expected":"9223372036854775815","name":"rangeLetUnused"}
{"args":["7","18446744073709551615"],"expected":"6","name":"rangeLetUnused"}
{"args":["16","0"],"expected":"16","name":"rangeLetUnused"}
{"args":["16","1"],"expected":"17","name":"rangeLetUnused"}
{"args":["16","9223372036854775808"],"expected":"9223372036854775824","name":"rangeLetUnused"}
{"args":["16","18446744073709551615"],"expected":"15","name":"rangeLetUnused"}
{"args":["31","0"],"expected":"31","name":"rangeLetUnused"}
{"args":["31","1"],"expected":"32","name":"rangeLetUnused"}
{"args":["31","9223372036854775808"],"expected":"9223372036854775839","name":"rangeLetUnused"}
{"args":["31","18446744073709551615"],"expected":"30","name":"rangeLetUnused"}
{"args":["0","0"],"expected":"0","name":"rangeLetStride"}
{"args":["0","1"],"expected":"3","name":"rangeLetStride"}
{"args":["0","9223372036854775808"],"expected":"9223372036854775808","name":"rangeLetStride"}
{"args":["0","18446744073709551615"],"expected":"18446744073709551613","name":"rangeLetStride"}
{"args":["1","0"],"expected":"0","name":"rangeLetStride"}
{"args":["1","1"],"expected":"3","name":"rangeLetStride"}
{"args":["1","9223372036854775808"],"expected":"9223372036854775808","name":"rangeLetStride"}
{"args":["1","18446744073709551615"],"expected":"18446744073709551613","name":"rangeLetStride"}
{"args":["2","0"],"expected":"0","name":"rangeLetStride"}
{"args":["2","1"],"expected":"13","name":"rangeLetStride"}
{"args":["2","9223372036854775808"],"expected":"9223372036854775808","name":"rangeLetStride"}
{"args":["2","18446744073709551615"],"expected":"18446744073709551613","name":"rangeLetStride"}
{"args":["7","0"],"expected":"0","name":"rangeLetStride"}
{"args":["7","1"],"expected":"21","name":"rangeLetStride"}
{"args":["7","9223372036854775808"],"expected":"9223372036854775831","name":"rangeLetStride"}
{"args":["7","18446744073709551615"],"expected":"18446744073709551613","name":"rangeLetStride"}
{"args":["16","0"],"expected":"0","name":"rangeLetStride"}
{"args":["16","1"],"expected":"61","name":"rangeLetStride"}
{"args":["16","9223372036854775808"],"expected":"9223372036854775861","name":"rangeLetStride"}
{"args":["16","18446744073709551615"],"expected":"18446744073709551613","name":"rangeLetStride"}
{"args":["31","0"],"expected":"0","name":"rangeLetStride"}
{"args":["31","1"],"expected":"61","name":"rangeLetStride"}
{"args":["31","9223372036854775808"],"expected":"9223372036854775861","name":"rangeLetStride"}
{"args":["31","18446744073709551615"],"expected":"18446744073709551613","name":"rangeLetStride"}
{"args":["0","0"],"expected":"0","name":"rangeLetContinue"}
{"args":["0","1"],"expected":"0","name":"rangeLetContinue"}
{"args":["0","9223372036854775808"],"expected":"0","name":"rangeLetContinue"}
{"args":["0","18446744073709551615"],"expected":"0","name":"rangeLetContinue"}
{"args":["1","0"],"expected":"0","name":"rangeLetContinue"}
{"args":["1","1"],"expected":"0","name":"rangeLetContinue"}
{"args":["1","9223372036854775808"],"expected":"0","name":"rangeLetContinue"}
{"args":["1","18446744073709551615"],"expected":"0","name":"rangeLetContinue"}
{"args":["2","0"],"expected":"1","name":"rangeLetContinue"}
{"args":["2","1"],"expected":"3","name":"rangeLetContinue"}
{"args":["2","9223372036854775808"],"expected":"1","name":"rangeLetContinue"}
{"args":["2","18446744073709551615"],"expected":"18446744073709551615","name":"rangeLetContinue"}
{"args":["7","0"],"expected":"12","name":"rangeLetContinue"}
{"args":["7","1"],"expected":"12","name":"rangeLetContinue"}
{"args":["7","9223372036854775808"],"expected":"12","name":"rangeLetContinue"}
{"args":["7","18446744073709551615"],"expected":"18446744073709551604","name":"rangeLetContinue"}
{"args":["16","0"],"expected":"75","name":"rangeLetContinue"}
{"args":["16","1"],"expected":"77","name":"rangeLetContinue"}
{"args":["16","9223372036854775808"],"expected":"75","name":"rangeLetContinue"}
{"args":["16","18446744073709551615"],"expected":"18446744073709551541","name":"rangeLetContinue"}
{"args":["31","0"],"expected":"300","name":"rangeLetContinue"}
{"args":["31","1"],"expected":"300","name":"rangeLetContinue"}
{"args":["31","9223372036854775808"],"expected":"300","name":"rangeLetContinue"}
{"args":["31","18446744073709551615"],"expected":"18446744073709551316","name":"rangeLetContinue"}
{"args":["0","0"],"expected":"21","name":"rangeLetMonadic"}
{"args":["0","1"],"expected":"25","name":"rangeLetMonadic"}
{"args":["0","9223372036854775808"],"expected":"21","name":"rangeLetMonadic"}
{"args":["0","18446744073709551615"],"expected":"17","name":"rangeLetMonadic"}
{"args":["1","0"],"expected":"21","name":"rangeLetMonadic"}
{"args":["1","1"],"expected":"31","name":"rangeLetMonadic"}
{"args":["1","9223372036854775808"],"expected":"21","name":"rangeLetMonadic"}
{"args":["1","18446744073709551615"],"expected":"11","name":"rangeLetMonadic"}
{"args":["2","0"],"expected":"30","name":"rangeLetMonadic"}
{"args":["2","1"],"expected":"58","name":"rangeLetMonadic"}
{"args":["2","9223372036854775808"],"expected":"30","name":"rangeLetMonadic"}
{"args":["2","18446744073709551615"],"expected":"2","name":"rangeLetMonadic"}
{"args":["7","0"],"expected":"4908","name":"rangeLetMonadic"}
{"args":["7","1"],"expected":"11470","name":"rangeLetMonadic"}
{"args":["7","9223372036854775808"],"expected":"4908","name":"rangeLetMonadic"}
{"args":["7","18446744073709551615"],"expected":"18446744073709549962","name":"rangeLetMonadic"}
{"args":["16","0"],"expected":"96855069","name":"rangeLetMonadic"}
{"args":["16","1"],"expected":"225995233","name":"rangeLetMonadic"}
{"args":["16","9223372036854775808"],"expected":"96855069","name":"rangeLetMonadic"}
{"args":["16","18446744073709551615"],"expected":"18446744073677266521","name":"rangeLetMonadic"}
{"args":["31","0"],"expected":"1389765141638760","name":"rangeLetMonadic"}
{"args":["31","1"],"expected":"3242785330490602","name":"rangeLetMonadic"}
{"args":["31","9223372036854775808"],"expected":"1389765141638760","name":"rangeLetMonadic"}
{"args":["31","18446744073709551615"],"expected":"18446280818662338534","name":"rangeLetMonadic"}
{"args":["0","0"],"expected":"0","name":"rangeLetHelper"}
{"args":["0","1"],"expected":"7","name":"rangeLetHelper"}
{"args":["0","9223372036854775808"],"expected":"9223372036854775808","name":"rangeLetHelper"}
{"args":["0","18446744073709551615"],"expected":"18446744073709551609","name":"rangeLetHelper"}
{"args":["1","0"],"expected":"3","name":"rangeLetHelper"}
{"args":["1","1"],"expected":"16","name":"rangeLetHelper"}
{"args":["1","9223372036854775808"],"expected":"9223372036854775811","name":"rangeLetHelper"}
{"args":["1","18446744073709551615"],"expected":"18446744073709551606","name":"rangeLetHelper"}
{"args":["2","0"],"expected":"8","name":"rangeLetHelper"}
{"args":["2","1"],"expected":"39","name":"rangeLetHelper"}
{"args":["2","9223372036854775808"],"expected":"9223372036854775816","name":"rangeLetHelper"}
{"args":["2","18446744073709551615"],"expected":"18446744073709551593","name":"rangeLetHelper"}
{"args":["7","0"],"expected":"1107","name":"rangeLetHelper"}
{"args":["7","1"],"expected":"7672","name":"rangeLetHelper"}
{"args":["7","9223372036854775808"],"expected":"9223372036854776915","name":"rangeLetHelper"}
{"args":["7","18446744073709551615"],"expected":"18446744073709546158","name":"rangeLetHelper"}
{"args":["16","0"],"expected":"21523392","name":"rangeLetHelper"}
{"args":["16","1"],"expected":"150663559","name":"rangeLetHelper"}
{"args":["16","9223372036854775808"],"expected":"9223372036876299200","name":"rangeLetHelper"}
{"args":["16","18446744073709551615"],"expected":"18446744073601934841","name":"rangeLetHelper"}
{"args":["31","0"],"expected":"308836698142035","name":"rangeLetHelper"}
{"args":["31","1"],"expected":"2161856886993880","name":"rangeLetHelper"}
{"args":["31","9223372036854775808"],"expected":"9223680873552917843","name":"rangeLetHelper"}
{"args":["31","18446744073709551615"],"expected":"18445199890218841806","name":"rangeLetHelper"}
{"args":["0","0"],"expected":"12","name":"rangeLetNested"}
{"args":["0","1"],"expected":"17","name":"rangeLetNested"}
{"args":["0","9223372036854775808"],"expected":"9223372036854775820","name":"rangeLetNested"}
{"args":["0","18446744073709551615"],"expected":"7","name":"rangeLetNested"}
{"args":["1","0"],"expected":"12","name":"rangeLetNested"}
{"args":["1","1"],"expected":"17","name":"rangeLetNested"}
{"args":["1","9223372036854775808"],"expected":"9223372036854775820","name":"rangeLetNested"}
{"args":["1","18446744073709551615"],"expected":"7","name":"rangeLetNested"}
{"args":["2","0"],"expected":"15","name":"rangeLetNested"}
{"args":["2","1"],"expected":"20","name":"rangeLetNested"}
{"args":["2","9223372036854775808"],"expected":"9223372036854775823","name":"rangeLetNested"}
{"args":["2","18446744073709551615"],"expected":"10","name":"rangeLetNested"}
{"args":["7","0"],"expected":"75","name":"rangeLetNested"}
{"args":["7","1"],"expected":"80","name":"rangeLetNested"}
{"args":["7","9223372036854775808"],"expected":"9223372036854775883","name":"rangeLetNested"}
{"args":["7","18446744073709551615"],"expected":"70","name":"rangeLetNested"}
{"args":["16","0"],"expected":"372","name":"rangeLetNested"}
{"args":["16","1"],"expected":"377","name":"rangeLetNested"}
{"args":["16","9223372036854775808"],"expected":"9223372036854776180","name":"rangeLetNested"}
{"args":["16","18446744073709551615"],"expected":"367","name":"rangeLetNested"}
{"args":["31","0"],"expected":"1407","name":"rangeLetNested"}
{"args":["31","1"],"expected":"1412","name":"rangeLetNested"}
{"args":["31","9223372036854775808"],"expected":"9223372036854777215","name":"rangeLetNested"}
{"args":["31","18446744073709551615"],"expected":"1402","name":"rangeLetNested"}
{"args":["0","0"],"expected":"18446744073709551615","name":"rangeComplement"}
{"args":["0","1"],"expected":"18446744073709551614","name":"rangeComplement"}
{"args":["0","9223372036854775808"],"expected":"9223372036854775807","name":"rangeComplement"}
{"args":["0","18446744073709551615"],"expected":"0","name":"rangeComplement"}
{"args":["1","0"],"expected":"0","name":"rangeComplement"}
{"args":["1","1"],"expected":"1","name":"rangeComplement"}
{"args":["1","9223372036854775808"],"expected":"9223372036854775808","name":"rangeComplement"}
{"args":["1","18446744073709551615"],"expected":"18446744073709551615","name":"rangeComplement"}
{"args":["2","0"],"expected":"0","name":"rangeComplement"}
{"args":["2","1"],"expected":"18446744073709551615","name":"rangeComplement"}
{"args":["2","9223372036854775808"],"expected":"9223372036854775808","name":"rangeComplement"}
{"args":["2","18446744073709551615"],"expected":"18446744073709551615","name":"rangeComplement"}
{"args":["7","0"],"expected":"0","name":"rangeComplement"}
{"args":["7","1"],"expected":"4","name":"rangeComplement"}
{"args":["7","9223372036854775808"],"expected":"9223372036854775811","name":"rangeComplement"}
{"args":["7","18446744073709551615"],"expected":"18446744073709551615","name":"rangeComplement"}
{"args":["16","0"],"expected":"0","name":"rangeComplement"}
{"args":["16","1"],"expected":"4","name":"rangeComplement"}
{"args":["16","9223372036854775808"],"expected":"9223372036854775812","name":"rangeComplement"}
{"args":["16","18446744073709551615"],"expected":"18446744073709551615","name":"rangeComplement"}
{"args":["31","0"],"expected":"0","name":"rangeComplement"}
{"args":["31","1"],"expected":"4","name":"rangeComplement"}
{"args":["31","9223372036854775808"],"expected":"9223372036854775812","name":"rangeComplement"}
{"args":["31","18446744073709551615"],"expected":"18446744073709551615","name":"rangeComplement"}
{"args":["0","0"],"expected":"0","name":"rangeComplementContinue"}
{"args":["0","1"],"expected":"1","name":"rangeComplementContinue"}
{"args":["0","9223372036854775808"],"expected":"9223372036854775808","name":"rangeComplementContinue"}
{"args":["0","18446744073709551615"],"expected":"18446744073709551615","name":"rangeComplementContinue"}
{"args":["1","0"],"expected":"0","name":"rangeComplementContinue"}
{"args":["1","1"],"expected":"18446744073709551615","name":"rangeComplementContinue"}
{"args":["1","9223372036854775808"],"expected":"18446744073709551615","name":"rangeComplementContinue"}
{"args":["1","18446744073709551615"],"expected":"18446744073709551615","name":"rangeComplementContinue"}
{"args":["2","0"],"expected":"18446744073709551614","name":"rangeComplementContinue"}
{"args":["2","1"],"expected":"2","name":"rangeComplementContinue"}
{"args":["2","9223372036854775808"],"expected":"18446744073709551615","name":"rangeComplementContinue"}
{"args":["2","18446744073709551615"],"expected":"0","name":"rangeComplementContinue"}
{"args":["7","0"],"expected":"2","name":"rangeComplementContinue"}
{"args":["7","1"],"expected":"18446744073709551611","name":"rangeComplementContinue"}
{"args":["7","9223372036854775808"],"expected":"18446744073709551613","name":"rangeComplementContinue"}
{"args":["7","18446744073709551615"],"expected":"18446744073709551609","name":"rangeComplementContinue"}
{"args":["16","0"],"expected":"15","name":"rangeComplementContinue"}
{"args":["16","1"],"expected":"18446744073709551585","name":"rangeComplementContinue"}
{"args":["16","9223372036854775808"],"expected":"18446744073709551610","name":"rangeComplementContinue"}
{"args":["16","18446744073709551615"],"expected":"18446744073709551610","name":"rangeComplementContinue"}
{"args":["31","0"],"expected":"10","name":"rangeComplementContinue"}
{"args":["31","1"],"expected":"18446744073709551595","name":"rangeComplementContinue"}
{"args":["31","9223372036854775808"],"expected":"18446744073709551605","name":"rangeComplementContinue"}
{"args":["31","18446744073709551615"],"expected":"18446744073709551585","name":"rangeComplementContinue"}
{"args":["0","0"],"expected":"18446744073709551615","name":"rangeComplementHelper"}
{"args":["0","1"],"expected":"18446744073709551610","name":"rangeComplementHelper"}
{"args":["0","9223372036854775808"],"expected":"9223372036854775807","name":"rangeComplementHelper"}
{"args":["0","18446744073709551615"],"expected":"4","name":"rangeComplementHelper"}
{"args":["1","0"],"expected":"18446744073709551615","name":"rangeComplementHelper"}
{"args":["1","1"],"expected":"18446744073709551610","name":"rangeComplementHelper"}
{"args":["1","9223372036854775808"],"expected":"9223372036854775807","name":"rangeComplementHelper"}
{"args":["1","18446744073709551615"],"expected":"4","name":"rangeComplementHelper"}
{"args":["2","0"],"expected":"18446744073709551615","name":"rangeComplementHelper"}
{"args":["2","1"],"expected":"18446744073709551610","name":"rangeComplementHelper"}
{"args":["2","9223372036854775808"],"expected":"9223372036854775807","name":"rangeComplementHelper"}
{"args":["2","18446744073709551615"],"expected":"4","name":"rangeComplementHelper"}
{"args":["7","0"],"expected":"47","name":"rangeComplementHelper"}
{"args":["7","1"],"expected":"12","name":"rangeComplementHelper"}
{"args":["7","9223372036854775808"],"expected":"9223372036854775855","name":"rangeComplementHelper"}
{"args":["7","18446744073709551615"],"expected":"82","name":"rangeComplementHelper"}
{"args":["16","0"],"expected":"101","name":"rangeComplementHelper"}
{"args":["16","1"],"expected":"66","name":"rangeComplementHelper"}
{"args":["16","9223372036854775808"],"expected":"9223372036854775909","name":"rangeComplementHelper"}
{"args":["16","18446744073709551615"],"expected":"136","name":"rangeComplementHelper"}
{"args":["31","0"],"expected":"191","name":"rangeComplementHelper"}
{"args":["31","1"],"expected":"156","name":"rangeComplementHelper"}
{"args":["31","9223372036854775808"],"expected":"9223372036854775999","name":"rangeComplementHelper"}
{"args":["31","18446744073709551615"],"expected":"226","name":"rangeComplementHelper"}
{"args":["0","0"],"expected":"0","name":"rangeComplementStep"}
{"args":["0","1"],"expected":"1","name":"rangeComplementStep"}
{"args":["0","9223372036854775808"],"expected":"9223372036854775808","name":"rangeComplementStep"}
{"args":["0","18446744073709551615"],"expected":"18446744073709551615","name":"rangeComplementStep"}
{"args":["1","0"],"expected":"18446744073709551615","name":"rangeComplementStep"}
{"args":["1","1"],"expected":"18446744073709551614","name":"rangeComplementStep"}
{"args":["1","9223372036854775808"],"expected":"9223372036854775807","name":"rangeComplementStep"}
{"args":["1","18446744073709551615"],"expected":"0","name":"rangeComplementStep"}
{"args":["2","0"],"expected":"18446744073709551615","name":"rangeComplementStep"}
{"args":["2","1"],"expected":"0","name":"rangeComplementStep"}
{"args":["2","9223372036854775808"],"expected":"0","name":"rangeComplementStep"}
{"args":["2","18446744073709551615"],"expected":"0","name":"rangeComplementStep"}
{"args":["7","0"],"expected":"18446744073709551615","name":"rangeComplementStep"}
{"args":["7","1"],"expected":"0","name":"rangeComplementStep"}
{"args":["7","9223372036854775808"],"expected":"0","name":"rangeComplementStep"}
{"args":["7","18446744073709551615"],"expected":"0","name":"rangeComplementStep"}
{"args":["16","0"],"expected":"18446744073709551615","name":"rangeComplementStep"}
{"args":["16","1"],"expected":"0","name":"rangeComplementStep"}
{"args":["16","9223372036854775808"],"expected":"0","name":"rangeComplementStep"}
{"args":["16","18446744073709551615"],"expected":"0","name":"rangeComplementStep"}
{"args":["31","0"],"expected":"18446744073709551615","name":"rangeComplementStep"}
{"args":["31","1"],"expected":"0","name":"rangeComplementStep"}
{"args":["31","9223372036854775808"],"expected":"0","name":"rangeComplementStep"}
{"args":["31","18446744073709551615"],"expected":"0","name":"rangeComplementStep"}
{"args":["0","0"],"expected":"0","name":"rangeCompoundBreak"}
{"args":["0","1"],"expected":"1","name":"rangeCompoundBreak"}
{"args":["0","9223372036854775808"],"expected":"9223372036854775808","name":"rangeCompoundBreak"}
{"args":["0","18446744073709551615"],"expected":"18446744073709551615","name":"rangeCompoundBreak"}
{"args":["1","0"],"expected":"1","name":"rangeCompoundBreak"}
{"args":["1","1"],"expected":"2","name":"rangeCompoundBreak"}
{"args":["1","9223372036854775808"],"expected":"9223372036854775809","name":"rangeCompoundBreak"}
{"args":["1","18446744073709551615"],"expected":"0","name":"rangeCompoundBreak"}
{"args":["2","0"],"expected":"3","name":"rangeCompoundBreak"}
{"args":["2","1"],"expected":"4","name":"rangeCompoundBreak"}
{"args":["2","9223372036854775808"],"expected":"9223372036854775811","name":"rangeCompoundBreak"}
{"args":["2","18446744073709551615"],"expected":"0","name":"rangeCompoundBreak"}
{"args":["7","0"],"expected":"3","name":"rangeCompoundBreak"}
{"args":["7","1"],"expected":"29","name":"rangeCompoundBreak"}
{"args":["7","9223372036854775808"],"expected":"9223372036854775818","name":"rangeCompoundBreak"}
{"args":["7","18446744073709551615"],"expected":"0","name":"rangeCompoundBreak"}
{"args":["16","0"],"expected":"3","name":"rangeCompoundBreak"}
{"args":["16","1"],"expected":"137","name":"rangeCompoundBreak"}
{"args":["16","9223372036854775808"],"expected":"9223372036854775818","name":"rangeCompoundBreak"}
{"args":["16","18446744073709551615"],"expected":"0","name":"rangeCompoundBreak"}
{"args":["31","0"],"expected":"3","name":"rangeCompoundBreak"}
{"args":["31","1"],"expected":"497","name":"rangeCompoundBreak"}
{"args":["31","9223372036854775808"],"expected":"9223372036854775818","name":"rangeCompoundBreak"}
{"args":["31","18446744073709551615"],"expected":"0","name":"rangeCompoundBreak"}
{"args":["0","0"],"expected":"0","name":"rangeCompoundContinue"}
{"args":["0","1"],"expected":"1","name":"rangeCompoundContinue"}
{"args":["0","9223372036854775808"],"expected":"9223372036854775808","name":"rangeCompoundContinue"}
{"args":["0","18446744073709551615"],"expected":"18446744073709551615","name":"rangeCompoundContinue"}
{"args":["1","0"],"expected":"0","name":"rangeCompoundContinue"}
{"args":["1","1"],"expected":"1","name":"rangeCompoundContinue"}
{"args":["1","9223372036854775808"],"expected":"9223372036854775808","name":"rangeCompoundContinue"}
{"args":["1","18446744073709551615"],"expected":"18446744073709551615","name":"rangeCompoundContinue"}
{"args":["2","0"],"expected":"1","name":"rangeCompoundContinue"}
{"args":["2","1"],"expected":"1","name":"rangeCompoundContinue"}
{"args":["2","9223372036854775808"],"expected":"9223372036854775808","name":"rangeCompoundContinue"}
{"args":["2","18446744073709551615"],"expected":"18446744073709551615","name":"rangeCompoundContinue"}
{"args":["7","0"],"expected":"12","name":"rangeCompoundContinue"}
{"args":["7","1"],"expected":"12","name":"rangeCompoundContinue"}
{"args":["7","9223372036854775808"],"expected":"9223372036854775819","name":"rangeCompoundContinue"}
{"args":["7","18446744073709551615"],"expected":"10","name":"rangeCompoundContinue"}
{"args":["16","0"],"expected":"75","name":"rangeCompoundContinue"}
{"args":["16","1"],"expected":"75","name":"rangeCompoundContinue"}
{"args":["16","9223372036854775808"],"expected":"9223372036854775882","name":"rangeCompoundContinue"}
{"args":["16","18446744073709551615"],"expected":"73","name":"rangeCompoundContinue"}
{"args":["31","0"],"expected":"300","name":"rangeCompoundContinue"}
{"args":["31","1"],"expected":"300","name":"rangeCompoundContinue"}
{"args":["31","9223372036854775808"],"expected":"9223372036854776107","name":"rangeCompoundContinue"}
{"args":["31","18446744073709551615"],"expected":"298","name":"rangeCompoundContinue"}
{"args":["0","0"],"expected":"0","name":"rangeCompoundJoined"}
{"args":["0","1"],"expected":"1","name":"rangeCompoundJoined"}
{"args":["0","9223372036854775808"],"expected":"9223372036854775808","name":"rangeCompoundJoined"}
{"args":["0","18446744073709551615"],"expected":"18446744073709551615","name":"rangeCompoundJoined"}
{"args":["1","0"],"expected":"5","name":"rangeCompoundJoined"}
{"args":["1","1"],"expected":"6","name":"rangeCompoundJoined"}
{"args":["1","9223372036854775808"],"expected":"9223372036854775813","name":"rangeCompoundJoined"}
{"args":["1","18446744073709551615"],"expected":"4","name":"rangeCompoundJoined"}
{"args":["2","0"],"expected":"10","name":"rangeCompoundJoined"}
{"args":["2","1"],"expected":"11","name":"rangeCompoundJoined"}
{"args":["2","9223372036854775808"],"expected":"9223372036854775818","name":"rangeCompoundJoined"}
{"args":["2","18446744073709551615"],"expected":"9","name":"rangeCompoundJoined"}
{"args":["7","0"],"expected":"7","name":"rangeCompoundJoined"}
{"args":["7","1"],"expected":"26","name":"rangeCompoundJoined"}
{"args":["7","9223372036854775808"],"expected":"9223372036854775833","name":"rangeCompoundJoined"}
{"args":["7","18446744073709551615"],"expected":"15","name":"rangeCompoundJoined"}
{"args":["16","0"],"expected":"7","name":"rangeCompoundJoined"}
{"args":["16","1"],"expected":"107","name":"rangeCompoundJoined"}
{"args":["16","9223372036854775808"],"expected":"9223372036854775914","name":"rangeCompoundJoined"}
{"args":["16","18446744073709551615"],"expected":"15","name":"rangeCompoundJoined"}
{"args":["31","0"],"expected":"7","name":"rangeCompoundJoined"}
{"args":["31","1"],"expected":"422","name":"rangeCompoundJoined"}
{"args":["31","9223372036854775808"],"expected":"9223372036854776229","name":"rangeCompoundJoined"}
{"args":["31","18446744073709551615"],"expected":"15","name":"rangeCompoundJoined"}
{"args":["0","0"],"expected":"1","name":"rangeCompoundHelper"}
{"args":["0","1"],"expected":"0","name":"rangeCompoundHelper"}
{"args":["0","9223372036854775808"],"expected":"0","name":"rangeCompoundHelper"}
{"args":["0","18446744073709551615"],"expected":"0","name":"rangeCompoundHelper"}
{"args":["1","0"],"expected":"1","name":"rangeCompoundHelper"}
{"args":["1","1"],"expected":"0","name":"rangeCompoundHelper"}
{"args":["1","9223372036854775808"],"expected":"0","name":"rangeCompoundHelper"}
{"args":["1","18446744073709551615"],"expected":"0","name":"rangeCompoundHelper"}
{"args":["2","0"],"expected":"0","name":"rangeCompoundHelper"}
{"args":["2","1"],"expected":"2","name":"rangeCompoundHelper"}
{"args":["2","9223372036854775808"],"expected":"0","name":"rangeCompoundHelper"}
{"args":["2","18446744073709551615"],"expected":"18446744073709551614","name":"rangeCompoundHelper"}
{"args":["7","0"],"expected":"18446744073709551608","name":"rangeCompoundHelper"}
{"args":["7","1"],"expected":"9","name":"rangeCompoundHelper"}
{"args":["7","9223372036854775808"],"expected":"18446744073709551608","name":"rangeCompoundHelper"}
{"args":["7","18446744073709551615"],"expected":"18446744073709551606","name":"rangeCompoundHelper"}
{"args":["16","0"],"expected":"18446744073709551553","name":"rangeCompoundHelper"}
{"args":["16","1"],"expected":"0","name":"rangeCompoundHelper"}
{"args":["16","9223372036854775808"],"expected":"18446744073709551553","name":"rangeCompoundHelper"}
{"args":["16","18446744073709551615"],"expected":"18446744073709551551","name":"rangeCompoundHelper"}
{"args":["31","0"],"expected":"18446744073709551392","name":"rangeCompoundHelper"}
{"args":["31","1"],"expected":"19","name":"rangeCompoundHelper"}
{"args":["31","9223372036854775808"],"expected":"18446744073709551392","name":"rangeCompoundHelper"}
{"args":["31","18446744073709551615"],"expected":"18446744073709551390","name":"rangeCompoundHelper"}
{"args":["0","0"],"expected":"0","name":"rangeCompoundStep"}
{"args":["0","1"],"expected":"1","name":"rangeCompoundStep"}
{"args":["0","9223372036854775808"],"expected":"9223372036854775808","name":"rangeCompoundStep"}
{"args":["0","18446744073709551615"],"expected":"18446744073709551615","name":"rangeCompoundStep"}
{"args":["1","0"],"expected":"11","name":"rangeCompoundStep"}
{"args":["1","1"],"expected":"2","name":"rangeCompoundStep"}
{"args":["1","9223372036854775808"],"expected":"9223372036854775809","name":"rangeCompoundStep"}
{"args":["1","18446744073709551615"],"expected":"0","name":"rangeCompoundStep"}
{"args":["2","0"],"expected":"11","name":"rangeCompoundStep"}
{"args":["2","1"],"expected":"14","name":"rangeCompoundStep"}
{"args":["2","9223372036854775808"],"expected":"9223372036854775811","name":"rangeCompoundStep"}
{"args":["2","18446744073709551615"],"expected":"10","name":"rangeCompoundStep"}
{"args":["7","0"],"expected":"11","name":"rangeCompoundStep"}
{"args":["7","1"],"expected":"14","name":"rangeCompoundStep"}
{"args":["7","9223372036854775808"],"expected":"17","name":"rangeCompoundStep"}
{"args":["7","18446744073709551615"],"expected":"10","name":"rangeCompoundStep"}
{"args":["16","0"],"expected":"11","name":"rangeCompoundStep"}
{"args":["16","1"],"expected":"14","name":"rangeCompoundStep"}
{"args":["16","9223372036854775808"],"expected":"17","name":"rangeCompoundStep"}
{"args":["16","18446744073709551615"],"expected":"10","name":"rangeCompoundStep"}
{"args":["31","0"],"expected":"11","name":"rangeCompoundStep"}
{"args":["31","1"],"expected":"14","name":"rangeCompoundStep"}
{"args":["31","9223372036854775808"],"expected":"17","name":"rangeCompoundStep"}
{"args":["31","18446744073709551615"],"expected":"10","name":"rangeCompoundStep"}
{"args":["0","0"],"expected":"0","name":"rangeCompoundResult"}
{"args":["0","1"],"expected":"1","name":"rangeCompoundResult"}
{"args":["0","9223372036854775808"],"expected":"9223372036854775808","name":"rangeCompoundResult"}
{"args":["0","18446744073709551615"],"expected":"18446744073709551615","name":"rangeCompoundResult"}
{"args":["1","0"],"expected":"1","name":"rangeCompoundResult"}
{"args":["1","1"],"expected":"2","name":"rangeCompoundResult"}
{"args":["1","9223372036854775808"],"expected":"9223372036854775809","name":"rangeCompoundResult"}
{"args":["1","18446744073709551615"],"expected":"0","name":"rangeCompoundResult"}
{"args":["2","0"],"expected":"3","name":"rangeCompoundResult"}
{"args":["2","1"],"expected":"4","name":"rangeCompoundResult"}
{"args":["2","9223372036854775808"],"expected":"9223372036854775811","name":"rangeCompoundResult"}
{"args":["2","18446744073709551615"],"expected":"2","name":"rangeCompoundResult"}
{"args":["7","0"],"expected":"28","name":"rangeCompoundResult"}
{"args":["7","1"],"expected":"29","name":"rangeCompoundResult"}
{"args":["7","9223372036854775808"],"expected":"9223372036854775836","name":"rangeCompoundResult"}
{"args":["7","18446744073709551615"],"expected":"27","name":"rangeCompoundResult"}
{"args":["16","0"],"expected":"136","name":"rangeCompoundResult"}
{"args":["16","1"],"expected":"137","name":"rangeCompoundResult"}
{"args":["16","9223372036854775808"],"expected":"9223372036854775944","name":"rangeCompoundResult"}
{"args":["16","18446744073709551615"],"expected":"135","name":"rangeCompoundResult"}
{"args":["31","0"],"expected":"496","name":"rangeCompoundResult"}
{"args":["31","1"],"expected":"497","name":"rangeCompoundResult"}
{"args":["31","9223372036854775808"],"expected":"9223372036854776304","name":"rangeCompoundResult"}
{"args":["31","18446744073709551615"],"expected":"495","name":"rangeCompoundResult"}
{"args":["0","0"],"expected":"0","name":"rangeCompoundNotBreak"}
{"args":["0","1"],"expected":"1","name":"rangeCompoundNotBreak"}
{"args":["0","9223372036854775808"],"expected":"9223372036854775808","name":"rangeCompoundNotBreak"}
{"args":["0","18446744073709551615"],"expected":"18446744073709551615","name":"rangeCompoundNotBreak"}
{"args":["1","0"],"expected":"1","name":"rangeCompoundNotBreak"}
{"args":["1","1"],"expected":"2","name":"rangeCompoundNotBreak"}
{"args":["1","9223372036854775808"],"expected":"9223372036854775809","name":"rangeCompoundNotBreak"}
{"args":["1","18446744073709551615"],"expected":"0","name":"rangeCompoundNotBreak"}
{"args":["2","0"],"expected":"3","name":"rangeCompoundNotBreak"}
{"args":["2","1"],"expected":"4","name":"rangeCompoundNotBreak"}
{"args":["2","9223372036854775808"],"expected":"9223372036854775811","name":"rangeCompoundNotBreak"}
{"args":["2","18446744073709551615"],"expected":"0","name":"rangeCompoundNotBreak"}
{"args":["7","0"],"expected":"3","name":"rangeCompoundNotBreak"}
{"args":["7","1"],"expected":"29","name":"rangeCompoundNotBreak"}
{"args":["7","9223372036854775808"],"expected":"9223372036854775818","name":"rangeCompoundNotBreak"}
{"args":["7","18446744073709551615"],"expected":"0","name":"rangeCompoundNotBreak"}
{"args":["16","0"],"expected":"3","name":"rangeCompoundNotBreak"}
{"args":["16","1"],"expected":"137","name":"rangeCompoundNotBreak"}
{"args":["16","9223372036854775808"],"expected":"9223372036854775818","name":"rangeCompoundNotBreak"}
{"args":["16","18446744073709551615"],"expected":"0","name":"rangeCompoundNotBreak"}
{"args":["31","0"],"expected":"3","name":"rangeCompoundNotBreak"}
{"args":["31","1"],"expected":"497","name":"rangeCompoundNotBreak"}
{"args":["31","9223372036854775808"],"expected":"9223372036854775818","name":"rangeCompoundNotBreak"}
{"args":["31","18446744073709551615"],"expected":"0","name":"rangeCompoundNotBreak"}
{"args":["0","0"],"expected":"0","name":"rangeCompoundNotContinue"}
{"args":["0","1"],"expected":"1","name":"rangeCompoundNotContinue"}
{"args":["0","9223372036854775808"],"expected":"9223372036854775808","name":"rangeCompoundNotContinue"}
{"args":["0","18446744073709551615"],"expected":"18446744073709551615","name":"rangeCompoundNotContinue"}
{"args":["1","0"],"expected":"0","name":"rangeCompoundNotContinue"}
{"args":["1","1"],"expected":"1","name":"rangeCompoundNotContinue"}
{"args":["1","9223372036854775808"],"expected":"9223372036854775808","name":"rangeCompoundNotContinue"}
{"args":["1","18446744073709551615"],"expected":"18446744073709551615","name":"rangeCompoundNotContinue"}
{"args":["2","0"],"expected":"0","name":"rangeCompoundNotContinue"}
{"args":["2","1"],"expected":"1","name":"rangeCompoundNotContinue"}
{"args":["2","9223372036854775808"],"expected":"9223372036854775808","name":"rangeCompoundNotContinue"}
{"args":["2","18446744073709551615"],"expected":"18446744073709551615","name":"rangeCompoundNotContinue"}
{"args":["7","0"],"expected":"0","name":"rangeCompoundNotContinue"}
{"args":["7","1"],"expected":"12","name":"rangeCompoundNotContinue"}
{"args":["7","9223372036854775808"],"expected":"9223372036854775819","name":"rangeCompoundNotContinue"}
{"args":["7","18446744073709551615"],"expected":"10","name":"rangeCompoundNotContinue"}
{"args":["16","0"],"expected":"0","name":"rangeCompoundNotContinue"}
{"args":["16","1"],"expected":"75","name":"rangeCompoundNotContinue"}
{"args":["16","9223372036854775808"],"expected":"9223372036854775882","name":"rangeCompoundNotContinue"}
{"args":["16","18446744073709551615"],"expected":"73","name":"rangeCompoundNotContinue"}
{"args":["31","0"],"expected":"0","name":"rangeCompoundNotContinue"}
{"args":["31","1"],"expected":"300","name":"rangeCompoundNotContinue"}
{"args":["31","9223372036854775808"],"expected":"9223372036854776107","name":"rangeCompoundNotContinue"}
{"args":["31","18446744073709551615"],"expected":"298","name":"rangeCompoundNotContinue"}
{"args":["0","0"],"expected":"0","name":"rangeCompoundNotJoined"}
{"args":["0","1"],"expected":"1","name":"rangeCompoundNotJoined"}
{"args":["0","9223372036854775808"],"expected":"9223372036854775808","name":"rangeCompoundNotJoined"}
{"args":["0","18446744073709551615"],"expected":"18446744073709551615","name":"rangeCompoundNotJoined"}
{"args":["1","0"],"expected":"18446744073709551614","name":"rangeCompoundNotJoined"}
{"args":["1","1"],"expected":"18446744073709551615","name":"rangeCompoundNotJoined"}
{"args":["1","9223372036854775808"],"expected":"9223372036854775806","name":"rangeCompoundNotJoined"}
{"args":["1","18446744073709551615"],"expected":"18446744073709551613","name":"rangeCompoundNotJoined"}
{"args":["2","0"],"expected":"3","name":"rangeCompoundNotJoined"}
{"args":["2","1"],"expected":"4","name":"rangeCompoundNotJoined"}
{"args":["2","9223372036854775808"],"expected":"9223372036854775811","name":"rangeCompoundNotJoined"}
{"args":["2","18446744073709551615"],"expected":"2","name":"rangeCompoundNotJoined"}
{"args":["7","0"],"expected":"48","name":"rangeCompoundNotJoined"}
{"args":["7","1"],"expected":"47","name":"rangeCompoundNotJoined"}
{"args":["7","9223372036854775808"],"expected":"9223372036854775854","name":"rangeCompoundNotJoined"}
{"args":["7","18446744073709551615"],"expected":"7","name":"rangeCompoundNotJoined"}
{"args":["16","0"],"expected":"60","name":"rangeCompoundNotJoined"}
{"args":["16","1"],"expected":"191","name":"rangeCompoundNotJoined"}
{"args":["16","9223372036854775808"],"expected":"9223372036854775998","name":"rangeCompoundNotJoined"}
{"args":["16","18446744073709551615"],"expected":"7","name":"rangeCompoundNotJoined"}
{"args":["31","0"],"expected":"60","name":"rangeCompoundNotJoined"}
{"args":["31","1"],"expected":"611","name":"rangeCompoundNotJoined"}
{"args":["31","9223372036854775808"],"expected":"9223372036854776418","name":"rangeCompoundNotJoined"}
{"args":["31","18446744073709551615"],"expected":"7","name":"rangeCompoundNotJoined"}
{"args":["0","0"],"expected":"0","name":"rangeCompoundNotStep"}
{"args":["0","1"],"expected":"1","name":"rangeCompoundNotStep"}
{"args":["0","9223372036854775808"],"expected":"9223372036854775808","name":"rangeCompoundNotStep"}
{"args":["0","18446744073709551615"],"expected":"18446744073709551615","name":"rangeCompoundNotStep"}
{"args":["1","0"],"expected":"1","name":"rangeCompoundNotStep"}
{"args":["1","1"],"expected":"13","name":"rangeCompoundNotStep"}
{"args":["1","9223372036854775808"],"expected":"11","name":"rangeCompoundNotStep"}
{"args":["1","18446744073709551615"],"expected":"9","name":"rangeCompoundNotStep"}
{"args":["2","0"],"expected":"12","name":"rangeCompoundNotStep"}
{"args":["2","1"],"expected":"13","name":"rangeCompoundNotStep"}
{"args":["2","9223372036854775808"],"expected":"11","name":"rangeCompoundNotStep"}
{"args":["2","18446744073709551615"],"expected":"9","name":"rangeCompoundNotStep"}
{"args":["7","0"],"expected":"12","name":"rangeCompoundNotStep"}
{"args":["7","1"],"expected":"13","name":"rangeCompoundNotStep"}
{"args":["7","9223372036854775808"],"expected":"11","name":"rangeCompoundNotStep"}
{"args":["7","18446744073709551615"],"expected":"9","name":"rangeCompoundNotStep"}
{"args":["16","0"],"expected":"12","name":"rangeCompoundNotStep"}
{"args":["16","1"],"expected":"13","name":"rangeCompoundNotStep"}
{"args":["16","9223372036854775808"],"expected":"11","name":"rangeCompoundNotStep"}
{"args":["16","18446744073709551615"],"expected":"9","name":"rangeCompoundNotStep"}
{"args":["31","0"],"expected":"12","name":"rangeCompoundNotStep"}
{"args":["31","1"],"expected":"13","name":"rangeCompoundNotStep"}
{"args":["31","9223372036854775808"],"expected":"11","name":"rangeCompoundNotStep"}
{"args":["31","18446744073709551615"],"expected":"9","name":"rangeCompoundNotStep"}
{"args":["0","0"],"expected":"0","name":"rangeBoolCompoundBreak"}
{"args":["0","1"],"expected":"1","name":"rangeBoolCompoundBreak"}
{"args":["0","9223372036854775808"],"expected":"9223372036854775808","name":"rangeBoolCompoundBreak"}
{"args":["0","18446744073709551615"],"expected":"18446744073709551615","name":"rangeBoolCompoundBreak"}
{"args":["1","0"],"expected":"1","name":"rangeBoolCompoundBreak"}
{"args":["1","1"],"expected":"2","name":"rangeBoolCompoundBreak"}
{"args":["1","9223372036854775808"],"expected":"9223372036854775809","name":"rangeBoolCompoundBreak"}
{"args":["1","18446744073709551615"],"expected":"0","name":"rangeBoolCompoundBreak"}
{"args":["2","0"],"expected":"3","name":"rangeBoolCompoundBreak"}
{"args":["2","1"],"expected":"4","name":"rangeBoolCompoundBreak"}
{"args":["2","9223372036854775808"],"expected":"9223372036854775811","name":"rangeBoolCompoundBreak"}
{"args":["2","18446744073709551615"],"expected":"0","name":"rangeBoolCompoundBreak"}
{"args":["7","0"],"expected":"21","name":"rangeBoolCompoundBreak"}
{"args":["7","1"],"expected":"29","name":"rangeBoolCompoundBreak"}
{"args":["7","9223372036854775808"],"expected":"9223372036854775818","name":"rangeBoolCompoundBreak"}
{"args":["7","18446744073709551615"],"expected":"0","name":"rangeBoolCompoundBreak"}
{"args":["16","0"],"expected":"21","name":"rangeBoolCompoundBreak"}
{"args":["16","1"],"expected":"137","name":"rangeBoolCompoundBreak"}
{"args":["16","9223372036854775808"],"expected":"9223372036854775818","name":"rangeBoolCompoundBreak"}
{"args":["16","18446744073709551615"],"expected":"0","name":"rangeBoolCompoundBreak"}
{"args":["31","0"],"expected":"21","name":"rangeBoolCompoundBreak"}
{"args":["31","1"],"expected":"497","name":"rangeBoolCompoundBreak"}
{"args":["31","9223372036854775808"],"expected":"9223372036854775818","name":"rangeBoolCompoundBreak"}
{"args":["31","18446744073709551615"],"expected":"0","name":"rangeBoolCompoundBreak"}
{"args":["0","0"],"expected":"0","name":"rangeBoolCompoundContinue"}
{"args":["0","1"],"expected":"1","name":"rangeBoolCompoundContinue"}
{"args":["0","9223372036854775808"],"expected":"9223372036854775808","name":"rangeBoolCompoundContinue"}
{"args":["0","18446744073709551615"],"expected":"18446744073709551615","name":"rangeBoolCompoundContinue"}
{"args":["1","0"],"expected":"0","name":"rangeBoolCompoundContinue"}
{"args":["1","1"],"expected":"1","name":"rangeBoolCompoundContinue"}
{"args":["1","9223372036854775808"],"expected":"9223372036854775808","name":"rangeBoolCompoundContinue"}
{"args":["1","18446744073709551615"],"expected":"18446744073709551615","name":"rangeBoolCompoundContinue"}
{"args":["2","0"],"expected":"0","name":"rangeBoolCompoundContinue"}
{"args":["2","1"],"expected":"1","name":"rangeBoolCompoundContinue"}
{"args":["2","9223372036854775808"],"expected":"9223372036854775808","name":"rangeBoolCompoundContinue"}
{"args":["2","18446744073709551615"],"expected":"18446744073709551615","name":"rangeBoolCompoundContinue"}
{"args":["7","0"],"expected":"0","name":"rangeBoolCompoundContinue"}
{"args":["7","1"],"expected":"12","name":"rangeBoolCompoundContinue"}
{"args":["7","9223372036854775808"],"expected":"9223372036854775819","name":"rangeBoolCompoundContinue"}
{"args":["7","18446744073709551615"],"expected":"10","name":"rangeBoolCompoundContinue"}
{"args":["16","0"],"expected":"0","name":"rangeBoolCompoundContinue"}
{"args":["16","1"],"expected":"75","name":"rangeBoolCompoundContinue"}
{"args":["16","9223372036854775808"],"expected":"9223372036854775882","name":"rangeBoolCompoundContinue"}
{"args":["16","18446744073709551615"],"expected":"73","name":"rangeBoolCompoundContinue"}
{"args":["31","0"],"expected":"0","name":"rangeBoolCompoundContinue"}
{"args":["31","1"],"expected":"300","name":"rangeBoolCompoundContinue"}
{"args":["31","9223372036854775808"],"expected":"9223372036854776107","name":"rangeBoolCompoundContinue"}
{"args":["31","18446744073709551615"],"expected":"298","name":"rangeBoolCompoundContinue"}
{"args":["0","0"],"expected":"0","name":"rangeBoolCompoundJoined"}
{"args":["0","1"],"expected":"1","name":"rangeBoolCompoundJoined"}
{"args":["0","9223372036854775808"],"expected":"9223372036854775808","name":"rangeBoolCompoundJoined"}
{"args":["0","18446744073709551615"],"expected":"18446744073709551615","name":"rangeBoolCompoundJoined"}
{"args":["1","0"],"expected":"18446744073709551614","name":"rangeBoolCompoundJoined"}
{"args":["1","1"],"expected":"18446744073709551615","name":"rangeBoolCompoundJoined"}
{"args":["1","9223372036854775808"],"expected":"9223372036854775806","name":"rangeBoolCompoundJoined"}
{"args":["1","18446744073709551615"],"expected":"18446744073709551613","name":"rangeBoolCompoundJoined"}
{"args":["2","0"],"expected":"3","name":"rangeBoolCompoundJoined"}
{"args":["2","1"],"expected":"18446744073709551615","name":"rangeBoolCompoundJoined"}
{"args":["2","9223372036854775808"],"expected":"9223372036854775811","name":"rangeBoolCompoundJoined"}
{"args":["2","18446744073709551615"],"expected":"2","name":"rangeBoolCompoundJoined"}
{"args":["7","0"],"expected":"28","name":"rangeBoolCompoundJoined"}
{"args":["7","1"],"expected":"18446744073709551615","name":"rangeBoolCompoundJoined"}
{"args":["7","9223372036854775808"],"expected":"9223372036854775836","name":"rangeBoolCompoundJoined"}
{"args":["7","18446744073709551615"],"expected":"7","name":"rangeBoolCompoundJoined"}
{"args":["16","0"],"expected":"73","name":"rangeBoolCompoundJoined"}
{"args":["16","1"],"expected":"18446744073709551615","name":"rangeBoolCompoundJoined"}
{"args":["16","9223372036854775808"],"expected":"9223372036854775881","name":"rangeBoolCompoundJoined"}
{"args":["16","18446744073709551615"],"expected":"7","name":"rangeBoolCompoundJoined"}
{"args":["31","0"],"expected":"148","name":"rangeBoolCompoundJoined"}
{"args":["31","1"],"expected":"18446744073709551615","name":"rangeBoolCompoundJoined"}
{"args":["31","9223372036854775808"],"expected":"9223372036854775956","name":"rangeBoolCompoundJoined"}
{"args":["31","18446744073709551615"],"expected":"7","name":"rangeBoolCompoundJoined"}
{"args":["0","0"],"expected":"0","name":"rangeBoolCompoundStep"}
{"args":["0","1"],"expected":"1","name":"rangeBoolCompoundStep"}
{"args":["0","9223372036854775808"],"expected":"9223372036854775808","name":"rangeBoolCompoundStep"}
{"args":["0","18446744073709551615"],"expected":"18446744073709551615","name":"rangeBoolCompoundStep"}
{"args":["1","0"],"expected":"1","name":"rangeBoolCompoundStep"}
{"args":["1","1"],"expected":"13","name":"rangeBoolCompoundStep"}
{"args":["1","9223372036854775808"],"expected":"11","name":"rangeBoolCompoundStep"}
{"args":["1","18446744073709551615"],"expected":"9","name":"rangeBoolCompoundStep"}
{"args":["2","0"],"expected":"12","name":"rangeBoolCompoundStep"}
{"args":["2","1"],"expected":"13","name":"rangeBoolCompoundStep"}
{"args":["2","9223372036854775808"],"expected":"11","name":"rangeBoolCompoundStep"}
{"args":["2","18446744073709551615"],"expected":"9","name":"rangeBoolCompoundStep"}
{"args":["7","0"],"expected":"12","name":"rangeBoolCompoundStep"}
{"args":["7","1"],"expected":"13","name":"rangeBoolCompoundStep"}
{"args":["7","9223372036854775808"],"expected":"11","name":"rangeBoolCompoundStep"}
{"args":["7","18446744073709551615"],"expected":"9","name":"rangeBoolCompoundStep"}
{"args":["16","0"],"expected":"12","name":"rangeBoolCompoundStep"}
{"args":["16","1"],"expected":"13","name":"rangeBoolCompoundStep"}
{"args":["16","9223372036854775808"],"expected":"11","name":"rangeBoolCompoundStep"}
{"args":["16","18446744073709551615"],"expected":"9","name":"rangeBoolCompoundStep"}
{"args":["31","0"],"expected":"12","name":"rangeBoolCompoundStep"}
{"args":["31","1"],"expected":"13","name":"rangeBoolCompoundStep"}
{"args":["31","9223372036854775808"],"expected":"11","name":"rangeBoolCompoundStep"}
{"args":["31","18446744073709551615"],"expected":"9","name":"rangeBoolCompoundStep"}
{"args":["0","0"],"expected":"0","name":"rangeMixedGuardBreak"}
{"args":["0","1"],"expected":"1","name":"rangeMixedGuardBreak"}
{"args":["0","9223372036854775808"],"expected":"9223372036854775808","name":"rangeMixedGuardBreak"}
{"args":["0","18446744073709551615"],"expected":"18446744073709551615","name":"rangeMixedGuardBreak"}
{"args":["1","0"],"expected":"1","name":"rangeMixedGuardBreak"}
{"args":["1","1"],"expected":"2","name":"rangeMixedGuardBreak"}
{"args":["1","9223372036854775808"],"expected":"9223372036854775809","name":"rangeMixedGuardBreak"}
{"args":["1","18446744073709551615"],"expected":"0","name":"rangeMixedGuardBreak"}
{"args":["2","0"],"expected":"1","name":"rangeMixedGuardBreak"}
{"args":["2","1"],"expected":"4","name":"rangeMixedGuardBreak"}
{"args":["2","9223372036854775808"],"expected":"9223372036854775811","name":"rangeMixedGuardBreak"}
{"args":["2","18446744073709551615"],"expected":"0","name":"rangeMixedGuardBreak"}
{"args":["7","0"],"expected":"1","name":"rangeMixedGuardBreak"}
{"args":["7","1"],"expected":"4","name":"rangeMixedGuardBreak"}
{"args":["7","9223372036854775808"],"expected":"9223372036854775818","name":"rangeMixedGuardBreak"}
{"args":["7","18446744073709551615"],"expected":"0","name":"rangeMixedGuardBreak"}
{"args":["16","0"],"expected":"1","name":"rangeMixedGuardBreak"}
{"args":["16","1"],"expected":"4","name":"rangeMixedGuardBreak"}
{"args":["16","9223372036854775808"],"expected":"9223372036854775818","name":"rangeMixedGuardBreak"}
{"args":["16","18446744073709551615"],"expected":"0","name":"rangeMixedGuardBreak"}
{"args":["31","0"],"expected":"1","name":"rangeMixedGuardBreak"}
{"args":["31","1"],"expected":"4","name":"rangeMixedGuardBreak"}
{"args":["31","9223372036854775808"],"expected":"9223372036854775818","name":"rangeMixedGuardBreak"}
{"args":["31","18446744073709551615"],"expected":"0","name":"rangeMixedGuardBreak"}
{"args":["0","0"],"expected":"0","name":"rangeMixedGuardContinue"}
{"args":["0","1"],"expected":"1","name":"rangeMixedGuardContinue"}
{"args":["0","9223372036854775808"],"expected":"9223372036854775808","name":"rangeMixedGuardContinue"}
{"args":["0","18446744073709551615"],"expected":"18446744073709551615","name":"rangeMixedGuardContinue"}
{"args":["1","0"],"expected":"0","name":"rangeMixedGuardContinue"}
{"args":["1","1"],"expected":"1","name":"rangeMixedGuardContinue"}
{"args":["1","9223372036854775808"],"expected":"9223372036854775808","name":"rangeMixedGuardContinue"}
{"args":["1","18446744073709551615"],"expected":"18446744073709551615","name":"rangeMixedGuardContinue"}
{"args":["2","0"],"expected":"0","name":"rangeMixedGuardContinue"}
{"args":["2","1"],"expected":"1","name":"rangeMixedGuardContinue"}
{"args":["2","9223372036854775808"],"expected":"9223372036854775808","name":"rangeMixedGuardContinue"}
{"args":["2","18446744073709551615"],"expected":"18446744073709551615","name":"rangeMixedGuardContinue"}
{"args":["7","0"],"expected":"0","name":"rangeMixedGuardContinue"}
{"args":["7","1"],"expected":"12","name":"rangeMixedGuardContinue"}
{"args":["7","9223372036854775808"],"expected":"9223372036854775819","name":"rangeMixedGuardContinue"}
{"args":["7","18446744073709551615"],"expected":"10","name":"rangeMixedGuardContinue"}
{"args":["16","0"],"expected":"0","name":"rangeMixedGuardContinue"}
{"args":["16","1"],"expected":"75","name":"rangeMixedGuardContinue"}
{"args":["16","9223372036854775808"],"expected":"9223372036854775882","name":"rangeMixedGuardContinue"}
{"args":["16","18446744073709551615"],"expected":"73","name":"rangeMixedGuardContinue"}
{"args":["31","0"],"expected":"0","name":"rangeMixedGuardContinue"}
{"args":["31","1"],"expected":"300","name":"rangeMixedGuardContinue"}
{"args":["31","9223372036854775808"],"expected":"9223372036854776107","name":"rangeMixedGuardContinue"}
{"args":["31","18446744073709551615"],"expected":"298","name":"rangeMixedGuardContinue"}
{"args":["0","0"],"expected":"0","name":"rangeMixedGuardJoined"}
{"args":["0","1"],"expected":"1","name":"rangeMixedGuardJoined"}
{"args":["0","9223372036854775808"],"expected":"9223372036854775808","name":"rangeMixedGuardJoined"}
{"args":["0","18446744073709551615"],"expected":"18446744073709551615","name":"rangeMixedGuardJoined"}
{"args":["1","0"],"expected":"18446744073709551614","name":"rangeMixedGuardJoined"}
{"args":["1","1"],"expected":"18446744073709551615","name":"rangeMixedGuardJoined"}
{"args":["1","9223372036854775808"],"expected":"9223372036854775806","name":"rangeMixedGuardJoined"}
{"args":["1","18446744073709551615"],"expected":"18446744073709551613","name":"rangeMixedGuardJoined"}
{"args":["2","0"],"expected":"3","name":"rangeMixedGuardJoined"}
{"args":["2","1"],"expected":"4","name":"rangeMixedGuardJoined"}
{"args":["2","9223372036854775808"],"expected":"9223372036854775811","name":"rangeMixedGuardJoined"}
{"args":["2","18446744073709551615"],"expected":"2","name":"rangeMixedGuardJoined"}
{"args":["7","0"],"expected":"25","name":"rangeMixedGuardJoined"}
{"args":["7","1"],"expected":"29","name":"rangeMixedGuardJoined"}
{"args":["7","9223372036854775808"],"expected":"9223372036854775836","name":"rangeMixedGuardJoined"}
{"args":["7","18446744073709551615"],"expected":"27","name":"rangeMixedGuardJoined"}
{"args":["16","0"],"expected":"25","name":"rangeMixedGuardJoined"}
{"args":["16","1"],"expected":"74","name":"rangeMixedGuardJoined"}
{"args":["16","9223372036854775808"],"expected":"9223372036854775881","name":"rangeMixedGuardJoined"}
{"args":["16","18446744073709551615"],"expected":"72","name":"rangeMixedGuardJoined"}
{"args":["31","0"],"expected":"25","name":"rangeMixedGuardJoined"}
{"args":["31","1"],"expected":"149","name":"rangeMixedGuardJoined"}
{"args":["31","9223372036854775808"],"expected":"9223372036854775956","name":"rangeMixedGuardJoined"}
{"args":["31","18446744073709551615"],"expected":"147","name":"rangeMixedGuardJoined"}
{"args":["0","0"],"expected":"0","name":"rangeMixedGuardStep"}
{"args":["0","1"],"expected":"1","name":"rangeMixedGuardStep"}
{"args":["0","9223372036854775808"],"expected":"9223372036854775808","name":"rangeMixedGuardStep"}
{"args":["0","18446744073709551615"],"expected":"18446744073709551615","name":"rangeMixedGuardStep"}
{"args":["1","0"],"expected":"11","name":"rangeMixedGuardStep"}
{"args":["1","1"],"expected":"13","name":"rangeMixedGuardStep"}
{"args":["1","9223372036854775808"],"expected":"11","name":"rangeMixedGuardStep"}
{"args":["1","18446744073709551615"],"expected":"9","name":"rangeMixedGuardStep"}
{"args":["2","0"],"expected":"11","name":"rangeMixedGuardStep"}
{"args":["2","1"],"expected":"13","name":"rangeMixedGuardStep"}
{"args":["2","9223372036854775808"],"expected":"11","name":"rangeMixedGuardStep"}
{"args":["2","18446744073709551615"],"expected":"9","name":"rangeMixedGuardStep"}
{"args":["7","0"],"expected":"11","name":"rangeMixedGuardStep"}
{"args":["7","1"],"expected":"13","name":"rangeMixedGuardStep"}
{"args":["7","9223372036854775808"],"expected":"11","name":"rangeMixedGuardStep"}
{"args":["7","18446744073709551615"],"expected":"9","name":"rangeMixedGuardStep"}
{"args":["16","0"],"expected":"11","name":"rangeMixedGuardStep"}
{"args":["16","1"],"expected":"13","name":"rangeMixedGuardStep"}
{"args":["16","9223372036854775808"],"expected":"11","name":"rangeMixedGuardStep"}
{"args":["16","18446744073709551615"],"expected":"9","name":"rangeMixedGuardStep"}
{"args":["31","0"],"expected":"11","name":"rangeMixedGuardStep"}
{"args":["31","1"],"expected":"13","name":"rangeMixedGuardStep"}
{"args":["31","9223372036854775808"],"expected":"11","name":"rangeMixedGuardStep"}
{"args":["31","18446744073709551615"],"expected":"9","name":"rangeMixedGuardStep"}
{"args":["0","0"],"expected":"0","name":"rangeExtremaCount"}
{"args":["0","1"],"expected":"2","name":"rangeExtremaCount"}
{"args":["0","9223372036854775808"],"expected":"9223372036854775808","name":"rangeExtremaCount"}
{"args":["0","18446744073709551615"],"expected":"30","name":"rangeExtremaCount"}
{"args":["1","0"],"expected":"1","name":"rangeExtremaCount"}
{"args":["1","1"],"expected":"2","name":"rangeExtremaCount"}
{"args":["1","9223372036854775808"],"expected":"9223372036854775808","name":"rangeExtremaCount"}
{"args":["1","18446744073709551615"],"expected":"30","name":"rangeExtremaCount"}
{"args":["2","0"],"expected":"2","name":"rangeExtremaCount"}
{"args":["2","1"],"expected":"3","name":"rangeExtremaCount"}
{"args":["2","9223372036854775808"],"expected":"9223372036854775809","name":"rangeExtremaCount"}
{"args":["2","18446744073709551615"],"expected":"0","name":"rangeExtremaCount"}
{"args":["7","0"],"expected":"7","name":"rangeExtremaCount"}
{"args":["7","1"],"expected":"8","name":"rangeExtremaCount"}
{"args":["7","9223372036854775808"],"expected":"9223372036854775814","name":"rangeExtremaCount"}
{"args":["7","18446744073709551615"],"expected":"5","name":"rangeExtremaCount"}
{"args":["16","0"],"expected":"16","name":"rangeExtremaCount"}
{"args":["16","1"],"expected":"17","name":"rangeExtremaCount"}
{"args":["16","9223372036854775808"],"expected":"9223372036854775823","name":"rangeExtremaCount"}
{"args":["16","18446744073709551615"],"expected":"14","name":"rangeExtremaCount"}
{"args":["31","0"],"expected":"14","name":"rangeExtremaCount"}
{"args":["31","1"],"expected":"15","name":"rangeExtremaCount"}
{"args":["31","9223372036854775808"],"expected":"9223372036854775821","name":"rangeExtremaCount"}
{"args":["31","18446744073709551615"],"expected":"12","name":"rangeExtremaCount"}
{"args":["0","0"],"expected":"0","name":"rangeExtremaExit"}
{"args":["0","1"],"expected":"1","name":"rangeExtremaExit"}
{"args":["0","9223372036854775808"],"expected":"9223372036854775808","name":"rangeExtremaExit"}
{"args":["0","18446744073709551615"],"expected":"18446744073709551615","name":"rangeExtremaExit"}
{"args":["1","0"],"expected":"0","name":"rangeExtremaExit"}
{"args":["1","1"],"expected":"1","name":"rangeExtremaExit"}
{"args":["1","9223372036854775808"],"expected":"9223372036854775808","name":"rangeExtremaExit"}
{"args":["1","18446744073709551615"],"expected":"18446744073709551615","name":"rangeExtremaExit"}
{"args":["2","0"],"expected":"0","name":"rangeExtremaExit"}
{"args":["2","1"],"expected":"1","name":"rangeExtremaExit"}
{"args":["2","9223372036854775808"],"expected":"9223372036854775808","name":"rangeExtremaExit"}
{"args":["2","18446744073709551615"],"expected":"18446744073709551615","name":"rangeExtremaExit"}
{"args":["7","0"],"expected":"0","name":"rangeExtremaExit"}
{"args":["7","1"],"expected":"1","name":"rangeExtremaExit"}
{"args":["7","9223372036854775808"],"expected":"9223372036854775808","name":"rangeExtremaExit"}
{"args":["7","18446744073709551615"],"expected":"18446744073709551615","name":"rangeExtremaExit"}
{"args":["16","0"],"expected":"0","name":"rangeExtremaExit"}
{"args":["16","1"],"expected":"1","name":"rangeExtremaExit"}
{"args":["16","9223372036854775808"],"expected":"9223372036854775808","name":"rangeExtremaExit"}
{"args":["16","18446744073709551615"],"expected":"18446744073709551615","name":"rangeExtremaExit"}
{"args":["31","0"],"expected":"0","name":"rangeExtremaExit"}
{"args":["31","1"],"expected":"1","name":"rangeExtremaExit"}
{"args":["31","9223372036854775808"],"expected":"9223372036854775808","name":"rangeExtremaExit"}
{"args":["31","18446744073709551615"],"expected":"18446744073709551615","name":"rangeExtremaExit"}
{"args":["0","0"],"expected":"0","name":"rangeExtremaBounds"}
{"args":["0","1"],"expected":"1","name":"rangeExtremaBounds"}
{"args":["0","9223372036854775808"],"expected":"9223372036854775808","name":"rangeExtremaBounds"}
{"args":["0","18446744073709551615"],"expected":"18446744073709551615","name":"rangeExtremaBounds"}
{"args":["1","0"],"expected":"1","name":"rangeExtremaBounds"}
{"args":["1","1"],"expected":"2","name":"rangeExtremaBounds"}
{"args":["1","9223372036854775808"],"expected":"9223372036854775809","name":"rangeExtremaBounds"}
{"args":["1","18446744073709551615"],"expected":"18446744073709551614","name":"rangeExtremaBounds"}
{"args":["2","0"],"expected":"2","name":"rangeExtremaBounds"}
{"args":["2","1"],"expected":"3","name":"rangeExtremaBounds"}
{"args":["2","9223372036854775808"],"expected":"9223372036854775810","name":"rangeExtremaBounds"}
{"args":["2","18446744073709551615"],"expected":"0","name":"rangeExtremaBounds"}
{"args":["7","0"],"expected":"2","name":"rangeExtremaBounds"}
{"args":["7","1"],"expected":"3","name":"rangeExtremaBounds"}
{"args":["7","9223372036854775808"],"expected":"9223372036854775810","name":"rangeExtremaBounds"}
{"args":["7","18446744073709551615"],"expected":"5","name":"rangeExtremaBounds"}
{"args":["16","0"],"expected":"2","name":"rangeExtremaBounds"}
{"args":["16","1"],"expected":"3","name":"rangeExtremaBounds"}
{"args":["16","9223372036854775808"],"expected":"9223372036854775810","name":"rangeExtremaBounds"}
{"args":["16","18446744073709551615"],"expected":"14","name":"rangeExtremaBounds"}
{"args":["31","0"],"expected":"2","name":"rangeExtremaBounds"}
{"args":["31","1"],"expected":"3","name":"rangeExtremaBounds"}
{"args":["31","9223372036854775808"],"expected":"9223372036854775810","name":"rangeExtremaBounds"}
{"args":["31","18446744073709551615"],"expected":"29","name":"rangeExtremaBounds"}
{"args":["0","0"],"expected":"0","name":"rangeExtremaStep"}
{"args":["0","1"],"expected":"1","name":"rangeExtremaStep"}
{"args":["0","9223372036854775808"],"expected":"9223372036854775808","name":"rangeExtremaStep"}
{"args":["0","18446744073709551615"],"expected":"18446744073709551615","name":"rangeExtremaStep"}
{"args":["1","0"],"expected":"1","name":"rangeExtremaStep"}
{"args":["1","1"],"expected":"2","name":"rangeExtremaStep"}
{"args":["1","9223372036854775808"],"expected":"3","name":"rangeExtremaStep"}
{"args":["1","18446744073709551615"],"expected":"0","name":"rangeExtremaStep"}
{"args":["2","0"],"expected":"1","name":"rangeExtremaStep"}
{"args":["2","1"],"expected":"4","name":"rangeExtremaStep"}
{"args":["2","9223372036854775808"],"expected":"5","name":"rangeExtremaStep"}
{"args":["2","18446744073709551615"],"expected":"2","name":"rangeExtremaStep"}
{"args":["7","0"],"expected":"1","name":"rangeExtremaStep"}
{"args":["7","1"],"expected":"23","name":"rangeExtremaStep"}
{"args":["7","9223372036854775808"],"expected":"30","name":"rangeExtremaStep"}
{"args":["7","18446744073709551615"],"expected":"12","name":"rangeExtremaStep"}
{"args":["16","0"],"expected":"1","name":"rangeExtremaStep"}
{"args":["16","1"],"expected":"59","name":"rangeExtremaStep"}
{"args":["16","9223372036854775808"],"expected":"138","name":"rangeExtremaStep"}
{"args":["16","18446744073709551615"],"expected":"30","name":"rangeExtremaStep"}
{"args":["31","0"],"expected":"1","name":"rangeExtremaStep"}
{"args":["31","1"],"expected":"119","name":"rangeExtremaStep"}
{"args":["31","9223372036854775808"],"expected":"498","name":"rangeExtremaStep"}
{"args":["31","18446744073709551615"],"expected":"60","name":"rangeExtremaStep"}
{"args":["0","0"],"expected":"0","name":"rangeLiteralBreak"}
{"args":["0","1"],"expected":"1","name":"rangeLiteralBreak"}
{"args":["0","9223372036854775808"],"expected":"9223372036854775808","name":"rangeLiteralBreak"}
{"args":["0","18446744073709551615"],"expected":"18446744073709551615","name":"rangeLiteralBreak"}
{"args":["1","0"],"expected":"1","name":"rangeLiteralBreak"}
{"args":["1","1"],"expected":"2","name":"rangeLiteralBreak"}
{"args":["1","9223372036854775808"],"expected":"9223372036854775809","name":"rangeLiteralBreak"}
{"args":["1","18446744073709551615"],"expected":"0","name":"rangeLiteralBreak"}
{"args":["2","0"],"expected":"1","name":"rangeLiteralBreak"}
{"args":["2","1"],"expected":"2","name":"rangeLiteralBreak"}
{"args":["2","9223372036854775808"],"expected":"9223372036854775809","name":"rangeLiteralBreak"}
{"args":["2","18446744073709551615"],"expected":"0","name":"rangeLiteralBreak"}
{"args":["7","0"],"expected":"1","name":"rangeLiteralBreak"}
{"args":["7","1"],"expected":"2","name":"rangeLiteralBreak"}
{"args":["7","9223372036854775808"],"expected":"9223372036854775809","name":"rangeLiteralBreak"}
{"args":["7","18446744073709551615"],"expected":"0","name":"rangeLiteralBreak"}
{"args":["16","0"],"expected":"1","name":"rangeLiteralBreak"}
{"args":["16","1"],"expected":"2","name":"rangeLiteralBreak"}
{"args":["16","9223372036854775808"],"expected":"9223372036854775809","name":"rangeLiteralBreak"}
{"args":["16","18446744073709551615"],"expected":"0","name":"rangeLiteralBreak"}
{"args":["31","0"],"expected":"1","name":"rangeLiteralBreak"}
{"args":["31","1"],"expected":"2","name":"rangeLiteralBreak"}
{"args":["31","9223372036854775808"],"expected":"9223372036854775809","name":"rangeLiteralBreak"}
{"args":["31","18446744073709551615"],"expected":"0","name":"rangeLiteralBreak"}
{"args":["0","0"],"expected":"0","name":"rangeLiteralContinue"}
{"args":["0","1"],"expected":"1","name":"rangeLiteralContinue"}
{"args":["0","9223372036854775808"],"expected":"9223372036854775808","name":"rangeLiteralContinue"}
{"args":["0","18446744073709551615"],"expected":"18446744073709551615","name":"rangeLiteralContinue"}
{"args":["1","0"],"expected":"0","name":"rangeLiteralContinue"}
{"args":["1","1"],"expected":"1","name":"rangeLiteralContinue"}
{"args":["1","9223372036854775808"],"expected":"9223372036854775808","name":"rangeLiteralContinue"}
{"args":["1","18446744073709551615"],"expected":"18446744073709551615","name":"rangeLiteralContinue"}
{"args":["2","0"],"expected":"0","name":"rangeLiteralContinue"}
{"args":["2","1"],"expected":"1","name":"rangeLiteralContinue"}
{"args":["2","9223372036854775808"],"expected":"9223372036854775808","name":"rangeLiteralContinue"}
{"args":["2","18446744073709551615"],"expected":"18446744073709551615","name":"rangeLiteralContinue"}
{"args":["7","0"],"expected":"16","name":"rangeLiteralContinue"}
{"args":["7","1"],"expected":"17","name":"rangeLiteralContinue"}
{"args":["7","9223372036854775808"],"expected":"9223372036854775824","name":"rangeLiteralContinue"}
{"args":["7","18446744073709551615"],"expected":"15","name":"rangeLiteralContinue"}
{"args":["16","0"],"expected":"85","name":"rangeLiteralContinue"}
{"args":["16","1"],"expected":"86","name":"rangeLiteralContinue"}
{"args":["16","9223372036854775808"],"expected":"9223372036854775893","name":"rangeLiteralContinue"}
{"args":["16","18446744073709551615"],"expected":"84","name":"rangeLiteralContinue"}
{"args":["31","0"],"expected":"320","name":"rangeLiteralContinue"}
{"args":["31","1"],"expected":"321","name":"rangeLiteralContinue"}
{"args":["31","9223372036854775808"],"expected":"9223372036854776128","name":"rangeLiteralContinue"}
{"args":["31","18446744073709551615"],"expected":"319","name":"rangeLiteralContinue"}
{"args":["0","0"],"expected":"0","name":"rangeLiteralJoined"}
{"args":["0","1"],"expected":"2","name":"rangeLiteralJoined"}
{"args":["0","9223372036854775808"],"expected":"0","name":"rangeLiteralJoined"}
{"args":["0","18446744073709551615"],"expected":"18446744073709551614","name":"rangeLiteralJoined"}
{"args":["1","0"],"expected":"3","name":"rangeLiteralJoined"}
{"args":["1","1"],"expected":"5","name":"rangeLiteralJoined"}
{"args":["1","9223372036854775808"],"expected":"3","name":"rangeLiteralJoined"}
{"args":["1","18446744073709551615"],"expected":"1","name":"rangeLiteralJoined"}
{"args":["2","0"],"expected":"4","name":"rangeLiteralJoined"}
{"args":["2","1"],"expected":"6","name":"rangeLiteralJoined"}
{"args":["2","9223372036854775808"],"expected":"4","name":"rangeLiteralJoined"}
{"args":["2","18446744073709551615"],"expected":"2","name":"rangeLiteralJoined"}
{"args":["7","0"],"expected":"7","name":"rangeLiteralJoined"}
{"args":["7","1"],"expected":"17","name":"rangeLiteralJoined"}
{"args":["7","9223372036854775808"],"expected":"15","name":"rangeLiteralJoined"}
{"args":["7","18446744073709551615"],"expected":"6","name":"rangeLiteralJoined"}
{"args":["16","0"],"expected":"7","name":"rangeLiteralJoined"}
{"args":["16","1"],"expected":"22","name":"rangeLiteralJoined"}
{"args":["16","9223372036854775808"],"expected":"20","name":"rangeLiteralJoined"}
{"args":["16","18446744073709551615"],"expected":"6","name":"rangeLiteralJoined"}
{"args":["31","0"],"expected":"7","name":"rangeLiteralJoined"}
{"args":["31","1"],"expected":"22","name":"rangeLiteralJoined"}
{"args":["31","9223372036854775808"],"expected":"20","name":"rangeLiteralJoined"}
{"args":["31","18446744073709551615"],"expected":"6","name":"rangeLiteralJoined"}
{"args":["0","0"],"expected":"0","name":"rangeLiteralStep"}
{"args":["0","1"],"expected":"1","name":"rangeLiteralStep"}
{"args":["0","9223372036854775808"],"expected":"9223372036854775808","name":"rangeLiteralStep"}
{"args":["0","18446744073709551615"],"expected":"18446744073709551615","name":"rangeLiteralStep"}
{"args":["1","0"],"expected":"1","name":"rangeLiteralStep"}
{"args":["1","1"],"expected":"2","name":"rangeLiteralStep"}
{"args":["1","9223372036854775808"],"expected":"9223372036854775809","name":"rangeLiteralStep"}
{"args":["1","18446744073709551615"],"expected":"0","name":"rangeLiteralStep"}
{"args":["2","0"],"expected":"1","name":"rangeLiteralStep"}
{"args":["2","1"],"expected":"4","name":"rangeLiteralStep"}
{"args":["2","9223372036854775808"],"expected":"9223372036854775809","name":"rangeLiteralStep"}
{"args":["2","18446744073709551615"],"expected":"18446744073709551615","name":"rangeLiteralStep"}
{"args":["7","0"],"expected":"1","name":"rangeLiteralStep"}
{"args":["7","1"],"expected":"5","name":"rangeLiteralStep"}
{"args":["7","9223372036854775808"],"expected":"9223372036854775809","name":"rangeLiteralStep"}
{"args":["7","18446744073709551615"],"expected":"18446744073709551615","name":"rangeLiteralStep"}
{"args":["16","0"],"expected":"1","name":"rangeLiteralStep"}
{"args":["16","1"],"expected":"5","name":"rangeLiteralStep"}
{"args":["16","9223372036854775808"],"expected":"9223372036854775809","name":"rangeLiteralStep"}
{"args":["16","18446744073709551615"],"expected":"18446744073709551615","name":"rangeLiteralStep"}
{"args":["31","0"],"expected":"1","name":"rangeLiteralStep"}
{"args":["31","1"],"expected":"5","name":"rangeLiteralStep"}
{"args":["31","9223372036854775808"],"expected":"9223372036854775809","name":"rangeLiteralStep"}
{"args":["31","18446744073709551615"],"expected":"18446744073709551615","name":"rangeLiteralStep"}
{"args":["0","0"],"expected":"0","name":"rangePUnitJoined"}
{"args":["0","1"],"expected":"2","name":"rangePUnitJoined"}
{"args":["0","9223372036854775808"],"expected":"0","name":"rangePUnitJoined"}
{"args":["0","18446744073709551615"],"expected":"18446744073709551614","name":"rangePUnitJoined"}
{"args":["1","0"],"expected":"3","name":"rangePUnitJoined"}
{"args":["1","1"],"expected":"5","name":"rangePUnitJoined"}
{"args":["1","9223372036854775808"],"expected":"3","name":"rangePUnitJoined"}
{"args":["1","18446744073709551615"],"expected":"1","name":"rangePUnitJoined"}
{"args":["2","0"],"expected":"4","name":"rangePUnitJoined"}
{"args":["2","1"],"expected":"6","name":"rangePUnitJoined"}
{"args":["2","9223372036854775808"],"expected":"4","name":"rangePUnitJoined"}
{"args":["2","18446744073709551615"],"expected":"2","name":"rangePUnitJoined"}
{"args":["7","0"],"expected":"7","name":"rangePUnitJoined"}
{"args":["7","1"],"expected":"17","name":"rangePUnitJoined"}
{"args":["7","9223372036854775808"],"expected":"15","name":"rangePUnitJoined"}
{"args":["7","18446744073709551615"],"expected":"6","name":"rangePUnitJoined"}
{"args":["16","0"],"expected":"7","name":"rangePUnitJoined"}
{"args":["16","1"],"expected":"22","name":"rangePUnitJoined"}
{"args":["16","9223372036854775808"],"expected":"20","name":"rangePUnitJoined"}
{"args":["16","18446744073709551615"],"expected":"6","name":"rangePUnitJoined"}
{"args":["31","0"],"expected":"7","name":"rangePUnitJoined"}
{"args":["31","1"],"expected":"22","name":"rangePUnitJoined"}
{"args":["31","9223372036854775808"],"expected":"20","name":"rangePUnitJoined"}
{"args":["31","18446744073709551615"],"expected":"6","name":"rangePUnitJoined"}
{"args":["0","0"],"expected":"0","name":"rangePUnitStep"}
{"args":["0","1"],"expected":"1","name":"rangePUnitStep"}
{"args":["0","9223372036854775808"],"expected":"9223372036854775808","name":"rangePUnitStep"}
{"args":["0","18446744073709551615"],"expected":"18446744073709551615","name":"rangePUnitStep"}
{"args":["1","0"],"expected":"1","name":"rangePUnitStep"}
{"args":["1","1"],"expected":"2","name":"rangePUnitStep"}
{"args":["1","9223372036854775808"],"expected":"9223372036854775809","name":"rangePUnitStep"}
{"args":["1","18446744073709551615"],"expected":"7","name":"rangePUnitStep"}
{"args":["2","0"],"expected":"3","name":"rangePUnitStep"}
{"args":["2","1"],"expected":"4","name":"rangePUnitStep"}
{"args":["2","9223372036854775808"],"expected":"9223372036854775811","name":"rangePUnitStep"}
{"args":["2","18446744073709551615"],"expected":"7","name":"rangePUnitStep"}
{"args":["7","0"],"expected":"28","name":"rangePUnitStep"}
{"args":["7","1"],"expected":"29","name":"rangePUnitStep"}
{"args":["7","9223372036854775808"],"expected":"9223372036854775836","name":"rangePUnitStep"}
{"args":["7","18446744073709551615"],"expected":"7","name":"rangePUnitStep"}
{"args":["16","0"],"expected":"136","name":"rangePUnitStep"}
{"args":["16","1"],"expected":"137","name":"rangePUnitStep"}
{"args":["16","9223372036854775808"],"expected":"9223372036854775944","name":"rangePUnitStep"}
{"args":["16","18446744073709551615"],"expected":"7","name":"rangePUnitStep"}
{"args":["31","0"],"expected":"496","name":"rangePUnitStep"}
{"args":["31","1"],"expected":"497","name":"rangePUnitStep"}
{"args":["31","9223372036854775808"],"expected":"9223372036854776304","name":"rangePUnitStep"}
{"args":["31","18446744073709551615"],"expected":"7","name":"rangePUnitStep"}
{"args":["0","0"],"expected":"0","name":"rangePUnitScalar"}
{"args":["0","1"],"expected":"1","name":"rangePUnitScalar"}
{"args":["0","9223372036854775808"],"expected":"9223372036854775808","name":"rangePUnitScalar"}
{"args":["0","18446744073709551615"],"expected":"18446744073709551615","name":"rangePUnitScalar"}
{"args":["1","0"],"expected":"0","name":"rangePUnitScalar"}
{"args":["1","1"],"expected":"2","name":"rangePUnitScalar"}
{"args":["1","9223372036854775808"],"expected":"0","name":"rangePUnitScalar"}
{"args":["1","18446744073709551615"],"expected":"18446744073709551614","name":"rangePUnitScalar"}
{"args":["2","0"],"expected":"0","name":"rangePUnitScalar"}
{"args":["2","1"],"expected":"2","name":"rangePUnitScalar"}
{"args":["2","9223372036854775808"],"expected":"0","name":"rangePUnitScalar"}
{"args":["2","18446744073709551615"],"expected":"18446744073709551614","name":"rangePUnitScalar"}
{"args":["7","0"],"expected":"2","name":"rangePUnitScalar"}
{"args":["7","1"],"expected":"2","name":"rangePUnitScalar"}
{"args":["7","9223372036854775808"],"expected":"16","name":"rangePUnitScalar"}
{"args":["7","18446744073709551615"],"expected":"10","name":"rangePUnitScalar"}
{"args":["16","0"],"expected":"2","name":"rangePUnitScalar"}
{"args":["16","1"],"expected":"2","name":"rangePUnitScalar"}
{"args":["16","9223372036854775808"],"expected":"16","name":"rangePUnitScalar"}
{"args":["16","18446744073709551615"],"expected":"73","name":"rangePUnitScalar"}
{"args":["31","0"],"expected":"2","name":"rangePUnitScalar"}
{"args":["31","1"],"expected":"2","name":"rangePUnitScalar"}
{"args":["31","9223372036854775808"],"expected":"16","name":"rangePUnitScalar"}
{"args":["31","18446744073709551615"],"expected":"298","name":"rangePUnitScalar"}
{"args":["0","0"],"expected":"0","name":"rangePUnitYield"}
{"args":["0","1"],"expected":"1","name":"rangePUnitYield"}
{"args":["0","9223372036854775808"],"expected":"9223372036854775808","name":"rangePUnitYield"}
{"args":["0","18446744073709551615"],"expected":"18446744073709551615","name":"rangePUnitYield"}
{"args":["1","0"],"expected":"3","name":"rangePUnitYield"}
{"args":["1","1"],"expected":"5","name":"rangePUnitYield"}
{"args":["1","9223372036854775808"],"expected":"3","name":"rangePUnitYield"}
{"args":["1","18446744073709551615"],"expected":"18446744073709551613","name":"rangePUnitYield"}
{"args":["2","0"],"expected":"4","name":"rangePUnitYield"}
{"args":["2","1"],"expected":"7","name":"rangePUnitYield"}
{"args":["2","9223372036854775808"],"expected":"9223372036854775812","name":"rangePUnitYield"}
{"args":["2","18446744073709551615"],"expected":"1","name":"rangePUnitYield"}
{"args":["7","0"],"expected":"15","name":"rangePUnitYield"}
{"args":["7","1"],"expected":"23","name":"rangePUnitYield"}
{"args":["7","9223372036854775808"],"expected":"15","name":"rangePUnitYield"}
{"args":["7","18446744073709551615"],"expected":"18446744073709551607","name":"rangePUnitYield"}
{"args":["16","0"],"expected":"32","name":"rangePUnitYield"}
{"args":["16","1"],"expected":"49","name":"rangePUnitYield"}
{"args":["16","9223372036854775808"],"expected":"9223372036854775840","name":"rangePUnitYield"}
{"args":["16","18446744073709551615"],"expected":"15","name":"rangePUnitYield"}
{"args":["31","0"],"expected":"63","name":"rangePUnitYield"}
{"args":["31","1"],"expected":"95","name":"rangePUnitYield"}
{"args":["31","9223372036854775808"],"expected":"63","name":"rangePUnitYield"}
{"args":["31","18446744073709551615"],"expected":"18446744073709551583","name":"rangePUnitYield"}
{"args":["0","0"],"expected":"3","name":"rangePUnitOuter"}
{"args":["0","1"],"expected":"7","name":"rangePUnitOuter"}
{"args":["0","9223372036854775808"],"expected":"3","name":"rangePUnitOuter"}
{"args":["0","18446744073709551615"],"expected":"18446744073709551615","name":"rangePUnitOuter"}
{"args":["1","0"],"expected":"5","name":"rangePUnitOuter"}
{"args":["1","1"],"expected":"7","name":"rangePUnitOuter"}
{"args":["1","9223372036854775808"],"expected":"3","name":"rangePUnitOuter"}
{"args":["1","18446744073709551615"],"expected":"18446744073709551615","name":"rangePUnitOuter"}
{"args":["2","0"],"expected":"8","name":"rangePUnitOuter"}
{"args":["2","1"],"expected":"7","name":"rangePUnitOuter"}
{"args":["2","9223372036854775808"],"expected":"3","name":"rangePUnitOuter"}
{"args":["2","18446744073709551615"],"expected":"18446744073709551615","name":"rangePUnitOuter"}
{"args":["7","0"],"expected":"38","name":"rangePUnitOuter"}
{"args":["7","1"],"expected":"7","name":"rangePUnitOuter"}
{"args":["7","9223372036854775808"],"expected":"9223372036854775810","name":"rangePUnitOuter"}
{"args":["7","18446744073709551615"],"expected":"18446744073709551615","name":"rangePUnitOuter"}
{"args":["16","0"],"expected":"2","name":"rangePUnitOuter"}
{"args":["16","1"],"expected":"7","name":"rangePUnitOuter"}
{"args":["16","9223372036854775808"],"expected":"3","name":"rangePUnitOuter"}
{"args":["16","18446744073709551615"],"expected":"18446744073709551615","name":"rangePUnitOuter"}
{"args":["31","0"],"expected":"122","name":"rangePUnitOuter"}
{"args":["31","1"],"expected":"7","name":"rangePUnitOuter"}
{"args":["31","9223372036854775808"],"expected":"3","name":"rangePUnitOuter"}
{"args":["31","18446744073709551615"],"expected":"18446744073709551615","name":"rangePUnitOuter"}
{"args":["0","0"],"expected":"0","name":"rangePUnitStride"}
{"args":["0","1"],"expected":"1","name":"rangePUnitStride"}
{"args":["0","9223372036854775808"],"expected":"9223372036854775808","name":"rangePUnitStride"}
{"args":["0","18446744073709551615"],"expected":"18446744073709551615","name":"rangePUnitStride"}
{"args":["1","0"],"expected":"0","name":"rangePUnitStride"}
{"args":["1","1"],"expected":"1","name":"rangePUnitStride"}
{"args":["1","9223372036854775808"],"expected":"9223372036854775808","name":"rangePUnitStride"}
{"args":["1","18446744073709551615"],"expected":"18446744073709551615","name":"rangePUnitStride"}
{"args":["2","0"],"expected":"18446744073709551609","name":"rangePUnitStride"}
{"args":["2","1"],"expected":"18446744073709551611","name":"rangePUnitStride"}
{"args":["2","9223372036854775808"],"expected":"9223372036854775802","name":"rangePUnitStride"}
{"args":["2","18446744073709551615"],"expected":"18446744073709551609","name":"rangePUnitStride"}
{"args":["7","0"],"expected":"8","name":"rangePUnitStride"}
{"args":["7","1"],"expected":"18446744073709551611","name":"rangePUnitStride"}
{"args":["7","9223372036854775808"],"expected":"9223372036854775817","name":"rangePUnitStride"}
{"args":["7","18446744073709551615"],"expected":"8","name":"rangePUnitStride"}
{"args":["16","0"],"expected":"35","name":"rangePUnitStride"}
{"args":["16","1"],"expected":"18446744073709551611","name":"rangePUnitStride"}
{"args":["16","9223372036854775808"],"expected":"9223372036854775844","name":"rangePUnitStride"}
{"args":["16","18446744073709551615"],"expected":"35","name":"rangePUnitStride"}
{"args":["31","0"],"expected":"164","name":"rangePUnitStride"}
{"args":["31","1"],"expected":"18446744073709551611","name":"rangePUnitStride"}
{"args":["31","9223372036854775808"],"expected":"9223372036854775871","name":"rangePUnitStride"}
{"args":["31","18446744073709551615"],"expected":"164","name":"rangePUnitStride"}
{"args":["0","0"],"expected":"0","name":"rangeIdWrapped"}
{"args":["0","1"],"expected":"1","name":"rangeIdWrapped"}
{"args":["0","9223372036854775808"],"expected":"9223372036854775808","name":"rangeIdWrapped"}
{"args":["0","18446744073709551615"],"expected":"18446744073709551615","name":"rangeIdWrapped"}
{"args":["1","0"],"expected":"1","name":"rangeIdWrapped"}
{"args":["1","1"],"expected":"2","name":"rangeIdWrapped"}
{"args":["1","9223372036854775808"],"expected":"9223372036854775809","name":"rangeIdWrapped"}
{"args":["1","18446744073709551615"],"expected":"0","name":"rangeIdWrapped"}
{"args":["2","0"],"expected":"3","name":"rangeIdWrapped"}
{"args":["2","1"],"expected":"4","name":"rangeIdWrapped"}
{"args":["2","9223372036854775808"],"expected":"9223372036854775811","name":"rangeIdWrapped"}
{"args":["2","18446744073709551615"],"expected":"2","name":"rangeIdWrapped"}
{"args":["7","0"],"expected":"28","name":"rangeIdWrapped"}
{"args":["7","1"],"expected":"29","name":"rangeIdWrapped"}
{"args":["7","9223372036854775808"],"expected":"9223372036854775836","name":"rangeIdWrapped"}
{"args":["7","18446744073709551615"],"expected":"27","name":"rangeIdWrapped"}
{"args":["16","0"],"expected":"136","name":"rangeIdWrapped"}
{"args":["16","1"],"expected":"137","name":"rangeIdWrapped"}
{"args":["16","9223372036854775808"],"expected":"9223372036854775944","name":"rangeIdWrapped"}
{"args":["16","18446744073709551615"],"expected":"135","name":"rangeIdWrapped"}
{"args":["31","0"],"expected":"496","name":"rangeIdWrapped"}
{"args":["31","1"],"expected":"497","name":"rangeIdWrapped"}
{"args":["31","9223372036854775808"],"expected":"9223372036854776304","name":"rangeIdWrapped"}
{"args":["31","18446744073709551615"],"expected":"495","name":"rangeIdWrapped"}
{"args":["0","0"],"expected":"0","name":"rangeIdBindLeft"}
{"args":["0","1"],"expected":"2","name":"rangeIdBindLeft"}
{"args":["0","9223372036854775808"],"expected":"0","name":"rangeIdBindLeft"}
{"args":["0","18446744073709551615"],"expected":"18446744073709551614","name":"rangeIdBindLeft"}
{"args":["1","0"],"expected":"1","name":"rangeIdBindLeft"}
{"args":["1","1"],"expected":"3","name":"rangeIdBindLeft"}
{"args":["1","9223372036854775808"],"expected":"1","name":"rangeIdBindLeft"}
{"args":["1","18446744073709551615"],"expected":"18446744073709551615","name":"rangeIdBindLeft"}
{"args":["2","0"],"expected":"3","name":"rangeIdBindLeft"}
{"args":["2","1"],"expected":"5","name":"rangeIdBindLeft"}
{"args":["2","9223372036854775808"],"expected":"3","name":"rangeIdBindLeft"}
{"args":["2","18446744073709551615"],"expected":"18446744073709551615","name":"rangeIdBindLeft"}
{"args":["7","0"],"expected":"10","name":"rangeIdBindLeft"}
{"args":["7","1"],"expected":"30","name":"rangeIdBindLeft"}
{"args":["7","9223372036854775808"],"expected":"28","name":"rangeIdBindLeft"}
{"args":["7","18446744073709551615"],"expected":"18446744073709551615","name":"rangeIdBindLeft"}
{"args":["16","0"],"expected":"10","name":"rangeIdBindLeft"}
{"args":["16","1"],"expected":"138","name":"rangeIdBindLeft"}
{"args":["16","9223372036854775808"],"expected":"136","name":"rangeIdBindLeft"}
{"args":["16","18446744073709551615"],"expected":"18446744073709551615","name":"rangeIdBindLeft"}
{"args":["31","0"],"expected":"10","name":"rangeIdBindLeft"}
{"args":["31","1"],"expected":"498","name":"rangeIdBindLeft"}
{"args":["31","9223372036854775808"],"expected":"496","name":"rangeIdBindLeft"}
{"args":["31","18446744073709551615"],"expected":"18446744073709551615","name":"rangeIdBindLeft"}
{"args":["0","0"],"expected":"1","name":"rangeIdBindRight"}
{"args":["0","1"],"expected":"2","name":"rangeIdBindRight"}
{"args":["0","9223372036854775808"],"expected":"9223372036854775809","name":"rangeIdBindRight"}
{"args":["0","18446744073709551615"],"expected":"0","name":"rangeIdBindRight"}
{"args":["1","0"],"expected":"1","name":"rangeIdBindRight"}
{"args":["1","1"],"expected":"2","name":"rangeIdBindRight"}
{"args":["1","9223372036854775808"],"expected":"9223372036854775809","name":"rangeIdBindRight"}
{"args":["1","18446744073709551615"],"expected":"0","name":"rangeIdBindRight"}
{"args":["2","0"],"expected":"2","name":"rangeIdBindRight"}
{"args":["2","1"],"expected":"3","name":"rangeIdBindRight"}
{"args":["2","9223372036854775808"],"expected":"9223372036854775810","name":"rangeIdBindRight"}
{"args":["2","18446744073709551615"],"expected":"1","name":"rangeIdBindRight"}
{"args":["7","0"],"expected":"22","name":"rangeIdBindRight"}
{"args":["7","1"],"expected":"23","name":"rangeIdBindRight"}
{"args":["7","9223372036854775808"],"expected":"9223372036854775830","name":"rangeIdBindRight"}
{"args":["7","18446744073709551615"],"expected":"21","name":"rangeIdBindRight"}
{"args":["16","0"],"expected":"121","name":"rangeIdBindRight"}
{"args":["16","1"],"expected":"122","name":"rangeIdBindRight"}
{"args":["16","9223372036854775808"],"expected":"9223372036854775929","name":"rangeIdBindRight"}
{"args":["16","18446744073709551615"],"expected":"120","name":"rangeIdBindRight"}
{"args":["31","0"],"expected":"466","name":"rangeIdBindRight"}
{"args":["31","1"],"expected":"467","name":"rangeIdBindRight"}
{"args":["31","9223372036854775808"],"expected":"9223372036854776274","name":"rangeIdBindRight"}
{"args":["31","18446744073709551615"],"expected":"465","name":"rangeIdBindRight"}
{"args":["0","0"],"expected":"0","name":"rangeIdStepHelper"}
{"args":["0","1"],"expected":"1","name":"rangeIdStepHelper"}
{"args":["0","9223372036854775808"],"expected":"9223372036854775808","name":"rangeIdStepHelper"}
{"args":["0","18446744073709551615"],"expected":"18446744073709551615","name":"rangeIdStepHelper"}
{"args":["1","0"],"expected":"1","name":"rangeIdStepHelper"}
{"args":["1","1"],"expected":"1","name":"rangeIdStepHelper"}
{"args":["1","9223372036854775808"],"expected":"9223372036854775809","name":"rangeIdStepHelper"}
{"args":["1","18446744073709551615"],"expected":"0","name":"rangeIdStepHelper"}
{"args":["2","0"],"expected":"3","name":"rangeIdStepHelper"}
{"args":["2","1"],"expected":"3","name":"rangeIdStepHelper"}
{"args":["2","9223372036854775808"],"expected":"9223372036854775809","name":"rangeIdStepHelper"}
{"args":["2","18446744073709551615"],"expected":"0","name":"rangeIdStepHelper"}
{"args":["7","0"],"expected":"10","name":"rangeIdStepHelper"}
{"args":["7","1"],"expected":"10","name":"rangeIdStepHelper"}
{"args":["7","9223372036854775808"],"expected":"9223372036854775834","name":"rangeIdStepHelper"}
{"args":["7","18446744073709551615"],"expected":"0","name":"rangeIdStepHelper"}
{"args":["16","0"],"expected":"10","name":"rangeIdStepHelper"}
{"args":["16","1"],"expected":"10","name":"rangeIdStepHelper"}
{"args":["16","9223372036854775808"],"expected":"9223372036854775942","name":"rangeIdStepHelper"}
{"args":["16","18446744073709551615"],"expected":"0","name":"rangeIdStepHelper"}
{"args":["31","0"],"expected":"10","name":"rangeIdStepHelper"}
{"args":["31","1"],"expected":"10","name":"rangeIdStepHelper"}
{"args":["31","9223372036854775808"],"expected":"9223372036854776302","name":"rangeIdStepHelper"}
{"args":["31","18446744073709551615"],"expected":"0","name":"rangeIdStepHelper"}
{"args":["0","0"],"expected":"0","name":"rangeManyStep"}
{"args":["0","1"],"expected":"1","name":"rangeManyStep"}
{"args":["0","9223372036854775808"],"expected":"9223372036854775808","name":"rangeManyStep"}
{"args":["0","18446744073709551615"],"expected":"18446744073709551615","name":"rangeManyStep"}
{"args":["1","0"],"expected":"1","name":"rangeManyStep"}
{"args":["1","1"],"expected":"1","name":"rangeManyStep"}
{"args":["1","9223372036854775808"],"expected":"1","name":"rangeManyStep"}
{"args":["1","18446744073709551615"],"expected":"18446744073709551613","name":"rangeManyStep"}
{"args":["2","0"],"expected":"1","name":"rangeManyStep"}
{"args":["2","1"],"expected":"1","name":"rangeManyStep"}
{"args":["2","9223372036854775808"],"expected":"9223372036854775810","name":"rangeManyStep"}
{"args":["2","18446744073709551615"],"expected":"18446744073709551613","name":"rangeManyStep"}
{"args":["7","0"],"expected":"1","name":"rangeManyStep"}
{"args":["7","1"],"expected":"1","name":"rangeManyStep"}
{"args":["7","9223372036854775808"],"expected":"9223372036854775812","name":"rangeManyStep"}
{"args":["7","18446744073709551615"],"expected":"18446744073709551613","name":"rangeManyStep"}
{"args":["16","0"],"expected":"1","name":"rangeManyStep"}
{"args":["16","1"],"expected":"1","name":"rangeManyStep"}
{"args":["16","9223372036854775808"],"expected":"9223372036854775812","name":"rangeManyStep"}
{"args":["16","18446744073709551615"],"expected":"18446744073709551613","name":"rangeManyStep"}
{"args":["31","0"],"expected":"1","name":"rangeManyStep"}
{"args":["31","1"],"expected":"1","name":"rangeManyStep"}
{"args":["31","9223372036854775808"],"expected":"9223372036854775812","name":"rangeManyStep"}
{"args":["31","18446744073709551615"],"expected":"18446744073709551613","name":"rangeManyStep"}
{"args":["0","0"],"expected":"18446744073709551604","name":"rangeManyOuter"}
{"args":["0","1"],"expected":"18446744073709551605","name":"rangeManyOuter"}
{"args":["0","9223372036854775808"],"expected":"9223372036854775796","name":"rangeManyOuter"}
{"args":["0","18446744073709551615"],"expected":"18446744073709551603","name":"rangeManyOuter"}
{"args":["1","0"],"expected":"18446744073709551606","name":"rangeManyOuter"}
{"args":["1","1"],"expected":"18446744073709551607","name":"rangeManyOuter"}
{"args":["1","9223372036854775808"],"expected":"9223372036854775798","name":"rangeManyOuter"}
{"args":["1","18446744073709551615"],"expected":"18446744073709551605","name":"rangeManyOuter"}
{"args":["2","0"],"expected":"18446744073709551611","name":"rangeManyOuter"}
{"args":["2","1"],"expected":"18446744073709551612","name":"rangeManyOuter"}
{"args":["2","9223372036854775808"],"expected":"9223372036854775803","name":"rangeManyOuter"}
{"args":["2","18446744073709551615"],"expected":"18446744073709551610","name":"rangeManyOuter"}
{"args":["7","0"],"expected":"65","name":"rangeManyOuter"}
{"args":["7","1"],"expected":"24","name":"rangeManyOuter"}
{"args":["7","9223372036854775808"],"expected":"9223372036854775873","name":"rangeManyOuter"}
{"args":["7","18446744073709551615"],"expected":"45","name":"rangeManyOuter"}
{"args":["16","0"],"expected":"38","name":"rangeManyOuter"}
{"args":["16","1"],"expected":"381","name":"rangeManyOuter"}
{"args":["16","9223372036854775808"],"expected":"9223372036854775831","name":"rangeManyOuter"}
{"args":["16","18446744073709551615"],"expected":"8","name":"rangeManyOuter"}
{"args":["31","0"],"expected":"59","name":"rangeManyOuter"}
{"args":["31","1"],"expected":"83","name":"rangeManyOuter"}
{"args":["31","9223372036854775808"],"expected":"9223372036854775867","name":"rangeManyOuter"}
{"args":["31","18446744073709551615"],"expected":"1444","name":"rangeManyOuter"}
{"args":["0","0"],"expected":"0","name":"rangeManyYield"}
{"args":["0","1"],"expected":"1","name":"rangeManyYield"}
{"args":["0","9223372036854775808"],"expected":"9223372036854775808","name":"rangeManyYield"}
{"args":["0","18446744073709551615"],"expected":"18446744073709551615","name":"rangeManyYield"}
{"args":["1","0"],"expected":"0","name":"rangeManyYield"}
{"args":["1","1"],"expected":"1","name":"rangeManyYield"}
{"args":["1","9223372036854775808"],"expected":"9223372036854775808","name":"rangeManyYield"}
{"args":["1","18446744073709551615"],"expected":"18446744073709551615","name":"rangeManyYield"}
{"args":["2","0"],"expected":"1","name":"rangeManyYield"}
{"args":["2","1"],"expected":"3","name":"rangeManyYield"}
{"args":["2","9223372036854775808"],"expected":"1","name":"rangeManyYield"}
{"args":["2","18446744073709551615"],"expected":"18446744073709551615","name":"rangeManyYield"}
{"args":["7","0"],"expected":"21","name":"rangeManyYield"}
{"args":["7","1"],"expected":"43","name":"rangeManyYield"}
{"args":["7","9223372036854775808"],"expected":"21","name":"rangeManyYield"}
{"args":["7","18446744073709551615"],"expected":"18446744073709551615","name":"rangeManyYield"}
{"args":["16","0"],"expected":"120","name":"rangeManyYield"}
{"args":["16","1"],"expected":"241","name":"rangeManyYield"}
{"args":["16","9223372036854775808"],"expected":"9223372036854775928","name":"rangeManyYield"}
{"args":["16","18446744073709551615"],"expected":"18446744073709551615","name":"rangeManyYield"}
{"args":["31","0"],"expected":"465","name":"rangeManyYield"}
{"args":["31","1"],"expected":"931","name":"rangeManyYield"}
{"args":["31","9223372036854775808"],"expected":"465","name":"rangeManyYield"}
{"args":["31","18446744073709551615"],"expected":"18446744073709551615","name":"rangeManyYield"}
{"args":["0","0"],"expected":"0","name":"rangeManyStride"}
{"args":["0","1"],"expected":"1","name":"rangeManyStride"}
{"args":["0","9223372036854775808"],"expected":"9223372036854775808","name":"rangeManyStride"}
{"args":["0","18446744073709551615"],"expected":"18446744073709551615","name":"rangeManyStride"}
{"args":["1","0"],"expected":"0","name":"rangeManyStride"}
{"args":["1","1"],"expected":"1","name":"rangeManyStride"}
{"args":["1","9223372036854775808"],"expected":"9223372036854775808","name":"rangeManyStride"}
{"args":["1","18446744073709551615"],"expected":"18446744073709551615","name":"rangeManyStride"}
{"args":["2","0"],"expected":"5","name":"rangeManyStride"}
{"args":["2","1"],"expected":"10","name":"rangeManyStride"}
{"args":["2","9223372036854775808"],"expected":"5","name":"rangeManyStride"}
{"args":["2","18446744073709551615"],"expected":"2","name":"rangeManyStride"}
{"args":["7","0"],"expected":"14","name":"rangeManyStride"}
{"args":["7","1"],"expected":"22","name":"rangeManyStride"}
{"args":["7","9223372036854775808"],"expected":"9223372036854775822","name":"rangeManyStride"}
{"args":["7","18446744073709551615"],"expected":"8","name":"rangeManyStride"}
{"args":["16","0"],"expected":"58","name":"rangeManyStride"}
{"args":["16","1"],"expected":"75","name":"rangeManyStride"}
{"args":["16","9223372036854775808"],"expected":"58","name":"rangeManyStride"}
{"args":["16","18446744073709551615"],"expected":"44","name":"rangeManyStride"}
{"args":["31","0"],"expected":"193","name":"rangeManyStride"}
{"args":["31","1"],"expected":"224","name":"rangeManyStride"}
{"args":["31","9223372036854775808"],"expected":"9223372036854776000","name":"rangeManyStride"}
{"args":["31","18446744073709551615"],"expected":"164","name":"rangeManyStride"}
{"args":["0","0"],"expected":"0","name":"rangeManyGuard"}
{"args":["0","1"],"expected":"1","name":"rangeManyGuard"}
{"args":["0","9223372036854775808"],"expected":"9223372036854775808","name":"rangeManyGuard"}
{"args":["0","18446744073709551615"],"expected":"18446744073709551615","name":"rangeManyGuard"}
{"args":["1","0"],"expected":"0","name":"rangeManyGuard"}
{"args":["1","1"],"expected":"1","name":"rangeManyGuard"}
{"args":["1","9223372036854775808"],"expected":"9223372036854775808","name":"rangeManyGuard"}
{"args":["1","18446744073709551615"],"expected":"18446744073709551615","name":"rangeManyGuard"}
{"args":["2","0"],"expected":"0","name":"rangeManyGuard"}
{"args":["2","1"],"expected":"1","name":"rangeManyGuard"}
{"args":["2","9223372036854775808"],"expected":"9223372036854775808","name":"rangeManyGuard"}
{"args":["2","18446744073709551615"],"expected":"18446744073709551611","name":"rangeManyGuard"}
{"args":["7","0"],"expected":"0","name":"rangeManyGuard"}
{"args":["7","1"],"expected":"0","name":"rangeManyGuard"}
{"args":["7","9223372036854775808"],"expected":"9223372036854775808","name":"rangeManyGuard"}
{"args":["7","18446744073709551615"],"expected":"18446744073709551611","name":"rangeManyGuard"}
{"args":["16","0"],"expected":"11","name":"rangeManyGuard"}
{"args":["16","1"],"expected":"0","name":"rangeManyGuard"}
{"args":["16","9223372036854775808"],"expected":"9223372036854775819","name":"rangeManyGuard"}
{"args":["16","18446744073709551615"],"expected":"18446744073709551611","name":"rangeManyGuard"}
{"args":["31","0"],"expected":"11","name":"rangeManyGuard"}
{"args":["31","1"],"expected":"0","name":"rangeManyGuard"}
{"args":["31","9223372036854775808"],"expected":"9223372036854775833","name":"rangeManyGuard"}
{"args":["31","18446744073709551615"],"expected":"18446744073709551611","name":"rangeManyGuard"}
{"args":["0","0"],"expected":"18446744073709551609","name":"rangeManyResult"}
{"args":["0","1"],"expected":"18446744073709551610","name":"rangeManyResult"}
{"args":["0","9223372036854775808"],"expected":"18446744073709551609","name":"rangeManyResult"}
{"args":["0","18446744073709551615"],"expected":"18446744073709551610","name":"rangeManyResult"}
{"args":["1","0"],"expected":"18446744073709551610","name":"rangeManyResult"}
{"args":["1","1"],"expected":"18446744073709551612","name":"rangeManyResult"}
{"args":["1","9223372036854775808"],"expected":"9223372036854775802","name":"rangeManyResult"}
{"args":["1","18446744073709551615"],"expected":"18446744073709551610","name":"rangeManyResult"}
{"args":["2","0"],"expected":"18446744073709551611","name":"rangeManyResult"}
{"args":["2","1"],"expected":"18446744073709551615","name":"rangeManyResult"}
{"args":["2","9223372036854775808"],"expected":"9223372036854775803","name":"rangeManyResult"}
{"args":["2","18446744073709551615"],"expected":"18446744073709551611","name":"rangeManyResult"}
{"args":["7","0"],"expected":"0","name":"rangeManyResult"}
{"args":["7","1"],"expected":"29","name":"rangeManyResult"}
{"args":["7","9223372036854775808"],"expected":"0","name":"rangeManyResult"}
{"args":["7","18446744073709551615"],"expected":"0","name":"rangeManyResult"}
{"args":["16","0"],"expected":"9","name":"rangeManyResult"}
{"args":["16","1"],"expected":"146","name":"rangeManyResult"}
{"args":["16","9223372036854775808"],"expected":"9","name":"rangeManyResult"}
{"args":["16","18446744073709551615"],"expected":"9","name":"rangeManyResult"}
{"args":["31","0"],"expected":"24","name":"rangeManyResult"}
{"args":["31","1"],"expected":"521","name":"rangeManyResult"}
{"args":["31","9223372036854775808"],"expected":"24","name":"rangeManyResult"}
{"args":["31","18446744073709551615"],"expected":"24","name":"rangeManyResult"}
{"args":["0","0"],"expected":"0","name":"stepManyOrder"}
{"args":["0","1"],"expected":"1","name":"stepManyOrder"}
{"args":["0","9223372036854775808"],"expected":"9223372036854775808","name":"stepManyOrder"}
{"args":["0","18446744073709551615"],"expected":"18446744073709551615","name":"stepManyOrder"}
{"args":["1","0"],"expected":"0","name":"stepManyOrder"}
{"args":["1","1"],"expected":"18446744073709551614","name":"stepManyOrder"}
{"args":["1","9223372036854775808"],"expected":"0","name":"stepManyOrder"}
{"args":["1","18446744073709551615"],"expected":"2","name":"stepManyOrder"}
{"args":["2","0"],"expected":"0","name":"stepManyOrder"}
{"args":["2","1"],"expected":"18446744073709551614","name":"stepManyOrder"}
{"args":["2","9223372036854775808"],"expected":"0","name":"stepManyOrder"}
{"args":["2","18446744073709551615"],"expected":"2","name":"stepManyOrder"}
{"args":["7","0"],"expected":"0","name":"stepManyOrder"}
{"args":["7","1"],"expected":"18446744073709551614","name":"stepManyOrder"}
{"args":["7","9223372036854775808"],"expected":"0","name":"stepManyOrder"}
{"args":["7","18446744073709551615"],"expected":"2","name":"stepManyOrder"}
{"args":["16","0"],"expected":"0","name":"stepManyOrder"}
{"args":["16","1"],"expected":"18446744073709551614","name":"stepManyOrder"}
{"args":["16","9223372036854775808"],"expected":"0","name":"stepManyOrder"}
{"args":["16","18446744073709551615"],"expected":"2","name":"stepManyOrder"}
{"args":["31","0"],"expected":"0","name":"stepManyOrder"}
{"args":["31","1"],"expected":"18446744073709551614","name":"stepManyOrder"}
{"args":["31","9223372036854775808"],"expected":"0","name":"stepManyOrder"}
{"args":["31","18446744073709551615"],"expected":"2","name":"stepManyOrder"}
{"args":["0","0"],"expected":"0","name":"stepManyFour"}
{"args":["0","1"],"expected":"1","name":"stepManyFour"}
{"args":["0","9223372036854775808"],"expected":"9223372036854775808","name":"stepManyFour"}
{"args":["0","18446744073709551615"],"expected":"18446744073709551615","name":"stepManyFour"}
{"args":["1","0"],"expected":"1","name":"stepManyFour"}
{"args":["1","1"],"expected":"9","name":"stepManyFour"}
{"args":["1","9223372036854775808"],"expected":"1","name":"stepManyFour"}
{"args":["1","18446744073709551615"],"expected":"18446744073709551615","name":"stepManyFour"}
{"args":["2","0"],"expected":"18446744073709551615","name":"stepManyFour"}
{"args":["2","1"],"expected":"2","name":"stepManyFour"}
{"args":["2","9223372036854775808"],"expected":"9223372036854775807","name":"stepManyFour"}
{"args":["2","18446744073709551615"],"expected":"18446744073709551606","name":"stepManyFour"}
{"args":["7","0"],"expected":"18446744073709551560","name":"stepManyFour"}
{"args":["7","1"],"expected":"5","name":"stepManyFour"}
{"args":["7","9223372036854775808"],"expected":"18446744073709551560","name":"stepManyFour"}
{"args":["7","18446744073709551615"],"expected":"18446744073709551605","name":"stepManyFour"}
{"args":["16","0"],"expected":"18446744073709551272","name":"stepManyFour"}
{"args":["16","1"],"expected":"18446744073709551289","name":"stepManyFour"}
{"args":["16","9223372036854775808"],"expected":"9223372036854775464","name":"stepManyFour"}
{"args":["16","18446744073709551615"],"expected":"18446744073709551255","name":"stepManyFour"}
{"args":["31","0"],"expected":"18446744073709550252","name":"stepManyFour"}
{"args":["31","1"],"expected":"18446744073709550284","name":"stepManyFour"}
{"args":["31","9223372036854775808"],"expected":"18446744073709550252","name":"stepManyFour"}
{"args":["31","18446744073709551615"],"expected":"18446744073709550220","name":"stepManyFour"}
{"args":["0","0"],"expected":"0","name":"stepManySix"}
{"args":["0","1"],"expected":"1","name":"stepManySix"}
{"args":["0","9223372036854775808"],"expected":"9223372036854775808","name":"stepManySix"}
{"args":["0","18446744073709551615"],"expected":"18446744073709551615","name":"stepManySix"}
{"args":["1","0"],"expected":"18446744073709551615","name":"stepManySix"}
{"args":["1","1"],"expected":"18446744073709551610","name":"stepManySix"}
{"args":["1","9223372036854775808"],"expected":"18446744073709551615","name":"stepManySix"}
{"args":["1","18446744073709551615"],"expected":"3","name":"stepManySix"}
{"args":["2","0"],"expected":"27","name":"stepManySix"}
{"args":["2","1"],"expected":"18","name":"stepManySix"}
{"args":["2","9223372036854775808"],"expected":"9223372036854775835","name":"stepManySix"}
{"args":["2","18446744073709551615"],"expected":"15","name":"stepManySix"}
{"args":["7","0"],"expected":"325","name":"stepManySix"}
{"args":["7","1"],"expected":"225","name":"stepManySix"}
{"args":["7","9223372036854775808"],"expected":"602","name":"stepManySix"}
{"args":["7","18446744073709551615"],"expected":"80","name":"stepManySix"}
{"args":["16","0"],"expected":"390","name":"stepManySix"}
{"args":["16","1"],"expected":"975","name":"stepManySix"}
{"args":["16","9223372036854775808"],"expected":"590","name":"stepManySix"}
{"args":["16","18446744073709551615"],"expected":"3543","name":"stepManySix"}
{"args":["31","0"],"expected":"780","name":"stepManySix"}
{"args":["31","1"],"expected":"1950","name":"stepManySix"}
{"args":["31","9223372036854775808"],"expected":"1175","name":"stepManySix"}
{"args":["31","18446744073709551615"],"expected":"13608","name":"stepManySix"}
{"args":["0","0"],"expected":"0","name":"stepManyCapture"}
{"args":["0","1"],"expected":"1","name":"stepManyCapture"}
{"args":["0","9223372036854775808"],"expected":"9223372036854775808","name":"stepManyCapture"}
{"args":["0","18446744073709551615"],"expected":"18446744073709551615","name":"stepManyCapture"}
{"args":["1","0"],"expected":"12","name":"stepManyCapture"}
{"args":["1","1"],"expected":"13","name":"stepManyCapture"}
{"args":["1","9223372036854775808"],"expected":"9223372036854775820","name":"stepManyCapture"}
{"args":["1","18446744073709551615"],"expected":"11","name":"stepManyCapture"}
{"args":["2","0"],"expected":"14","name":"stepManyCapture"}
{"args":["2","1"],"expected":"15","name":"stepManyCapture"}
{"args":["2","9223372036854775808"],"expected":"9223372036854775822","name":"stepManyCapture"}
{"args":["2","18446744073709551615"],"expected":"13","name":"stepManyCapture"}
{"args":["7","0"],"expected":"26","name":"stepManyCapture"}
{"args":["7","1"],"expected":"27","name":"stepManyCapture"}
{"args":["7","9223372036854775808"],"expected":"9223372036854775834","name":"stepManyCapture"}
{"args":["7","18446744073709551615"],"expected":"25","name":"stepManyCapture"}
{"args":["16","0"],"expected":"54","name":"stepManyCapture"}
{"args":["16","1"],"expected":"55","name":"stepManyCapture"}
{"args":["16","9223372036854775808"],"expected":"9223372036854775862","name":"stepManyCapture"}
{"args":["16","18446744073709551615"],"expected":"53","name":"stepManyCapture"}
{"args":["31","0"],"expected":"82","name":"stepManyCapture"}
{"args":["31","1"],"expected":"83","name":"stepManyCapture"}
{"args":["31","9223372036854775808"],"expected":"9223372036854775890","name":"stepManyCapture"}
{"args":["31","18446744073709551615"],"expected":"81","name":"stepManyCapture"}
{"args":["0","0"],"expected":"0","name":"stepManyChained"}
{"args":["0","1"],"expected":"1","name":"stepManyChained"}
{"args":["0","9223372036854775808"],"expected":"9223372036854775808","name":"stepManyChained"}
{"args":["0","18446744073709551615"],"expected":"18446744073709551615","name":"stepManyChained"}
{"args":["1","0"],"expected":"18446744073709551614","name":"stepManyChained"}
{"args":["1","1"],"expected":"4","name":"stepManyChained"}
{"args":["1","9223372036854775808"],"expected":"18446744073709551614","name":"stepManyChained"}
{"args":["1","18446744073709551615"],"expected":"0","name":"stepManyChained"}
{"args":["2","0"],"expected":"18446744073709551613","name":"stepManyChained"}
{"args":["2","1"],"expected":"8","name":"stepManyChained"}
{"args":["2","9223372036854775808"],"expected":"18446744073709551613","name":"stepManyChained"}
{"args":["2","18446744073709551615"],"expected":"18446744073709551614","name":"stepManyChained"}
{"args":["7","0"],"expected":"18446744073709551608","name":"stepManyChained"}
{"args":["7","1"],"expected":"43","name":"stepManyChained"}
{"args":["7","9223372036854775808"],"expected":"18446744073709551608","name":"stepManyChained"}
{"args":["7","18446744073709551615"],"expected":"18446744073709551614","name":"stepManyChained"}
{"args":["16","0"],"expected":"18446744073709551599","name":"stepManyChained"}
{"args":["16","1"],"expected":"4","name":"stepManyChained"}
{"args":["16","9223372036854775808"],"expected":"18446744073709551599","name":"stepManyChained"}
{"args":["16","18446744073709551615"],"expected":"135","name":"stepManyChained"}
{"args":["31","0"],"expected":"18446744073709551584","name":"stepManyChained"}
{"args":["31","1"],"expected":"4","name":"stepManyChained"}
{"args":["31","9223372036854775808"],"expected":"18446744073709551584","name":"stepManyChained"}
{"args":["31","18446744073709551615"],"expected":"495","name":"stepManyChained"}
{"args":["0","0"],"expected":"0","name":"stepManyNested"}
{"args":["0","1"],"expected":"1","name":"stepManyNested"}
{"args":["0","9223372036854775808"],"expected":"9223372036854775808","name":"stepManyNested"}
{"args":["0","18446744073709551615"],"expected":"18446744073709551615","name":"stepManyNested"}
{"args":["1","0"],"expected":"18446744073709551615","name":"stepManyNested"}
{"args":["1","1"],"expected":"0","name":"stepManyNested"}
{"args":["1","9223372036854775808"],"expected":"18446744073709551615","name":"stepManyNested"}
{"args":["1","18446744073709551615"],"expected":"0","name":"stepManyNested"}
{"args":["2","0"],"expected":"0","name":"stepManyNested"}
{"args":["2","1"],"expected":"18446744073709551615","name":"stepManyNested"}
{"args":["2","9223372036854775808"],"expected":"0","name":"stepManyNested"}
{"args":["2","18446744073709551615"],"expected":"1","name":"stepManyNested"}
{"args":["7","0"],"expected":"5","name":"stepManyNested"}
{"args":["7","1"],"expected":"18446744073709551610","name":"stepManyNested"}
{"args":["7","9223372036854775808"],"expected":"9223372036854775813","name":"stepManyNested"}
{"args":["7","18446744073709551615"],"expected":"0","name":"stepManyNested"}
{"args":["16","0"],"expected":"14","name":"stepManyNested"}
{"args":["16","1"],"expected":"18446744073709551601","name":"stepManyNested"}
{"args":["16","9223372036854775808"],"expected":"14","name":"stepManyNested"}
{"args":["16","18446744073709551615"],"expected":"0","name":"stepManyNested"}
{"args":["31","0"],"expected":"29","name":"stepManyNested"}
{"args":["31","1"],"expected":"18446744073709551586","name":"stepManyNested"}
{"args":["31","9223372036854775808"],"expected":"9223372036854775837","name":"stepManyNested"}
{"args":["31","18446744073709551615"],"expected":"0","name":"stepManyNested"}
{"args":["0","0"],"expected":"0","name":"stepManyBind"}
{"args":["0","1"],"expected":"1","name":"stepManyBind"}
{"args":["0","9223372036854775808"],"expected":"9223372036854775808","name":"stepManyBind"}
{"args":["0","18446744073709551615"],"expected":"18446744073709551615","name":"stepManyBind"}
{"args":["1","0"],"expected":"0","name":"stepManyBind"}
{"args":["1","1"],"expected":"1","name":"stepManyBind"}
{"args":["1","9223372036854775808"],"expected":"9223372036854775808","name":"stepManyBind"}
{"args":["1","18446744073709551615"],"expected":"18446744073709551615","name":"stepManyBind"}
{"args":["2","0"],"expected":"0","name":"stepManyBind"}
{"args":["2","1"],"expected":"1","name":"stepManyBind"}
{"args":["2","9223372036854775808"],"expected":"9223372036854775808","name":"stepManyBind"}
{"args":["2","18446744073709551615"],"expected":"18446744073709551615","name":"stepManyBind"}
{"args":["7","0"],"expected":"0","name":"stepManyBind"}
{"args":["7","1"],"expected":"1","name":"stepManyBind"}
{"args":["7","9223372036854775808"],"expected":"9223372036854775808","name":"stepManyBind"}
{"args":["7","18446744073709551615"],"expected":"18446744073709551615","name":"stepManyBind"}
{"args":["16","0"],"expected":"0","name":"stepManyBind"}
{"args":["16","1"],"expected":"1","name":"stepManyBind"}
{"args":["16","9223372036854775808"],"expected":"9223372036854775808","name":"stepManyBind"}
{"args":["16","18446744073709551615"],"expected":"18446744073709551615","name":"stepManyBind"}
{"args":["31","0"],"expected":"0","name":"stepManyBind"}
{"args":["31","1"],"expected":"1","name":"stepManyBind"}
{"args":["31","9223372036854775808"],"expected":"9223372036854775808","name":"stepManyBind"}
{"args":["31","18446744073709551615"],"expected":"18446744073709551615","name":"stepManyBind"}
{"args":["0","0"],"expected":"0","name":"stepManyScalarMix"}
{"args":["0","1"],"expected":"1","name":"stepManyScalarMix"}
{"args":["0","9223372036854775808"],"expected":"9223372036854775808","name":"stepManyScalarMix"}
{"args":["0","18446744073709551615"],"expected":"18446744073709551615","name":"stepManyScalarMix"}
{"args":["1","0"],"expected":"0","name":"stepManyScalarMix"}
{"args":["1","1"],"expected":"0","name":"stepManyScalarMix"}
{"args":["1","9223372036854775808"],"expected":"0","name":"stepManyScalarMix"}
{"args":["1","18446744073709551615"],"expected":"0","name":"stepManyScalarMix"}
{"args":["2","0"],"expected":"0","name":"stepManyScalarMix"}
{"args":["2","1"],"expected":"0","name":"stepManyScalarMix"}
{"args":["2","9223372036854775808"],"expected":"0","name":"stepManyScalarMix"}
{"args":["2","18446744073709551615"],"expected":"0","name":"stepManyScalarMix"}
{"args":["7","0"],"expected":"0","name":"stepManyScalarMix"}
{"args":["7","1"],"expected":"0","name":"stepManyScalarMix"}
{"args":["7","9223372036854775808"],"expected":"0","name":"stepManyScalarMix"}
{"args":["7","18446744073709551615"],"expected":"0","name":"stepManyScalarMix"}
{"args":["16","0"],"expected":"0","name":"stepManyScalarMix"}
{"args":["16","1"],"expected":"0","name":"stepManyScalarMix"}
{"args":["16","9223372036854775808"],"expected":"0","name":"stepManyScalarMix"}
{"args":["16","18446744073709551615"],"expected":"0","name":"stepManyScalarMix"}
{"args":["31","0"],"expected":"0","name":"stepManyScalarMix"}
{"args":["31","1"],"expected":"0","name":"stepManyScalarMix"}
{"args":["31","9223372036854775808"],"expected":"0","name":"stepManyScalarMix"}
{"args":["31","18446744073709551615"],"expected":"0","name":"stepManyScalarMix"}
{"args":["0","0"],"expected":"0","name":"stepManyUnused"}
{"args":["0","1"],"expected":"1","name":"stepManyUnused"}
{"args":["0","9223372036854775808"],"expected":"9223372036854775808","name":"stepManyUnused"}
{"args":["0","18446744073709551615"],"expected":"18446744073709551615","name":"stepManyUnused"}
{"args":["1","0"],"expected":"1","name":"stepManyUnused"}
{"args":["1","1"],"expected":"2","name":"stepManyUnused"}
{"args":["1","9223372036854775808"],"expected":"9223372036854775809","name":"stepManyUnused"}
{"args":["1","18446744073709551615"],"expected":"0","name":"stepManyUnused"}
{"args":["2","0"],"expected":"3","name":"stepManyUnused"}
{"args":["2","1"],"expected":"4","name":"stepManyUnused"}
{"args":["2","9223372036854775808"],"expected":"9223372036854775811","name":"stepManyUnused"}
{"args":["2","18446744073709551615"],"expected":"2","name":"stepManyUnused"}
{"args":["7","0"],"expected":"28","name":"stepManyUnused"}
{"args":["7","1"],"expected":"29","name":"stepManyUnused"}
{"args":["7","9223372036854775808"],"expected":"9223372036854775836","name":"stepManyUnused"}
{"args":["7","18446744073709551615"],"expected":"27","name":"stepManyUnused"}
{"args":["16","0"],"expected":"136","name":"stepManyUnused"}
{"args":["16","1"],"expected":"137","name":"stepManyUnused"}
{"args":["16","9223372036854775808"],"expected":"9223372036854775944","name":"stepManyUnused"}
{"args":["16","18446744073709551615"],"expected":"135","name":"stepManyUnused"}
{"args":["31","0"],"expected":"496","name":"stepManyUnused"}
{"args":["31","1"],"expected":"497","name":"stepManyUnused"}
{"args":["31","9223372036854775808"],"expected":"9223372036854776304","name":"stepManyUnused"}
{"args":["31","18446744073709551615"],"expected":"495","name":"stepManyUnused"}
{"args":["0","0"],"expected":"0","name":"stepManyWrapped"}
{"args":["0","1"],"expected":"1","name":"stepManyWrapped"}
{"args":["0","9223372036854775808"],"expected":"9223372036854775808","name":"stepManyWrapped"}
{"args":["0","18446744073709551615"],"expected":"18446744073709551615","name":"stepManyWrapped"}
{"args":["1","0"],"expected":"0","name":"stepManyWrapped"}
{"args":["1","1"],"expected":"1","name":"stepManyWrapped"}
{"args":["1","9223372036854775808"],"expected":"1","name":"stepManyWrapped"}
{"args":["1","18446744073709551615"],"expected":"18446744073709551614","name":"stepManyWrapped"}
{"args":["2","0"],"expected":"0","name":"stepManyWrapped"}
{"args":["2","1"],"expected":"4","name":"stepManyWrapped"}
{"args":["2","9223372036854775808"],"expected":"9223372036854775813","name":"stepManyWrapped"}
{"args":["2","18446744073709551615"],"expected":"18446744073709551614","name":"stepManyWrapped"}
{"args":["7","0"],"expected":"0","name":"stepManyWrapped"}
{"args":["7","1"],"expected":"64","name":"stepManyWrapped"}
{"args":["7","9223372036854775808"],"expected":"9223372036854775829","name":"stepManyWrapped"}
{"args":["7","18446744073709551615"],"expected":"18446744073709551614","name":"stepManyWrapped"}
{"args":["16","0"],"expected":"0","name":"stepManyWrapped"}
{"args":["16","1"],"expected":"361","name":"stepManyWrapped"}
{"args":["16","9223372036854775808"],"expected":"9223372036854775856","name":"stepManyWrapped"}
{"args":["16","18446744073709551615"],"expected":"18446744073709551614","name":"stepManyWrapped"}
{"args":["31","0"],"expected":"0","name":"stepManyWrapped"}
{"args":["31","1"],"expected":"1396","name":"stepManyWrapped"}
{"args":["31","9223372036854775808"],"expected":"9223372036854775901","name":"stepManyWrapped"}
{"args":["31","18446744073709551615"],"expected":"18446744073709551614","name":"stepManyWrapped"}
