leanrun: LEANRUN_LOCAL=1; macOS has no cgroup CPU/memory/swap limits or ionice
leanrun: explicitly authorized inherited priority; nice unavailable
⚠ [2/305] Replayed LeanExe.Examples.AsciiDigits
warning: LeanExe/Examples/AsciiDigits.lean:103:30: `if_false` has been deprecated: Use `ite_false` instead
warning: LeanExe/Examples/AsciiDigits.lean:109:78: `if_true` has been deprecated: Use `ite_true` instead
⚠ [102/305] Replayed LeanExe.IR.ScalarRangeSlots
warning: LeanExe/IR/ScalarRangeSlots.lean:25:2: try 'simp' instead of 'simpa'

Note: This linter can be disabled with `set_option linter.unnecessarySimpa false`
warning: LeanExe/IR/ScalarRangeSlots.lean:29:20: This simp argument is unused:
  read_suffix

Hint: Omit it from the simp argument list.
  [apply] simp [rangeStore]

Note: This linter can be disabled with `set_option linter.unusedSimpArgs false`
warning: LeanExe/IR/ScalarRangeSlots.lean:33:20: This simp argument is unused:
  read_suffix

Hint: Omit it from the simp argument list.
  [apply] simp [rangeStore]

Note: This linter can be disabled with `set_option linter.unusedSimpArgs false`
⚠ [128/305] Replayed LeanExe.IR.ScalarRangeExitSlots
warning: LeanExe/IR/ScalarRangeExitSlots.lean:18:2: try 'simp' instead of 'simpa'

Note: This linter can be disabled with `set_option linter.unnecessarySimpa false`
⚠ [133/305] Replayed LeanExe.Extract.ScalarFunc
warning: LeanExe/Extract/ScalarFunc.lean:76:28: This simp argument is unused:
  bind

Hint: Omit it from the simp argument list.
  [apply] simp only [rangeCase, pure, Option.bind_eq_some_iff, Option.some.injEq] at compiled

Note: This linter can be disabled with `set_option linter.unusedSimpArgs false`
Build completed successfully (305 jobs).
leanrun: LEANRUN_LOCAL=1; macOS has no cgroup CPU/memory/swap limits or ionice
leanrun: explicitly authorized inherited priority; nice unavailable
⚠ [475/475] Replayed Project.ByteIO.Protocol
warning: Project/ByteIO/Protocol.lean:178:54: This simp argument is unused:
  observe

Hint: Omit it from the simp argument list.
  [apply] simp_all

Note: This linter can be disabled with `set_option linter.unusedSimpArgs false`
warning: Project/ByteIO/Protocol.lean:187:32: Unused tactic linter: `omega` does nothing

Note: This linter can be disabled with `set_option linter.unusedTactic false`
warning: Project/ByteIO/Protocol.lean:187:32: this tactic is never executed

Note: This linter can be disabled with `set_option linter.unreachableTactic false`
warning: Project/ByteIO/Protocol.lean:232:10: `if_neg` has been deprecated: Use `ite_eq_right` instead
warning: Project/ByteIO/Protocol.lean:236:12: `if_neg` has been deprecated: Use `ite_eq_right` instead
info: Project/ByteIO/Protocol.lean:282:0: 'Project.ByteIO.Protocol.writeStep_progress' depends on axioms: [propext, Quot.sound]
info: Project/ByteIO/Protocol.lean:283:0: 'Project.ByteIO.Protocol.write_terminates' depends on axioms: [propext, Quot.sound]
info: Project/ByteIO/Protocol.lean:285:0: 'Project.ByteIO.Protocol.emitted_prefix' depends on axioms: [propext]
info: Project/ByteIO/Protocol.lean:286:0: 'Project.ByteIO.Protocol.successful_write_exact' depends on axioms: [propext]
info: Project/ByteIO/Protocol.lean:287:0: 'Project.ByteIO.Protocol.retry_progress' depends on axioms: [propext, Quot.sound]
Build completed successfully (475 jobs).
leanrun: LEANRUN_LOCAL=1; macOS has no cgroup CPU/memory/swap limits or ionice
leanrun: explicitly authorized inherited priority; nice unavailable
⚠ [2/374] Replayed Interpreter.Wasm.Mem
warning: Interpreter/Wasm/Mem.lean:133:10: `if_neg` has been deprecated: Use `ite_eq_right` instead
warning: Interpreter/Wasm/Mem.lean:152:8: `if_pos` has been deprecated: Use `ite_eq_left` instead
warning: Interpreter/Wasm/Mem.lean:152:19: `if_pos` has been deprecated: Use `ite_eq_left` instead
warning: Interpreter/Wasm/Mem.lean:153:8: `if_neg` has been deprecated: Use `ite_eq_right` instead
warning: Interpreter/Wasm/Mem.lean:155:20: `if_pos` has been deprecated: Use `ite_eq_left` instead
warning: Interpreter/Wasm/Mem.lean:155:32: `if_pos` has been deprecated: Use `ite_eq_left` instead
warning: Interpreter/Wasm/Mem.lean:156:10: `if_neg` has been deprecated: Use `ite_eq_right` instead
warning: Interpreter/Wasm/Mem.lean:156:21: `if_neg` has been deprecated: Use `ite_eq_right` instead
warning: Interpreter/Wasm/Mem.lean:219:10: `dif_pos` has been deprecated: Use `dite_eq_left` instead
warning: Interpreter/Wasm/Mem.lean:222:10: `dif_pos` has been deprecated: Use `dite_eq_left` instead
warning: Interpreter/Wasm/Mem.lean:226:10: `dif_neg` has been deprecated: Use `dite_eq_right` instead
warning: Interpreter/Wasm/Mem.lean:228:12: `dif_pos` has been deprecated: Use `dite_eq_left` instead
warning: Interpreter/Wasm/Mem.lean:231:12: `dif_pos` has been deprecated: Use `dite_eq_left` instead
warning: Interpreter/Wasm/Mem.lean:233:12: `dif_neg` has been deprecated: Use `dite_eq_right` instead
warning: Interpreter/Wasm/Mem.lean:236:12: `dif_neg` has been deprecated: Use `dite_eq_right` instead
warning: Interpreter/Wasm/Mem.lean:246:10: `dif_neg` has been deprecated: Use `dite_eq_right` instead
warning: Interpreter/Wasm/Mem.lean:266:12: `dif_neg` has been deprecated: Use `dite_eq_right` instead
warning: Interpreter/Wasm/Mem.lean:300:44: `if_pos` has been deprecated: Use `ite_eq_left` instead
ℹ [485/703] Replayed Project.ByteIO.Memory
info: Project/ByteIO/Memory.lean:132:0: 'Project.ByteIO.commitRead_at' depends on axioms: [propext, Quot.sound]
info: Project/ByteIO/Memory.lean:133:0: 'Project.ByteIO.commitRead_frame' depends on axioms: [propext, Quot.sound]
info: Project/ByteIO/Memory.lean:134:0: 'Project.ByteIO.commitWrite_frame' depends on axioms: [propext, Quot.sound]
⚠ [3045/3049] Replayed Interpreter.Wasm.Semantics.Lemmas
warning: Interpreter/Wasm/Semantics/Lemmas.lean:162:25: `if_pos` has been deprecated: Use `ite_eq_left` instead
warning: Interpreter/Wasm/Semantics/Lemmas.lean:166:50: `if_pos` has been deprecated: Use `ite_eq_left` instead
warning: Interpreter/Wasm/Semantics/Lemmas.lean:168:25: `if_neg` has been deprecated: Use `ite_eq_right` instead
warning: Interpreter/Wasm/Semantics/Lemmas.lean:172:50: `if_neg` has been deprecated: Use `ite_eq_right` instead
warning: Interpreter/Wasm/Semantics/Lemmas.lean:224:40: `if_pos` has been deprecated: Use `ite_eq_left` instead
warning: Interpreter/Wasm/Semantics/Lemmas.lean:226:38: `if_pos` has been deprecated: Use `ite_eq_left` instead
warning: Interpreter/Wasm/Semantics/Lemmas.lean:229:38: `if_neg` has been deprecated: Use `ite_eq_right` instead
warning: Interpreter/Wasm/Semantics/Lemmas.lean:262:40: `if_pos` has been deprecated: Use `ite_eq_left` instead
warning: Interpreter/Wasm/Semantics/Lemmas.lean:264:38: `if_pos` has been deprecated: Use `ite_eq_left` instead
warning: Interpreter/Wasm/Semantics/Lemmas.lean:267:38: `if_neg` has been deprecated: Use `ite_eq_right` instead
warning: Interpreter/Wasm/Semantics/Lemmas.lean:433:15: `if_pos` has been deprecated: Use `ite_eq_left` instead
warning: Interpreter/Wasm/Semantics/Lemmas.lean:443:15: `if_neg` has been deprecated: Use `ite_eq_right` instead
warning: Interpreter/Wasm/Semantics/Lemmas.lean:513:66: `if_pos` has been deprecated: Use `ite_eq_left` instead
ℹ [3048/3049] Replayed Project.ByteIO.Host
info: Project/ByteIO/Host.lean:161:0: 'Project.ByteIO.fdRead_contract' depends on axioms: [propext, Classical.choice, Quot.sound]
info: Project/ByteIO/Host.lean:162:0: 'Project.ByteIO.fdWrite_contract' depends on axioms: [propext, Classical.choice, Quot.sound]
info: Project/ByteIO/Host.lean:163:0: 'Project.ByteIO.readHost_contract' depends on axioms: [propext, Classical.choice, Quot.sound]
info: Project/ByteIO/Host.lean:164:0: 'Project.ByteIO.writeHost_contract' depends on axioms: [propext, Classical.choice, Quot.sound]
⚠ [3049/3049] Replayed Project.ByteIO.Wasi
warning: Project/ByteIO/Wasi.lean:50:46: Used `tac1 <;> tac2` where `(tac1; tac2)` would suffice

Note: This linter can be disabled with `set_option linter.unnecessarySeqFocus false`
warning: Project/ByteIO/Wasi.lean:163:28: This simp argument is unused:
  ih

Hint: Omit it from the simp argument list.
  [apply] simp

Note: This linter can be disabled with `set_option linter.unusedSimpArgs false`
info: Project/ByteIO/Wasi.lean:348:0: 'Project.ByteIO.wasiEnv_satisfies' depends on axioms: [propext, Classical.choice, Quot.sound]
info: Project/ByteIO/Wasi.lean:349:0: 'Project.ByteIO.pollCall_contract' depends on axioms: [propext, Classical.choice, Quot.sound]
info: Project/ByteIO/Wasi.lean:351:0: 'Project.ByteIO.flagsCall_contract' depends on axioms: [propext]
info: Project/ByteIO/Wasi.lean:352:0: 'Project.ByteIO.clockCall_contract' depends on axioms: [propext, Classical.choice, Quot.sound]
info: Project/ByteIO/Wasi.lean:353:0: 'Project.ByteIO.pollTime_monotone' depends on axioms: [propext, Quot.sound]
info: Project/ByteIO/Wasi.lean:354:0: 'Project.ByteIO.pollEvents_count' depends on axioms: [propext, Classical.choice, Quot.sound]
info: Project/ByteIO/Wasi.lean:355:0: 'Project.ByteIO.poll_before_deadline_ready' depends on axioms: [propext, Quot.sound]
info: Project/ByteIO/Wasi.lean:356:0: 'Project.ByteIO.commitPoll_frame' depends on axioms: [propext, Quot.sound]
info: Project/ByteIO/Wasi.lean:357:0: 'Project.ByteIO.exit_records_status' depends on axioms: [propext]
Build completed successfully (3049 jobs).
leanrun: LEANRUN_LOCAL=1; macOS has no cgroup CPU/memory/swap limits or ionice
leanrun: explicitly authorized inherited priority; nice unavailable
⚠ [2/340] Replayed Interpreter.Wasm.Mem
warning: Interpreter/Wasm/Mem.lean:133:10: `if_neg` has been deprecated: Use `ite_eq_right` instead
warning: Interpreter/Wasm/Mem.lean:152:8: `if_pos` has been deprecated: Use `ite_eq_left` instead
warning: Interpreter/Wasm/Mem.lean:152:19: `if_pos` has been deprecated: Use `ite_eq_left` instead
warning: Interpreter/Wasm/Mem.lean:153:8: `if_neg` has been deprecated: Use `ite_eq_right` instead
warning: Interpreter/Wasm/Mem.lean:155:20: `if_pos` has been deprecated: Use `ite_eq_left` instead
warning: Interpreter/Wasm/Mem.lean:155:32: `if_pos` has been deprecated: Use `ite_eq_left` instead
warning: Interpreter/Wasm/Mem.lean:156:10: `if_neg` has been deprecated: Use `ite_eq_right` instead
warning: Interpreter/Wasm/Mem.lean:156:21: `if_neg` has been deprecated: Use `ite_eq_right` instead
warning: Interpreter/Wasm/Mem.lean:219:10: `dif_pos` has been deprecated: Use `dite_eq_left` instead
warning: Interpreter/Wasm/Mem.lean:222:10: `dif_pos` has been deprecated: Use `dite_eq_left` instead
warning: Interpreter/Wasm/Mem.lean:226:10: `dif_neg` has been deprecated: Use `dite_eq_right` instead
warning: Interpreter/Wasm/Mem.lean:228:12: `dif_pos` has been deprecated: Use `dite_eq_left` instead
warning: Interpreter/Wasm/Mem.lean:231:12: `dif_pos` has been deprecated: Use `dite_eq_left` instead
warning: Interpreter/Wasm/Mem.lean:233:12: `dif_neg` has been deprecated: Use `dite_eq_right` instead
warning: Interpreter/Wasm/Mem.lean:236:12: `dif_neg` has been deprecated: Use `dite_eq_right` instead
warning: Interpreter/Wasm/Mem.lean:246:10: `dif_neg` has been deprecated: Use `dite_eq_right` instead
warning: Interpreter/Wasm/Mem.lean:266:12: `dif_neg` has been deprecated: Use `dite_eq_right` instead
warning: Interpreter/Wasm/Mem.lean:300:44: `if_pos` has been deprecated: Use `ite_eq_left` instead
⚠ [749/755] Replayed Project.Artifact.Binary.Proof.Cursor
warning: Project/Artifact/Binary/Proof/Cursor.lean:131:8: `if_pos` has been deprecated: Use `ite_eq_left` instead
warning: Project/Artifact/Binary/Proof/Cursor.lean:145:8: `if_neg` has been deprecated: Use `ite_eq_right` instead
warning: Project/Artifact/Binary/Proof/Cursor.lean:156:8: `if_pos` has been deprecated: Use `ite_eq_left` instead
warning: Project/Artifact/Binary/Proof/Cursor.lean:162:8: `if_neg` has been deprecated: Use `ite_eq_right` instead
warning: Project/Artifact/Binary/Proof/Cursor.lean:180:8: `if_pos` has been deprecated: Use `ite_eq_left` instead
warning: Project/Artifact/Binary/Proof/Cursor.lean:180:8: `if_pos` has been deprecated: Use `ite_eq_left` instead
warning: Project/Artifact/Binary/Proof/Cursor.lean:191:8: `if_neg` has been deprecated: Use `ite_eq_right` instead
⚠ [750/755] Replayed Project.Artifact.Binary.Proof.Leb
warning: Project/Artifact/Binary/Proof/Leb.lean:10:5: Ambiguous namespace `Parser`: it is interpreted as `_root_.Wasm.Binary.Parser` because this `open` occurs inside `namespace Wasm.Binary.Leb.Proof`, while `_root_.Parser` is silently not opened. Specify the namespace unambiguously, e.g. `_root_.Wasm.Binary.Parser`. The warning can sometimes also be addressed by moving the `open` outside of the surrounding `namespace`.

Note: This linter can be disabled with `set_option linter.ambiguousOpen false`
⚠ [751/755] Replayed Project.Artifact.Binary.Proof.Primitives
warning: Project/Artifact/Binary/Proof/Primitives.lean:6:5: Ambiguous namespace `Parser`: it is interpreted as `_root_.Wasm.Binary.Parser` because this `open` occurs inside `namespace Wasm.Binary.Proof`, while `_root_.Parser` is silently not opened. Specify the namespace unambiguously, e.g. `_root_.Wasm.Binary.Parser`. The warning can sometimes also be addressed by moving the `open` outside of the surrounding `namespace`.

Note: This linter can be disabled with `set_option linter.ambiguousOpen false`
⚠ [752/755] Replayed Project.Artifact.Binary.Proof.Decode
warning: Project/Artifact/Binary/Proof/Decode.lean:6:5: Ambiguous namespace `Parser`: it is interpreted as `_root_.Wasm.Binary.Parser` because this `open` occurs inside `namespace Wasm.Binary.Proof`, while `_root_.Parser` is silently not opened. Specify the namespace unambiguously, e.g. `_root_.Wasm.Binary.Parser`. The warning can sometimes also be addressed by moving the `open` outside of the surrounding `namespace`.

Note: This linter can be disabled with `set_option linter.ambiguousOpen false`
⚠ [755/755] Replayed Project.ByteIO.Binary
warning: Project/ByteIO/Binary.lean:117:26: Local variable 'unit' resembles constructor 'PUnit.unit' - write '.unit' (with a dot) or 'PUnit.unit' to use the constructor.

Note: This linter can be disabled with `set_option linter.constructorNameAsVariable false`
warning: Project/ByteIO/Binary.lean:143:22: Local variable 'unit' resembles constructor 'PUnit.unit' - write '.unit' (with a dot) or 'PUnit.unit' to use the constructor.

Note: This linter can be disabled with `set_option linter.constructorNameAsVariable false`
info: Project/ByteIO/Binary.lean:239:0: 'Project.ByteIO.Binary.decode_sound' depends on axioms: [propext, Classical.choice, Quot.sound]
info: Project/ByteIO/Binary.lean:240:0: 'Project.ByteIO.Binary.validate_sound' depends on axioms: [propext, Classical.choice, Quot.sound]
info: Project/ByteIO/Binary.lean:242:0: 'Project.ByteIO.Binary.importEntry_sound' depends on axioms: [propext, Classical.choice, Quot.sound]
info: Project/ByteIO/Binary.lean:243:0: 'Project.ByteIO.Binary.section_sound' depends on axioms: [propext, Classical.choice, Quot.sound]
info: Project/ByteIO/Binary.lean:244:0: 'Project.ByteIO.Binary.translation_fields' depends on axioms: [propext, Quot.sound]
Build completed successfully (755 jobs).
leanrun: LEANRUN_LOCAL=1; macOS has no cgroup CPU/memory/swap limits or ionice
leanrun: explicitly authorized inherited priority; nice unavailable
ℹ [8/9] Replayed Project.Artifact.Binary.Evaluate
info: Project/Artifact/Binary/Evaluate.lean:38:0: 'Wasm.Binary.instructionSequenceAt_apply' does not depend on any axioms
info: Project/Artifact/Binary/Evaluate.lean:66:0: 'Wasm.Binary.code_eq_of_parts' depends on axioms: [propext]
ℹ [9/9] Replayed Project.ByteIO.ArtifactByteLookup
info: Project/ByteIO/ArtifactByteLookup.lean:457:0: 'Project.ByteIO.Artifact.ByteLookup.data_get' depends on axioms: [propext]
Build completed successfully (9 jobs).
leanrun: LEANRUN_LOCAL=1; macOS has no cgroup CPU/memory/swap limits or ionice
leanrun: explicitly authorized inherited priority; nice unavailable
⚠ [2/377] Replayed Interpreter.Wasm.Mem
warning: Interpreter/Wasm/Mem.lean:133:10: `if_neg` has been deprecated: Use `ite_eq_right` instead
warning: Interpreter/Wasm/Mem.lean:152:8: `if_pos` has been deprecated: Use `ite_eq_left` instead
warning: Interpreter/Wasm/Mem.lean:152:19: `if_pos` has been deprecated: Use `ite_eq_left` instead
warning: Interpreter/Wasm/Mem.lean:153:8: `if_neg` has been deprecated: Use `ite_eq_right` instead
warning: Interpreter/Wasm/Mem.lean:155:20: `if_pos` has been deprecated: Use `ite_eq_left` instead
warning: Interpreter/Wasm/Mem.lean:155:32: `if_pos` has been deprecated: Use `ite_eq_left` instead
warning: Interpreter/Wasm/Mem.lean:156:10: `if_neg` has been deprecated: Use `ite_eq_right` instead
warning: Interpreter/Wasm/Mem.lean:156:21: `if_neg` has been deprecated: Use `ite_eq_right` instead
warning: Interpreter/Wasm/Mem.lean:219:10: `dif_pos` has been deprecated: Use `dite_eq_left` instead
warning: Interpreter/Wasm/Mem.lean:222:10: `dif_pos` has been deprecated: Use `dite_eq_left` instead
warning: Interpreter/Wasm/Mem.lean:226:10: `dif_neg` has been deprecated: Use `dite_eq_right` instead
warning: Interpreter/Wasm/Mem.lean:228:12: `dif_pos` has been deprecated: Use `dite_eq_left` instead
warning: Interpreter/Wasm/Mem.lean:231:12: `dif_pos` has been deprecated: Use `dite_eq_left` instead
warning: Interpreter/Wasm/Mem.lean:233:12: `dif_neg` has been deprecated: Use `dite_eq_right` instead
warning: Interpreter/Wasm/Mem.lean:236:12: `dif_neg` has been deprecated: Use `dite_eq_right` instead
warning: Interpreter/Wasm/Mem.lean:246:10: `dif_neg` has been deprecated: Use `dite_eq_right` instead
warning: Interpreter/Wasm/Mem.lean:266:12: `dif_neg` has been deprecated: Use `dite_eq_right` instead
warning: Interpreter/Wasm/Mem.lean:300:44: `if_pos` has been deprecated: Use `ite_eq_left` instead
⚠ [749/762] Replayed Project.Artifact.Binary.Proof.Cursor
warning: Project/Artifact/Binary/Proof/Cursor.lean:131:8: `if_pos` has been deprecated: Use `ite_eq_left` instead
warning: Project/Artifact/Binary/Proof/Cursor.lean:145:8: `if_neg` has been deprecated: Use `ite_eq_right` instead
warning: Project/Artifact/Binary/Proof/Cursor.lean:156:8: `if_pos` has been deprecated: Use `ite_eq_left` instead
warning: Project/Artifact/Binary/Proof/Cursor.lean:162:8: `if_neg` has been deprecated: Use `ite_eq_right` instead
warning: Project/Artifact/Binary/Proof/Cursor.lean:180:8: `if_pos` has been deprecated: Use `ite_eq_left` instead
warning: Project/Artifact/Binary/Proof/Cursor.lean:180:8: `if_pos` has been deprecated: Use `ite_eq_left` instead
warning: Project/Artifact/Binary/Proof/Cursor.lean:191:8: `if_neg` has been deprecated: Use `ite_eq_right` instead
⚠ [750/762] Replayed Project.Artifact.Binary.Proof.Leb
warning: Project/Artifact/Binary/Proof/Leb.lean:10:5: Ambiguous namespace `Parser`: it is interpreted as `_root_.Wasm.Binary.Parser` because this `open` occurs inside `namespace Wasm.Binary.Leb.Proof`, while `_root_.Parser` is silently not opened. Specify the namespace unambiguously, e.g. `_root_.Wasm.Binary.Parser`. The warning can sometimes also be addressed by moving the `open` outside of the surrounding `namespace`.

Note: This linter can be disabled with `set_option linter.ambiguousOpen false`
⚠ [751/762] Replayed Project.Artifact.Binary.Proof.Primitives
warning: Project/Artifact/Binary/Proof/Primitives.lean:6:5: Ambiguous namespace `Parser`: it is interpreted as `_root_.Wasm.Binary.Parser` because this `open` occurs inside `namespace Wasm.Binary.Proof`, while `_root_.Parser` is silently not opened. Specify the namespace unambiguously, e.g. `_root_.Wasm.Binary.Parser`. The warning can sometimes also be addressed by moving the `open` outside of the surrounding `namespace`.

Note: This linter can be disabled with `set_option linter.ambiguousOpen false`
⚠ [752/762] Replayed Project.Artifact.Binary.Proof.Decode
warning: Project/Artifact/Binary/Proof/Decode.lean:6:5: Ambiguous namespace `Parser`: it is interpreted as `_root_.Wasm.Binary.Parser` because this `open` occurs inside `namespace Wasm.Binary.Proof`, while `_root_.Parser` is silently not opened. Specify the namespace unambiguously, e.g. `_root_.Wasm.Binary.Parser`. The warning can sometimes also be addressed by moving the `open` outside of the surrounding `namespace`.

Note: This linter can be disabled with `set_option linter.ambiguousOpen false`
⚠ [755/762] Replayed Project.ByteIO.Binary
warning: Project/ByteIO/Binary.lean:117:26: Local variable 'unit' resembles constructor 'PUnit.unit' - write '.unit' (with a dot) or 'PUnit.unit' to use the constructor.

Note: This linter can be disabled with `set_option linter.constructorNameAsVariable false`
warning: Project/ByteIO/Binary.lean:143:22: Local variable 'unit' resembles constructor 'PUnit.unit' - write '.unit' (with a dot) or 'PUnit.unit' to use the constructor.

Note: This linter can be disabled with `set_option linter.constructorNameAsVariable false`
info: Project/ByteIO/Binary.lean:239:0: 'Project.ByteIO.Binary.decode_sound' depends on axioms: [propext, Classical.choice, Quot.sound]
info: Project/ByteIO/Binary.lean:240:0: 'Project.ByteIO.Binary.validate_sound' depends on axioms: [propext, Classical.choice, Quot.sound]
info: Project/ByteIO/Binary.lean:242:0: 'Project.ByteIO.Binary.importEntry_sound' depends on axioms: [propext, Classical.choice, Quot.sound]
info: Project/ByteIO/Binary.lean:243:0: 'Project.ByteIO.Binary.section_sound' depends on axioms: [propext, Classical.choice, Quot.sound]
info: Project/ByteIO/Binary.lean:244:0: 'Project.ByteIO.Binary.translation_fields' depends on axioms: [propext, Quot.sound]
ℹ [758/762] Replayed Project.Artifact.Binary.Evaluate
info: Project/Artifact/Binary/Evaluate.lean:38:0: 'Wasm.Binary.instructionSequenceAt_apply' does not depend on any axioms
info: Project/Artifact/Binary/Evaluate.lean:66:0: 'Wasm.Binary.code_eq_of_parts' depends on axioms: [propext]
ℹ [759/762] Replayed Project.ByteIO.ArtifactByteLookup
info: Project/ByteIO/ArtifactByteLookup.lean:457:0: 'Project.ByteIO.Artifact.ByteLookup.data_get' depends on axioms: [propext]
ℹ [760/762] Replayed Project.Artifact.Binary.CodeParts
info: Project/Artifact/Binary/CodeParts.lean:37:0: 'Wasm.Binary.vectorLoop_eq_cons' depends on axioms: [propext]
info: Project/Artifact/Binary/CodeParts.lean:38:0: 'Wasm.Binary.vector_eq_of_parts' depends on axioms: [propext]
info: Project/Artifact/Binary/CodeParts.lean:39:0: 'Wasm.Binary.sized_eq_of_parts' depends on axioms: [propext]
⚠ [761/762] Replayed Project.ByteIO.BinaryParts
warning: Project/ByteIO/BinaryParts.lean:12:33: This simp argument is unused:
  Pure.pure

Hint: Omit it from the simp argument list.
  [apply] simp [parseSection, Bind.bind, Parser.instMonad, Except.bind, hid, hbody]

Note: This linter can be disabled with `set_option linter.unusedSimpArgs false`
warning: Project/ByteIO/BinaryParts.lean:12:44: This simp argument is unused:
  Parser.instMonad

Hint: Omit it from the simp argument list.
  [apply] simp [parseSection, Bind.bind, Pure.pure, Except.bind, hid, hbody]

Note: This linter can be disabled with `set_option linter.unusedSimpArgs false`
info: Project/ByteIO/BinaryParts.lean:14:0: 'Project.ByteIO.Binary.parseSection_eq_of_parts' depends on axioms: [propext]
ℹ [762/762] Replayed Project.ByteIO.ArtifactSections
info: Project/ByteIO/ArtifactSections.lean:15:0: 'Project.ByteIO.Artifact.types_parsed' depends on axioms: [propext]
info: Project/ByteIO/ArtifactSections.lean:98:0: 'Project.ByteIO.Artifact.imports_parsed' depends on axioms: [propext, Classical.choice, Quot.sound]
info: Project/ByteIO/ArtifactSections.lean:104:0: 'Project.ByteIO.Artifact.functions_parsed' depends on axioms: [propext]
info: Project/ByteIO/ArtifactSections.lean:110:0: 'Project.ByteIO.Artifact.memories_parsed' depends on axioms: [propext]
info: Project/ByteIO/ArtifactSections.lean:116:0: 'Project.ByteIO.Artifact.globals_parsed' depends on axioms: [propext]
info: Project/ByteIO/ArtifactSections.lean:122:0: 'Project.ByteIO.Artifact.exports_parsed' depends on axioms: [propext, Classical.choice, Quot.sound]
Build completed successfully (762 jobs).
leanrun: LEANRUN_LOCAL=1; macOS has no cgroup CPU/memory/swap limits or ionice
leanrun: explicitly authorized inherited priority; nice unavailable
ℹ [7/374] Replayed Project.Artifact.Binary.Evaluate
info: Project/Artifact/Binary/Evaluate.lean:38:0: 'Wasm.Binary.instructionSequenceAt_apply' does not depend on any axioms
info: Project/Artifact/Binary/Evaluate.lean:66:0: 'Wasm.Binary.code_eq_of_parts' depends on axioms: [propext]
ℹ [8/374] Replayed Project.ByteIO.ArtifactByteLookup
info: Project/ByteIO/ArtifactByteLookup.lean:457:0: 'Project.ByteIO.Artifact.ByteLookup.data_get' depends on axioms: [propext]
⚠ [10/374] Replayed Interpreter.Wasm.Mem
warning: Interpreter/Wasm/Mem.lean:133:10: `if_neg` has been deprecated: Use `ite_eq_right` instead
warning: Interpreter/Wasm/Mem.lean:152:8: `if_pos` has been deprecated: Use `ite_eq_left` instead
warning: Interpreter/Wasm/Mem.lean:152:19: `if_pos` has been deprecated: Use `ite_eq_left` instead
warning: Interpreter/Wasm/Mem.lean:153:8: `if_neg` has been deprecated: Use `ite_eq_right` instead
warning: Interpreter/Wasm/Mem.lean:155:20: `if_pos` has been deprecated: Use `ite_eq_left` instead
warning: Interpreter/Wasm/Mem.lean:155:32: `if_pos` has been deprecated: Use `ite_eq_left` instead
warning: Interpreter/Wasm/Mem.lean:156:10: `if_neg` has been deprecated: Use `ite_eq_right` instead
warning: Interpreter/Wasm/Mem.lean:156:21: `if_neg` has been deprecated: Use `ite_eq_right` instead
warning: Interpreter/Wasm/Mem.lean:219:10: `dif_pos` has been deprecated: Use `dite_eq_left` instead
warning: Interpreter/Wasm/Mem.lean:222:10: `dif_pos` has been deprecated: Use `dite_eq_left` instead
warning: Interpreter/Wasm/Mem.lean:226:10: `dif_neg` has been deprecated: Use `dite_eq_right` instead
warning: Interpreter/Wasm/Mem.lean:228:12: `dif_pos` has been deprecated: Use `dite_eq_left` instead
warning: Interpreter/Wasm/Mem.lean:231:12: `dif_pos` has been deprecated: Use `dite_eq_left` instead
warning: Interpreter/Wasm/Mem.lean:233:12: `dif_neg` has been deprecated: Use `dite_eq_right` instead
warning: Interpreter/Wasm/Mem.lean:236:12: `dif_neg` has been deprecated: Use `dite_eq_right` instead
warning: Interpreter/Wasm/Mem.lean:246:10: `dif_neg` has been deprecated: Use `dite_eq_right` instead
warning: Interpreter/Wasm/Mem.lean:266:12: `dif_neg` has been deprecated: Use `dite_eq_right` instead
warning: Interpreter/Wasm/Mem.lean:300:44: `if_pos` has been deprecated: Use `ite_eq_left` instead
⚠ [752/761] Replayed Project.Artifact.Binary.Proof.Cursor
warning: Project/Artifact/Binary/Proof/Cursor.lean:131:8: `if_pos` has been deprecated: Use `ite_eq_left` instead
warning: Project/Artifact/Binary/Proof/Cursor.lean:145:8: `if_neg` has been deprecated: Use `ite_eq_right` instead
warning: Project/Artifact/Binary/Proof/Cursor.lean:156:8: `if_pos` has been deprecated: Use `ite_eq_left` instead
warning: Project/Artifact/Binary/Proof/Cursor.lean:162:8: `if_neg` has been deprecated: Use `ite_eq_right` instead
warning: Project/Artifact/Binary/Proof/Cursor.lean:180:8: `if_pos` has been deprecated: Use `ite_eq_left` instead
warning: Project/Artifact/Binary/Proof/Cursor.lean:180:8: `if_pos` has been deprecated: Use `ite_eq_left` instead
warning: Project/Artifact/Binary/Proof/Cursor.lean:191:8: `if_neg` has been deprecated: Use `ite_eq_right` instead
⚠ [753/761] Replayed Project.Artifact.Binary.Proof.Leb
warning: Project/Artifact/Binary/Proof/Leb.lean:10:5: Ambiguous namespace `Parser`: it is interpreted as `_root_.Wasm.Binary.Parser` because this `open` occurs inside `namespace Wasm.Binary.Leb.Proof`, while `_root_.Parser` is silently not opened. Specify the namespace unambiguously, e.g. `_root_.Wasm.Binary.Parser`. The warning can sometimes also be addressed by moving the `open` outside of the surrounding `namespace`.

Note: This linter can be disabled with `set_option linter.ambiguousOpen false`
⚠ [754/761] Replayed Project.Artifact.Binary.Proof.Primitives
warning: Project/Artifact/Binary/Proof/Primitives.lean:6:5: Ambiguous namespace `Parser`: it is interpreted as `_root_.Wasm.Binary.Parser` because this `open` occurs inside `namespace Wasm.Binary.Proof`, while `_root_.Parser` is silently not opened. Specify the namespace unambiguously, e.g. `_root_.Wasm.Binary.Parser`. The warning can sometimes also be addressed by moving the `open` outside of the surrounding `namespace`.

Note: This linter can be disabled with `set_option linter.ambiguousOpen false`
⚠ [755/761] Replayed Project.Artifact.Binary.Proof.Decode
warning: Project/Artifact/Binary/Proof/Decode.lean:6:5: Ambiguous namespace `Parser`: it is interpreted as `_root_.Wasm.Binary.Parser` because this `open` occurs inside `namespace Wasm.Binary.Proof`, while `_root_.Parser` is silently not opened. Specify the namespace unambiguously, e.g. `_root_.Wasm.Binary.Parser`. The warning can sometimes also be addressed by moving the `open` outside of the surrounding `namespace`.

Note: This linter can be disabled with `set_option linter.ambiguousOpen false`
⚠ [758/761] Replayed Project.ByteIO.Binary
warning: Project/ByteIO/Binary.lean:117:26: Local variable 'unit' resembles constructor 'PUnit.unit' - write '.unit' (with a dot) or 'PUnit.unit' to use the constructor.

Note: This linter can be disabled with `set_option linter.constructorNameAsVariable false`
warning: Project/ByteIO/Binary.lean:143:22: Local variable 'unit' resembles constructor 'PUnit.unit' - write '.unit' (with a dot) or 'PUnit.unit' to use the constructor.

Note: This linter can be disabled with `set_option linter.constructorNameAsVariable false`
info: Project/ByteIO/Binary.lean:239:0: 'Project.ByteIO.Binary.decode_sound' depends on axioms: [propext, Classical.choice, Quot.sound]
info: Project/ByteIO/Binary.lean:240:0: 'Project.ByteIO.Binary.validate_sound' depends on axioms: [propext, Classical.choice, Quot.sound]
info: Project/ByteIO/Binary.lean:242:0: 'Project.ByteIO.Binary.importEntry_sound' depends on axioms: [propext, Classical.choice, Quot.sound]
info: Project/ByteIO/Binary.lean:243:0: 'Project.ByteIO.Binary.section_sound' depends on axioms: [propext, Classical.choice, Quot.sound]
info: Project/ByteIO/Binary.lean:244:0: 'Project.ByteIO.Binary.translation_fields' depends on axioms: [propext, Quot.sound]
ℹ [760/761] Replayed Project.Artifact.Binary.CodeParts
info: Project/Artifact/Binary/CodeParts.lean:37:0: 'Wasm.Binary.vectorLoop_eq_cons' depends on axioms: [propext]
info: Project/Artifact/Binary/CodeParts.lean:38:0: 'Wasm.Binary.vector_eq_of_parts' depends on axioms: [propext]
info: Project/Artifact/Binary/CodeParts.lean:39:0: 'Wasm.Binary.sized_eq_of_parts' depends on axioms: [propext]
ℹ [761/761] Replayed Project.ByteIO.ArtifactCode0
info: Project/ByteIO/ArtifactCode0.lean:34:0: 'Project.ByteIO.Artifact.code0_decoded' depends on axioms: [propext]
Build completed successfully (761 jobs).
leanrun: LEANRUN_LOCAL=1; macOS has no cgroup CPU/memory/swap limits or ionice
leanrun: explicitly authorized inherited priority; nice unavailable
ℹ [7/328] Replayed Project.Artifact.Binary.Evaluate
info: Project/Artifact/Binary/Evaluate.lean:38:0: 'Wasm.Binary.instructionSequenceAt_apply' does not depend on any axioms
info: Project/Artifact/Binary/Evaluate.lean:66:0: 'Wasm.Binary.code_eq_of_parts' depends on axioms: [propext]
ℹ [8/328] Replayed Project.ByteIO.ArtifactByteLookup
info: Project/ByteIO/ArtifactByteLookup.lean:457:0: 'Project.ByteIO.Artifact.ByteLookup.data_get' depends on axioms: [propext]
⚠ [10/328] Replayed Interpreter.Wasm.Mem
warning: Interpreter/Wasm/Mem.lean:133:10: `if_neg` has been deprecated: Use `ite_eq_right` instead
warning: Interpreter/Wasm/Mem.lean:152:8: `if_pos` has been deprecated: Use `ite_eq_left` instead
warning: Interpreter/Wasm/Mem.lean:152:19: `if_pos` has been deprecated: Use `ite_eq_left` instead
warning: Interpreter/Wasm/Mem.lean:153:8: `if_neg` has been deprecated: Use `ite_eq_right` instead
warning: Interpreter/Wasm/Mem.lean:155:20: `if_pos` has been deprecated: Use `ite_eq_left` instead
warning: Interpreter/Wasm/Mem.lean:155:32: `if_pos` has been deprecated: Use `ite_eq_left` instead
warning: Interpreter/Wasm/Mem.lean:156:10: `if_neg` has been deprecated: Use `ite_eq_right` instead
warning: Interpreter/Wasm/Mem.lean:156:21: `if_neg` has been deprecated: Use `ite_eq_right` instead
warning: Interpreter/Wasm/Mem.lean:219:10: `dif_pos` has been deprecated: Use `dite_eq_left` instead
warning: Interpreter/Wasm/Mem.lean:222:10: `dif_pos` has been deprecated: Use `dite_eq_left` instead
warning: Interpreter/Wasm/Mem.lean:226:10: `dif_neg` has been deprecated: Use `dite_eq_right` instead
warning: Interpreter/Wasm/Mem.lean:228:12: `dif_pos` has been deprecated: Use `dite_eq_left` instead
warning: Interpreter/Wasm/Mem.lean:231:12: `dif_pos` has been deprecated: Use `dite_eq_left` instead
warning: Interpreter/Wasm/Mem.lean:233:12: `dif_neg` has been deprecated: Use `dite_eq_right` instead
warning: Interpreter/Wasm/Mem.lean:236:12: `dif_neg` has been deprecated: Use `dite_eq_right` instead
warning: Interpreter/Wasm/Mem.lean:246:10: `dif_neg` has been deprecated: Use `dite_eq_right` instead
warning: Interpreter/Wasm/Mem.lean:266:12: `dif_neg` has been deprecated: Use `dite_eq_right` instead
warning: Interpreter/Wasm/Mem.lean:300:44: `if_pos` has been deprecated: Use `ite_eq_left` instead
⚠ [752/761] Replayed Project.Artifact.Binary.Proof.Cursor
warning: Project/Artifact/Binary/Proof/Cursor.lean:131:8: `if_pos` has been deprecated: Use `ite_eq_left` instead
warning: Project/Artifact/Binary/Proof/Cursor.lean:145:8: `if_neg` has been deprecated: Use `ite_eq_right` instead
warning: Project/Artifact/Binary/Proof/Cursor.lean:156:8: `if_pos` has been deprecated: Use `ite_eq_left` instead
warning: Project/Artifact/Binary/Proof/Cursor.lean:162:8: `if_neg` has been deprecated: Use `ite_eq_right` instead
warning: Project/Artifact/Binary/Proof/Cursor.lean:180:8: `if_pos` has been deprecated: Use `ite_eq_left` instead
warning: Project/Artifact/Binary/Proof/Cursor.lean:180:8: `if_pos` has been deprecated: Use `ite_eq_left` instead
warning: Project/Artifact/Binary/Proof/Cursor.lean:191:8: `if_neg` has been deprecated: Use `ite_eq_right` instead
⚠ [753/761] Replayed Project.Artifact.Binary.Proof.Leb
warning: Project/Artifact/Binary/Proof/Leb.lean:10:5: Ambiguous namespace `Parser`: it is interpreted as `_root_.Wasm.Binary.Parser` because this `open` occurs inside `namespace Wasm.Binary.Leb.Proof`, while `_root_.Parser` is silently not opened. Specify the namespace unambiguously, e.g. `_root_.Wasm.Binary.Parser`. The warning can sometimes also be addressed by moving the `open` outside of the surrounding `namespace`.

Note: This linter can be disabled with `set_option linter.ambiguousOpen false`
⚠ [754/761] Replayed Project.Artifact.Binary.Proof.Primitives
warning: Project/Artifact/Binary/Proof/Primitives.lean:6:5: Ambiguous namespace `Parser`: it is interpreted as `_root_.Wasm.Binary.Parser` because this `open` occurs inside `namespace Wasm.Binary.Proof`, while `_root_.Parser` is silently not opened. Specify the namespace unambiguously, e.g. `_root_.Wasm.Binary.Parser`. The warning can sometimes also be addressed by moving the `open` outside of the surrounding `namespace`.

Note: This linter can be disabled with `set_option linter.ambiguousOpen false`
⚠ [755/761] Replayed Project.Artifact.Binary.Proof.Decode
warning: Project/Artifact/Binary/Proof/Decode.lean:6:5: Ambiguous namespace `Parser`: it is interpreted as `_root_.Wasm.Binary.Parser` because this `open` occurs inside `namespace Wasm.Binary.Proof`, while `_root_.Parser` is silently not opened. Specify the namespace unambiguously, e.g. `_root_.Wasm.Binary.Parser`. The warning can sometimes also be addressed by moving the `open` outside of the surrounding `namespace`.

Note: This linter can be disabled with `set_option linter.ambiguousOpen false`
⚠ [758/761] Replayed Project.ByteIO.Binary
warning: Project/ByteIO/Binary.lean:117:26: Local variable 'unit' resembles constructor 'PUnit.unit' - write '.unit' (with a dot) or 'PUnit.unit' to use the constructor.

Note: This linter can be disabled with `set_option linter.constructorNameAsVariable false`
warning: Project/ByteIO/Binary.lean:143:22: Local variable 'unit' resembles constructor 'PUnit.unit' - write '.unit' (with a dot) or 'PUnit.unit' to use the constructor.

Note: This linter can be disabled with `set_option linter.constructorNameAsVariable false`
info: Project/ByteIO/Binary.lean:239:0: 'Project.ByteIO.Binary.decode_sound' depends on axioms: [propext, Classical.choice, Quot.sound]
info: Project/ByteIO/Binary.lean:240:0: 'Project.ByteIO.Binary.validate_sound' depends on axioms: [propext, Classical.choice, Quot.sound]
info: Project/ByteIO/Binary.lean:242:0: 'Project.ByteIO.Binary.importEntry_sound' depends on axioms: [propext, Classical.choice, Quot.sound]
info: Project/ByteIO/Binary.lean:243:0: 'Project.ByteIO.Binary.section_sound' depends on axioms: [propext, Classical.choice, Quot.sound]
info: Project/ByteIO/Binary.lean:244:0: 'Project.ByteIO.Binary.translation_fields' depends on axioms: [propext, Quot.sound]
ℹ [760/761] Replayed Project.Artifact.Binary.CodeParts
info: Project/Artifact/Binary/CodeParts.lean:37:0: 'Wasm.Binary.vectorLoop_eq_cons' depends on axioms: [propext]
info: Project/Artifact/Binary/CodeParts.lean:38:0: 'Wasm.Binary.vector_eq_of_parts' depends on axioms: [propext]
info: Project/Artifact/Binary/CodeParts.lean:39:0: 'Wasm.Binary.sized_eq_of_parts' depends on axioms: [propext]
ℹ [761/761] Replayed Project.ByteIO.ArtifactCode1
info: Project/ByteIO/ArtifactCode1.lean:89:0: 'Project.ByteIO.Artifact.code1_decoded' depends on axioms: [propext]
Build completed successfully (761 jobs).
leanrun: LEANRUN_LOCAL=1; macOS has no cgroup CPU/memory/swap limits or ionice
leanrun: explicitly authorized inherited priority; nice unavailable
ℹ [7/344] Replayed Project.Artifact.Binary.Evaluate
info: Project/Artifact/Binary/Evaluate.lean:38:0: 'Wasm.Binary.instructionSequenceAt_apply' does not depend on any axioms
info: Project/Artifact/Binary/Evaluate.lean:66:0: 'Wasm.Binary.code_eq_of_parts' depends on axioms: [propext]
ℹ [8/344] Replayed Project.ByteIO.ArtifactByteLookup
info: Project/ByteIO/ArtifactByteLookup.lean:457:0: 'Project.ByteIO.Artifact.ByteLookup.data_get' depends on axioms: [propext]
⚠ [10/344] Replayed Interpreter.Wasm.Mem
warning: Interpreter/Wasm/Mem.lean:133:10: `if_neg` has been deprecated: Use `ite_eq_right` instead
warning: Interpreter/Wasm/Mem.lean:152:8: `if_pos` has been deprecated: Use `ite_eq_left` instead
warning: Interpreter/Wasm/Mem.lean:152:19: `if_pos` has been deprecated: Use `ite_eq_left` instead
warning: Interpreter/Wasm/Mem.lean:153:8: `if_neg` has been deprecated: Use `ite_eq_right` instead
warning: Interpreter/Wasm/Mem.lean:155:20: `if_pos` has been deprecated: Use `ite_eq_left` instead
warning: Interpreter/Wasm/Mem.lean:155:32: `if_pos` has been deprecated: Use `ite_eq_left` instead
warning: Interpreter/Wasm/Mem.lean:156:10: `if_neg` has been deprecated: Use `ite_eq_right` instead
warning: Interpreter/Wasm/Mem.lean:156:21: `if_neg` has been deprecated: Use `ite_eq_right` instead
warning: Interpreter/Wasm/Mem.lean:219:10: `dif_pos` has been deprecated: Use `dite_eq_left` instead
warning: Interpreter/Wasm/Mem.lean:222:10: `dif_pos` has been deprecated: Use `dite_eq_left` instead
warning: Interpreter/Wasm/Mem.lean:226:10: `dif_neg` has been deprecated: Use `dite_eq_right` instead
warning: Interpreter/Wasm/Mem.lean:228:12: `dif_pos` has been deprecated: Use `dite_eq_left` instead
warning: Interpreter/Wasm/Mem.lean:231:12: `dif_pos` has been deprecated: Use `dite_eq_left` instead
warning: Interpreter/Wasm/Mem.lean:233:12: `dif_neg` has been deprecated: Use `dite_eq_right` instead
warning: Interpreter/Wasm/Mem.lean:236:12: `dif_neg` has been deprecated: Use `dite_eq_right` instead
warning: Interpreter/Wasm/Mem.lean:246:10: `dif_neg` has been deprecated: Use `dite_eq_right` instead
warning: Interpreter/Wasm/Mem.lean:266:12: `dif_neg` has been deprecated: Use `dite_eq_right` instead
warning: Interpreter/Wasm/Mem.lean:300:44: `if_pos` has been deprecated: Use `ite_eq_left` instead
⚠ [752/761] Replayed Project.Artifact.Binary.Proof.Cursor
warning: Project/Artifact/Binary/Proof/Cursor.lean:131:8: `if_pos` has been deprecated: Use `ite_eq_left` instead
warning: Project/Artifact/Binary/Proof/Cursor.lean:145:8: `if_neg` has been deprecated: Use `ite_eq_right` instead
warning: Project/Artifact/Binary/Proof/Cursor.lean:156:8: `if_pos` has been deprecated: Use `ite_eq_left` instead
warning: Project/Artifact/Binary/Proof/Cursor.lean:162:8: `if_neg` has been deprecated: Use `ite_eq_right` instead
warning: Project/Artifact/Binary/Proof/Cursor.lean:180:8: `if_pos` has been deprecated: Use `ite_eq_left` instead
warning: Project/Artifact/Binary/Proof/Cursor.lean:180:8: `if_pos` has been deprecated: Use `ite_eq_left` instead
warning: Project/Artifact/Binary/Proof/Cursor.lean:191:8: `if_neg` has been deprecated: Use `ite_eq_right` instead
⚠ [753/761] Replayed Project.Artifact.Binary.Proof.Leb
warning: Project/Artifact/Binary/Proof/Leb.lean:10:5: Ambiguous namespace `Parser`: it is interpreted as `_root_.Wasm.Binary.Parser` because this `open` occurs inside `namespace Wasm.Binary.Leb.Proof`, while `_root_.Parser` is silently not opened. Specify the namespace unambiguously, e.g. `_root_.Wasm.Binary.Parser`. The warning can sometimes also be addressed by moving the `open` outside of the surrounding `namespace`.

Note: This linter can be disabled with `set_option linter.ambiguousOpen false`
⚠ [754/761] Replayed Project.Artifact.Binary.Proof.Primitives
warning: Project/Artifact/Binary/Proof/Primitives.lean:6:5: Ambiguous namespace `Parser`: it is interpreted as `_root_.Wasm.Binary.Parser` because this `open` occurs inside `namespace Wasm.Binary.Proof`, while `_root_.Parser` is silently not opened. Specify the namespace unambiguously, e.g. `_root_.Wasm.Binary.Parser`. The warning can sometimes also be addressed by moving the `open` outside of the surrounding `namespace`.

Note: This linter can be disabled with `set_option linter.ambiguousOpen false`
⚠ [755/761] Replayed Project.Artifact.Binary.Proof.Decode
warning: Project/Artifact/Binary/Proof/Decode.lean:6:5: Ambiguous namespace `Parser`: it is interpreted as `_root_.Wasm.Binary.Parser` because this `open` occurs inside `namespace Wasm.Binary.Proof`, while `_root_.Parser` is silently not opened. Specify the namespace unambiguously, e.g. `_root_.Wasm.Binary.Parser`. The warning can sometimes also be addressed by moving the `open` outside of the surrounding `namespace`.

Note: This linter can be disabled with `set_option linter.ambiguousOpen false`
⚠ [758/761] Replayed Project.ByteIO.Binary
warning: Project/ByteIO/Binary.lean:117:26: Local variable 'unit' resembles constructor 'PUnit.unit' - write '.unit' (with a dot) or 'PUnit.unit' to use the constructor.

Note: This linter can be disabled with `set_option linter.constructorNameAsVariable false`
warning: Project/ByteIO/Binary.lean:143:22: Local variable 'unit' resembles constructor 'PUnit.unit' - write '.unit' (with a dot) or 'PUnit.unit' to use the constructor.

Note: This linter can be disabled with `set_option linter.constructorNameAsVariable false`
info: Project/ByteIO/Binary.lean:239:0: 'Project.ByteIO.Binary.decode_sound' depends on axioms: [propext, Classical.choice, Quot.sound]
info: Project/ByteIO/Binary.lean:240:0: 'Project.ByteIO.Binary.validate_sound' depends on axioms: [propext, Classical.choice, Quot.sound]
info: Project/ByteIO/Binary.lean:242:0: 'Project.ByteIO.Binary.importEntry_sound' depends on axioms: [propext, Classical.choice, Quot.sound]
info: Project/ByteIO/Binary.lean:243:0: 'Project.ByteIO.Binary.section_sound' depends on axioms: [propext, Classical.choice, Quot.sound]
info: Project/ByteIO/Binary.lean:244:0: 'Project.ByteIO.Binary.translation_fields' depends on axioms: [propext, Quot.sound]
ℹ [760/761] Replayed Project.Artifact.Binary.CodeParts
info: Project/Artifact/Binary/CodeParts.lean:37:0: 'Wasm.Binary.vectorLoop_eq_cons' depends on axioms: [propext]
info: Project/Artifact/Binary/CodeParts.lean:38:0: 'Wasm.Binary.vector_eq_of_parts' depends on axioms: [propext]
info: Project/Artifact/Binary/CodeParts.lean:39:0: 'Wasm.Binary.sized_eq_of_parts' depends on axioms: [propext]
ℹ [761/761] Replayed Project.ByteIO.ArtifactCode2
info: Project/ByteIO/ArtifactCode2.lean:49:0: 'Project.ByteIO.Artifact.code2_decoded' depends on axioms: [propext]
Build completed successfully (761 jobs).
leanrun: LEANRUN_LOCAL=1; macOS has no cgroup CPU/memory/swap limits or ionice
leanrun: explicitly authorized inherited priority; nice unavailable
ℹ [7/343] Replayed Project.Artifact.Binary.Evaluate
info: Project/Artifact/Binary/Evaluate.lean:38:0: 'Wasm.Binary.instructionSequenceAt_apply' does not depend on any axioms
info: Project/Artifact/Binary/Evaluate.lean:66:0: 'Wasm.Binary.code_eq_of_parts' depends on axioms: [propext]
ℹ [8/343] Replayed Project.ByteIO.ArtifactByteLookup
info: Project/ByteIO/ArtifactByteLookup.lean:457:0: 'Project.ByteIO.Artifact.ByteLookup.data_get' depends on axioms: [propext]
⚠ [10/343] Replayed Interpreter.Wasm.Mem
warning: Interpreter/Wasm/Mem.lean:133:10: `if_neg` has been deprecated: Use `ite_eq_right` instead
warning: Interpreter/Wasm/Mem.lean:152:8: `if_pos` has been deprecated: Use `ite_eq_left` instead
warning: Interpreter/Wasm/Mem.lean:152:19: `if_pos` has been deprecated: Use `ite_eq_left` instead
warning: Interpreter/Wasm/Mem.lean:153:8: `if_neg` has been deprecated: Use `ite_eq_right` instead
warning: Interpreter/Wasm/Mem.lean:155:20: `if_pos` has been deprecated: Use `ite_eq_left` instead
warning: Interpreter/Wasm/Mem.lean:155:32: `if_pos` has been deprecated: Use `ite_eq_left` instead
warning: Interpreter/Wasm/Mem.lean:156:10: `if_neg` has been deprecated: Use `ite_eq_right` instead
warning: Interpreter/Wasm/Mem.lean:156:21: `if_neg` has been deprecated: Use `ite_eq_right` instead
warning: Interpreter/Wasm/Mem.lean:219:10: `dif_pos` has been deprecated: Use `dite_eq_left` instead
warning: Interpreter/Wasm/Mem.lean:222:10: `dif_pos` has been deprecated: Use `dite_eq_left` instead
warning: Interpreter/Wasm/Mem.lean:226:10: `dif_neg` has been deprecated: Use `dite_eq_right` instead
warning: Interpreter/Wasm/Mem.lean:228:12: `dif_pos` has been deprecated: Use `dite_eq_left` instead
warning: Interpreter/Wasm/Mem.lean:231:12: `dif_pos` has been deprecated: Use `dite_eq_left` instead
warning: Interpreter/Wasm/Mem.lean:233:12: `dif_neg` has been deprecated: Use `dite_eq_right` instead
warning: Interpreter/Wasm/Mem.lean:236:12: `dif_neg` has been deprecated: Use `dite_eq_right` instead
warning: Interpreter/Wasm/Mem.lean:246:10: `dif_neg` has been deprecated: Use `dite_eq_right` instead
warning: Interpreter/Wasm/Mem.lean:266:12: `dif_neg` has been deprecated: Use `dite_eq_right` instead
warning: Interpreter/Wasm/Mem.lean:300:44: `if_pos` has been deprecated: Use `ite_eq_left` instead
⚠ [752/761] Replayed Project.Artifact.Binary.Proof.Cursor
warning: Project/Artifact/Binary/Proof/Cursor.lean:131:8: `if_pos` has been deprecated: Use `ite_eq_left` instead
warning: Project/Artifact/Binary/Proof/Cursor.lean:145:8: `if_neg` has been deprecated: Use `ite_eq_right` instead
warning: Project/Artifact/Binary/Proof/Cursor.lean:156:8: `if_pos` has been deprecated: Use `ite_eq_left` instead
warning: Project/Artifact/Binary/Proof/Cursor.lean:162:8: `if_neg` has been deprecated: Use `ite_eq_right` instead
warning: Project/Artifact/Binary/Proof/Cursor.lean:180:8: `if_pos` has been deprecated: Use `ite_eq_left` instead
warning: Project/Artifact/Binary/Proof/Cursor.lean:180:8: `if_pos` has been deprecated: Use `ite_eq_left` instead
warning: Project/Artifact/Binary/Proof/Cursor.lean:191:8: `if_neg` has been deprecated: Use `ite_eq_right` instead
⚠ [753/761] Replayed Project.Artifact.Binary.Proof.Leb
warning: Project/Artifact/Binary/Proof/Leb.lean:10:5: Ambiguous namespace `Parser`: it is interpreted as `_root_.Wasm.Binary.Parser` because this `open` occurs inside `namespace Wasm.Binary.Leb.Proof`, while `_root_.Parser` is silently not opened. Specify the namespace unambiguously, e.g. `_root_.Wasm.Binary.Parser`. The warning can sometimes also be addressed by moving the `open` outside of the surrounding `namespace`.

Note: This linter can be disabled with `set_option linter.ambiguousOpen false`
⚠ [754/761] Replayed Project.Artifact.Binary.Proof.Primitives
warning: Project/Artifact/Binary/Proof/Primitives.lean:6:5: Ambiguous namespace `Parser`: it is interpreted as `_root_.Wasm.Binary.Parser` because this `open` occurs inside `namespace Wasm.Binary.Proof`, while `_root_.Parser` is silently not opened. Specify the namespace unambiguously, e.g. `_root_.Wasm.Binary.Parser`. The warning can sometimes also be addressed by moving the `open` outside of the surrounding `namespace`.

Note: This linter can be disabled with `set_option linter.ambiguousOpen false`
⚠ [755/761] Replayed Project.Artifact.Binary.Proof.Decode
warning: Project/Artifact/Binary/Proof/Decode.lean:6:5: Ambiguous namespace `Parser`: it is interpreted as `_root_.Wasm.Binary.Parser` because this `open` occurs inside `namespace Wasm.Binary.Proof`, while `_root_.Parser` is silently not opened. Specify the namespace unambiguously, e.g. `_root_.Wasm.Binary.Parser`. The warning can sometimes also be addressed by moving the `open` outside of the surrounding `namespace`.

Note: This linter can be disabled with `set_option linter.ambiguousOpen false`
⚠ [758/761] Replayed Project.ByteIO.Binary
warning: Project/ByteIO/Binary.lean:117:26: Local variable 'unit' resembles constructor 'PUnit.unit' - write '.unit' (with a dot) or 'PUnit.unit' to use the constructor.

Note: This linter can be disabled with `set_option linter.constructorNameAsVariable false`
warning: Project/ByteIO/Binary.lean:143:22: Local variable 'unit' resembles constructor 'PUnit.unit' - write '.unit' (with a dot) or 'PUnit.unit' to use the constructor.

Note: This linter can be disabled with `set_option linter.constructorNameAsVariable false`
info: Project/ByteIO/Binary.lean:239:0: 'Project.ByteIO.Binary.decode_sound' depends on axioms: [propext, Classical.choice, Quot.sound]
info: Project/ByteIO/Binary.lean:240:0: 'Project.ByteIO.Binary.validate_sound' depends on axioms: [propext, Classical.choice, Quot.sound]
info: Project/ByteIO/Binary.lean:242:0: 'Project.ByteIO.Binary.importEntry_sound' depends on axioms: [propext, Classical.choice, Quot.sound]
info: Project/ByteIO/Binary.lean:243:0: 'Project.ByteIO.Binary.section_sound' depends on axioms: [propext, Classical.choice, Quot.sound]
info: Project/ByteIO/Binary.lean:244:0: 'Project.ByteIO.Binary.translation_fields' depends on axioms: [propext, Quot.sound]
ℹ [760/761] Replayed Project.Artifact.Binary.CodeParts
info: Project/Artifact/Binary/CodeParts.lean:37:0: 'Wasm.Binary.vectorLoop_eq_cons' depends on axioms: [propext]
info: Project/Artifact/Binary/CodeParts.lean:38:0: 'Wasm.Binary.vector_eq_of_parts' depends on axioms: [propext]
info: Project/Artifact/Binary/CodeParts.lean:39:0: 'Wasm.Binary.sized_eq_of_parts' depends on axioms: [propext]
ℹ [761/761] Replayed Project.ByteIO.ArtifactCode3
info: Project/ByteIO/ArtifactCode3.lean:34:0: 'Project.ByteIO.Artifact.code3_decoded' depends on axioms: [propext]
Build completed successfully (761 jobs).
leanrun: LEANRUN_LOCAL=1; macOS has no cgroup CPU/memory/swap limits or ionice
leanrun: explicitly authorized inherited priority; nice unavailable
ℹ [7/338] Replayed Project.Artifact.Binary.Evaluate
info: Project/Artifact/Binary/Evaluate.lean:38:0: 'Wasm.Binary.instructionSequenceAt_apply' does not depend on any axioms
info: Project/Artifact/Binary/Evaluate.lean:66:0: 'Wasm.Binary.code_eq_of_parts' depends on axioms: [propext]
ℹ [8/338] Replayed Project.ByteIO.ArtifactByteLookup
info: Project/ByteIO/ArtifactByteLookup.lean:457:0: 'Project.ByteIO.Artifact.ByteLookup.data_get' depends on axioms: [propext]
⚠ [10/338] Replayed Interpreter.Wasm.Mem
warning: Interpreter/Wasm/Mem.lean:133:10: `if_neg` has been deprecated: Use `ite_eq_right` instead
warning: Interpreter/Wasm/Mem.lean:152:8: `if_pos` has been deprecated: Use `ite_eq_left` instead
warning: Interpreter/Wasm/Mem.lean:152:19: `if_pos` has been deprecated: Use `ite_eq_left` instead
warning: Interpreter/Wasm/Mem.lean:153:8: `if_neg` has been deprecated: Use `ite_eq_right` instead
warning: Interpreter/Wasm/Mem.lean:155:20: `if_pos` has been deprecated: Use `ite_eq_left` instead
warning: Interpreter/Wasm/Mem.lean:155:32: `if_pos` has been deprecated: Use `ite_eq_left` instead
warning: Interpreter/Wasm/Mem.lean:156:10: `if_neg` has been deprecated: Use `ite_eq_right` instead
warning: Interpreter/Wasm/Mem.lean:156:21: `if_neg` has been deprecated: Use `ite_eq_right` instead
warning: Interpreter/Wasm/Mem.lean:219:10: `dif_pos` has been deprecated: Use `dite_eq_left` instead
warning: Interpreter/Wasm/Mem.lean:222:10: `dif_pos` has been deprecated: Use `dite_eq_left` instead
warning: Interpreter/Wasm/Mem.lean:226:10: `dif_neg` has been deprecated: Use `dite_eq_right` instead
warning: Interpreter/Wasm/Mem.lean:228:12: `dif_pos` has been deprecated: Use `dite_eq_left` instead
warning: Interpreter/Wasm/Mem.lean:231:12: `dif_pos` has been deprecated: Use `dite_eq_left` instead
warning: Interpreter/Wasm/Mem.lean:233:12: `dif_neg` has been deprecated: Use `dite_eq_right` instead
warning: Interpreter/Wasm/Mem.lean:236:12: `dif_neg` has been deprecated: Use `dite_eq_right` instead
warning: Interpreter/Wasm/Mem.lean:246:10: `dif_neg` has been deprecated: Use `dite_eq_right` instead
warning: Interpreter/Wasm/Mem.lean:266:12: `dif_neg` has been deprecated: Use `dite_eq_right` instead
warning: Interpreter/Wasm/Mem.lean:300:44: `if_pos` has been deprecated: Use `ite_eq_left` instead
⚠ [752/761] Replayed Project.Artifact.Binary.Proof.Cursor
warning: Project/Artifact/Binary/Proof/Cursor.lean:131:8: `if_pos` has been deprecated: Use `ite_eq_left` instead
warning: Project/Artifact/Binary/Proof/Cursor.lean:145:8: `if_neg` has been deprecated: Use `ite_eq_right` instead
warning: Project/Artifact/Binary/Proof/Cursor.lean:156:8: `if_pos` has been deprecated: Use `ite_eq_left` instead
warning: Project/Artifact/Binary/Proof/Cursor.lean:162:8: `if_neg` has been deprecated: Use `ite_eq_right` instead
warning: Project/Artifact/Binary/Proof/Cursor.lean:180:8: `if_pos` has been deprecated: Use `ite_eq_left` instead
warning: Project/Artifact/Binary/Proof/Cursor.lean:180:8: `if_pos` has been deprecated: Use `ite_eq_left` instead
warning: Project/Artifact/Binary/Proof/Cursor.lean:191:8: `if_neg` has been deprecated: Use `ite_eq_right` instead
⚠ [753/761] Replayed Project.Artifact.Binary.Proof.Leb
warning: Project/Artifact/Binary/Proof/Leb.lean:10:5: Ambiguous namespace `Parser`: it is interpreted as `_root_.Wasm.Binary.Parser` because this `open` occurs inside `namespace Wasm.Binary.Leb.Proof`, while `_root_.Parser` is silently not opened. Specify the namespace unambiguously, e.g. `_root_.Wasm.Binary.Parser`. The warning can sometimes also be addressed by moving the `open` outside of the surrounding `namespace`.

Note: This linter can be disabled with `set_option linter.ambiguousOpen false`
⚠ [754/761] Replayed Project.Artifact.Binary.Proof.Primitives
warning: Project/Artifact/Binary/Proof/Primitives.lean:6:5: Ambiguous namespace `Parser`: it is interpreted as `_root_.Wasm.Binary.Parser` because this `open` occurs inside `namespace Wasm.Binary.Proof`, while `_root_.Parser` is silently not opened. Specify the namespace unambiguously, e.g. `_root_.Wasm.Binary.Parser`. The warning can sometimes also be addressed by moving the `open` outside of the surrounding `namespace`.

Note: This linter can be disabled with `set_option linter.ambiguousOpen false`
⚠ [755/761] Replayed Project.Artifact.Binary.Proof.Decode
warning: Project/Artifact/Binary/Proof/Decode.lean:6:5: Ambiguous namespace `Parser`: it is interpreted as `_root_.Wasm.Binary.Parser` because this `open` occurs inside `namespace Wasm.Binary.Proof`, while `_root_.Parser` is silently not opened. Specify the namespace unambiguously, e.g. `_root_.Wasm.Binary.Parser`. The warning can sometimes also be addressed by moving the `open` outside of the surrounding `namespace`.

Note: This linter can be disabled with `set_option linter.ambiguousOpen false`
⚠ [758/761] Replayed Project.ByteIO.Binary
warning: Project/ByteIO/Binary.lean:117:26: Local variable 'unit' resembles constructor 'PUnit.unit' - write '.unit' (with a dot) or 'PUnit.unit' to use the constructor.

Note: This linter can be disabled with `set_option linter.constructorNameAsVariable false`
warning: Project/ByteIO/Binary.lean:143:22: Local variable 'unit' resembles constructor 'PUnit.unit' - write '.unit' (with a dot) or 'PUnit.unit' to use the constructor.

Note: This linter can be disabled with `set_option linter.constructorNameAsVariable false`
info: Project/ByteIO/Binary.lean:239:0: 'Project.ByteIO.Binary.decode_sound' depends on axioms: [propext, Classical.choice, Quot.sound]
info: Project/ByteIO/Binary.lean:240:0: 'Project.ByteIO.Binary.validate_sound' depends on axioms: [propext, Classical.choice, Quot.sound]
info: Project/ByteIO/Binary.lean:242:0: 'Project.ByteIO.Binary.importEntry_sound' depends on axioms: [propext, Classical.choice, Quot.sound]
info: Project/ByteIO/Binary.lean:243:0: 'Project.ByteIO.Binary.section_sound' depends on axioms: [propext, Classical.choice, Quot.sound]
info: Project/ByteIO/Binary.lean:244:0: 'Project.ByteIO.Binary.translation_fields' depends on axioms: [propext, Quot.sound]
ℹ [760/761] Replayed Project.Artifact.Binary.CodeParts
info: Project/Artifact/Binary/CodeParts.lean:37:0: 'Wasm.Binary.vectorLoop_eq_cons' depends on axioms: [propext]
info: Project/Artifact/Binary/CodeParts.lean:38:0: 'Wasm.Binary.vector_eq_of_parts' depends on axioms: [propext]
info: Project/Artifact/Binary/CodeParts.lean:39:0: 'Wasm.Binary.sized_eq_of_parts' depends on axioms: [propext]
ℹ [761/761] Replayed Project.ByteIO.ArtifactCode4
info: Project/ByteIO/ArtifactCode4.lean:44:0: 'Project.ByteIO.Artifact.code4_decoded' depends on axioms: [propext]
Build completed successfully (761 jobs).
leanrun: LEANRUN_LOCAL=1; macOS has no cgroup CPU/memory/swap limits or ionice
leanrun: explicitly authorized inherited priority; nice unavailable
ℹ [7/329] Replayed Project.Artifact.Binary.Evaluate
info: Project/Artifact/Binary/Evaluate.lean:38:0: 'Wasm.Binary.instructionSequenceAt_apply' does not depend on any axioms
info: Project/Artifact/Binary/Evaluate.lean:66:0: 'Wasm.Binary.code_eq_of_parts' depends on axioms: [propext]
ℹ [8/329] Replayed Project.ByteIO.ArtifactByteLookup
info: Project/ByteIO/ArtifactByteLookup.lean:457:0: 'Project.ByteIO.Artifact.ByteLookup.data_get' depends on axioms: [propext]
⚠ [10/329] Replayed Interpreter.Wasm.Mem
warning: Interpreter/Wasm/Mem.lean:133:10: `if_neg` has been deprecated: Use `ite_eq_right` instead
warning: Interpreter/Wasm/Mem.lean:152:8: `if_pos` has been deprecated: Use `ite_eq_left` instead
warning: Interpreter/Wasm/Mem.lean:152:19: `if_pos` has been deprecated: Use `ite_eq_left` instead
warning: Interpreter/Wasm/Mem.lean:153:8: `if_neg` has been deprecated: Use `ite_eq_right` instead
warning: Interpreter/Wasm/Mem.lean:155:20: `if_pos` has been deprecated: Use `ite_eq_left` instead
warning: Interpreter/Wasm/Mem.lean:155:32: `if_pos` has been deprecated: Use `ite_eq_left` instead
warning: Interpreter/Wasm/Mem.lean:156:10: `if_neg` has been deprecated: Use `ite_eq_right` instead
warning: Interpreter/Wasm/Mem.lean:156:21: `if_neg` has been deprecated: Use `ite_eq_right` instead
warning: Interpreter/Wasm/Mem.lean:219:10: `dif_pos` has been deprecated: Use `dite_eq_left` instead
warning: Interpreter/Wasm/Mem.lean:222:10: `dif_pos` has been deprecated: Use `dite_eq_left` instead
warning: Interpreter/Wasm/Mem.lean:226:10: `dif_neg` has been deprecated: Use `dite_eq_right` instead
warning: Interpreter/Wasm/Mem.lean:228:12: `dif_pos` has been deprecated: Use `dite_eq_left` instead
warning: Interpreter/Wasm/Mem.lean:231:12: `dif_pos` has been deprecated: Use `dite_eq_left` instead
warning: Interpreter/Wasm/Mem.lean:233:12: `dif_neg` has been deprecated: Use `dite_eq_right` instead
warning: Interpreter/Wasm/Mem.lean:236:12: `dif_neg` has been deprecated: Use `dite_eq_right` instead
warning: Interpreter/Wasm/Mem.lean:246:10: `dif_neg` has been deprecated: Use `dite_eq_right` instead
warning: Interpreter/Wasm/Mem.lean:266:12: `dif_neg` has been deprecated: Use `dite_eq_right` instead
warning: Interpreter/Wasm/Mem.lean:300:44: `if_pos` has been deprecated: Use `ite_eq_left` instead
⚠ [752/761] Replayed Project.Artifact.Binary.Proof.Cursor
warning: Project/Artifact/Binary/Proof/Cursor.lean:131:8: `if_pos` has been deprecated: Use `ite_eq_left` instead
warning: Project/Artifact/Binary/Proof/Cursor.lean:145:8: `if_neg` has been deprecated: Use `ite_eq_right` instead
warning: Project/Artifact/Binary/Proof/Cursor.lean:156:8: `if_pos` has been deprecated: Use `ite_eq_left` instead
warning: Project/Artifact/Binary/Proof/Cursor.lean:162:8: `if_neg` has been deprecated: Use `ite_eq_right` instead
warning: Project/Artifact/Binary/Proof/Cursor.lean:180:8: `if_pos` has been deprecated: Use `ite_eq_left` instead
warning: Project/Artifact/Binary/Proof/Cursor.lean:180:8: `if_pos` has been deprecated: Use `ite_eq_left` instead
warning: Project/Artifact/Binary/Proof/Cursor.lean:191:8: `if_neg` has been deprecated: Use `ite_eq_right` instead
⚠ [753/761] Replayed Project.Artifact.Binary.Proof.Leb
warning: Project/Artifact/Binary/Proof/Leb.lean:10:5: Ambiguous namespace `Parser`: it is interpreted as `_root_.Wasm.Binary.Parser` because this `open` occurs inside `namespace Wasm.Binary.Leb.Proof`, while `_root_.Parser` is silently not opened. Specify the namespace unambiguously, e.g. `_root_.Wasm.Binary.Parser`. The warning can sometimes also be addressed by moving the `open` outside of the surrounding `namespace`.

Note: This linter can be disabled with `set_option linter.ambiguousOpen false`
⚠ [754/761] Replayed Project.Artifact.Binary.Proof.Primitives
warning: Project/Artifact/Binary/Proof/Primitives.lean:6:5: Ambiguous namespace `Parser`: it is interpreted as `_root_.Wasm.Binary.Parser` because this `open` occurs inside `namespace Wasm.Binary.Proof`, while `_root_.Parser` is silently not opened. Specify the namespace unambiguously, e.g. `_root_.Wasm.Binary.Parser`. The warning can sometimes also be addressed by moving the `open` outside of the surrounding `namespace`.

Note: This linter can be disabled with `set_option linter.ambiguousOpen false`
⚠ [755/761] Replayed Project.Artifact.Binary.Proof.Decode
warning: Project/Artifact/Binary/Proof/Decode.lean:6:5: Ambiguous namespace `Parser`: it is interpreted as `_root_.Wasm.Binary.Parser` because this `open` occurs inside `namespace Wasm.Binary.Proof`, while `_root_.Parser` is silently not opened. Specify the namespace unambiguously, e.g. `_root_.Wasm.Binary.Parser`. The warning can sometimes also be addressed by moving the `open` outside of the surrounding `namespace`.

Note: This linter can be disabled with `set_option linter.ambiguousOpen false`
⚠ [758/761] Replayed Project.ByteIO.Binary
warning: Project/ByteIO/Binary.lean:117:26: Local variable 'unit' resembles constructor 'PUnit.unit' - write '.unit' (with a dot) or 'PUnit.unit' to use the constructor.

Note: This linter can be disabled with `set_option linter.constructorNameAsVariable false`
warning: Project/ByteIO/Binary.lean:143:22: Local variable 'unit' resembles constructor 'PUnit.unit' - write '.unit' (with a dot) or 'PUnit.unit' to use the constructor.

Note: This linter can be disabled with `set_option linter.constructorNameAsVariable false`
info: Project/ByteIO/Binary.lean:239:0: 'Project.ByteIO.Binary.decode_sound' depends on axioms: [propext, Classical.choice, Quot.sound]
info: Project/ByteIO/Binary.lean:240:0: 'Project.ByteIO.Binary.validate_sound' depends on axioms: [propext, Classical.choice, Quot.sound]
info: Project/ByteIO/Binary.lean:242:0: 'Project.ByteIO.Binary.importEntry_sound' depends on axioms: [propext, Classical.choice, Quot.sound]
info: Project/ByteIO/Binary.lean:243:0: 'Project.ByteIO.Binary.section_sound' depends on axioms: [propext, Classical.choice, Quot.sound]
info: Project/ByteIO/Binary.lean:244:0: 'Project.ByteIO.Binary.translation_fields' depends on axioms: [propext, Quot.sound]
ℹ [760/761] Replayed Project.Artifact.Binary.CodeParts
info: Project/Artifact/Binary/CodeParts.lean:37:0: 'Wasm.Binary.vectorLoop_eq_cons' depends on axioms: [propext]
info: Project/Artifact/Binary/CodeParts.lean:38:0: 'Wasm.Binary.vector_eq_of_parts' depends on axioms: [propext]
info: Project/Artifact/Binary/CodeParts.lean:39:0: 'Wasm.Binary.sized_eq_of_parts' depends on axioms: [propext]
ℹ [761/761] Replayed Project.ByteIO.ArtifactCode5
info: Project/ByteIO/ArtifactCode5.lean:44:0: 'Project.ByteIO.Artifact.code5_decoded' depends on axioms: [propext]
Build completed successfully (761 jobs).
leanrun: LEANRUN_LOCAL=1; macOS has no cgroup CPU/memory/swap limits or ionice
leanrun: explicitly authorized inherited priority; nice unavailable
ℹ [7/371] Replayed Project.Artifact.Binary.Evaluate
info: Project/Artifact/Binary/Evaluate.lean:38:0: 'Wasm.Binary.instructionSequenceAt_apply' does not depend on any axioms
info: Project/Artifact/Binary/Evaluate.lean:66:0: 'Wasm.Binary.code_eq_of_parts' depends on axioms: [propext]
ℹ [8/371] Replayed Project.ByteIO.ArtifactByteLookup
info: Project/ByteIO/ArtifactByteLookup.lean:457:0: 'Project.ByteIO.Artifact.ByteLookup.data_get' depends on axioms: [propext]
⚠ [10/371] Replayed Interpreter.Wasm.Mem
warning: Interpreter/Wasm/Mem.lean:133:10: `if_neg` has been deprecated: Use `ite_eq_right` instead
warning: Interpreter/Wasm/Mem.lean:152:8: `if_pos` has been deprecated: Use `ite_eq_left` instead
warning: Interpreter/Wasm/Mem.lean:152:19: `if_pos` has been deprecated: Use `ite_eq_left` instead
warning: Interpreter/Wasm/Mem.lean:153:8: `if_neg` has been deprecated: Use `ite_eq_right` instead
warning: Interpreter/Wasm/Mem.lean:155:20: `if_pos` has been deprecated: Use `ite_eq_left` instead
warning: Interpreter/Wasm/Mem.lean:155:32: `if_pos` has been deprecated: Use `ite_eq_left` instead
warning: Interpreter/Wasm/Mem.lean:156:10: `if_neg` has been deprecated: Use `ite_eq_right` instead
warning: Interpreter/Wasm/Mem.lean:156:21: `if_neg` has been deprecated: Use `ite_eq_right` instead
warning: Interpreter/Wasm/Mem.lean:219:10: `dif_pos` has been deprecated: Use `dite_eq_left` instead
warning: Interpreter/Wasm/Mem.lean:222:10: `dif_pos` has been deprecated: Use `dite_eq_left` instead
warning: Interpreter/Wasm/Mem.lean:226:10: `dif_neg` has been deprecated: Use `dite_eq_right` instead
warning: Interpreter/Wasm/Mem.lean:228:12: `dif_pos` has been deprecated: Use `dite_eq_left` instead
warning: Interpreter/Wasm/Mem.lean:231:12: `dif_pos` has been deprecated: Use `dite_eq_left` instead
warning: Interpreter/Wasm/Mem.lean:233:12: `dif_neg` has been deprecated: Use `dite_eq_right` instead
warning: Interpreter/Wasm/Mem.lean:236:12: `dif_neg` has been deprecated: Use `dite_eq_right` instead
warning: Interpreter/Wasm/Mem.lean:246:10: `dif_neg` has been deprecated: Use `dite_eq_right` instead
warning: Interpreter/Wasm/Mem.lean:266:12: `dif_neg` has been deprecated: Use `dite_eq_right` instead
warning: Interpreter/Wasm/Mem.lean:300:44: `if_pos` has been deprecated: Use `ite_eq_left` instead
⚠ [752/767] Replayed Project.Artifact.Binary.Proof.Cursor
warning: Project/Artifact/Binary/Proof/Cursor.lean:131:8: `if_pos` has been deprecated: Use `ite_eq_left` instead
warning: Project/Artifact/Binary/Proof/Cursor.lean:145:8: `if_neg` has been deprecated: Use `ite_eq_right` instead
warning: Project/Artifact/Binary/Proof/Cursor.lean:156:8: `if_pos` has been deprecated: Use `ite_eq_left` instead
warning: Project/Artifact/Binary/Proof/Cursor.lean:162:8: `if_neg` has been deprecated: Use `ite_eq_right` instead
warning: Project/Artifact/Binary/Proof/Cursor.lean:180:8: `if_pos` has been deprecated: Use `ite_eq_left` instead
warning: Project/Artifact/Binary/Proof/Cursor.lean:180:8: `if_pos` has been deprecated: Use `ite_eq_left` instead
warning: Project/Artifact/Binary/Proof/Cursor.lean:191:8: `if_neg` has been deprecated: Use `ite_eq_right` instead
⚠ [753/767] Replayed Project.Artifact.Binary.Proof.Leb
warning: Project/Artifact/Binary/Proof/Leb.lean:10:5: Ambiguous namespace `Parser`: it is interpreted as `_root_.Wasm.Binary.Parser` because this `open` occurs inside `namespace Wasm.Binary.Leb.Proof`, while `_root_.Parser` is silently not opened. Specify the namespace unambiguously, e.g. `_root_.Wasm.Binary.Parser`. The warning can sometimes also be addressed by moving the `open` outside of the surrounding `namespace`.

Note: This linter can be disabled with `set_option linter.ambiguousOpen false`
⚠ [754/767] Replayed Project.Artifact.Binary.Proof.Primitives
warning: Project/Artifact/Binary/Proof/Primitives.lean:6:5: Ambiguous namespace `Parser`: it is interpreted as `_root_.Wasm.Binary.Parser` because this `open` occurs inside `namespace Wasm.Binary.Proof`, while `_root_.Parser` is silently not opened. Specify the namespace unambiguously, e.g. `_root_.Wasm.Binary.Parser`. The warning can sometimes also be addressed by moving the `open` outside of the surrounding `namespace`.

Note: This linter can be disabled with `set_option linter.ambiguousOpen false`
⚠ [755/767] Replayed Project.Artifact.Binary.Proof.Decode
warning: Project/Artifact/Binary/Proof/Decode.lean:6:5: Ambiguous namespace `Parser`: it is interpreted as `_root_.Wasm.Binary.Parser` because this `open` occurs inside `namespace Wasm.Binary.Proof`, while `_root_.Parser` is silently not opened. Specify the namespace unambiguously, e.g. `_root_.Wasm.Binary.Parser`. The warning can sometimes also be addressed by moving the `open` outside of the surrounding `namespace`.

Note: This linter can be disabled with `set_option linter.ambiguousOpen false`
⚠ [758/767] Replayed Project.ByteIO.Binary
warning: Project/ByteIO/Binary.lean:117:26: Local variable 'unit' resembles constructor 'PUnit.unit' - write '.unit' (with a dot) or 'PUnit.unit' to use the constructor.

Note: This linter can be disabled with `set_option linter.constructorNameAsVariable false`
warning: Project/ByteIO/Binary.lean:143:22: Local variable 'unit' resembles constructor 'PUnit.unit' - write '.unit' (with a dot) or 'PUnit.unit' to use the constructor.

Note: This linter can be disabled with `set_option linter.constructorNameAsVariable false`
info: Project/ByteIO/Binary.lean:239:0: 'Project.ByteIO.Binary.decode_sound' depends on axioms: [propext, Classical.choice, Quot.sound]
info: Project/ByteIO/Binary.lean:240:0: 'Project.ByteIO.Binary.validate_sound' depends on axioms: [propext, Classical.choice, Quot.sound]
info: Project/ByteIO/Binary.lean:242:0: 'Project.ByteIO.Binary.importEntry_sound' depends on axioms: [propext, Classical.choice, Quot.sound]
info: Project/ByteIO/Binary.lean:243:0: 'Project.ByteIO.Binary.section_sound' depends on axioms: [propext, Classical.choice, Quot.sound]
info: Project/ByteIO/Binary.lean:244:0: 'Project.ByteIO.Binary.translation_fields' depends on axioms: [propext, Quot.sound]
ℹ [760/767] Replayed Project.Artifact.Binary.CodeParts
info: Project/Artifact/Binary/CodeParts.lean:37:0: 'Wasm.Binary.vectorLoop_eq_cons' depends on axioms: [propext]
info: Project/Artifact/Binary/CodeParts.lean:38:0: 'Wasm.Binary.vector_eq_of_parts' depends on axioms: [propext]
info: Project/Artifact/Binary/CodeParts.lean:39:0: 'Wasm.Binary.sized_eq_of_parts' depends on axioms: [propext]
ℹ [761/767] Replayed Project.ByteIO.ArtifactCode0
info: Project/ByteIO/ArtifactCode0.lean:34:0: 'Project.ByteIO.Artifact.code0_decoded' depends on axioms: [propext]
ℹ [762/767] Replayed Project.ByteIO.ArtifactCode1
info: Project/ByteIO/ArtifactCode1.lean:89:0: 'Project.ByteIO.Artifact.code1_decoded' depends on axioms: [propext]
ℹ [763/767] Replayed Project.ByteIO.ArtifactCode2
info: Project/ByteIO/ArtifactCode2.lean:49:0: 'Project.ByteIO.Artifact.code2_decoded' depends on axioms: [propext]
ℹ [764/767] Replayed Project.ByteIO.ArtifactCode3
info: Project/ByteIO/ArtifactCode3.lean:34:0: 'Project.ByteIO.Artifact.code3_decoded' depends on axioms: [propext]
ℹ [765/767] Replayed Project.ByteIO.ArtifactCode4
info: Project/ByteIO/ArtifactCode4.lean:44:0: 'Project.ByteIO.Artifact.code4_decoded' depends on axioms: [propext]
ℹ [766/767] Replayed Project.ByteIO.ArtifactCode5
info: Project/ByteIO/ArtifactCode5.lean:44:0: 'Project.ByteIO.Artifact.code5_decoded' depends on axioms: [propext]
ℹ [767/767] Replayed Project.ByteIO.ArtifactSection10
info: Project/ByteIO/ArtifactSection10.lean:74:0: 'Project.ByteIO.Artifact.codes_section_decoded' depends on axioms: [propext]
Build completed successfully (767 jobs).
leanrun: LEANRUN_LOCAL=1; macOS has no cgroup CPU/memory/swap limits or ionice
leanrun: explicitly authorized inherited priority; nice unavailable
⚠ [2/370] Replayed Interpreter.Wasm.Mem
warning: Interpreter/Wasm/Mem.lean:133:10: `if_neg` has been deprecated: Use `ite_eq_right` instead
warning: Interpreter/Wasm/Mem.lean:152:8: `if_pos` has been deprecated: Use `ite_eq_left` instead
warning: Interpreter/Wasm/Mem.lean:152:19: `if_pos` has been deprecated: Use `ite_eq_left` instead
warning: Interpreter/Wasm/Mem.lean:153:8: `if_neg` has been deprecated: Use `ite_eq_right` instead
warning: Interpreter/Wasm/Mem.lean:155:20: `if_pos` has been deprecated: Use `ite_eq_left` instead
warning: Interpreter/Wasm/Mem.lean:155:32: `if_pos` has been deprecated: Use `ite_eq_left` instead
warning: Interpreter/Wasm/Mem.lean:156:10: `if_neg` has been deprecated: Use `ite_eq_right` instead
warning: Interpreter/Wasm/Mem.lean:156:21: `if_neg` has been deprecated: Use `ite_eq_right` instead
warning: Interpreter/Wasm/Mem.lean:219:10: `dif_pos` has been deprecated: Use `dite_eq_left` instead
warning: Interpreter/Wasm/Mem.lean:222:10: `dif_pos` has been deprecated: Use `dite_eq_left` instead
warning: Interpreter/Wasm/Mem.lean:226:10: `dif_neg` has been deprecated: Use `dite_eq_right` instead
warning: Interpreter/Wasm/Mem.lean:228:12: `dif_pos` has been deprecated: Use `dite_eq_left` instead
warning: Interpreter/Wasm/Mem.lean:231:12: `dif_pos` has been deprecated: Use `dite_eq_left` instead
warning: Interpreter/Wasm/Mem.lean:233:12: `dif_neg` has been deprecated: Use `dite_eq_right` instead
warning: Interpreter/Wasm/Mem.lean:236:12: `dif_neg` has been deprecated: Use `dite_eq_right` instead
warning: Interpreter/Wasm/Mem.lean:246:10: `dif_neg` has been deprecated: Use `dite_eq_right` instead
warning: Interpreter/Wasm/Mem.lean:266:12: `dif_neg` has been deprecated: Use `dite_eq_right` instead
warning: Interpreter/Wasm/Mem.lean:300:44: `if_pos` has been deprecated: Use `ite_eq_left` instead
⚠ [749/770] Replayed Project.Artifact.Binary.Proof.Cursor
warning: Project/Artifact/Binary/Proof/Cursor.lean:131:8: `if_pos` has been deprecated: Use `ite_eq_left` instead
warning: Project/Artifact/Binary/Proof/Cursor.lean:145:8: `if_neg` has been deprecated: Use `ite_eq_right` instead
warning: Project/Artifact/Binary/Proof/Cursor.lean:156:8: `if_pos` has been deprecated: Use `ite_eq_left` instead
warning: Project/Artifact/Binary/Proof/Cursor.lean:162:8: `if_neg` has been deprecated: Use `ite_eq_right` instead
warning: Project/Artifact/Binary/Proof/Cursor.lean:180:8: `if_pos` has been deprecated: Use `ite_eq_left` instead
warning: Project/Artifact/Binary/Proof/Cursor.lean:180:8: `if_pos` has been deprecated: Use `ite_eq_left` instead
warning: Project/Artifact/Binary/Proof/Cursor.lean:191:8: `if_neg` has been deprecated: Use `ite_eq_right` instead
⚠ [750/770] Replayed Project.Artifact.Binary.Proof.Leb
warning: Project/Artifact/Binary/Proof/Leb.lean:10:5: Ambiguous namespace `Parser`: it is interpreted as `_root_.Wasm.Binary.Parser` because this `open` occurs inside `namespace Wasm.Binary.Leb.Proof`, while `_root_.Parser` is silently not opened. Specify the namespace unambiguously, e.g. `_root_.Wasm.Binary.Parser`. The warning can sometimes also be addressed by moving the `open` outside of the surrounding `namespace`.

Note: This linter can be disabled with `set_option linter.ambiguousOpen false`
⚠ [751/770] Replayed Project.Artifact.Binary.Proof.Primitives
warning: Project/Artifact/Binary/Proof/Primitives.lean:6:5: Ambiguous namespace `Parser`: it is interpreted as `_root_.Wasm.Binary.Parser` because this `open` occurs inside `namespace Wasm.Binary.Proof`, while `_root_.Parser` is silently not opened. Specify the namespace unambiguously, e.g. `_root_.Wasm.Binary.Parser`. The warning can sometimes also be addressed by moving the `open` outside of the surrounding `namespace`.

Note: This linter can be disabled with `set_option linter.ambiguousOpen false`
⚠ [752/770] Replayed Project.Artifact.Binary.Proof.Decode
warning: Project/Artifact/Binary/Proof/Decode.lean:6:5: Ambiguous namespace `Parser`: it is interpreted as `_root_.Wasm.Binary.Parser` because this `open` occurs inside `namespace Wasm.Binary.Proof`, while `_root_.Parser` is silently not opened. Specify the namespace unambiguously, e.g. `_root_.Wasm.Binary.Parser`. The warning can sometimes also be addressed by moving the `open` outside of the surrounding `namespace`.

Note: This linter can be disabled with `set_option linter.ambiguousOpen false`
⚠ [755/770] Replayed Project.ByteIO.Binary
warning: Project/ByteIO/Binary.lean:117:26: Local variable 'unit' resembles constructor 'PUnit.unit' - write '.unit' (with a dot) or 'PUnit.unit' to use the constructor.

Note: This linter can be disabled with `set_option linter.constructorNameAsVariable false`
warning: Project/ByteIO/Binary.lean:143:22: Local variable 'unit' resembles constructor 'PUnit.unit' - write '.unit' (with a dot) or 'PUnit.unit' to use the constructor.

Note: This linter can be disabled with `set_option linter.constructorNameAsVariable false`
info: Project/ByteIO/Binary.lean:239:0: 'Project.ByteIO.Binary.decode_sound' depends on axioms: [propext, Classical.choice, Quot.sound]
info: Project/ByteIO/Binary.lean:240:0: 'Project.ByteIO.Binary.validate_sound' depends on axioms: [propext, Classical.choice, Quot.sound]
info: Project/ByteIO/Binary.lean:242:0: 'Project.ByteIO.Binary.importEntry_sound' depends on axioms: [propext, Classical.choice, Quot.sound]
info: Project/ByteIO/Binary.lean:243:0: 'Project.ByteIO.Binary.section_sound' depends on axioms: [propext, Classical.choice, Quot.sound]
info: Project/ByteIO/Binary.lean:244:0: 'Project.ByteIO.Binary.translation_fields' depends on axioms: [propext, Quot.sound]
ℹ [758/770] Replayed Project.Artifact.Binary.Evaluate
info: Project/Artifact/Binary/Evaluate.lean:38:0: 'Wasm.Binary.instructionSequenceAt_apply' does not depend on any axioms
info: Project/Artifact/Binary/Evaluate.lean:66:0: 'Wasm.Binary.code_eq_of_parts' depends on axioms: [propext]
ℹ [759/770] Replayed Project.ByteIO.ArtifactByteLookup
info: Project/ByteIO/ArtifactByteLookup.lean:457:0: 'Project.ByteIO.Artifact.ByteLookup.data_get' depends on axioms: [propext]
ℹ [760/770] Replayed Project.Artifact.Binary.CodeParts
info: Project/Artifact/Binary/CodeParts.lean:37:0: 'Wasm.Binary.vectorLoop_eq_cons' depends on axioms: [propext]
info: Project/Artifact/Binary/CodeParts.lean:38:0: 'Wasm.Binary.vector_eq_of_parts' depends on axioms: [propext]
info: Project/Artifact/Binary/CodeParts.lean:39:0: 'Wasm.Binary.sized_eq_of_parts' depends on axioms: [propext]
⚠ [761/770] Replayed Project.ByteIO.BinaryParts
warning: Project/ByteIO/BinaryParts.lean:12:33: This simp argument is unused:
  Pure.pure

Hint: Omit it from the simp argument list.
  [apply] simp [parseSection, Bind.bind, Parser.instMonad, Except.bind, hid, hbody]

Note: This linter can be disabled with `set_option linter.unusedSimpArgs false`
warning: Project/ByteIO/BinaryParts.lean:12:44: This simp argument is unused:
  Parser.instMonad

Hint: Omit it from the simp argument list.
  [apply] simp [parseSection, Bind.bind, Pure.pure, Except.bind, hid, hbody]

Note: This linter can be disabled with `set_option linter.unusedSimpArgs false`
info: Project/ByteIO/BinaryParts.lean:14:0: 'Project.ByteIO.Binary.parseSection_eq_of_parts' depends on axioms: [propext]
ℹ [762/770] Replayed Project.ByteIO.ArtifactSections
info: Project/ByteIO/ArtifactSections.lean:15:0: 'Project.ByteIO.Artifact.types_parsed' depends on axioms: [propext]
info: Project/ByteIO/ArtifactSections.lean:98:0: 'Project.ByteIO.Artifact.imports_parsed' depends on axioms: [propext, Classical.choice, Quot.sound]
info: Project/ByteIO/ArtifactSections.lean:104:0: 'Project.ByteIO.Artifact.functions_parsed' depends on axioms: [propext]
info: Project/ByteIO/ArtifactSections.lean:110:0: 'Project.ByteIO.Artifact.memories_parsed' depends on axioms: [propext]
info: Project/ByteIO/ArtifactSections.lean:116:0: 'Project.ByteIO.Artifact.globals_parsed' depends on axioms: [propext]
info: Project/ByteIO/ArtifactSections.lean:122:0: 'Project.ByteIO.Artifact.exports_parsed' depends on axioms: [propext, Classical.choice, Quot.sound]
ℹ [763/770] Replayed Project.ByteIO.ArtifactCode0
info: Project/ByteIO/ArtifactCode0.lean:34:0: 'Project.ByteIO.Artifact.code0_decoded' depends on axioms: [propext]
ℹ [764/770] Replayed Project.ByteIO.ArtifactCode1
info: Project/ByteIO/ArtifactCode1.lean:89:0: 'Project.ByteIO.Artifact.code1_decoded' depends on axioms: [propext]
ℹ [765/770] Replayed Project.ByteIO.ArtifactCode2
info: Project/ByteIO/ArtifactCode2.lean:49:0: 'Project.ByteIO.Artifact.code2_decoded' depends on axioms: [propext]
ℹ [766/770] Replayed Project.ByteIO.ArtifactCode3
info: Project/ByteIO/ArtifactCode3.lean:34:0: 'Project.ByteIO.Artifact.code3_decoded' depends on axioms: [propext]
ℹ [767/770] Replayed Project.ByteIO.ArtifactCode4
info: Project/ByteIO/ArtifactCode4.lean:44:0: 'Project.ByteIO.Artifact.code4_decoded' depends on axioms: [propext]
ℹ [768/770] Replayed Project.ByteIO.ArtifactCode5
info: Project/ByteIO/ArtifactCode5.lean:44:0: 'Project.ByteIO.Artifact.code5_decoded' depends on axioms: [propext]
ℹ [769/770] Replayed Project.ByteIO.ArtifactSection10
info: Project/ByteIO/ArtifactSection10.lean:74:0: 'Project.ByteIO.Artifact.codes_section_decoded' depends on axioms: [propext]
ℹ [770/770] Replayed Project.ByteIO.ArtifactDecode
info: Project/ByteIO/ArtifactDecode.lean:28:0: 'Project.ByteIO.Artifact.decoded' depends on axioms: [propext, Classical.choice, Quot.sound]
info: Project/ByteIO/ArtifactDecode.lean:29:0: 'Project.ByteIO.Artifact.encoded' depends on axioms: [propext, Classical.choice, Quot.sound]
Build completed successfully (770 jobs).
leanrun: LEANRUN_LOCAL=1; macOS has no cgroup CPU/memory/swap limits or ionice
leanrun: explicitly authorized inherited priority; nice unavailable
⚠ [2/372] Replayed Interpreter.Wasm.Mem
warning: Interpreter/Wasm/Mem.lean:133:10: `if_neg` has been deprecated: Use `ite_eq_right` instead
warning: Interpreter/Wasm/Mem.lean:152:8: `if_pos` has been deprecated: Use `ite_eq_left` instead
warning: Interpreter/Wasm/Mem.lean:152:19: `if_pos` has been deprecated: Use `ite_eq_left` instead
warning: Interpreter/Wasm/Mem.lean:153:8: `if_neg` has been deprecated: Use `ite_eq_right` instead
warning: Interpreter/Wasm/Mem.lean:155:20: `if_pos` has been deprecated: Use `ite_eq_left` instead
warning: Interpreter/Wasm/Mem.lean:155:32: `if_pos` has been deprecated: Use `ite_eq_left` instead
warning: Interpreter/Wasm/Mem.lean:156:10: `if_neg` has been deprecated: Use `ite_eq_right` instead
warning: Interpreter/Wasm/Mem.lean:156:21: `if_neg` has been deprecated: Use `ite_eq_right` instead
warning: Interpreter/Wasm/Mem.lean:219:10: `dif_pos` has been deprecated: Use `dite_eq_left` instead
warning: Interpreter/Wasm/Mem.lean:222:10: `dif_pos` has been deprecated: Use `dite_eq_left` instead
warning: Interpreter/Wasm/Mem.lean:226:10: `dif_neg` has been deprecated: Use `dite_eq_right` instead
warning: Interpreter/Wasm/Mem.lean:228:12: `dif_pos` has been deprecated: Use `dite_eq_left` instead
warning: Interpreter/Wasm/Mem.lean:231:12: `dif_pos` has been deprecated: Use `dite_eq_left` instead
warning: Interpreter/Wasm/Mem.lean:233:12: `dif_neg` has been deprecated: Use `dite_eq_right` instead
warning: Interpreter/Wasm/Mem.lean:236:12: `dif_neg` has been deprecated: Use `dite_eq_right` instead
warning: Interpreter/Wasm/Mem.lean:246:10: `dif_neg` has been deprecated: Use `dite_eq_right` instead
warning: Interpreter/Wasm/Mem.lean:266:12: `dif_neg` has been deprecated: Use `dite_eq_right` instead
warning: Interpreter/Wasm/Mem.lean:300:44: `if_pos` has been deprecated: Use `ite_eq_left` instead
⚠ [749/757] Replayed Project.Artifact.Binary.Proof.Cursor
warning: Project/Artifact/Binary/Proof/Cursor.lean:131:8: `if_pos` has been deprecated: Use `ite_eq_left` instead
warning: Project/Artifact/Binary/Proof/Cursor.lean:145:8: `if_neg` has been deprecated: Use `ite_eq_right` instead
warning: Project/Artifact/Binary/Proof/Cursor.lean:156:8: `if_pos` has been deprecated: Use `ite_eq_left` instead
warning: Project/Artifact/Binary/Proof/Cursor.lean:162:8: `if_neg` has been deprecated: Use `ite_eq_right` instead
warning: Project/Artifact/Binary/Proof/Cursor.lean:180:8: `if_pos` has been deprecated: Use `ite_eq_left` instead
warning: Project/Artifact/Binary/Proof/Cursor.lean:180:8: `if_pos` has been deprecated: Use `ite_eq_left` instead
warning: Project/Artifact/Binary/Proof/Cursor.lean:191:8: `if_neg` has been deprecated: Use `ite_eq_right` instead
⚠ [750/757] Replayed Project.Artifact.Binary.Proof.Leb
warning: Project/Artifact/Binary/Proof/Leb.lean:10:5: Ambiguous namespace `Parser`: it is interpreted as `_root_.Wasm.Binary.Parser` because this `open` occurs inside `namespace Wasm.Binary.Leb.Proof`, while `_root_.Parser` is silently not opened. Specify the namespace unambiguously, e.g. `_root_.Wasm.Binary.Parser`. The warning can sometimes also be addressed by moving the `open` outside of the surrounding `namespace`.

Note: This linter can be disabled with `set_option linter.ambiguousOpen false`
⚠ [751/757] Replayed Project.Artifact.Binary.Proof.Primitives
warning: Project/Artifact/Binary/Proof/Primitives.lean:6:5: Ambiguous namespace `Parser`: it is interpreted as `_root_.Wasm.Binary.Parser` because this `open` occurs inside `namespace Wasm.Binary.Proof`, while `_root_.Parser` is silently not opened. Specify the namespace unambiguously, e.g. `_root_.Wasm.Binary.Parser`. The warning can sometimes also be addressed by moving the `open` outside of the surrounding `namespace`.

Note: This linter can be disabled with `set_option linter.ambiguousOpen false`
⚠ [752/757] Replayed Project.Artifact.Binary.Proof.Decode
warning: Project/Artifact/Binary/Proof/Decode.lean:6:5: Ambiguous namespace `Parser`: it is interpreted as `_root_.Wasm.Binary.Parser` because this `open` occurs inside `namespace Wasm.Binary.Proof`, while `_root_.Parser` is silently not opened. Specify the namespace unambiguously, e.g. `_root_.Wasm.Binary.Parser`. The warning can sometimes also be addressed by moving the `open` outside of the surrounding `namespace`.

Note: This linter can be disabled with `set_option linter.ambiguousOpen false`
⚠ [755/757] Replayed Project.ByteIO.Binary
warning: Project/ByteIO/Binary.lean:117:26: Local variable 'unit' resembles constructor 'PUnit.unit' - write '.unit' (with a dot) or 'PUnit.unit' to use the constructor.

Note: This linter can be disabled with `set_option linter.constructorNameAsVariable false`
warning: Project/ByteIO/Binary.lean:143:22: Local variable 'unit' resembles constructor 'PUnit.unit' - write '.unit' (with a dot) or 'PUnit.unit' to use the constructor.

Note: This linter can be disabled with `set_option linter.constructorNameAsVariable false`
info: Project/ByteIO/Binary.lean:239:0: 'Project.ByteIO.Binary.decode_sound' depends on axioms: [propext, Classical.choice, Quot.sound]
info: Project/ByteIO/Binary.lean:240:0: 'Project.ByteIO.Binary.validate_sound' depends on axioms: [propext, Classical.choice, Quot.sound]
info: Project/ByteIO/Binary.lean:242:0: 'Project.ByteIO.Binary.importEntry_sound' depends on axioms: [propext, Classical.choice, Quot.sound]
info: Project/ByteIO/Binary.lean:243:0: 'Project.ByteIO.Binary.section_sound' depends on axioms: [propext, Classical.choice, Quot.sound]
info: Project/ByteIO/Binary.lean:244:0: 'Project.ByteIO.Binary.translation_fields' depends on axioms: [propext, Quot.sound]
ℹ [757/757] Replayed Project.ByteIO.ArtifactValidation
info: Project/ByteIO/ArtifactValidation.lean:12:0: 'Project.ByteIO.Artifact.validated' depends on axioms: [propext]
info: Project/ByteIO/ArtifactValidation.lean:13:0: 'Project.ByteIO.Artifact.valid' depends on axioms: [propext, Classical.choice, Quot.sound]
Build completed successfully (757 jobs).
leanrun: LEANRUN_LOCAL=1; macOS has no cgroup CPU/memory/swap limits or ionice
leanrun: explicitly authorized inherited priority; nice unavailable
⚠ [2/340] Replayed Interpreter.Wasm.Mem
warning: Interpreter/Wasm/Mem.lean:133:10: `if_neg` has been deprecated: Use `ite_eq_right` instead
warning: Interpreter/Wasm/Mem.lean:152:8: `if_pos` has been deprecated: Use `ite_eq_left` instead
warning: Interpreter/Wasm/Mem.lean:152:19: `if_pos` has been deprecated: Use `ite_eq_left` instead
warning: Interpreter/Wasm/Mem.lean:153:8: `if_neg` has been deprecated: Use `ite_eq_right` instead
warning: Interpreter/Wasm/Mem.lean:155:20: `if_pos` has been deprecated: Use `ite_eq_left` instead
warning: Interpreter/Wasm/Mem.lean:155:32: `if_pos` has been deprecated: Use `ite_eq_left` instead
warning: Interpreter/Wasm/Mem.lean:156:10: `if_neg` has been deprecated: Use `ite_eq_right` instead
warning: Interpreter/Wasm/Mem.lean:156:21: `if_neg` has been deprecated: Use `ite_eq_right` instead
warning: Interpreter/Wasm/Mem.lean:219:10: `dif_pos` has been deprecated: Use `dite_eq_left` instead
warning: Interpreter/Wasm/Mem.lean:222:10: `dif_pos` has been deprecated: Use `dite_eq_left` instead
warning: Interpreter/Wasm/Mem.lean:226:10: `dif_neg` has been deprecated: Use `dite_eq_right` instead
warning: Interpreter/Wasm/Mem.lean:228:12: `dif_pos` has been deprecated: Use `dite_eq_left` instead
warning: Interpreter/Wasm/Mem.lean:231:12: `dif_pos` has been deprecated: Use `dite_eq_left` instead
warning: Interpreter/Wasm/Mem.lean:233:12: `dif_neg` has been deprecated: Use `dite_eq_right` instead
warning: Interpreter/Wasm/Mem.lean:236:12: `dif_neg` has been deprecated: Use `dite_eq_right` instead
warning: Interpreter/Wasm/Mem.lean:246:10: `dif_neg` has been deprecated: Use `dite_eq_right` instead
warning: Interpreter/Wasm/Mem.lean:266:12: `dif_neg` has been deprecated: Use `dite_eq_right` instead
warning: Interpreter/Wasm/Mem.lean:300:44: `if_pos` has been deprecated: Use `ite_eq_left` instead
⚠ [749/758] Replayed Project.Artifact.Binary.Proof.Cursor
warning: Project/Artifact/Binary/Proof/Cursor.lean:131:8: `if_pos` has been deprecated: Use `ite_eq_left` instead
warning: Project/Artifact/Binary/Proof/Cursor.lean:145:8: `if_neg` has been deprecated: Use `ite_eq_right` instead
warning: Project/Artifact/Binary/Proof/Cursor.lean:156:8: `if_pos` has been deprecated: Use `ite_eq_left` instead
warning: Project/Artifact/Binary/Proof/Cursor.lean:162:8: `if_neg` has been deprecated: Use `ite_eq_right` instead
warning: Project/Artifact/Binary/Proof/Cursor.lean:180:8: `if_pos` has been deprecated: Use `ite_eq_left` instead
warning: Project/Artifact/Binary/Proof/Cursor.lean:180:8: `if_pos` has been deprecated: Use `ite_eq_left` instead
warning: Project/Artifact/Binary/Proof/Cursor.lean:191:8: `if_neg` has been deprecated: Use `ite_eq_right` instead
⚠ [750/758] Replayed Project.Artifact.Binary.Proof.Leb
warning: Project/Artifact/Binary/Proof/Leb.lean:10:5: Ambiguous namespace `Parser`: it is interpreted as `_root_.Wasm.Binary.Parser` because this `open` occurs inside `namespace Wasm.Binary.Leb.Proof`, while `_root_.Parser` is silently not opened. Specify the namespace unambiguously, e.g. `_root_.Wasm.Binary.Parser`. The warning can sometimes also be addressed by moving the `open` outside of the surrounding `namespace`.

Note: This linter can be disabled with `set_option linter.ambiguousOpen false`
⚠ [751/758] Replayed Project.Artifact.Binary.Proof.Primitives
warning: Project/Artifact/Binary/Proof/Primitives.lean:6:5: Ambiguous namespace `Parser`: it is interpreted as `_root_.Wasm.Binary.Parser` because this `open` occurs inside `namespace Wasm.Binary.Proof`, while `_root_.Parser` is silently not opened. Specify the namespace unambiguously, e.g. `_root_.Wasm.Binary.Parser`. The warning can sometimes also be addressed by moving the `open` outside of the surrounding `namespace`.

Note: This linter can be disabled with `set_option linter.ambiguousOpen false`
⚠ [752/758] Replayed Project.Artifact.Binary.Proof.Decode
warning: Project/Artifact/Binary/Proof/Decode.lean:6:5: Ambiguous namespace `Parser`: it is interpreted as `_root_.Wasm.Binary.Parser` because this `open` occurs inside `namespace Wasm.Binary.Proof`, while `_root_.Parser` is silently not opened. Specify the namespace unambiguously, e.g. `_root_.Wasm.Binary.Parser`. The warning can sometimes also be addressed by moving the `open` outside of the surrounding `namespace`.

Note: This linter can be disabled with `set_option linter.ambiguousOpen false`
⚠ [755/758] Replayed Project.ByteIO.Binary
warning: Project/ByteIO/Binary.lean:117:26: Local variable 'unit' resembles constructor 'PUnit.unit' - write '.unit' (with a dot) or 'PUnit.unit' to use the constructor.

Note: This linter can be disabled with `set_option linter.constructorNameAsVariable false`
warning: Project/ByteIO/Binary.lean:143:22: Local variable 'unit' resembles constructor 'PUnit.unit' - write '.unit' (with a dot) or 'PUnit.unit' to use the constructor.

Note: This linter can be disabled with `set_option linter.constructorNameAsVariable false`
info: Project/ByteIO/Binary.lean:239:0: 'Project.ByteIO.Binary.decode_sound' depends on axioms: [propext, Classical.choice, Quot.sound]
info: Project/ByteIO/Binary.lean:240:0: 'Project.ByteIO.Binary.validate_sound' depends on axioms: [propext, Classical.choice, Quot.sound]
info: Project/ByteIO/Binary.lean:242:0: 'Project.ByteIO.Binary.importEntry_sound' depends on axioms: [propext, Classical.choice, Quot.sound]
info: Project/ByteIO/Binary.lean:243:0: 'Project.ByteIO.Binary.section_sound' depends on axioms: [propext, Classical.choice, Quot.sound]
info: Project/ByteIO/Binary.lean:244:0: 'Project.ByteIO.Binary.translation_fields' depends on axioms: [propext, Quot.sound]
ℹ [757/758] Replayed Project.ByteIO.ArtifactValidation
info: Project/ByteIO/ArtifactValidation.lean:12:0: 'Project.ByteIO.Artifact.validated' depends on axioms: [propext]
info: Project/ByteIO/ArtifactValidation.lean:13:0: 'Project.ByteIO.Artifact.valid' depends on axioms: [propext, Classical.choice, Quot.sound]
ℹ [758/758] Replayed Project.ByteIO.ValidationChecks
info: Project/ByteIO/ValidationChecks.lean:20:0: 'Project.ByteIO.ValidationChecks.rejects_missing_import_type' depends on axioms: [propext]
info: Project/ByteIO/ValidationChecks.lean:21:0: 'Project.ByteIO.ValidationChecks.rejects_export_past_end' depends on axioms: [propext]
Build completed successfully (758 jobs).
leanrun: LEANRUN_LOCAL=1; macOS has no cgroup CPU/memory/swap limits or ionice
leanrun: explicitly authorized inherited priority; nice unavailable
⚠ [2/371] Replayed Interpreter.Wasm.Mem
warning: Interpreter/Wasm/Mem.lean:133:10: `if_neg` has been deprecated: Use `ite_eq_right` instead
warning: Interpreter/Wasm/Mem.lean:152:8: `if_pos` has been deprecated: Use `ite_eq_left` instead
warning: Interpreter/Wasm/Mem.lean:152:19: `if_pos` has been deprecated: Use `ite_eq_left` instead
warning: Interpreter/Wasm/Mem.lean:153:8: `if_neg` has been deprecated: Use `ite_eq_right` instead
warning: Interpreter/Wasm/Mem.lean:155:20: `if_pos` has been deprecated: Use `ite_eq_left` instead
warning: Interpreter/Wasm/Mem.lean:155:32: `if_pos` has been deprecated: Use `ite_eq_left` instead
warning: Interpreter/Wasm/Mem.lean:156:10: `if_neg` has been deprecated: Use `ite_eq_right` instead
warning: Interpreter/Wasm/Mem.lean:156:21: `if_neg` has been deprecated: Use `ite_eq_right` instead
warning: Interpreter/Wasm/Mem.lean:219:10: `dif_pos` has been deprecated: Use `dite_eq_left` instead
warning: Interpreter/Wasm/Mem.lean:222:10: `dif_pos` has been deprecated: Use `dite_eq_left` instead
warning: Interpreter/Wasm/Mem.lean:226:10: `dif_neg` has been deprecated: Use `dite_eq_right` instead
warning: Interpreter/Wasm/Mem.lean:228:12: `dif_pos` has been deprecated: Use `dite_eq_left` instead
warning: Interpreter/Wasm/Mem.lean:231:12: `dif_pos` has been deprecated: Use `dite_eq_left` instead
warning: Interpreter/Wasm/Mem.lean:233:12: `dif_neg` has been deprecated: Use `dite_eq_right` instead
warning: Interpreter/Wasm/Mem.lean:236:12: `dif_neg` has been deprecated: Use `dite_eq_right` instead
warning: Interpreter/Wasm/Mem.lean:246:10: `dif_neg` has been deprecated: Use `dite_eq_right` instead
warning: Interpreter/Wasm/Mem.lean:266:12: `dif_neg` has been deprecated: Use `dite_eq_right` instead
warning: Interpreter/Wasm/Mem.lean:300:44: `if_pos` has been deprecated: Use `ite_eq_left` instead
⚠ [748/1063] Replayed Project.Artifact.Binary.Proof.Cursor
warning: Project/Artifact/Binary/Proof/Cursor.lean:131:8: `if_pos` has been deprecated: Use `ite_eq_left` instead
warning: Project/Artifact/Binary/Proof/Cursor.lean:145:8: `if_neg` has been deprecated: Use `ite_eq_right` instead
warning: Project/Artifact/Binary/Proof/Cursor.lean:156:8: `if_pos` has been deprecated: Use `ite_eq_left` instead
warning: Project/Artifact/Binary/Proof/Cursor.lean:162:8: `if_neg` has been deprecated: Use `ite_eq_right` instead
warning: Project/Artifact/Binary/Proof/Cursor.lean:180:8: `if_pos` has been deprecated: Use `ite_eq_left` instead
warning: Project/Artifact/Binary/Proof/Cursor.lean:180:8: `if_pos` has been deprecated: Use `ite_eq_left` instead
warning: Project/Artifact/Binary/Proof/Cursor.lean:191:8: `if_neg` has been deprecated: Use `ite_eq_right` instead
⚠ [749/1063] Replayed Project.Artifact.Binary.Proof.Leb
warning: Project/Artifact/Binary/Proof/Leb.lean:10:5: Ambiguous namespace `Parser`: it is interpreted as `_root_.Wasm.Binary.Parser` because this `open` occurs inside `namespace Wasm.Binary.Leb.Proof`, while `_root_.Parser` is silently not opened. Specify the namespace unambiguously, e.g. `_root_.Wasm.Binary.Parser`. The warning can sometimes also be addressed by moving the `open` outside of the surrounding `namespace`.

Note: This linter can be disabled with `set_option linter.ambiguousOpen false`
⚠ [750/1063] Replayed Project.Artifact.Binary.Proof.Primitives
warning: Project/Artifact/Binary/Proof/Primitives.lean:6:5: Ambiguous namespace `Parser`: it is interpreted as `_root_.Wasm.Binary.Parser` because this `open` occurs inside `namespace Wasm.Binary.Proof`, while `_root_.Parser` is silently not opened. Specify the namespace unambiguously, e.g. `_root_.Wasm.Binary.Parser`. The warning can sometimes also be addressed by moving the `open` outside of the surrounding `namespace`.

Note: This linter can be disabled with `set_option linter.ambiguousOpen false`
⚠ [751/1063] Replayed Project.Artifact.Binary.Proof.Decode
warning: Project/Artifact/Binary/Proof/Decode.lean:6:5: Ambiguous namespace `Parser`: it is interpreted as `_root_.Wasm.Binary.Parser` because this `open` occurs inside `namespace Wasm.Binary.Proof`, while `_root_.Parser` is silently not opened. Specify the namespace unambiguously, e.g. `_root_.Wasm.Binary.Parser`. The warning can sometimes also be addressed by moving the `open` outside of the surrounding `namespace`.

Note: This linter can be disabled with `set_option linter.ambiguousOpen false`
⚠ [754/1063] Replayed Project.ByteIO.Binary
warning: Project/ByteIO/Binary.lean:117:26: Local variable 'unit' resembles constructor 'PUnit.unit' - write '.unit' (with a dot) or 'PUnit.unit' to use the constructor.

Note: This linter can be disabled with `set_option linter.constructorNameAsVariable false`
warning: Project/ByteIO/Binary.lean:143:22: Local variable 'unit' resembles constructor 'PUnit.unit' - write '.unit' (with a dot) or 'PUnit.unit' to use the constructor.

Note: This linter can be disabled with `set_option linter.constructorNameAsVariable false`
info: Project/ByteIO/Binary.lean:239:0: 'Project.ByteIO.Binary.decode_sound' depends on axioms: [propext, Classical.choice, Quot.sound]
info: Project/ByteIO/Binary.lean:240:0: 'Project.ByteIO.Binary.validate_sound' depends on axioms: [propext, Classical.choice, Quot.sound]
info: Project/ByteIO/Binary.lean:242:0: 'Project.ByteIO.Binary.importEntry_sound' depends on axioms: [propext, Classical.choice, Quot.sound]
info: Project/ByteIO/Binary.lean:243:0: 'Project.ByteIO.Binary.section_sound' depends on axioms: [propext, Classical.choice, Quot.sound]
info: Project/ByteIO/Binary.lean:244:0: 'Project.ByteIO.Binary.translation_fields' depends on axioms: [propext, Quot.sound]
ℹ [757/1063] Replayed Project.Artifact.Binary.Evaluate
info: Project/Artifact/Binary/Evaluate.lean:38:0: 'Wasm.Binary.instructionSequenceAt_apply' does not depend on any axioms
info: Project/Artifact/Binary/Evaluate.lean:66:0: 'Wasm.Binary.code_eq_of_parts' depends on axioms: [propext]
ℹ [758/1063] Replayed Project.ByteIO.ArtifactByteLookup
info: Project/ByteIO/ArtifactByteLookup.lean:457:0: 'Project.ByteIO.Artifact.ByteLookup.data_get' depends on axioms: [propext]
ℹ [759/1063] Replayed Project.Artifact.Binary.CodeParts
info: Project/Artifact/Binary/CodeParts.lean:37:0: 'Wasm.Binary.vectorLoop_eq_cons' depends on axioms: [propext]
info: Project/Artifact/Binary/CodeParts.lean:38:0: 'Wasm.Binary.vector_eq_of_parts' depends on axioms: [propext]
info: Project/Artifact/Binary/CodeParts.lean:39:0: 'Wasm.Binary.sized_eq_of_parts' depends on axioms: [propext]
⚠ [760/1063] Replayed Project.ByteIO.BinaryParts
warning: Project/ByteIO/BinaryParts.lean:12:33: This simp argument is unused:
  Pure.pure

Hint: Omit it from the simp argument list.
  [apply] simp [parseSection, Bind.bind, Parser.instMonad, Except.bind, hid, hbody]

Note: This linter can be disabled with `set_option linter.unusedSimpArgs false`
warning: Project/ByteIO/BinaryParts.lean:12:44: This simp argument is unused:
  Parser.instMonad

Hint: Omit it from the simp argument list.
  [apply] simp [parseSection, Bind.bind, Pure.pure, Except.bind, hid, hbody]

Note: This linter can be disabled with `set_option linter.unusedSimpArgs false`
info: Project/ByteIO/BinaryParts.lean:14:0: 'Project.ByteIO.Binary.parseSection_eq_of_parts' depends on axioms: [propext]
ℹ [761/1063] Replayed Project.ByteIO.ArtifactSections
info: Project/ByteIO/ArtifactSections.lean:15:0: 'Project.ByteIO.Artifact.types_parsed' depends on axioms: [propext]
info: Project/ByteIO/ArtifactSections.lean:98:0: 'Project.ByteIO.Artifact.imports_parsed' depends on axioms: [propext, Classical.choice, Quot.sound]
info: Project/ByteIO/ArtifactSections.lean:104:0: 'Project.ByteIO.Artifact.functions_parsed' depends on axioms: [propext]
info: Project/ByteIO/ArtifactSections.lean:110:0: 'Project.ByteIO.Artifact.memories_parsed' depends on axioms: [propext]
info: Project/ByteIO/ArtifactSections.lean:116:0: 'Project.ByteIO.Artifact.globals_parsed' depends on axioms: [propext]
info: Project/ByteIO/ArtifactSections.lean:122:0: 'Project.ByteIO.Artifact.exports_parsed' depends on axioms: [propext, Classical.choice, Quot.sound]
ℹ [762/1063] Replayed Project.ByteIO.ArtifactCode0
info: Project/ByteIO/ArtifactCode0.lean:34:0: 'Project.ByteIO.Artifact.code0_decoded' depends on axioms: [propext]
ℹ [763/1063] Replayed Project.ByteIO.ArtifactCode1
info: Project/ByteIO/ArtifactCode1.lean:89:0: 'Project.ByteIO.Artifact.code1_decoded' depends on axioms: [propext]
ℹ [764/1063] Replayed Project.ByteIO.ArtifactCode2
info: Project/ByteIO/ArtifactCode2.lean:49:0: 'Project.ByteIO.Artifact.code2_decoded' depends on axioms: [propext]
ℹ [765/1063] Replayed Project.ByteIO.ArtifactCode3
info: Project/ByteIO/ArtifactCode3.lean:34:0: 'Project.ByteIO.Artifact.code3_decoded' depends on axioms: [propext]
ℹ [766/1063] Replayed Project.ByteIO.ArtifactCode4
info: Project/ByteIO/ArtifactCode4.lean:44:0: 'Project.ByteIO.Artifact.code4_decoded' depends on axioms: [propext]
ℹ [767/1063] Replayed Project.ByteIO.ArtifactCode5
info: Project/ByteIO/ArtifactCode5.lean:44:0: 'Project.ByteIO.Artifact.code5_decoded' depends on axioms: [propext]
ℹ [768/1063] Replayed Project.ByteIO.ArtifactSection10
info: Project/ByteIO/ArtifactSection10.lean:74:0: 'Project.ByteIO.Artifact.codes_section_decoded' depends on axioms: [propext]
ℹ [769/1063] Replayed Project.ByteIO.ArtifactDecode
info: Project/ByteIO/ArtifactDecode.lean:28:0: 'Project.ByteIO.Artifact.decoded' depends on axioms: [propext, Classical.choice, Quot.sound]
info: Project/ByteIO/ArtifactDecode.lean:29:0: 'Project.ByteIO.Artifact.encoded' depends on axioms: [propext, Classical.choice, Quot.sound]
ℹ [770/1063] Replayed Project.ByteIO.ArtifactValidation
info: Project/ByteIO/ArtifactValidation.lean:12:0: 'Project.ByteIO.Artifact.validated' depends on axioms: [propext]
info: Project/ByteIO/ArtifactValidation.lean:13:0: 'Project.ByteIO.Artifact.valid' depends on axioms: [propext, Classical.choice, Quot.sound]
ℹ [776/1063] Replayed Project.ByteIO.Memory
info: Project/ByteIO/Memory.lean:132:0: 'Project.ByteIO.commitRead_at' depends on axioms: [propext, Quot.sound]
info: Project/ByteIO/Memory.lean:133:0: 'Project.ByteIO.commitRead_frame' depends on axioms: [propext, Quot.sound]
info: Project/ByteIO/Memory.lean:134:0: 'Project.ByteIO.commitWrite_frame' depends on axioms: [propext, Quot.sound]
⚠ [3076/3082] Replayed Interpreter.Wasm.Semantics.Lemmas
warning: Interpreter/Wasm/Semantics/Lemmas.lean:162:25: `if_pos` has been deprecated: Use `ite_eq_left` instead
warning: Interpreter/Wasm/Semantics/Lemmas.lean:166:50: `if_pos` has been deprecated: Use `ite_eq_left` instead
warning: Interpreter/Wasm/Semantics/Lemmas.lean:168:25: `if_neg` has been deprecated: Use `ite_eq_right` instead
warning: Interpreter/Wasm/Semantics/Lemmas.lean:172:50: `if_neg` has been deprecated: Use `ite_eq_right` instead
warning: Interpreter/Wasm/Semantics/Lemmas.lean:224:40: `if_pos` has been deprecated: Use `ite_eq_left` instead
warning: Interpreter/Wasm/Semantics/Lemmas.lean:226:38: `if_pos` has been deprecated: Use `ite_eq_left` instead
warning: Interpreter/Wasm/Semantics/Lemmas.lean:229:38: `if_neg` has been deprecated: Use `ite_eq_right` instead
warning: Interpreter/Wasm/Semantics/Lemmas.lean:262:40: `if_pos` has been deprecated: Use `ite_eq_left` instead
warning: Interpreter/Wasm/Semantics/Lemmas.lean:264:38: `if_pos` has been deprecated: Use `ite_eq_left` instead
warning: Interpreter/Wasm/Semantics/Lemmas.lean:267:38: `if_neg` has been deprecated: Use `ite_eq_right` instead
warning: Interpreter/Wasm/Semantics/Lemmas.lean:433:15: `if_pos` has been deprecated: Use `ite_eq_left` instead
warning: Interpreter/Wasm/Semantics/Lemmas.lean:443:15: `if_neg` has been deprecated: Use `ite_eq_right` instead
warning: Interpreter/Wasm/Semantics/Lemmas.lean:513:66: `if_pos` has been deprecated: Use `ite_eq_left` instead
ℹ [3079/3082] Replayed Project.ByteIO.Host
info: Project/ByteIO/Host.lean:161:0: 'Project.ByteIO.fdRead_contract' depends on axioms: [propext, Classical.choice, Quot.sound]
info: Project/ByteIO/Host.lean:162:0: 'Project.ByteIO.fdWrite_contract' depends on axioms: [propext, Classical.choice, Quot.sound]
info: Project/ByteIO/Host.lean:163:0: 'Project.ByteIO.readHost_contract' depends on axioms: [propext, Classical.choice, Quot.sound]
info: Project/ByteIO/Host.lean:164:0: 'Project.ByteIO.writeHost_contract' depends on axioms: [propext, Classical.choice, Quot.sound]
⚠ [3080/3082] Replayed Project.ByteIO.Wasi
warning: Project/ByteIO/Wasi.lean:50:46: Used `tac1 <;> tac2` where `(tac1; tac2)` would suffice

Note: This linter can be disabled with `set_option linter.unnecessarySeqFocus false`
warning: Project/ByteIO/Wasi.lean:163:28: This simp argument is unused:
  ih

Hint: Omit it from the simp argument list.
  [apply] simp

Note: This linter can be disabled with `set_option linter.unusedSimpArgs false`
info: Project/ByteIO/Wasi.lean:348:0: 'Project.ByteIO.wasiEnv_satisfies' depends on axioms: [propext, Classical.choice, Quot.sound]
info: Project/ByteIO/Wasi.lean:349:0: 'Project.ByteIO.pollCall_contract' depends on axioms: [propext, Classical.choice, Quot.sound]
info: Project/ByteIO/Wasi.lean:351:0: 'Project.ByteIO.flagsCall_contract' depends on axioms: [propext]
info: Project/ByteIO/Wasi.lean:352:0: 'Project.ByteIO.clockCall_contract' depends on axioms: [propext, Classical.choice, Quot.sound]
info: Project/ByteIO/Wasi.lean:353:0: 'Project.ByteIO.pollTime_monotone' depends on axioms: [propext, Quot.sound]
info: Project/ByteIO/Wasi.lean:354:0: 'Project.ByteIO.pollEvents_count' depends on axioms: [propext, Classical.choice, Quot.sound]
info: Project/ByteIO/Wasi.lean:355:0: 'Project.ByteIO.poll_before_deadline_ready' depends on axioms: [propext, Quot.sound]
info: Project/ByteIO/Wasi.lean:356:0: 'Project.ByteIO.commitPoll_frame' depends on axioms: [propext, Quot.sound]
info: Project/ByteIO/Wasi.lean:357:0: 'Project.ByteIO.exit_records_status' depends on axioms: [propext]
ℹ [3081/3082] Replayed Project.ByteIO.ArtifactModule
info: Project/ByteIO/ArtifactModule.lean:16:0: 'Project.ByteIO.Artifact.imports_exact' depends on axioms: [propext]
info: Project/ByteIO/ArtifactModule.lean:17:0: 'Project.ByteIO.Artifact.exports_exact' depends on axioms: [propext]
Build completed successfully (3082 jobs).
leanrun: LEANRUN_LOCAL=1; macOS has no cgroup CPU/memory/swap limits or ionice
leanrun: explicitly authorized inherited priority; nice unavailable
⚠ [2/335] Replayed Interpreter.Wasm.Mem
warning: Interpreter/Wasm/Mem.lean:133:10: `if_neg` has been deprecated: Use `ite_eq_right` instead
warning: Interpreter/Wasm/Mem.lean:152:8: `if_pos` has been deprecated: Use `ite_eq_left` instead
warning: Interpreter/Wasm/Mem.lean:152:19: `if_pos` has been deprecated: Use `ite_eq_left` instead
warning: Interpreter/Wasm/Mem.lean:153:8: `if_neg` has been deprecated: Use `ite_eq_right` instead
warning: Interpreter/Wasm/Mem.lean:155:20: `if_pos` has been deprecated: Use `ite_eq_left` instead
warning: Interpreter/Wasm/Mem.lean:155:32: `if_pos` has been deprecated: Use `ite_eq_left` instead
warning: Interpreter/Wasm/Mem.lean:156:10: `if_neg` has been deprecated: Use `ite_eq_right` instead
warning: Interpreter/Wasm/Mem.lean:156:21: `if_neg` has been deprecated: Use `ite_eq_right` instead
warning: Interpreter/Wasm/Mem.lean:219:10: `dif_pos` has been deprecated: Use `dite_eq_left` instead
warning: Interpreter/Wasm/Mem.lean:222:10: `dif_pos` has been deprecated: Use `dite_eq_left` instead
warning: Interpreter/Wasm/Mem.lean:226:10: `dif_neg` has been deprecated: Use `dite_eq_right` instead
warning: Interpreter/Wasm/Mem.lean:228:12: `dif_pos` has been deprecated: Use `dite_eq_left` instead
warning: Interpreter/Wasm/Mem.lean:231:12: `dif_pos` has been deprecated: Use `dite_eq_left` instead
warning: Interpreter/Wasm/Mem.lean:233:12: `dif_neg` has been deprecated: Use `dite_eq_right` instead
warning: Interpreter/Wasm/Mem.lean:236:12: `dif_neg` has been deprecated: Use `dite_eq_right` instead
warning: Interpreter/Wasm/Mem.lean:246:10: `dif_neg` has been deprecated: Use `dite_eq_right` instead
warning: Interpreter/Wasm/Mem.lean:266:12: `dif_neg` has been deprecated: Use `dite_eq_right` instead
warning: Interpreter/Wasm/Mem.lean:300:44: `if_pos` has been deprecated: Use `ite_eq_left` instead
⚠ [748/1018] Replayed Project.Artifact.Binary.Proof.Cursor
warning: Project/Artifact/Binary/Proof/Cursor.lean:131:8: `if_pos` has been deprecated: Use `ite_eq_left` instead
warning: Project/Artifact/Binary/Proof/Cursor.lean:145:8: `if_neg` has been deprecated: Use `ite_eq_right` instead
warning: Project/Artifact/Binary/Proof/Cursor.lean:156:8: `if_pos` has been deprecated: Use `ite_eq_left` instead
warning: Project/Artifact/Binary/Proof/Cursor.lean:162:8: `if_neg` has been deprecated: Use `ite_eq_right` instead
warning: Project/Artifact/Binary/Proof/Cursor.lean:180:8: `if_pos` has been deprecated: Use `ite_eq_left` instead
warning: Project/Artifact/Binary/Proof/Cursor.lean:180:8: `if_pos` has been deprecated: Use `ite_eq_left` instead
warning: Project/Artifact/Binary/Proof/Cursor.lean:191:8: `if_neg` has been deprecated: Use `ite_eq_right` instead
⚠ [749/1018] Replayed Project.Artifact.Binary.Proof.Leb
warning: Project/Artifact/Binary/Proof/Leb.lean:10:5: Ambiguous namespace `Parser`: it is interpreted as `_root_.Wasm.Binary.Parser` because this `open` occurs inside `namespace Wasm.Binary.Leb.Proof`, while `_root_.Parser` is silently not opened. Specify the namespace unambiguously, e.g. `_root_.Wasm.Binary.Parser`. The warning can sometimes also be addressed by moving the `open` outside of the surrounding `namespace`.

Note: This linter can be disabled with `set_option linter.ambiguousOpen false`
⚠ [750/1018] Replayed Project.Artifact.Binary.Proof.Primitives
warning: Project/Artifact/Binary/Proof/Primitives.lean:6:5: Ambiguous namespace `Parser`: it is interpreted as `_root_.Wasm.Binary.Parser` because this `open` occurs inside `namespace Wasm.Binary.Proof`, while `_root_.Parser` is silently not opened. Specify the namespace unambiguously, e.g. `_root_.Wasm.Binary.Parser`. The warning can sometimes also be addressed by moving the `open` outside of the surrounding `namespace`.

Note: This linter can be disabled with `set_option linter.ambiguousOpen false`
⚠ [751/1018] Replayed Project.Artifact.Binary.Proof.Decode
warning: Project/Artifact/Binary/Proof/Decode.lean:6:5: Ambiguous namespace `Parser`: it is interpreted as `_root_.Wasm.Binary.Parser` because this `open` occurs inside `namespace Wasm.Binary.Proof`, while `_root_.Parser` is silently not opened. Specify the namespace unambiguously, e.g. `_root_.Wasm.Binary.Parser`. The warning can sometimes also be addressed by moving the `open` outside of the surrounding `namespace`.

Note: This linter can be disabled with `set_option linter.ambiguousOpen false`
⚠ [754/1018] Replayed Project.ByteIO.Binary
warning: Project/ByteIO/Binary.lean:117:26: Local variable 'unit' resembles constructor 'PUnit.unit' - write '.unit' (with a dot) or 'PUnit.unit' to use the constructor.

Note: This linter can be disabled with `set_option linter.constructorNameAsVariable false`
warning: Project/ByteIO/Binary.lean:143:22: Local variable 'unit' resembles constructor 'PUnit.unit' - write '.unit' (with a dot) or 'PUnit.unit' to use the constructor.

Note: This linter can be disabled with `set_option linter.constructorNameAsVariable false`
info: Project/ByteIO/Binary.lean:239:0: 'Project.ByteIO.Binary.decode_sound' depends on axioms: [propext, Classical.choice, Quot.sound]
info: Project/ByteIO/Binary.lean:240:0: 'Project.ByteIO.Binary.validate_sound' depends on axioms: [propext, Classical.choice, Quot.sound]
info: Project/ByteIO/Binary.lean:242:0: 'Project.ByteIO.Binary.importEntry_sound' depends on axioms: [propext, Classical.choice, Quot.sound]
info: Project/ByteIO/Binary.lean:243:0: 'Project.ByteIO.Binary.section_sound' depends on axioms: [propext, Classical.choice, Quot.sound]
info: Project/ByteIO/Binary.lean:244:0: 'Project.ByteIO.Binary.translation_fields' depends on axioms: [propext, Quot.sound]
ℹ [757/1018] Replayed Project.Artifact.Binary.Evaluate
info: Project/Artifact/Binary/Evaluate.lean:38:0: 'Wasm.Binary.instructionSequenceAt_apply' does not depend on any axioms
info: Project/Artifact/Binary/Evaluate.lean:66:0: 'Wasm.Binary.code_eq_of_parts' depends on axioms: [propext]
ℹ [758/1018] Replayed Project.ByteIO.ArtifactByteLookup
info: Project/ByteIO/ArtifactByteLookup.lean:457:0: 'Project.ByteIO.Artifact.ByteLookup.data_get' depends on axioms: [propext]
ℹ [759/1018] Replayed Project.Artifact.Binary.CodeParts
info: Project/Artifact/Binary/CodeParts.lean:37:0: 'Wasm.Binary.vectorLoop_eq_cons' depends on axioms: [propext]
info: Project/Artifact/Binary/CodeParts.lean:38:0: 'Wasm.Binary.vector_eq_of_parts' depends on axioms: [propext]
info: Project/Artifact/Binary/CodeParts.lean:39:0: 'Wasm.Binary.sized_eq_of_parts' depends on axioms: [propext]
⚠ [760/1018] Replayed Project.ByteIO.BinaryParts
warning: Project/ByteIO/BinaryParts.lean:12:33: This simp argument is unused:
  Pure.pure

Hint: Omit it from the simp argument list.
  [apply] simp [parseSection, Bind.bind, Parser.instMonad, Except.bind, hid, hbody]

Note: This linter can be disabled with `set_option linter.unusedSimpArgs false`
warning: Project/ByteIO/BinaryParts.lean:12:44: This simp argument is unused:
  Parser.instMonad

Hint: Omit it from the simp argument list.
  [apply] simp [parseSection, Bind.bind, Pure.pure, Except.bind, hid, hbody]

Note: This linter can be disabled with `set_option linter.unusedSimpArgs false`
info: Project/ByteIO/BinaryParts.lean:14:0: 'Project.ByteIO.Binary.parseSection_eq_of_parts' depends on axioms: [propext]
ℹ [761/1018] Replayed Project.ByteIO.ArtifactSections
info: Project/ByteIO/ArtifactSections.lean:15:0: 'Project.ByteIO.Artifact.types_parsed' depends on axioms: [propext]
info: Project/ByteIO/ArtifactSections.lean:98:0: 'Project.ByteIO.Artifact.imports_parsed' depends on axioms: [propext, Classical.choice, Quot.sound]
info: Project/ByteIO/ArtifactSections.lean:104:0: 'Project.ByteIO.Artifact.functions_parsed' depends on axioms: [propext]
info: Project/ByteIO/ArtifactSections.lean:110:0: 'Project.ByteIO.Artifact.memories_parsed' depends on axioms: [propext]
info: Project/ByteIO/ArtifactSections.lean:116:0: 'Project.ByteIO.Artifact.globals_parsed' depends on axioms: [propext]
info: Project/ByteIO/ArtifactSections.lean:122:0: 'Project.ByteIO.Artifact.exports_parsed' depends on axioms: [propext, Classical.choice, Quot.sound]
ℹ [762/1018] Replayed Project.ByteIO.ArtifactCode0
info: Project/ByteIO/ArtifactCode0.lean:34:0: 'Project.ByteIO.Artifact.code0_decoded' depends on axioms: [propext]
ℹ [763/1018] Replayed Project.ByteIO.ArtifactCode1
info: Project/ByteIO/ArtifactCode1.lean:89:0: 'Project.ByteIO.Artifact.code1_decoded' depends on axioms: [propext]
ℹ [764/1018] Replayed Project.ByteIO.ArtifactCode2
info: Project/ByteIO/ArtifactCode2.lean:49:0: 'Project.ByteIO.Artifact.code2_decoded' depends on axioms: [propext]
ℹ [765/1018] Replayed Project.ByteIO.ArtifactCode3
info: Project/ByteIO/ArtifactCode3.lean:34:0: 'Project.ByteIO.Artifact.code3_decoded' depends on axioms: [propext]
ℹ [766/1018] Replayed Project.ByteIO.ArtifactCode4
info: Project/ByteIO/ArtifactCode4.lean:44:0: 'Project.ByteIO.Artifact.code4_decoded' depends on axioms: [propext]
ℹ [767/1018] Replayed Project.ByteIO.ArtifactCode5
info: Project/ByteIO/ArtifactCode5.lean:44:0: 'Project.ByteIO.Artifact.code5_decoded' depends on axioms: [propext]
ℹ [768/1018] Replayed Project.ByteIO.ArtifactSection10
info: Project/ByteIO/ArtifactSection10.lean:74:0: 'Project.ByteIO.Artifact.codes_section_decoded' depends on axioms: [propext]
ℹ [769/1018] Replayed Project.ByteIO.ArtifactDecode
info: Project/ByteIO/ArtifactDecode.lean:28:0: 'Project.ByteIO.Artifact.decoded' depends on axioms: [propext, Classical.choice, Quot.sound]
info: Project/ByteIO/ArtifactDecode.lean:29:0: 'Project.ByteIO.Artifact.encoded' depends on axioms: [propext, Classical.choice, Quot.sound]
ℹ [770/1018] Replayed Project.ByteIO.ArtifactValidation
info: Project/ByteIO/ArtifactValidation.lean:12:0: 'Project.ByteIO.Artifact.validated' depends on axioms: [propext]
info: Project/ByteIO/ArtifactValidation.lean:13:0: 'Project.ByteIO.Artifact.valid' depends on axioms: [propext, Classical.choice, Quot.sound]
ℹ [776/1018] Replayed Project.ByteIO.Memory
info: Project/ByteIO/Memory.lean:132:0: 'Project.ByteIO.commitRead_at' depends on axioms: [propext, Quot.sound]
info: Project/ByteIO/Memory.lean:133:0: 'Project.ByteIO.commitRead_frame' depends on axioms: [propext, Quot.sound]
info: Project/ByteIO/Memory.lean:134:0: 'Project.ByteIO.commitWrite_frame' depends on axioms: [propext, Quot.sound]
⚠ [3076/3086] Replayed Interpreter.Wasm.Semantics.Lemmas
warning: Interpreter/Wasm/Semantics/Lemmas.lean:162:25: `if_pos` has been deprecated: Use `ite_eq_left` instead
warning: Interpreter/Wasm/Semantics/Lemmas.lean:166:50: `if_pos` has been deprecated: Use `ite_eq_left` instead
warning: Interpreter/Wasm/Semantics/Lemmas.lean:168:25: `if_neg` has been deprecated: Use `ite_eq_right` instead
warning: Interpreter/Wasm/Semantics/Lemmas.lean:172:50: `if_neg` has been deprecated: Use `ite_eq_right` instead
warning: Interpreter/Wasm/Semantics/Lemmas.lean:224:40: `if_pos` has been deprecated: Use `ite_eq_left` instead
warning: Interpreter/Wasm/Semantics/Lemmas.lean:226:38: `if_pos` has been deprecated: Use `ite_eq_left` instead
warning: Interpreter/Wasm/Semantics/Lemmas.lean:229:38: `if_neg` has been deprecated: Use `ite_eq_right` instead
warning: Interpreter/Wasm/Semantics/Lemmas.lean:262:40: `if_pos` has been deprecated: Use `ite_eq_left` instead
warning: Interpreter/Wasm/Semantics/Lemmas.lean:264:38: `if_pos` has been deprecated: Use `ite_eq_left` instead
warning: Interpreter/Wasm/Semantics/Lemmas.lean:267:38: `if_neg` has been deprecated: Use `ite_eq_right` instead
warning: Interpreter/Wasm/Semantics/Lemmas.lean:433:15: `if_pos` has been deprecated: Use `ite_eq_left` instead
warning: Interpreter/Wasm/Semantics/Lemmas.lean:443:15: `if_neg` has been deprecated: Use `ite_eq_right` instead
warning: Interpreter/Wasm/Semantics/Lemmas.lean:513:66: `if_pos` has been deprecated: Use `ite_eq_left` instead
ℹ [3079/3086] Replayed Project.ByteIO.Host
info: Project/ByteIO/Host.lean:161:0: 'Project.ByteIO.fdRead_contract' depends on axioms: [propext, Classical.choice, Quot.sound]
info: Project/ByteIO/Host.lean:162:0: 'Project.ByteIO.fdWrite_contract' depends on axioms: [propext, Classical.choice, Quot.sound]
info: Project/ByteIO/Host.lean:163:0: 'Project.ByteIO.readHost_contract' depends on axioms: [propext, Classical.choice, Quot.sound]
info: Project/ByteIO/Host.lean:164:0: 'Project.ByteIO.writeHost_contract' depends on axioms: [propext, Classical.choice, Quot.sound]
⚠ [3080/3086] Replayed Project.ByteIO.Wasi
warning: Project/ByteIO/Wasi.lean:50:46: Used `tac1 <;> tac2` where `(tac1; tac2)` would suffice

Note: This linter can be disabled with `set_option linter.unnecessarySeqFocus false`
warning: Project/ByteIO/Wasi.lean:163:28: This simp argument is unused:
  ih

Hint: Omit it from the simp argument list.
  [apply] simp

Note: This linter can be disabled with `set_option linter.unusedSimpArgs false`
info: Project/ByteIO/Wasi.lean:348:0: 'Project.ByteIO.wasiEnv_satisfies' depends on axioms: [propext, Classical.choice, Quot.sound]
info: Project/ByteIO/Wasi.lean:349:0: 'Project.ByteIO.pollCall_contract' depends on axioms: [propext, Classical.choice, Quot.sound]
info: Project/ByteIO/Wasi.lean:351:0: 'Project.ByteIO.flagsCall_contract' depends on axioms: [propext]
info: Project/ByteIO/Wasi.lean:352:0: 'Project.ByteIO.clockCall_contract' depends on axioms: [propext, Classical.choice, Quot.sound]
info: Project/ByteIO/Wasi.lean:353:0: 'Project.ByteIO.pollTime_monotone' depends on axioms: [propext, Quot.sound]
info: Project/ByteIO/Wasi.lean:354:0: 'Project.ByteIO.pollEvents_count' depends on axioms: [propext, Classical.choice, Quot.sound]
info: Project/ByteIO/Wasi.lean:355:0: 'Project.ByteIO.poll_before_deadline_ready' depends on axioms: [propext, Quot.sound]
info: Project/ByteIO/Wasi.lean:356:0: 'Project.ByteIO.commitPoll_frame' depends on axioms: [propext, Quot.sound]
info: Project/ByteIO/Wasi.lean:357:0: 'Project.ByteIO.exit_records_status' depends on axioms: [propext]
ℹ [3081/3086] Replayed Project.ByteIO.ArtifactModule
info: Project/ByteIO/ArtifactModule.lean:16:0: 'Project.ByteIO.Artifact.imports_exact' depends on axioms: [propext]
info: Project/ByteIO/ArtifactModule.lean:17:0: 'Project.ByteIO.Artifact.exports_exact' depends on axioms: [propext]
ℹ [3086/3086] Replayed Project.ByteIO.Execution
info: Project/ByteIO/Execution.lean:39:0: 'Project.ByteIO.terminates_of_check' depends on axioms: [propext, Classical.choice, Quot.sound]
info: Project/ByteIO/Execution.lean:40:0: 'Project.ByteIO.partialHost_satisfies' depends on axioms: [propext, Classical.choice, Quot.sound]
info: Project/ByteIO/Execution.lean:41:0: 'Project.ByteIO.echo_partial_writes' depends on axioms: [propext, Classical.choice, Quot.sound]
Build completed successfully (3086 jobs).
leanrun: LEANRUN_LOCAL=1; macOS has no cgroup CPU/memory/swap limits or ionice
leanrun: explicitly authorized inherited priority; nice unavailable
⚠ [2/361] Replayed Interpreter.Wasm.Mem
warning: Interpreter/Wasm/Mem.lean:133:10: `if_neg` has been deprecated: Use `ite_eq_right` instead
warning: Interpreter/Wasm/Mem.lean:152:8: `if_pos` has been deprecated: Use `ite_eq_left` instead
warning: Interpreter/Wasm/Mem.lean:152:19: `if_pos` has been deprecated: Use `ite_eq_left` instead
warning: Interpreter/Wasm/Mem.lean:153:8: `if_neg` has been deprecated: Use `ite_eq_right` instead
warning: Interpreter/Wasm/Mem.lean:155:20: `if_pos` has been deprecated: Use `ite_eq_left` instead
warning: Interpreter/Wasm/Mem.lean:155:32: `if_pos` has been deprecated: Use `ite_eq_left` instead
warning: Interpreter/Wasm/Mem.lean:156:10: `if_neg` has been deprecated: Use `ite_eq_right` instead
warning: Interpreter/Wasm/Mem.lean:156:21: `if_neg` has been deprecated: Use `ite_eq_right` instead
warning: Interpreter/Wasm/Mem.lean:219:10: `dif_pos` has been deprecated: Use `dite_eq_left` instead
warning: Interpreter/Wasm/Mem.lean:222:10: `dif_pos` has been deprecated: Use `dite_eq_left` instead
warning: Interpreter/Wasm/Mem.lean:226:10: `dif_neg` has been deprecated: Use `dite_eq_right` instead
warning: Interpreter/Wasm/Mem.lean:228:12: `dif_pos` has been deprecated: Use `dite_eq_left` instead
warning: Interpreter/Wasm/Mem.lean:231:12: `dif_pos` has been deprecated: Use `dite_eq_left` instead
warning: Interpreter/Wasm/Mem.lean:233:12: `dif_neg` has been deprecated: Use `dite_eq_right` instead
warning: Interpreter/Wasm/Mem.lean:236:12: `dif_neg` has been deprecated: Use `dite_eq_right` instead
warning: Interpreter/Wasm/Mem.lean:246:10: `dif_neg` has been deprecated: Use `dite_eq_right` instead
warning: Interpreter/Wasm/Mem.lean:266:12: `dif_neg` has been deprecated: Use `dite_eq_right` instead
warning: Interpreter/Wasm/Mem.lean:300:44: `if_pos` has been deprecated: Use `ite_eq_left` instead
⚠ [748/1052] Replayed Project.Artifact.Binary.Proof.Cursor
warning: Project/Artifact/Binary/Proof/Cursor.lean:131:8: `if_pos` has been deprecated: Use `ite_eq_left` instead
warning: Project/Artifact/Binary/Proof/Cursor.lean:145:8: `if_neg` has been deprecated: Use `ite_eq_right` instead
warning: Project/Artifact/Binary/Proof/Cursor.lean:156:8: `if_pos` has been deprecated: Use `ite_eq_left` instead
warning: Project/Artifact/Binary/Proof/Cursor.lean:162:8: `if_neg` has been deprecated: Use `ite_eq_right` instead
warning: Project/Artifact/Binary/Proof/Cursor.lean:180:8: `if_pos` has been deprecated: Use `ite_eq_left` instead
warning: Project/Artifact/Binary/Proof/Cursor.lean:180:8: `if_pos` has been deprecated: Use `ite_eq_left` instead
warning: Project/Artifact/Binary/Proof/Cursor.lean:191:8: `if_neg` has been deprecated: Use `ite_eq_right` instead
⚠ [749/1052] Replayed Project.Artifact.Binary.Proof.Leb
warning: Project/Artifact/Binary/Proof/Leb.lean:10:5: Ambiguous namespace `Parser`: it is interpreted as `_root_.Wasm.Binary.Parser` because this `open` occurs inside `namespace Wasm.Binary.Leb.Proof`, while `_root_.Parser` is silently not opened. Specify the namespace unambiguously, e.g. `_root_.Wasm.Binary.Parser`. The warning can sometimes also be addressed by moving the `open` outside of the surrounding `namespace`.

Note: This linter can be disabled with `set_option linter.ambiguousOpen false`
⚠ [750/1052] Replayed Project.Artifact.Binary.Proof.Primitives
warning: Project/Artifact/Binary/Proof/Primitives.lean:6:5: Ambiguous namespace `Parser`: it is interpreted as `_root_.Wasm.Binary.Parser` because this `open` occurs inside `namespace Wasm.Binary.Proof`, while `_root_.Parser` is silently not opened. Specify the namespace unambiguously, e.g. `_root_.Wasm.Binary.Parser`. The warning can sometimes also be addressed by moving the `open` outside of the surrounding `namespace`.

Note: This linter can be disabled with `set_option linter.ambiguousOpen false`
⚠ [751/1052] Replayed Project.Artifact.Binary.Proof.Decode
warning: Project/Artifact/Binary/Proof/Decode.lean:6:5: Ambiguous namespace `Parser`: it is interpreted as `_root_.Wasm.Binary.Parser` because this `open` occurs inside `namespace Wasm.Binary.Proof`, while `_root_.Parser` is silently not opened. Specify the namespace unambiguously, e.g. `_root_.Wasm.Binary.Parser`. The warning can sometimes also be addressed by moving the `open` outside of the surrounding `namespace`.

Note: This linter can be disabled with `set_option linter.ambiguousOpen false`
⚠ [754/1052] Replayed Project.ByteIO.Binary
warning: Project/ByteIO/Binary.lean:117:26: Local variable 'unit' resembles constructor 'PUnit.unit' - write '.unit' (with a dot) or 'PUnit.unit' to use the constructor.

Note: This linter can be disabled with `set_option linter.constructorNameAsVariable false`
warning: Project/ByteIO/Binary.lean:143:22: Local variable 'unit' resembles constructor 'PUnit.unit' - write '.unit' (with a dot) or 'PUnit.unit' to use the constructor.

Note: This linter can be disabled with `set_option linter.constructorNameAsVariable false`
info: Project/ByteIO/Binary.lean:239:0: 'Project.ByteIO.Binary.decode_sound' depends on axioms: [propext, Classical.choice, Quot.sound]
info: Project/ByteIO/Binary.lean:240:0: 'Project.ByteIO.Binary.validate_sound' depends on axioms: [propext, Classical.choice, Quot.sound]
info: Project/ByteIO/Binary.lean:242:0: 'Project.ByteIO.Binary.importEntry_sound' depends on axioms: [propext, Classical.choice, Quot.sound]
info: Project/ByteIO/Binary.lean:243:0: 'Project.ByteIO.Binary.section_sound' depends on axioms: [propext, Classical.choice, Quot.sound]
info: Project/ByteIO/Binary.lean:244:0: 'Project.ByteIO.Binary.translation_fields' depends on axioms: [propext, Quot.sound]
ℹ [757/1052] Replayed Project.Artifact.Binary.Evaluate
info: Project/Artifact/Binary/Evaluate.lean:38:0: 'Wasm.Binary.instructionSequenceAt_apply' does not depend on any axioms
info: Project/Artifact/Binary/Evaluate.lean:66:0: 'Wasm.Binary.code_eq_of_parts' depends on axioms: [propext]
ℹ [758/1052] Replayed Project.ByteIO.ArtifactByteLookup
info: Project/ByteIO/ArtifactByteLookup.lean:457:0: 'Project.ByteIO.Artifact.ByteLookup.data_get' depends on axioms: [propext]
ℹ [759/1052] Replayed Project.Artifact.Binary.CodeParts
info: Project/Artifact/Binary/CodeParts.lean:37:0: 'Wasm.Binary.vectorLoop_eq_cons' depends on axioms: [propext]
info: Project/Artifact/Binary/CodeParts.lean:38:0: 'Wasm.Binary.vector_eq_of_parts' depends on axioms: [propext]
info: Project/Artifact/Binary/CodeParts.lean:39:0: 'Wasm.Binary.sized_eq_of_parts' depends on axioms: [propext]
⚠ [760/1052] Replayed Project.ByteIO.BinaryParts
warning: Project/ByteIO/BinaryParts.lean:12:33: This simp argument is unused:
  Pure.pure

Hint: Omit it from the simp argument list.
  [apply] simp [parseSection, Bind.bind, Parser.instMonad, Except.bind, hid, hbody]

Note: This linter can be disabled with `set_option linter.unusedSimpArgs false`
warning: Project/ByteIO/BinaryParts.lean:12:44: This simp argument is unused:
  Parser.instMonad

Hint: Omit it from the simp argument list.
  [apply] simp [parseSection, Bind.bind, Pure.pure, Except.bind, hid, hbody]

Note: This linter can be disabled with `set_option linter.unusedSimpArgs false`
info: Project/ByteIO/BinaryParts.lean:14:0: 'Project.ByteIO.Binary.parseSection_eq_of_parts' depends on axioms: [propext]
ℹ [761/1052] Replayed Project.ByteIO.ArtifactSections
info: Project/ByteIO/ArtifactSections.lean:15:0: 'Project.ByteIO.Artifact.types_parsed' depends on axioms: [propext]
info: Project/ByteIO/ArtifactSections.lean:98:0: 'Project.ByteIO.Artifact.imports_parsed' depends on axioms: [propext, Classical.choice, Quot.sound]
info: Project/ByteIO/ArtifactSections.lean:104:0: 'Project.ByteIO.Artifact.functions_parsed' depends on axioms: [propext]
info: Project/ByteIO/ArtifactSections.lean:110:0: 'Project.ByteIO.Artifact.memories_parsed' depends on axioms: [propext]
info: Project/ByteIO/ArtifactSections.lean:116:0: 'Project.ByteIO.Artifact.globals_parsed' depends on axioms: [propext]
info: Project/ByteIO/ArtifactSections.lean:122:0: 'Project.ByteIO.Artifact.exports_parsed' depends on axioms: [propext, Classical.choice, Quot.sound]
ℹ [762/1052] Replayed Project.ByteIO.ArtifactCode0
info: Project/ByteIO/ArtifactCode0.lean:34:0: 'Project.ByteIO.Artifact.code0_decoded' depends on axioms: [propext]
ℹ [763/1052] Replayed Project.ByteIO.ArtifactCode1
info: Project/ByteIO/ArtifactCode1.lean:89:0: 'Project.ByteIO.Artifact.code1_decoded' depends on axioms: [propext]
ℹ [764/1052] Replayed Project.ByteIO.ArtifactCode2
info: Project/ByteIO/ArtifactCode2.lean:49:0: 'Project.ByteIO.Artifact.code2_decoded' depends on axioms: [propext]
ℹ [765/1052] Replayed Project.ByteIO.ArtifactCode3
info: Project/ByteIO/ArtifactCode3.lean:34:0: 'Project.ByteIO.Artifact.code3_decoded' depends on axioms: [propext]
ℹ [766/1052] Replayed Project.ByteIO.ArtifactCode4
info: Project/ByteIO/ArtifactCode4.lean:44:0: 'Project.ByteIO.Artifact.code4_decoded' depends on axioms: [propext]
ℹ [767/1052] Replayed Project.ByteIO.ArtifactCode5
info: Project/ByteIO/ArtifactCode5.lean:44:0: 'Project.ByteIO.Artifact.code5_decoded' depends on axioms: [propext]
ℹ [768/1052] Replayed Project.ByteIO.ArtifactSection10
info: Project/ByteIO/ArtifactSection10.lean:74:0: 'Project.ByteIO.Artifact.codes_section_decoded' depends on axioms: [propext]
ℹ [769/1052] Replayed Project.ByteIO.ArtifactDecode
info: Project/ByteIO/ArtifactDecode.lean:28:0: 'Project.ByteIO.Artifact.decoded' depends on axioms: [propext, Classical.choice, Quot.sound]
info: Project/ByteIO/ArtifactDecode.lean:29:0: 'Project.ByteIO.Artifact.encoded' depends on axioms: [propext, Classical.choice, Quot.sound]
ℹ [770/1052] Replayed Project.ByteIO.ArtifactValidation
info: Project/ByteIO/ArtifactValidation.lean:12:0: 'Project.ByteIO.Artifact.validated' depends on axioms: [propext]
info: Project/ByteIO/ArtifactValidation.lean:13:0: 'Project.ByteIO.Artifact.valid' depends on axioms: [propext, Classical.choice, Quot.sound]
ℹ [776/1052] Replayed Project.ByteIO.Memory
info: Project/ByteIO/Memory.lean:132:0: 'Project.ByteIO.commitRead_at' depends on axioms: [propext, Quot.sound]
info: Project/ByteIO/Memory.lean:133:0: 'Project.ByteIO.commitRead_frame' depends on axioms: [propext, Quot.sound]
info: Project/ByteIO/Memory.lean:134:0: 'Project.ByteIO.commitWrite_frame' depends on axioms: [propext, Quot.sound]
⚠ [3076/3088] Replayed Interpreter.Wasm.Semantics.Lemmas
warning: Interpreter/Wasm/Semantics/Lemmas.lean:162:25: `if_pos` has been deprecated: Use `ite_eq_left` instead
warning: Interpreter/Wasm/Semantics/Lemmas.lean:166:50: `if_pos` has been deprecated: Use `ite_eq_left` instead
warning: Interpreter/Wasm/Semantics/Lemmas.lean:168:25: `if_neg` has been deprecated: Use `ite_eq_right` instead
warning: Interpreter/Wasm/Semantics/Lemmas.lean:172:50: `if_neg` has been deprecated: Use `ite_eq_right` instead
warning: Interpreter/Wasm/Semantics/Lemmas.lean:224:40: `if_pos` has been deprecated: Use `ite_eq_left` instead
warning: Interpreter/Wasm/Semantics/Lemmas.lean:226:38: `if_pos` has been deprecated: Use `ite_eq_left` instead
warning: Interpreter/Wasm/Semantics/Lemmas.lean:229:38: `if_neg` has been deprecated: Use `ite_eq_right` instead
warning: Interpreter/Wasm/Semantics/Lemmas.lean:262:40: `if_pos` has been deprecated: Use `ite_eq_left` instead
warning: Interpreter/Wasm/Semantics/Lemmas.lean:264:38: `if_pos` has been deprecated: Use `ite_eq_left` instead
warning: Interpreter/Wasm/Semantics/Lemmas.lean:267:38: `if_neg` has been deprecated: Use `ite_eq_right` instead
warning: Interpreter/Wasm/Semantics/Lemmas.lean:433:15: `if_pos` has been deprecated: Use `ite_eq_left` instead
warning: Interpreter/Wasm/Semantics/Lemmas.lean:443:15: `if_neg` has been deprecated: Use `ite_eq_right` instead
warning: Interpreter/Wasm/Semantics/Lemmas.lean:513:66: `if_pos` has been deprecated: Use `ite_eq_left` instead
ℹ [3079/3088] Replayed Project.ByteIO.Host
info: Project/ByteIO/Host.lean:161:0: 'Project.ByteIO.fdRead_contract' depends on axioms: [propext, Classical.choice, Quot.sound]
info: Project/ByteIO/Host.lean:162:0: 'Project.ByteIO.fdWrite_contract' depends on axioms: [propext, Classical.choice, Quot.sound]
info: Project/ByteIO/Host.lean:163:0: 'Project.ByteIO.readHost_contract' depends on axioms: [propext, Classical.choice, Quot.sound]
info: Project/ByteIO/Host.lean:164:0: 'Project.ByteIO.writeHost_contract' depends on axioms: [propext, Classical.choice, Quot.sound]
⚠ [3080/3088] Replayed Project.ByteIO.Wasi
warning: Project/ByteIO/Wasi.lean:50:46: Used `tac1 <;> tac2` where `(tac1; tac2)` would suffice

Note: This linter can be disabled with `set_option linter.unnecessarySeqFocus false`
warning: Project/ByteIO/Wasi.lean:163:28: This simp argument is unused:
  ih

Hint: Omit it from the simp argument list.
  [apply] simp

Note: This linter can be disabled with `set_option linter.unusedSimpArgs false`
info: Project/ByteIO/Wasi.lean:348:0: 'Project.ByteIO.wasiEnv_satisfies' depends on axioms: [propext, Classical.choice, Quot.sound]
info: Project/ByteIO/Wasi.lean:349:0: 'Project.ByteIO.pollCall_contract' depends on axioms: [propext, Classical.choice, Quot.sound]
info: Project/ByteIO/Wasi.lean:351:0: 'Project.ByteIO.flagsCall_contract' depends on axioms: [propext]
info: Project/ByteIO/Wasi.lean:352:0: 'Project.ByteIO.clockCall_contract' depends on axioms: [propext, Classical.choice, Quot.sound]
info: Project/ByteIO/Wasi.lean:353:0: 'Project.ByteIO.pollTime_monotone' depends on axioms: [propext, Quot.sound]
info: Project/ByteIO/Wasi.lean:354:0: 'Project.ByteIO.pollEvents_count' depends on axioms: [propext, Classical.choice, Quot.sound]
info: Project/ByteIO/Wasi.lean:355:0: 'Project.ByteIO.poll_before_deadline_ready' depends on axioms: [propext, Quot.sound]
info: Project/ByteIO/Wasi.lean:356:0: 'Project.ByteIO.commitPoll_frame' depends on axioms: [propext, Quot.sound]
info: Project/ByteIO/Wasi.lean:357:0: 'Project.ByteIO.exit_records_status' depends on axioms: [propext]
ℹ [3081/3088] Replayed Project.ByteIO.ArtifactModule
info: Project/ByteIO/ArtifactModule.lean:16:0: 'Project.ByteIO.Artifact.imports_exact' depends on axioms: [propext]
info: Project/ByteIO/ArtifactModule.lean:17:0: 'Project.ByteIO.Artifact.exports_exact' depends on axioms: [propext]
ℹ [3086/3088] Replayed Project.ByteIO.Execution
info: Project/ByteIO/Execution.lean:39:0: 'Project.ByteIO.terminates_of_check' depends on axioms: [propext, Classical.choice, Quot.sound]
info: Project/ByteIO/Execution.lean:40:0: 'Project.ByteIO.partialHost_satisfies' depends on axioms: [propext, Classical.choice, Quot.sound]
info: Project/ByteIO/Execution.lean:41:0: 'Project.ByteIO.echo_partial_writes' depends on axioms: [propext, Classical.choice, Quot.sound]
ℹ [3088/3088] Replayed Project.ByteIO.ExecutionEof
info: Project/ByteIO/ExecutionEof.lean:17:0: 'Project.ByteIO.echo_eof' depends on axioms: [propext, Classical.choice, Quot.sound]
Build completed successfully (3088 jobs).
leanrun: LEANRUN_LOCAL=1; macOS has no cgroup CPU/memory/swap limits or ionice
leanrun: explicitly authorized inherited priority; nice unavailable
⚠ [2/353] Replayed Interpreter.Wasm.Mem
warning: Interpreter/Wasm/Mem.lean:133:10: `if_neg` has been deprecated: Use `ite_eq_right` instead
warning: Interpreter/Wasm/Mem.lean:152:8: `if_pos` has been deprecated: Use `ite_eq_left` instead
warning: Interpreter/Wasm/Mem.lean:152:19: `if_pos` has been deprecated: Use `ite_eq_left` instead
warning: Interpreter/Wasm/Mem.lean:153:8: `if_neg` has been deprecated: Use `ite_eq_right` instead
warning: Interpreter/Wasm/Mem.lean:155:20: `if_pos` has been deprecated: Use `ite_eq_left` instead
warning: Interpreter/Wasm/Mem.lean:155:32: `if_pos` has been deprecated: Use `ite_eq_left` instead
warning: Interpreter/Wasm/Mem.lean:156:10: `if_neg` has been deprecated: Use `ite_eq_right` instead
warning: Interpreter/Wasm/Mem.lean:156:21: `if_neg` has been deprecated: Use `ite_eq_right` instead
warning: Interpreter/Wasm/Mem.lean:219:10: `dif_pos` has been deprecated: Use `dite_eq_left` instead
warning: Interpreter/Wasm/Mem.lean:222:10: `dif_pos` has been deprecated: Use `dite_eq_left` instead
warning: Interpreter/Wasm/Mem.lean:226:10: `dif_neg` has been deprecated: Use `dite_eq_right` instead
warning: Interpreter/Wasm/Mem.lean:228:12: `dif_pos` has been deprecated: Use `dite_eq_left` instead
warning: Interpreter/Wasm/Mem.lean:231:12: `dif_pos` has been deprecated: Use `dite_eq_left` instead
warning: Interpreter/Wasm/Mem.lean:233:12: `dif_neg` has been deprecated: Use `dite_eq_right` instead
warning: Interpreter/Wasm/Mem.lean:236:12: `dif_neg` has been deprecated: Use `dite_eq_right` instead
warning: Interpreter/Wasm/Mem.lean:246:10: `dif_neg` has been deprecated: Use `dite_eq_right` instead
warning: Interpreter/Wasm/Mem.lean:266:12: `dif_neg` has been deprecated: Use `dite_eq_right` instead
warning: Interpreter/Wasm/Mem.lean:300:44: `if_pos` has been deprecated: Use `ite_eq_left` instead
⚠ [748/1041] Replayed Project.Artifact.Binary.Proof.Cursor
warning: Project/Artifact/Binary/Proof/Cursor.lean:131:8: `if_pos` has been deprecated: Use `ite_eq_left` instead
warning: Project/Artifact/Binary/Proof/Cursor.lean:145:8: `if_neg` has been deprecated: Use `ite_eq_right` instead
warning: Project/Artifact/Binary/Proof/Cursor.lean:156:8: `if_pos` has been deprecated: Use `ite_eq_left` instead
warning: Project/Artifact/Binary/Proof/Cursor.lean:162:8: `if_neg` has been deprecated: Use `ite_eq_right` instead
warning: Project/Artifact/Binary/Proof/Cursor.lean:180:8: `if_pos` has been deprecated: Use `ite_eq_left` instead
warning: Project/Artifact/Binary/Proof/Cursor.lean:180:8: `if_pos` has been deprecated: Use `ite_eq_left` instead
warning: Project/Artifact/Binary/Proof/Cursor.lean:191:8: `if_neg` has been deprecated: Use `ite_eq_right` instead
⚠ [749/1041] Replayed Project.Artifact.Binary.Proof.Leb
warning: Project/Artifact/Binary/Proof/Leb.lean:10:5: Ambiguous namespace `Parser`: it is interpreted as `_root_.Wasm.Binary.Parser` because this `open` occurs inside `namespace Wasm.Binary.Leb.Proof`, while `_root_.Parser` is silently not opened. Specify the namespace unambiguously, e.g. `_root_.Wasm.Binary.Parser`. The warning can sometimes also be addressed by moving the `open` outside of the surrounding `namespace`.

Note: This linter can be disabled with `set_option linter.ambiguousOpen false`
⚠ [750/1041] Replayed Project.Artifact.Binary.Proof.Primitives
warning: Project/Artifact/Binary/Proof/Primitives.lean:6:5: Ambiguous namespace `Parser`: it is interpreted as `_root_.Wasm.Binary.Parser` because this `open` occurs inside `namespace Wasm.Binary.Proof`, while `_root_.Parser` is silently not opened. Specify the namespace unambiguously, e.g. `_root_.Wasm.Binary.Parser`. The warning can sometimes also be addressed by moving the `open` outside of the surrounding `namespace`.

Note: This linter can be disabled with `set_option linter.ambiguousOpen false`
⚠ [751/1041] Replayed Project.Artifact.Binary.Proof.Decode
warning: Project/Artifact/Binary/Proof/Decode.lean:6:5: Ambiguous namespace `Parser`: it is interpreted as `_root_.Wasm.Binary.Parser` because this `open` occurs inside `namespace Wasm.Binary.Proof`, while `_root_.Parser` is silently not opened. Specify the namespace unambiguously, e.g. `_root_.Wasm.Binary.Parser`. The warning can sometimes also be addressed by moving the `open` outside of the surrounding `namespace`.

Note: This linter can be disabled with `set_option linter.ambiguousOpen false`
⚠ [754/1041] Replayed Project.ByteIO.Binary
warning: Project/ByteIO/Binary.lean:117:26: Local variable 'unit' resembles constructor 'PUnit.unit' - write '.unit' (with a dot) or 'PUnit.unit' to use the constructor.

Note: This linter can be disabled with `set_option linter.constructorNameAsVariable false`
warning: Project/ByteIO/Binary.lean:143:22: Local variable 'unit' resembles constructor 'PUnit.unit' - write '.unit' (with a dot) or 'PUnit.unit' to use the constructor.

Note: This linter can be disabled with `set_option linter.constructorNameAsVariable false`
info: Project/ByteIO/Binary.lean:239:0: 'Project.ByteIO.Binary.decode_sound' depends on axioms: [propext, Classical.choice, Quot.sound]
info: Project/ByteIO/Binary.lean:240:0: 'Project.ByteIO.Binary.validate_sound' depends on axioms: [propext, Classical.choice, Quot.sound]
info: Project/ByteIO/Binary.lean:242:0: 'Project.ByteIO.Binary.importEntry_sound' depends on axioms: [propext, Classical.choice, Quot.sound]
info: Project/ByteIO/Binary.lean:243:0: 'Project.ByteIO.Binary.section_sound' depends on axioms: [propext, Classical.choice, Quot.sound]
info: Project/ByteIO/Binary.lean:244:0: 'Project.ByteIO.Binary.translation_fields' depends on axioms: [propext, Quot.sound]
ℹ [757/1041] Replayed Project.Artifact.Binary.Evaluate
info: Project/Artifact/Binary/Evaluate.lean:38:0: 'Wasm.Binary.instructionSequenceAt_apply' does not depend on any axioms
info: Project/Artifact/Binary/Evaluate.lean:66:0: 'Wasm.Binary.code_eq_of_parts' depends on axioms: [propext]
ℹ [758/1041] Replayed Project.ByteIO.ArtifactByteLookup
info: Project/ByteIO/ArtifactByteLookup.lean:457:0: 'Project.ByteIO.Artifact.ByteLookup.data_get' depends on axioms: [propext]
ℹ [759/1041] Replayed Project.Artifact.Binary.CodeParts
info: Project/Artifact/Binary/CodeParts.lean:37:0: 'Wasm.Binary.vectorLoop_eq_cons' depends on axioms: [propext]
info: Project/Artifact/Binary/CodeParts.lean:38:0: 'Wasm.Binary.vector_eq_of_parts' depends on axioms: [propext]
info: Project/Artifact/Binary/CodeParts.lean:39:0: 'Wasm.Binary.sized_eq_of_parts' depends on axioms: [propext]
⚠ [760/1041] Replayed Project.ByteIO.BinaryParts
warning: Project/ByteIO/BinaryParts.lean:12:33: This simp argument is unused:
  Pure.pure

Hint: Omit it from the simp argument list.
  [apply] simp [parseSection, Bind.bind, Parser.instMonad, Except.bind, hid, hbody]

Note: This linter can be disabled with `set_option linter.unusedSimpArgs false`
warning: Project/ByteIO/BinaryParts.lean:12:44: This simp argument is unused:
  Parser.instMonad

Hint: Omit it from the simp argument list.
  [apply] simp [parseSection, Bind.bind, Pure.pure, Except.bind, hid, hbody]

Note: This linter can be disabled with `set_option linter.unusedSimpArgs false`
info: Project/ByteIO/BinaryParts.lean:14:0: 'Project.ByteIO.Binary.parseSection_eq_of_parts' depends on axioms: [propext]
ℹ [761/1041] Replayed Project.ByteIO.ArtifactSections
info: Project/ByteIO/ArtifactSections.lean:15:0: 'Project.ByteIO.Artifact.types_parsed' depends on axioms: [propext]
info: Project/ByteIO/ArtifactSections.lean:98:0: 'Project.ByteIO.Artifact.imports_parsed' depends on axioms: [propext, Classical.choice, Quot.sound]
info: Project/ByteIO/ArtifactSections.lean:104:0: 'Project.ByteIO.Artifact.functions_parsed' depends on axioms: [propext]
info: Project/ByteIO/ArtifactSections.lean:110:0: 'Project.ByteIO.Artifact.memories_parsed' depends on axioms: [propext]
info: Project/ByteIO/ArtifactSections.lean:116:0: 'Project.ByteIO.Artifact.globals_parsed' depends on axioms: [propext]
info: Project/ByteIO/ArtifactSections.lean:122:0: 'Project.ByteIO.Artifact.exports_parsed' depends on axioms: [propext, Classical.choice, Quot.sound]
ℹ [762/1041] Replayed Project.ByteIO.ArtifactCode0
info: Project/ByteIO/ArtifactCode0.lean:34:0: 'Project.ByteIO.Artifact.code0_decoded' depends on axioms: [propext]
ℹ [763/1041] Replayed Project.ByteIO.ArtifactCode1
info: Project/ByteIO/ArtifactCode1.lean:89:0: 'Project.ByteIO.Artifact.code1_decoded' depends on axioms: [propext]
ℹ [764/1041] Replayed Project.ByteIO.ArtifactCode2
info: Project/ByteIO/ArtifactCode2.lean:49:0: 'Project.ByteIO.Artifact.code2_decoded' depends on axioms: [propext]
ℹ [765/1041] Replayed Project.ByteIO.ArtifactCode3
info: Project/ByteIO/ArtifactCode3.lean:34:0: 'Project.ByteIO.Artifact.code3_decoded' depends on axioms: [propext]
ℹ [766/1041] Replayed Project.ByteIO.ArtifactCode4
info: Project/ByteIO/ArtifactCode4.lean:44:0: 'Project.ByteIO.Artifact.code4_decoded' depends on axioms: [propext]
ℹ [767/1041] Replayed Project.ByteIO.ArtifactCode5
info: Project/ByteIO/ArtifactCode5.lean:44:0: 'Project.ByteIO.Artifact.code5_decoded' depends on axioms: [propext]
ℹ [768/1041] Replayed Project.ByteIO.ArtifactSection10
info: Project/ByteIO/ArtifactSection10.lean:74:0: 'Project.ByteIO.Artifact.codes_section_decoded' depends on axioms: [propext]
ℹ [769/1041] Replayed Project.ByteIO.ArtifactDecode
info: Project/ByteIO/ArtifactDecode.lean:28:0: 'Project.ByteIO.Artifact.decoded' depends on axioms: [propext, Classical.choice, Quot.sound]
info: Project/ByteIO/ArtifactDecode.lean:29:0: 'Project.ByteIO.Artifact.encoded' depends on axioms: [propext, Classical.choice, Quot.sound]
ℹ [770/1041] Replayed Project.ByteIO.ArtifactValidation
info: Project/ByteIO/ArtifactValidation.lean:12:0: 'Project.ByteIO.Artifact.validated' depends on axioms: [propext]
info: Project/ByteIO/ArtifactValidation.lean:13:0: 'Project.ByteIO.Artifact.valid' depends on axioms: [propext, Classical.choice, Quot.sound]
ℹ [776/1041] Replayed Project.ByteIO.Memory
info: Project/ByteIO/Memory.lean:132:0: 'Project.ByteIO.commitRead_at' depends on axioms: [propext, Quot.sound]
info: Project/ByteIO/Memory.lean:133:0: 'Project.ByteIO.commitRead_frame' depends on axioms: [propext, Quot.sound]
info: Project/ByteIO/Memory.lean:134:0: 'Project.ByteIO.commitWrite_frame' depends on axioms: [propext, Quot.sound]
⚠ [3076/3088] Replayed Interpreter.Wasm.Semantics.Lemmas
warning: Interpreter/Wasm/Semantics/Lemmas.lean:162:25: `if_pos` has been deprecated: Use `ite_eq_left` instead
warning: Interpreter/Wasm/Semantics/Lemmas.lean:166:50: `if_pos` has been deprecated: Use `ite_eq_left` instead
warning: Interpreter/Wasm/Semantics/Lemmas.lean:168:25: `if_neg` has been deprecated: Use `ite_eq_right` instead
warning: Interpreter/Wasm/Semantics/Lemmas.lean:172:50: `if_neg` has been deprecated: Use `ite_eq_right` instead
warning: Interpreter/Wasm/Semantics/Lemmas.lean:224:40: `if_pos` has been deprecated: Use `ite_eq_left` instead
warning: Interpreter/Wasm/Semantics/Lemmas.lean:226:38: `if_pos` has been deprecated: Use `ite_eq_left` instead
warning: Interpreter/Wasm/Semantics/Lemmas.lean:229:38: `if_neg` has been deprecated: Use `ite_eq_right` instead
warning: Interpreter/Wasm/Semantics/Lemmas.lean:262:40: `if_pos` has been deprecated: Use `ite_eq_left` instead
warning: Interpreter/Wasm/Semantics/Lemmas.lean:264:38: `if_pos` has been deprecated: Use `ite_eq_left` instead
warning: Interpreter/Wasm/Semantics/Lemmas.lean:267:38: `if_neg` has been deprecated: Use `ite_eq_right` instead
warning: Interpreter/Wasm/Semantics/Lemmas.lean:433:15: `if_pos` has been deprecated: Use `ite_eq_left` instead
warning: Interpreter/Wasm/Semantics/Lemmas.lean:443:15: `if_neg` has been deprecated: Use `ite_eq_right` instead
warning: Interpreter/Wasm/Semantics/Lemmas.lean:513:66: `if_pos` has been deprecated: Use `ite_eq_left` instead
ℹ [3079/3088] Replayed Project.ByteIO.Host
info: Project/ByteIO/Host.lean:161:0: 'Project.ByteIO.fdRead_contract' depends on axioms: [propext, Classical.choice, Quot.sound]
info: Project/ByteIO/Host.lean:162:0: 'Project.ByteIO.fdWrite_contract' depends on axioms: [propext, Classical.choice, Quot.sound]
info: Project/ByteIO/Host.lean:163:0: 'Project.ByteIO.readHost_contract' depends on axioms: [propext, Classical.choice, Quot.sound]
info: Project/ByteIO/Host.lean:164:0: 'Project.ByteIO.writeHost_contract' depends on axioms: [propext, Classical.choice, Quot.sound]
⚠ [3080/3088] Replayed Project.ByteIO.Wasi
warning: Project/ByteIO/Wasi.lean:50:46: Used `tac1 <;> tac2` where `(tac1; tac2)` would suffice

Note: This linter can be disabled with `set_option linter.unnecessarySeqFocus false`
warning: Project/ByteIO/Wasi.lean:163:28: This simp argument is unused:
  ih

Hint: Omit it from the simp argument list.
  [apply] simp

Note: This linter can be disabled with `set_option linter.unusedSimpArgs false`
info: Project/ByteIO/Wasi.lean:348:0: 'Project.ByteIO.wasiEnv_satisfies' depends on axioms: [propext, Classical.choice, Quot.sound]
info: Project/ByteIO/Wasi.lean:349:0: 'Project.ByteIO.pollCall_contract' depends on axioms: [propext, Classical.choice, Quot.sound]
info: Project/ByteIO/Wasi.lean:351:0: 'Project.ByteIO.flagsCall_contract' depends on axioms: [propext]
info: Project/ByteIO/Wasi.lean:352:0: 'Project.ByteIO.clockCall_contract' depends on axioms: [propext, Classical.choice, Quot.sound]
info: Project/ByteIO/Wasi.lean:353:0: 'Project.ByteIO.pollTime_monotone' depends on axioms: [propext, Quot.sound]
info: Project/ByteIO/Wasi.lean:354:0: 'Project.ByteIO.pollEvents_count' depends on axioms: [propext, Classical.choice, Quot.sound]
info: Project/ByteIO/Wasi.lean:355:0: 'Project.ByteIO.poll_before_deadline_ready' depends on axioms: [propext, Quot.sound]
info: Project/ByteIO/Wasi.lean:356:0: 'Project.ByteIO.commitPoll_frame' depends on axioms: [propext, Quot.sound]
info: Project/ByteIO/Wasi.lean:357:0: 'Project.ByteIO.exit_records_status' depends on axioms: [propext]
ℹ [3081/3088] Replayed Project.ByteIO.ArtifactModule
info: Project/ByteIO/ArtifactModule.lean:16:0: 'Project.ByteIO.Artifact.imports_exact' depends on axioms: [propext]
info: Project/ByteIO/ArtifactModule.lean:17:0: 'Project.ByteIO.Artifact.exports_exact' depends on axioms: [propext]
ℹ [3086/3088] Replayed Project.ByteIO.Execution
info: Project/ByteIO/Execution.lean:39:0: 'Project.ByteIO.terminates_of_check' depends on axioms: [propext, Classical.choice, Quot.sound]
info: Project/ByteIO/Execution.lean:40:0: 'Project.ByteIO.partialHost_satisfies' depends on axioms: [propext, Classical.choice, Quot.sound]
info: Project/ByteIO/Execution.lean:41:0: 'Project.ByteIO.echo_partial_writes' depends on axioms: [propext, Classical.choice, Quot.sound]
ℹ [3088/3088] Replayed Project.ByteIO.ExecutionBroken
info: Project/ByteIO/ExecutionBroken.lean:18:0: 'Project.ByteIO.echo_broken_prefix' depends on axioms: [propext, Classical.choice, Quot.sound]
Build completed successfully (3088 jobs).
leanrun: LEANRUN_LOCAL=1; macOS has no cgroup CPU/memory/swap limits or ionice
leanrun: explicitly authorized inherited priority; nice unavailable
⚠ [2/337] Replayed Interpreter.Wasm.Mem
warning: Interpreter/Wasm/Mem.lean:133:10: `if_neg` has been deprecated: Use `ite_eq_right` instead
warning: Interpreter/Wasm/Mem.lean:152:8: `if_pos` has been deprecated: Use `ite_eq_left` instead
warning: Interpreter/Wasm/Mem.lean:152:19: `if_pos` has been deprecated: Use `ite_eq_left` instead
warning: Interpreter/Wasm/Mem.lean:153:8: `if_neg` has been deprecated: Use `ite_eq_right` instead
warning: Interpreter/Wasm/Mem.lean:155:20: `if_pos` has been deprecated: Use `ite_eq_left` instead
warning: Interpreter/Wasm/Mem.lean:155:32: `if_pos` has been deprecated: Use `ite_eq_left` instead
warning: Interpreter/Wasm/Mem.lean:156:10: `if_neg` has been deprecated: Use `ite_eq_right` instead
warning: Interpreter/Wasm/Mem.lean:156:21: `if_neg` has been deprecated: Use `ite_eq_right` instead
warning: Interpreter/Wasm/Mem.lean:219:10: `dif_pos` has been deprecated: Use `dite_eq_left` instead
warning: Interpreter/Wasm/Mem.lean:222:10: `dif_pos` has been deprecated: Use `dite_eq_left` instead
warning: Interpreter/Wasm/Mem.lean:226:10: `dif_neg` has been deprecated: Use `dite_eq_right` instead
warning: Interpreter/Wasm/Mem.lean:228:12: `dif_pos` has been deprecated: Use `dite_eq_left` instead
warning: Interpreter/Wasm/Mem.lean:231:12: `dif_pos` has been deprecated: Use `dite_eq_left` instead
warning: Interpreter/Wasm/Mem.lean:233:12: `dif_neg` has been deprecated: Use `dite_eq_right` instead
warning: Interpreter/Wasm/Mem.lean:236:12: `dif_neg` has been deprecated: Use `dite_eq_right` instead
warning: Interpreter/Wasm/Mem.lean:246:10: `dif_neg` has been deprecated: Use `dite_eq_right` instead
warning: Interpreter/Wasm/Mem.lean:266:12: `dif_neg` has been deprecated: Use `dite_eq_right` instead
warning: Interpreter/Wasm/Mem.lean:300:44: `if_pos` has been deprecated: Use `ite_eq_left` instead
⚠ [748/1021] Replayed Project.Artifact.Binary.Proof.Cursor
warning: Project/Artifact/Binary/Proof/Cursor.lean:131:8: `if_pos` has been deprecated: Use `ite_eq_left` instead
warning: Project/Artifact/Binary/Proof/Cursor.lean:145:8: `if_neg` has been deprecated: Use `ite_eq_right` instead
warning: Project/Artifact/Binary/Proof/Cursor.lean:156:8: `if_pos` has been deprecated: Use `ite_eq_left` instead
warning: Project/Artifact/Binary/Proof/Cursor.lean:162:8: `if_neg` has been deprecated: Use `ite_eq_right` instead
warning: Project/Artifact/Binary/Proof/Cursor.lean:180:8: `if_pos` has been deprecated: Use `ite_eq_left` instead
warning: Project/Artifact/Binary/Proof/Cursor.lean:180:8: `if_pos` has been deprecated: Use `ite_eq_left` instead
warning: Project/Artifact/Binary/Proof/Cursor.lean:191:8: `if_neg` has been deprecated: Use `ite_eq_right` instead
⚠ [749/1021] Replayed Project.Artifact.Binary.Proof.Leb
warning: Project/Artifact/Binary/Proof/Leb.lean:10:5: Ambiguous namespace `Parser`: it is interpreted as `_root_.Wasm.Binary.Parser` because this `open` occurs inside `namespace Wasm.Binary.Leb.Proof`, while `_root_.Parser` is silently not opened. Specify the namespace unambiguously, e.g. `_root_.Wasm.Binary.Parser`. The warning can sometimes also be addressed by moving the `open` outside of the surrounding `namespace`.

Note: This linter can be disabled with `set_option linter.ambiguousOpen false`
⚠ [750/1021] Replayed Project.Artifact.Binary.Proof.Primitives
warning: Project/Artifact/Binary/Proof/Primitives.lean:6:5: Ambiguous namespace `Parser`: it is interpreted as `_root_.Wasm.Binary.Parser` because this `open` occurs inside `namespace Wasm.Binary.Proof`, while `_root_.Parser` is silently not opened. Specify the namespace unambiguously, e.g. `_root_.Wasm.Binary.Parser`. The warning can sometimes also be addressed by moving the `open` outside of the surrounding `namespace`.

Note: This linter can be disabled with `set_option linter.ambiguousOpen false`
⚠ [751/1021] Replayed Project.Artifact.Binary.Proof.Decode
warning: Project/Artifact/Binary/Proof/Decode.lean:6:5: Ambiguous namespace `Parser`: it is interpreted as `_root_.Wasm.Binary.Parser` because this `open` occurs inside `namespace Wasm.Binary.Proof`, while `_root_.Parser` is silently not opened. Specify the namespace unambiguously, e.g. `_root_.Wasm.Binary.Parser`. The warning can sometimes also be addressed by moving the `open` outside of the surrounding `namespace`.

Note: This linter can be disabled with `set_option linter.ambiguousOpen false`
⚠ [754/1021] Replayed Project.ByteIO.Binary
warning: Project/ByteIO/Binary.lean:117:26: Local variable 'unit' resembles constructor 'PUnit.unit' - write '.unit' (with a dot) or 'PUnit.unit' to use the constructor.

Note: This linter can be disabled with `set_option linter.constructorNameAsVariable false`
warning: Project/ByteIO/Binary.lean:143:22: Local variable 'unit' resembles constructor 'PUnit.unit' - write '.unit' (with a dot) or 'PUnit.unit' to use the constructor.

Note: This linter can be disabled with `set_option linter.constructorNameAsVariable false`
info: Project/ByteIO/Binary.lean:239:0: 'Project.ByteIO.Binary.decode_sound' depends on axioms: [propext, Classical.choice, Quot.sound]
info: Project/ByteIO/Binary.lean:240:0: 'Project.ByteIO.Binary.validate_sound' depends on axioms: [propext, Classical.choice, Quot.sound]
info: Project/ByteIO/Binary.lean:242:0: 'Project.ByteIO.Binary.importEntry_sound' depends on axioms: [propext, Classical.choice, Quot.sound]
info: Project/ByteIO/Binary.lean:243:0: 'Project.ByteIO.Binary.section_sound' depends on axioms: [propext, Classical.choice, Quot.sound]
info: Project/ByteIO/Binary.lean:244:0: 'Project.ByteIO.Binary.translation_fields' depends on axioms: [propext, Quot.sound]
ℹ [757/1021] Replayed Project.Artifact.Binary.Evaluate
info: Project/Artifact/Binary/Evaluate.lean:38:0: 'Wasm.Binary.instructionSequenceAt_apply' does not depend on any axioms
info: Project/Artifact/Binary/Evaluate.lean:66:0: 'Wasm.Binary.code_eq_of_parts' depends on axioms: [propext]
ℹ [758/1021] Replayed Project.ByteIO.ArtifactByteLookup
info: Project/ByteIO/ArtifactByteLookup.lean:457:0: 'Project.ByteIO.Artifact.ByteLookup.data_get' depends on axioms: [propext]
ℹ [759/1021] Replayed Project.Artifact.Binary.CodeParts
info: Project/Artifact/Binary/CodeParts.lean:37:0: 'Wasm.Binary.vectorLoop_eq_cons' depends on axioms: [propext]
info: Project/Artifact/Binary/CodeParts.lean:38:0: 'Wasm.Binary.vector_eq_of_parts' depends on axioms: [propext]
info: Project/Artifact/Binary/CodeParts.lean:39:0: 'Wasm.Binary.sized_eq_of_parts' depends on axioms: [propext]
⚠ [760/1021] Replayed Project.ByteIO.BinaryParts
warning: Project/ByteIO/BinaryParts.lean:12:33: This simp argument is unused:
  Pure.pure

Hint: Omit it from the simp argument list.
  [apply] simp [parseSection, Bind.bind, Parser.instMonad, Except.bind, hid, hbody]

Note: This linter can be disabled with `set_option linter.unusedSimpArgs false`
warning: Project/ByteIO/BinaryParts.lean:12:44: This simp argument is unused:
  Parser.instMonad

Hint: Omit it from the simp argument list.
  [apply] simp [parseSection, Bind.bind, Pure.pure, Except.bind, hid, hbody]

Note: This linter can be disabled with `set_option linter.unusedSimpArgs false`
info: Project/ByteIO/BinaryParts.lean:14:0: 'Project.ByteIO.Binary.parseSection_eq_of_parts' depends on axioms: [propext]
ℹ [761/1021] Replayed Project.ByteIO.ArtifactSections
info: Project/ByteIO/ArtifactSections.lean:15:0: 'Project.ByteIO.Artifact.types_parsed' depends on axioms: [propext]
info: Project/ByteIO/ArtifactSections.lean:98:0: 'Project.ByteIO.Artifact.imports_parsed' depends on axioms: [propext, Classical.choice, Quot.sound]
info: Project/ByteIO/ArtifactSections.lean:104:0: 'Project.ByteIO.Artifact.functions_parsed' depends on axioms: [propext]
info: Project/ByteIO/ArtifactSections.lean:110:0: 'Project.ByteIO.Artifact.memories_parsed' depends on axioms: [propext]
info: Project/ByteIO/ArtifactSections.lean:116:0: 'Project.ByteIO.Artifact.globals_parsed' depends on axioms: [propext]
info: Project/ByteIO/ArtifactSections.lean:122:0: 'Project.ByteIO.Artifact.exports_parsed' depends on axioms: [propext, Classical.choice, Quot.sound]
ℹ [762/1021] Replayed Project.ByteIO.ArtifactCode0
info: Project/ByteIO/ArtifactCode0.lean:34:0: 'Project.ByteIO.Artifact.code0_decoded' depends on axioms: [propext]
ℹ [763/1021] Replayed Project.ByteIO.ArtifactCode1
info: Project/ByteIO/ArtifactCode1.lean:89:0: 'Project.ByteIO.Artifact.code1_decoded' depends on axioms: [propext]
ℹ [764/1021] Replayed Project.ByteIO.ArtifactCode2
info: Project/ByteIO/ArtifactCode2.lean:49:0: 'Project.ByteIO.Artifact.code2_decoded' depends on axioms: [propext]
ℹ [765/1021] Replayed Project.ByteIO.ArtifactCode3
info: Project/ByteIO/ArtifactCode3.lean:34:0: 'Project.ByteIO.Artifact.code3_decoded' depends on axioms: [propext]
ℹ [766/1021] Replayed Project.ByteIO.ArtifactCode4
info: Project/ByteIO/ArtifactCode4.lean:44:0: 'Project.ByteIO.Artifact.code4_decoded' depends on axioms: [propext]
ℹ [767/1021] Replayed Project.ByteIO.ArtifactCode5
info: Project/ByteIO/ArtifactCode5.lean:44:0: 'Project.ByteIO.Artifact.code5_decoded' depends on axioms: [propext]
ℹ [768/1021] Replayed Project.ByteIO.ArtifactSection10
info: Project/ByteIO/ArtifactSection10.lean:74:0: 'Project.ByteIO.Artifact.codes_section_decoded' depends on axioms: [propext]
ℹ [769/1021] Replayed Project.ByteIO.ArtifactDecode
info: Project/ByteIO/ArtifactDecode.lean:28:0: 'Project.ByteIO.Artifact.decoded' depends on axioms: [propext, Classical.choice, Quot.sound]
info: Project/ByteIO/ArtifactDecode.lean:29:0: 'Project.ByteIO.Artifact.encoded' depends on axioms: [propext, Classical.choice, Quot.sound]
ℹ [770/1021] Replayed Project.ByteIO.ArtifactValidation
info: Project/ByteIO/ArtifactValidation.lean:12:0: 'Project.ByteIO.Artifact.validated' depends on axioms: [propext]
info: Project/ByteIO/ArtifactValidation.lean:13:0: 'Project.ByteIO.Artifact.valid' depends on axioms: [propext, Classical.choice, Quot.sound]
ℹ [776/1021] Replayed Project.ByteIO.Memory
info: Project/ByteIO/Memory.lean:132:0: 'Project.ByteIO.commitRead_at' depends on axioms: [propext, Quot.sound]
info: Project/ByteIO/Memory.lean:133:0: 'Project.ByteIO.commitRead_frame' depends on axioms: [propext, Quot.sound]
info: Project/ByteIO/Memory.lean:134:0: 'Project.ByteIO.commitWrite_frame' depends on axioms: [propext, Quot.sound]
⚠ [3076/3088] Replayed Interpreter.Wasm.Semantics.Lemmas
warning: Interpreter/Wasm/Semantics/Lemmas.lean:162:25: `if_pos` has been deprecated: Use `ite_eq_left` instead
warning: Interpreter/Wasm/Semantics/Lemmas.lean:166:50: `if_pos` has been deprecated: Use `ite_eq_left` instead
warning: Interpreter/Wasm/Semantics/Lemmas.lean:168:25: `if_neg` has been deprecated: Use `ite_eq_right` instead
warning: Interpreter/Wasm/Semantics/Lemmas.lean:172:50: `if_neg` has been deprecated: Use `ite_eq_right` instead
warning: Interpreter/Wasm/Semantics/Lemmas.lean:224:40: `if_pos` has been deprecated: Use `ite_eq_left` instead
warning: Interpreter/Wasm/Semantics/Lemmas.lean:226:38: `if_pos` has been deprecated: Use `ite_eq_left` instead
warning: Interpreter/Wasm/Semantics/Lemmas.lean:229:38: `if_neg` has been deprecated: Use `ite_eq_right` instead
warning: Interpreter/Wasm/Semantics/Lemmas.lean:262:40: `if_pos` has been deprecated: Use `ite_eq_left` instead
warning: Interpreter/Wasm/Semantics/Lemmas.lean:264:38: `if_pos` has been deprecated: Use `ite_eq_left` instead
warning: Interpreter/Wasm/Semantics/Lemmas.lean:267:38: `if_neg` has been deprecated: Use `ite_eq_right` instead
warning: Interpreter/Wasm/Semantics/Lemmas.lean:433:15: `if_pos` has been deprecated: Use `ite_eq_left` instead
warning: Interpreter/Wasm/Semantics/Lemmas.lean:443:15: `if_neg` has been deprecated: Use `ite_eq_right` instead
warning: Interpreter/Wasm/Semantics/Lemmas.lean:513:66: `if_pos` has been deprecated: Use `ite_eq_left` instead
ℹ [3079/3088] Replayed Project.ByteIO.Host
info: Project/ByteIO/Host.lean:161:0: 'Project.ByteIO.fdRead_contract' depends on axioms: [propext, Classical.choice, Quot.sound]
info: Project/ByteIO/Host.lean:162:0: 'Project.ByteIO.fdWrite_contract' depends on axioms: [propext, Classical.choice, Quot.sound]
info: Project/ByteIO/Host.lean:163:0: 'Project.ByteIO.readHost_contract' depends on axioms: [propext, Classical.choice, Quot.sound]
info: Project/ByteIO/Host.lean:164:0: 'Project.ByteIO.writeHost_contract' depends on axioms: [propext, Classical.choice, Quot.sound]
⚠ [3080/3088] Replayed Project.ByteIO.Wasi
warning: Project/ByteIO/Wasi.lean:50:46: Used `tac1 <;> tac2` where `(tac1; tac2)` would suffice

Note: This linter can be disabled with `set_option linter.unnecessarySeqFocus false`
warning: Project/ByteIO/Wasi.lean:163:28: This simp argument is unused:
  ih

Hint: Omit it from the simp argument list.
  [apply] simp

Note: This linter can be disabled with `set_option linter.unusedSimpArgs false`
info: Project/ByteIO/Wasi.lean:348:0: 'Project.ByteIO.wasiEnv_satisfies' depends on axioms: [propext, Classical.choice, Quot.sound]
info: Project/ByteIO/Wasi.lean:349:0: 'Project.ByteIO.pollCall_contract' depends on axioms: [propext, Classical.choice, Quot.sound]
info: Project/ByteIO/Wasi.lean:351:0: 'Project.ByteIO.flagsCall_contract' depends on axioms: [propext]
info: Project/ByteIO/Wasi.lean:352:0: 'Project.ByteIO.clockCall_contract' depends on axioms: [propext, Classical.choice, Quot.sound]
info: Project/ByteIO/Wasi.lean:353:0: 'Project.ByteIO.pollTime_monotone' depends on axioms: [propext, Quot.sound]
info: Project/ByteIO/Wasi.lean:354:0: 'Project.ByteIO.pollEvents_count' depends on axioms: [propext, Classical.choice, Quot.sound]
info: Project/ByteIO/Wasi.lean:355:0: 'Project.ByteIO.poll_before_deadline_ready' depends on axioms: [propext, Quot.sound]
info: Project/ByteIO/Wasi.lean:356:0: 'Project.ByteIO.commitPoll_frame' depends on axioms: [propext, Quot.sound]
info: Project/ByteIO/Wasi.lean:357:0: 'Project.ByteIO.exit_records_status' depends on axioms: [propext]
ℹ [3081/3088] Replayed Project.ByteIO.ArtifactModule
info: Project/ByteIO/ArtifactModule.lean:16:0: 'Project.ByteIO.Artifact.imports_exact' depends on axioms: [propext]
info: Project/ByteIO/ArtifactModule.lean:17:0: 'Project.ByteIO.Artifact.exports_exact' depends on axioms: [propext]
ℹ [3086/3088] Replayed Project.ByteIO.Execution
info: Project/ByteIO/Execution.lean:39:0: 'Project.ByteIO.terminates_of_check' depends on axioms: [propext, Classical.choice, Quot.sound]
info: Project/ByteIO/Execution.lean:40:0: 'Project.ByteIO.partialHost_satisfies' depends on axioms: [propext, Classical.choice, Quot.sound]
info: Project/ByteIO/Execution.lean:41:0: 'Project.ByteIO.echo_partial_writes' depends on axioms: [propext, Classical.choice, Quot.sound]
ℹ [3088/3088] Replayed Project.ByteIO.ExecutionTimeout
info: Project/ByteIO/ExecutionTimeout.lean:18:0: 'Project.ByteIO.echo_poll_timeout' depends on axioms: [propext, Classical.choice, Quot.sound]
Build completed successfully (3088 jobs).
leanrun: LEANRUN_LOCAL=1; macOS has no cgroup CPU/memory/swap limits or ionice
leanrun: explicitly authorized inherited priority; nice unavailable
⚠ [2/342] Replayed Interpreter.Wasm.Mem
warning: Interpreter/Wasm/Mem.lean:133:10: `if_neg` has been deprecated: Use `ite_eq_right` instead
warning: Interpreter/Wasm/Mem.lean:152:8: `if_pos` has been deprecated: Use `ite_eq_left` instead
warning: Interpreter/Wasm/Mem.lean:152:19: `if_pos` has been deprecated: Use `ite_eq_left` instead
warning: Interpreter/Wasm/Mem.lean:153:8: `if_neg` has been deprecated: Use `ite_eq_right` instead
warning: Interpreter/Wasm/Mem.lean:155:20: `if_pos` has been deprecated: Use `ite_eq_left` instead
warning: Interpreter/Wasm/Mem.lean:155:32: `if_pos` has been deprecated: Use `ite_eq_left` instead
warning: Interpreter/Wasm/Mem.lean:156:10: `if_neg` has been deprecated: Use `ite_eq_right` instead
warning: Interpreter/Wasm/Mem.lean:156:21: `if_neg` has been deprecated: Use `ite_eq_right` instead
warning: Interpreter/Wasm/Mem.lean:219:10: `dif_pos` has been deprecated: Use `dite_eq_left` instead
warning: Interpreter/Wasm/Mem.lean:222:10: `dif_pos` has been deprecated: Use `dite_eq_left` instead
warning: Interpreter/Wasm/Mem.lean:226:10: `dif_neg` has been deprecated: Use `dite_eq_right` instead
warning: Interpreter/Wasm/Mem.lean:228:12: `dif_pos` has been deprecated: Use `dite_eq_left` instead
warning: Interpreter/Wasm/Mem.lean:231:12: `dif_pos` has been deprecated: Use `dite_eq_left` instead
warning: Interpreter/Wasm/Mem.lean:233:12: `dif_neg` has been deprecated: Use `dite_eq_right` instead
warning: Interpreter/Wasm/Mem.lean:236:12: `dif_neg` has been deprecated: Use `dite_eq_right` instead
warning: Interpreter/Wasm/Mem.lean:246:10: `dif_neg` has been deprecated: Use `dite_eq_right` instead
warning: Interpreter/Wasm/Mem.lean:266:12: `dif_neg` has been deprecated: Use `dite_eq_right` instead
warning: Interpreter/Wasm/Mem.lean:300:44: `if_pos` has been deprecated: Use `ite_eq_left` instead
⚠ [748/988] Replayed Project.Artifact.Binary.Proof.Cursor
warning: Project/Artifact/Binary/Proof/Cursor.lean:131:8: `if_pos` has been deprecated: Use `ite_eq_left` instead
warning: Project/Artifact/Binary/Proof/Cursor.lean:145:8: `if_neg` has been deprecated: Use `ite_eq_right` instead
warning: Project/Artifact/Binary/Proof/Cursor.lean:156:8: `if_pos` has been deprecated: Use `ite_eq_left` instead
warning: Project/Artifact/Binary/Proof/Cursor.lean:162:8: `if_neg` has been deprecated: Use `ite_eq_right` instead
warning: Project/Artifact/Binary/Proof/Cursor.lean:180:8: `if_pos` has been deprecated: Use `ite_eq_left` instead
warning: Project/Artifact/Binary/Proof/Cursor.lean:180:8: `if_pos` has been deprecated: Use `ite_eq_left` instead
warning: Project/Artifact/Binary/Proof/Cursor.lean:191:8: `if_neg` has been deprecated: Use `ite_eq_right` instead
⚠ [749/988] Replayed Project.Artifact.Binary.Proof.Leb
warning: Project/Artifact/Binary/Proof/Leb.lean:10:5: Ambiguous namespace `Parser`: it is interpreted as `_root_.Wasm.Binary.Parser` because this `open` occurs inside `namespace Wasm.Binary.Leb.Proof`, while `_root_.Parser` is silently not opened. Specify the namespace unambiguously, e.g. `_root_.Wasm.Binary.Parser`. The warning can sometimes also be addressed by moving the `open` outside of the surrounding `namespace`.

Note: This linter can be disabled with `set_option linter.ambiguousOpen false`
⚠ [750/988] Replayed Project.Artifact.Binary.Proof.Primitives
warning: Project/Artifact/Binary/Proof/Primitives.lean:6:5: Ambiguous namespace `Parser`: it is interpreted as `_root_.Wasm.Binary.Parser` because this `open` occurs inside `namespace Wasm.Binary.Proof`, while `_root_.Parser` is silently not opened. Specify the namespace unambiguously, e.g. `_root_.Wasm.Binary.Parser`. The warning can sometimes also be addressed by moving the `open` outside of the surrounding `namespace`.

Note: This linter can be disabled with `set_option linter.ambiguousOpen false`
⚠ [751/988] Replayed Project.Artifact.Binary.Proof.Decode
warning: Project/Artifact/Binary/Proof/Decode.lean:6:5: Ambiguous namespace `Parser`: it is interpreted as `_root_.Wasm.Binary.Parser` because this `open` occurs inside `namespace Wasm.Binary.Proof`, while `_root_.Parser` is silently not opened. Specify the namespace unambiguously, e.g. `_root_.Wasm.Binary.Parser`. The warning can sometimes also be addressed by moving the `open` outside of the surrounding `namespace`.

Note: This linter can be disabled with `set_option linter.ambiguousOpen false`
⚠ [754/988] Replayed Project.ByteIO.Binary
warning: Project/ByteIO/Binary.lean:117:26: Local variable 'unit' resembles constructor 'PUnit.unit' - write '.unit' (with a dot) or 'PUnit.unit' to use the constructor.

Note: This linter can be disabled with `set_option linter.constructorNameAsVariable false`
warning: Project/ByteIO/Binary.lean:143:22: Local variable 'unit' resembles constructor 'PUnit.unit' - write '.unit' (with a dot) or 'PUnit.unit' to use the constructor.

Note: This linter can be disabled with `set_option linter.constructorNameAsVariable false`
info: Project/ByteIO/Binary.lean:239:0: 'Project.ByteIO.Binary.decode_sound' depends on axioms: [propext, Classical.choice, Quot.sound]
info: Project/ByteIO/Binary.lean:240:0: 'Project.ByteIO.Binary.validate_sound' depends on axioms: [propext, Classical.choice, Quot.sound]
info: Project/ByteIO/Binary.lean:242:0: 'Project.ByteIO.Binary.importEntry_sound' depends on axioms: [propext, Classical.choice, Quot.sound]
info: Project/ByteIO/Binary.lean:243:0: 'Project.ByteIO.Binary.section_sound' depends on axioms: [propext, Classical.choice, Quot.sound]
info: Project/ByteIO/Binary.lean:244:0: 'Project.ByteIO.Binary.translation_fields' depends on axioms: [propext, Quot.sound]
ℹ [757/988] Replayed Project.Artifact.Binary.Evaluate
info: Project/Artifact/Binary/Evaluate.lean:38:0: 'Wasm.Binary.instructionSequenceAt_apply' does not depend on any axioms
info: Project/Artifact/Binary/Evaluate.lean:66:0: 'Wasm.Binary.code_eq_of_parts' depends on axioms: [propext]
ℹ [758/988] Replayed Project.ByteIO.ArtifactByteLookup
info: Project/ByteIO/ArtifactByteLookup.lean:457:0: 'Project.ByteIO.Artifact.ByteLookup.data_get' depends on axioms: [propext]
ℹ [759/988] Replayed Project.Artifact.Binary.CodeParts
info: Project/Artifact/Binary/CodeParts.lean:37:0: 'Wasm.Binary.vectorLoop_eq_cons' depends on axioms: [propext]
info: Project/Artifact/Binary/CodeParts.lean:38:0: 'Wasm.Binary.vector_eq_of_parts' depends on axioms: [propext]
info: Project/Artifact/Binary/CodeParts.lean:39:0: 'Wasm.Binary.sized_eq_of_parts' depends on axioms: [propext]
⚠ [760/988] Replayed Project.ByteIO.BinaryParts
warning: Project/ByteIO/BinaryParts.lean:12:33: This simp argument is unused:
  Pure.pure

Hint: Omit it from the simp argument list.
  [apply] simp [parseSection, Bind.bind, Parser.instMonad, Except.bind, hid, hbody]

Note: This linter can be disabled with `set_option linter.unusedSimpArgs false`
warning: Project/ByteIO/BinaryParts.lean:12:44: This simp argument is unused:
  Parser.instMonad

Hint: Omit it from the simp argument list.
  [apply] simp [parseSection, Bind.bind, Pure.pure, Except.bind, hid, hbody]

Note: This linter can be disabled with `set_option linter.unusedSimpArgs false`
info: Project/ByteIO/BinaryParts.lean:14:0: 'Project.ByteIO.Binary.parseSection_eq_of_parts' depends on axioms: [propext]
ℹ [761/988] Replayed Project.ByteIO.ArtifactSections
info: Project/ByteIO/ArtifactSections.lean:15:0: 'Project.ByteIO.Artifact.types_parsed' depends on axioms: [propext]
info: Project/ByteIO/ArtifactSections.lean:98:0: 'Project.ByteIO.Artifact.imports_parsed' depends on axioms: [propext, Classical.choice, Quot.sound]
info: Project/ByteIO/ArtifactSections.lean:104:0: 'Project.ByteIO.Artifact.functions_parsed' depends on axioms: [propext]
info: Project/ByteIO/ArtifactSections.lean:110:0: 'Project.ByteIO.Artifact.memories_parsed' depends on axioms: [propext]
info: Project/ByteIO/ArtifactSections.lean:116:0: 'Project.ByteIO.Artifact.globals_parsed' depends on axioms: [propext]
info: Project/ByteIO/ArtifactSections.lean:122:0: 'Project.ByteIO.Artifact.exports_parsed' depends on axioms: [propext, Classical.choice, Quot.sound]
ℹ [762/988] Replayed Project.ByteIO.ArtifactCode0
info: Project/ByteIO/ArtifactCode0.lean:34:0: 'Project.ByteIO.Artifact.code0_decoded' depends on axioms: [propext]
ℹ [763/988] Replayed Project.ByteIO.ArtifactCode1
info: Project/ByteIO/ArtifactCode1.lean:89:0: 'Project.ByteIO.Artifact.code1_decoded' depends on axioms: [propext]
ℹ [764/988] Replayed Project.ByteIO.ArtifactCode2
info: Project/ByteIO/ArtifactCode2.lean:49:0: 'Project.ByteIO.Artifact.code2_decoded' depends on axioms: [propext]
ℹ [765/988] Replayed Project.ByteIO.ArtifactCode3
info: Project/ByteIO/ArtifactCode3.lean:34:0: 'Project.ByteIO.Artifact.code3_decoded' depends on axioms: [propext]
ℹ [766/988] Replayed Project.ByteIO.ArtifactCode4
info: Project/ByteIO/ArtifactCode4.lean:44:0: 'Project.ByteIO.Artifact.code4_decoded' depends on axioms: [propext]
ℹ [767/988] Replayed Project.ByteIO.ArtifactCode5
info: Project/ByteIO/ArtifactCode5.lean:44:0: 'Project.ByteIO.Artifact.code5_decoded' depends on axioms: [propext]
ℹ [768/988] Replayed Project.ByteIO.ArtifactSection10
info: Project/ByteIO/ArtifactSection10.lean:74:0: 'Project.ByteIO.Artifact.codes_section_decoded' depends on axioms: [propext]
ℹ [769/988] Replayed Project.ByteIO.ArtifactDecode
info: Project/ByteIO/ArtifactDecode.lean:28:0: 'Project.ByteIO.Artifact.decoded' depends on axioms: [propext, Classical.choice, Quot.sound]
info: Project/ByteIO/ArtifactDecode.lean:29:0: 'Project.ByteIO.Artifact.encoded' depends on axioms: [propext, Classical.choice, Quot.sound]
ℹ [770/988] Replayed Project.ByteIO.ArtifactValidation
info: Project/ByteIO/ArtifactValidation.lean:12:0: 'Project.ByteIO.Artifact.validated' depends on axioms: [propext]
info: Project/ByteIO/ArtifactValidation.lean:13:0: 'Project.ByteIO.Artifact.valid' depends on axioms: [propext, Classical.choice, Quot.sound]
ℹ [776/988] Replayed Project.ByteIO.Memory
info: Project/ByteIO/Memory.lean:132:0: 'Project.ByteIO.commitRead_at' depends on axioms: [propext, Quot.sound]
info: Project/ByteIO/Memory.lean:133:0: 'Project.ByteIO.commitRead_frame' depends on axioms: [propext, Quot.sound]
info: Project/ByteIO/Memory.lean:134:0: 'Project.ByteIO.commitWrite_frame' depends on axioms: [propext, Quot.sound]
⚠ [3076/3088] Replayed Interpreter.Wasm.Semantics.Lemmas
warning: Interpreter/Wasm/Semantics/Lemmas.lean:162:25: `if_pos` has been deprecated: Use `ite_eq_left` instead
warning: Interpreter/Wasm/Semantics/Lemmas.lean:166:50: `if_pos` has been deprecated: Use `ite_eq_left` instead
warning: Interpreter/Wasm/Semantics/Lemmas.lean:168:25: `if_neg` has been deprecated: Use `ite_eq_right` instead
warning: Interpreter/Wasm/Semantics/Lemmas.lean:172:50: `if_neg` has been deprecated: Use `ite_eq_right` instead
warning: Interpreter/Wasm/Semantics/Lemmas.lean:224:40: `if_pos` has been deprecated: Use `ite_eq_left` instead
warning: Interpreter/Wasm/Semantics/Lemmas.lean:226:38: `if_pos` has been deprecated: Use `ite_eq_left` instead
warning: Interpreter/Wasm/Semantics/Lemmas.lean:229:38: `if_neg` has been deprecated: Use `ite_eq_right` instead
warning: Interpreter/Wasm/Semantics/Lemmas.lean:262:40: `if_pos` has been deprecated: Use `ite_eq_left` instead
warning: Interpreter/Wasm/Semantics/Lemmas.lean:264:38: `if_pos` has been deprecated: Use `ite_eq_left` instead
warning: Interpreter/Wasm/Semantics/Lemmas.lean:267:38: `if_neg` has been deprecated: Use `ite_eq_right` instead
warning: Interpreter/Wasm/Semantics/Lemmas.lean:433:15: `if_pos` has been deprecated: Use `ite_eq_left` instead
warning: Interpreter/Wasm/Semantics/Lemmas.lean:443:15: `if_neg` has been deprecated: Use `ite_eq_right` instead
warning: Interpreter/Wasm/Semantics/Lemmas.lean:513:66: `if_pos` has been deprecated: Use `ite_eq_left` instead
ℹ [3079/3088] Replayed Project.ByteIO.Host
info: Project/ByteIO/Host.lean:161:0: 'Project.ByteIO.fdRead_contract' depends on axioms: [propext, Classical.choice, Quot.sound]
info: Project/ByteIO/Host.lean:162:0: 'Project.ByteIO.fdWrite_contract' depends on axioms: [propext, Classical.choice, Quot.sound]
info: Project/ByteIO/Host.lean:163:0: 'Project.ByteIO.readHost_contract' depends on axioms: [propext, Classical.choice, Quot.sound]
info: Project/ByteIO/Host.lean:164:0: 'Project.ByteIO.writeHost_contract' depends on axioms: [propext, Classical.choice, Quot.sound]
⚠ [3080/3088] Replayed Project.ByteIO.Wasi
warning: Project/ByteIO/Wasi.lean:50:46: Used `tac1 <;> tac2` where `(tac1; tac2)` would suffice

Note: This linter can be disabled with `set_option linter.unnecessarySeqFocus false`
warning: Project/ByteIO/Wasi.lean:163:28: This simp argument is unused:
  ih

Hint: Omit it from the simp argument list.
  [apply] simp

Note: This linter can be disabled with `set_option linter.unusedSimpArgs false`
info: Project/ByteIO/Wasi.lean:348:0: 'Project.ByteIO.wasiEnv_satisfies' depends on axioms: [propext, Classical.choice, Quot.sound]
info: Project/ByteIO/Wasi.lean:349:0: 'Project.ByteIO.pollCall_contract' depends on axioms: [propext, Classical.choice, Quot.sound]
info: Project/ByteIO/Wasi.lean:351:0: 'Project.ByteIO.flagsCall_contract' depends on axioms: [propext]
info: Project/ByteIO/Wasi.lean:352:0: 'Project.ByteIO.clockCall_contract' depends on axioms: [propext, Classical.choice, Quot.sound]
info: Project/ByteIO/Wasi.lean:353:0: 'Project.ByteIO.pollTime_monotone' depends on axioms: [propext, Quot.sound]
info: Project/ByteIO/Wasi.lean:354:0: 'Project.ByteIO.pollEvents_count' depends on axioms: [propext, Classical.choice, Quot.sound]
info: Project/ByteIO/Wasi.lean:355:0: 'Project.ByteIO.poll_before_deadline_ready' depends on axioms: [propext, Quot.sound]
info: Project/ByteIO/Wasi.lean:356:0: 'Project.ByteIO.commitPoll_frame' depends on axioms: [propext, Quot.sound]
info: Project/ByteIO/Wasi.lean:357:0: 'Project.ByteIO.exit_records_status' depends on axioms: [propext]
ℹ [3081/3088] Replayed Project.ByteIO.ArtifactModule
info: Project/ByteIO/ArtifactModule.lean:16:0: 'Project.ByteIO.Artifact.imports_exact' depends on axioms: [propext]
info: Project/ByteIO/ArtifactModule.lean:17:0: 'Project.ByteIO.Artifact.exports_exact' depends on axioms: [propext]
ℹ [3086/3088] Replayed Project.ByteIO.Execution
info: Project/ByteIO/Execution.lean:39:0: 'Project.ByteIO.terminates_of_check' depends on axioms: [propext, Classical.choice, Quot.sound]
info: Project/ByteIO/Execution.lean:40:0: 'Project.ByteIO.partialHost_satisfies' depends on axioms: [propext, Classical.choice, Quot.sound]
info: Project/ByteIO/Execution.lean:41:0: 'Project.ByteIO.echo_partial_writes' depends on axioms: [propext, Classical.choice, Quot.sound]
ℹ [3088/3088] Replayed Project.ByteIO.ExecutionRetry
info: Project/ByteIO/ExecutionRetry.lean:18:0: 'Project.ByteIO.echo_retry_ready' depends on axioms: [propext, Classical.choice, Quot.sound]
Build completed successfully (3088 jobs).
leanrun: LEANRUN_LOCAL=1; macOS has no cgroup CPU/memory/swap limits or ionice
leanrun: explicitly authorized inherited priority; nice unavailable
⚠ [2/350] Replayed Interpreter.Wasm.Mem
warning: Interpreter/Wasm/Mem.lean:133:10: `if_neg` has been deprecated: Use `ite_eq_right` instead
warning: Interpreter/Wasm/Mem.lean:152:8: `if_pos` has been deprecated: Use `ite_eq_left` instead
warning: Interpreter/Wasm/Mem.lean:152:19: `if_pos` has been deprecated: Use `ite_eq_left` instead
warning: Interpreter/Wasm/Mem.lean:153:8: `if_neg` has been deprecated: Use `ite_eq_right` instead
warning: Interpreter/Wasm/Mem.lean:155:20: `if_pos` has been deprecated: Use `ite_eq_left` instead
warning: Interpreter/Wasm/Mem.lean:155:32: `if_pos` has been deprecated: Use `ite_eq_left` instead
warning: Interpreter/Wasm/Mem.lean:156:10: `if_neg` has been deprecated: Use `ite_eq_right` instead
warning: Interpreter/Wasm/Mem.lean:156:21: `if_neg` has been deprecated: Use `ite_eq_right` instead
warning: Interpreter/Wasm/Mem.lean:219:10: `dif_pos` has been deprecated: Use `dite_eq_left` instead
warning: Interpreter/Wasm/Mem.lean:222:10: `dif_pos` has been deprecated: Use `dite_eq_left` instead
warning: Interpreter/Wasm/Mem.lean:226:10: `dif_neg` has been deprecated: Use `dite_eq_right` instead
warning: Interpreter/Wasm/Mem.lean:228:12: `dif_pos` has been deprecated: Use `dite_eq_left` instead
warning: Interpreter/Wasm/Mem.lean:231:12: `dif_pos` has been deprecated: Use `dite_eq_left` instead
warning: Interpreter/Wasm/Mem.lean:233:12: `dif_neg` has been deprecated: Use `dite_eq_right` instead
warning: Interpreter/Wasm/Mem.lean:236:12: `dif_neg` has been deprecated: Use `dite_eq_right` instead
warning: Interpreter/Wasm/Mem.lean:246:10: `dif_neg` has been deprecated: Use `dite_eq_right` instead
warning: Interpreter/Wasm/Mem.lean:266:12: `dif_neg` has been deprecated: Use `dite_eq_right` instead
warning: Interpreter/Wasm/Mem.lean:300:44: `if_pos` has been deprecated: Use `ite_eq_left` instead
⚠ [748/999] Replayed Project.Artifact.Binary.Proof.Cursor
warning: Project/Artifact/Binary/Proof/Cursor.lean:131:8: `if_pos` has been deprecated: Use `ite_eq_left` instead
warning: Project/Artifact/Binary/Proof/Cursor.lean:145:8: `if_neg` has been deprecated: Use `ite_eq_right` instead
warning: Project/Artifact/Binary/Proof/Cursor.lean:156:8: `if_pos` has been deprecated: Use `ite_eq_left` instead
warning: Project/Artifact/Binary/Proof/Cursor.lean:162:8: `if_neg` has been deprecated: Use `ite_eq_right` instead
warning: Project/Artifact/Binary/Proof/Cursor.lean:180:8: `if_pos` has been deprecated: Use `ite_eq_left` instead
warning: Project/Artifact/Binary/Proof/Cursor.lean:180:8: `if_pos` has been deprecated: Use `ite_eq_left` instead
warning: Project/Artifact/Binary/Proof/Cursor.lean:191:8: `if_neg` has been deprecated: Use `ite_eq_right` instead
⚠ [749/999] Replayed Project.Artifact.Binary.Proof.Leb
warning: Project/Artifact/Binary/Proof/Leb.lean:10:5: Ambiguous namespace `Parser`: it is interpreted as `_root_.Wasm.Binary.Parser` because this `open` occurs inside `namespace Wasm.Binary.Leb.Proof`, while `_root_.Parser` is silently not opened. Specify the namespace unambiguously, e.g. `_root_.Wasm.Binary.Parser`. The warning can sometimes also be addressed by moving the `open` outside of the surrounding `namespace`.

Note: This linter can be disabled with `set_option linter.ambiguousOpen false`
⚠ [750/999] Replayed Project.Artifact.Binary.Proof.Primitives
warning: Project/Artifact/Binary/Proof/Primitives.lean:6:5: Ambiguous namespace `Parser`: it is interpreted as `_root_.Wasm.Binary.Parser` because this `open` occurs inside `namespace Wasm.Binary.Proof`, while `_root_.Parser` is silently not opened. Specify the namespace unambiguously, e.g. `_root_.Wasm.Binary.Parser`. The warning can sometimes also be addressed by moving the `open` outside of the surrounding `namespace`.

Note: This linter can be disabled with `set_option linter.ambiguousOpen false`
⚠ [751/999] Replayed Project.Artifact.Binary.Proof.Decode
warning: Project/Artifact/Binary/Proof/Decode.lean:6:5: Ambiguous namespace `Parser`: it is interpreted as `_root_.Wasm.Binary.Parser` because this `open` occurs inside `namespace Wasm.Binary.Proof`, while `_root_.Parser` is silently not opened. Specify the namespace unambiguously, e.g. `_root_.Wasm.Binary.Parser`. The warning can sometimes also be addressed by moving the `open` outside of the surrounding `namespace`.

Note: This linter can be disabled with `set_option linter.ambiguousOpen false`
⚠ [754/999] Replayed Project.ByteIO.Binary
warning: Project/ByteIO/Binary.lean:117:26: Local variable 'unit' resembles constructor 'PUnit.unit' - write '.unit' (with a dot) or 'PUnit.unit' to use the constructor.

Note: This linter can be disabled with `set_option linter.constructorNameAsVariable false`
warning: Project/ByteIO/Binary.lean:143:22: Local variable 'unit' resembles constructor 'PUnit.unit' - write '.unit' (with a dot) or 'PUnit.unit' to use the constructor.

Note: This linter can be disabled with `set_option linter.constructorNameAsVariable false`
info: Project/ByteIO/Binary.lean:239:0: 'Project.ByteIO.Binary.decode_sound' depends on axioms: [propext, Classical.choice, Quot.sound]
info: Project/ByteIO/Binary.lean:240:0: 'Project.ByteIO.Binary.validate_sound' depends on axioms: [propext, Classical.choice, Quot.sound]
info: Project/ByteIO/Binary.lean:242:0: 'Project.ByteIO.Binary.importEntry_sound' depends on axioms: [propext, Classical.choice, Quot.sound]
info: Project/ByteIO/Binary.lean:243:0: 'Project.ByteIO.Binary.section_sound' depends on axioms: [propext, Classical.choice, Quot.sound]
info: Project/ByteIO/Binary.lean:244:0: 'Project.ByteIO.Binary.translation_fields' depends on axioms: [propext, Quot.sound]
ℹ [757/999] Replayed Project.Artifact.Binary.Evaluate
info: Project/Artifact/Binary/Evaluate.lean:38:0: 'Wasm.Binary.instructionSequenceAt_apply' does not depend on any axioms
info: Project/Artifact/Binary/Evaluate.lean:66:0: 'Wasm.Binary.code_eq_of_parts' depends on axioms: [propext]
ℹ [758/999] Replayed Project.ByteIO.ArtifactByteLookup
info: Project/ByteIO/ArtifactByteLookup.lean:457:0: 'Project.ByteIO.Artifact.ByteLookup.data_get' depends on axioms: [propext]
ℹ [759/999] Replayed Project.Artifact.Binary.CodeParts
info: Project/Artifact/Binary/CodeParts.lean:37:0: 'Wasm.Binary.vectorLoop_eq_cons' depends on axioms: [propext]
info: Project/Artifact/Binary/CodeParts.lean:38:0: 'Wasm.Binary.vector_eq_of_parts' depends on axioms: [propext]
info: Project/Artifact/Binary/CodeParts.lean:39:0: 'Wasm.Binary.sized_eq_of_parts' depends on axioms: [propext]
⚠ [760/999] Replayed Project.ByteIO.BinaryParts
warning: Project/ByteIO/BinaryParts.lean:12:33: This simp argument is unused:
  Pure.pure

Hint: Omit it from the simp argument list.
  [apply] simp [parseSection, Bind.bind, Parser.instMonad, Except.bind, hid, hbody]

Note: This linter can be disabled with `set_option linter.unusedSimpArgs false`
warning: Project/ByteIO/BinaryParts.lean:12:44: This simp argument is unused:
  Parser.instMonad

Hint: Omit it from the simp argument list.
  [apply] simp [parseSection, Bind.bind, Pure.pure, Except.bind, hid, hbody]

Note: This linter can be disabled with `set_option linter.unusedSimpArgs false`
info: Project/ByteIO/BinaryParts.lean:14:0: 'Project.ByteIO.Binary.parseSection_eq_of_parts' depends on axioms: [propext]
ℹ [761/999] Replayed Project.ByteIO.ArtifactSections
info: Project/ByteIO/ArtifactSections.lean:15:0: 'Project.ByteIO.Artifact.types_parsed' depends on axioms: [propext]
info: Project/ByteIO/ArtifactSections.lean:98:0: 'Project.ByteIO.Artifact.imports_parsed' depends on axioms: [propext, Classical.choice, Quot.sound]
info: Project/ByteIO/ArtifactSections.lean:104:0: 'Project.ByteIO.Artifact.functions_parsed' depends on axioms: [propext]
info: Project/ByteIO/ArtifactSections.lean:110:0: 'Project.ByteIO.Artifact.memories_parsed' depends on axioms: [propext]
info: Project/ByteIO/ArtifactSections.lean:116:0: 'Project.ByteIO.Artifact.globals_parsed' depends on axioms: [propext]
info: Project/ByteIO/ArtifactSections.lean:122:0: 'Project.ByteIO.Artifact.exports_parsed' depends on axioms: [propext, Classical.choice, Quot.sound]
ℹ [762/999] Replayed Project.ByteIO.ArtifactCode0
info: Project/ByteIO/ArtifactCode0.lean:34:0: 'Project.ByteIO.Artifact.code0_decoded' depends on axioms: [propext]
ℹ [763/999] Replayed Project.ByteIO.ArtifactCode1
info: Project/ByteIO/ArtifactCode1.lean:89:0: 'Project.ByteIO.Artifact.code1_decoded' depends on axioms: [propext]
ℹ [764/999] Replayed Project.ByteIO.ArtifactCode2
info: Project/ByteIO/ArtifactCode2.lean:49:0: 'Project.ByteIO.Artifact.code2_decoded' depends on axioms: [propext]
ℹ [765/999] Replayed Project.ByteIO.ArtifactCode3
info: Project/ByteIO/ArtifactCode3.lean:34:0: 'Project.ByteIO.Artifact.code3_decoded' depends on axioms: [propext]
ℹ [766/999] Replayed Project.ByteIO.ArtifactCode4
info: Project/ByteIO/ArtifactCode4.lean:44:0: 'Project.ByteIO.Artifact.code4_decoded' depends on axioms: [propext]
ℹ [767/999] Replayed Project.ByteIO.ArtifactCode5
info: Project/ByteIO/ArtifactCode5.lean:44:0: 'Project.ByteIO.Artifact.code5_decoded' depends on axioms: [propext]
ℹ [768/999] Replayed Project.ByteIO.ArtifactSection10
info: Project/ByteIO/ArtifactSection10.lean:74:0: 'Project.ByteIO.Artifact.codes_section_decoded' depends on axioms: [propext]
ℹ [769/999] Replayed Project.ByteIO.ArtifactDecode
info: Project/ByteIO/ArtifactDecode.lean:28:0: 'Project.ByteIO.Artifact.decoded' depends on axioms: [propext, Classical.choice, Quot.sound]
info: Project/ByteIO/ArtifactDecode.lean:29:0: 'Project.ByteIO.Artifact.encoded' depends on axioms: [propext, Classical.choice, Quot.sound]
ℹ [770/999] Replayed Project.ByteIO.ArtifactValidation
info: Project/ByteIO/ArtifactValidation.lean:12:0: 'Project.ByteIO.Artifact.validated' depends on axioms: [propext]
info: Project/ByteIO/ArtifactValidation.lean:13:0: 'Project.ByteIO.Artifact.valid' depends on axioms: [propext, Classical.choice, Quot.sound]
ℹ [776/999] Replayed Project.ByteIO.Memory
info: Project/ByteIO/Memory.lean:132:0: 'Project.ByteIO.commitRead_at' depends on axioms: [propext, Quot.sound]
info: Project/ByteIO/Memory.lean:133:0: 'Project.ByteIO.commitRead_frame' depends on axioms: [propext, Quot.sound]
info: Project/ByteIO/Memory.lean:134:0: 'Project.ByteIO.commitWrite_frame' depends on axioms: [propext, Quot.sound]
⚠ [3076/3092] Replayed Interpreter.Wasm.Semantics.Lemmas
warning: Interpreter/Wasm/Semantics/Lemmas.lean:162:25: `if_pos` has been deprecated: Use `ite_eq_left` instead
warning: Interpreter/Wasm/Semantics/Lemmas.lean:166:50: `if_pos` has been deprecated: Use `ite_eq_left` instead
warning: Interpreter/Wasm/Semantics/Lemmas.lean:168:25: `if_neg` has been deprecated: Use `ite_eq_right` instead
warning: Interpreter/Wasm/Semantics/Lemmas.lean:172:50: `if_neg` has been deprecated: Use `ite_eq_right` instead
warning: Interpreter/Wasm/Semantics/Lemmas.lean:224:40: `if_pos` has been deprecated: Use `ite_eq_left` instead
warning: Interpreter/Wasm/Semantics/Lemmas.lean:226:38: `if_pos` has been deprecated: Use `ite_eq_left` instead
warning: Interpreter/Wasm/Semantics/Lemmas.lean:229:38: `if_neg` has been deprecated: Use `ite_eq_right` instead
warning: Interpreter/Wasm/Semantics/Lemmas.lean:262:40: `if_pos` has been deprecated: Use `ite_eq_left` instead
warning: Interpreter/Wasm/Semantics/Lemmas.lean:264:38: `if_pos` has been deprecated: Use `ite_eq_left` instead
warning: Interpreter/Wasm/Semantics/Lemmas.lean:267:38: `if_neg` has been deprecated: Use `ite_eq_right` instead
warning: Interpreter/Wasm/Semantics/Lemmas.lean:433:15: `if_pos` has been deprecated: Use `ite_eq_left` instead
warning: Interpreter/Wasm/Semantics/Lemmas.lean:443:15: `if_neg` has been deprecated: Use `ite_eq_right` instead
warning: Interpreter/Wasm/Semantics/Lemmas.lean:513:66: `if_pos` has been deprecated: Use `ite_eq_left` instead
ℹ [3079/3092] Replayed Project.ByteIO.Host
info: Project/ByteIO/Host.lean:161:0: 'Project.ByteIO.fdRead_contract' depends on axioms: [propext, Classical.choice, Quot.sound]
info: Project/ByteIO/Host.lean:162:0: 'Project.ByteIO.fdWrite_contract' depends on axioms: [propext, Classical.choice, Quot.sound]
info: Project/ByteIO/Host.lean:163:0: 'Project.ByteIO.readHost_contract' depends on axioms: [propext, Classical.choice, Quot.sound]
info: Project/ByteIO/Host.lean:164:0: 'Project.ByteIO.writeHost_contract' depends on axioms: [propext, Classical.choice, Quot.sound]
⚠ [3080/3092] Replayed Project.ByteIO.Wasi
warning: Project/ByteIO/Wasi.lean:50:46: Used `tac1 <;> tac2` where `(tac1; tac2)` would suffice

Note: This linter can be disabled with `set_option linter.unnecessarySeqFocus false`
warning: Project/ByteIO/Wasi.lean:163:28: This simp argument is unused:
  ih

Hint: Omit it from the simp argument list.
  [apply] simp

Note: This linter can be disabled with `set_option linter.unusedSimpArgs false`
info: Project/ByteIO/Wasi.lean:348:0: 'Project.ByteIO.wasiEnv_satisfies' depends on axioms: [propext, Classical.choice, Quot.sound]
info: Project/ByteIO/Wasi.lean:349:0: 'Project.ByteIO.pollCall_contract' depends on axioms: [propext, Classical.choice, Quot.sound]
info: Project/ByteIO/Wasi.lean:351:0: 'Project.ByteIO.flagsCall_contract' depends on axioms: [propext]
info: Project/ByteIO/Wasi.lean:352:0: 'Project.ByteIO.clockCall_contract' depends on axioms: [propext, Classical.choice, Quot.sound]
info: Project/ByteIO/Wasi.lean:353:0: 'Project.ByteIO.pollTime_monotone' depends on axioms: [propext, Quot.sound]
info: Project/ByteIO/Wasi.lean:354:0: 'Project.ByteIO.pollEvents_count' depends on axioms: [propext, Classical.choice, Quot.sound]
info: Project/ByteIO/Wasi.lean:355:0: 'Project.ByteIO.poll_before_deadline_ready' depends on axioms: [propext, Quot.sound]
info: Project/ByteIO/Wasi.lean:356:0: 'Project.ByteIO.commitPoll_frame' depends on axioms: [propext, Quot.sound]
info: Project/ByteIO/Wasi.lean:357:0: 'Project.ByteIO.exit_records_status' depends on axioms: [propext]
ℹ [3081/3092] Replayed Project.ByteIO.ArtifactModule
info: Project/ByteIO/ArtifactModule.lean:16:0: 'Project.ByteIO.Artifact.imports_exact' depends on axioms: [propext]
info: Project/ByteIO/ArtifactModule.lean:17:0: 'Project.ByteIO.Artifact.exports_exact' depends on axioms: [propext]
ℹ [3086/3092] Replayed Project.ByteIO.Execution
info: Project/ByteIO/Execution.lean:39:0: 'Project.ByteIO.terminates_of_check' depends on axioms: [propext, Classical.choice, Quot.sound]
info: Project/ByteIO/Execution.lean:40:0: 'Project.ByteIO.partialHost_satisfies' depends on axioms: [propext, Classical.choice, Quot.sound]
info: Project/ByteIO/Execution.lean:41:0: 'Project.ByteIO.echo_partial_writes' depends on axioms: [propext, Classical.choice, Quot.sound]
ℹ [3088/3092] Replayed Project.ByteIO.ExecutionEof
info: Project/ByteIO/ExecutionEof.lean:17:0: 'Project.ByteIO.echo_eof' depends on axioms: [propext, Classical.choice, Quot.sound]
ℹ [3089/3092] Replayed Project.ByteIO.ExecutionBroken
info: Project/ByteIO/ExecutionBroken.lean:18:0: 'Project.ByteIO.echo_broken_prefix' depends on axioms: [propext, Classical.choice, Quot.sound]
ℹ [3090/3092] Replayed Project.ByteIO.ExecutionTimeout
info: Project/ByteIO/ExecutionTimeout.lean:18:0: 'Project.ByteIO.echo_poll_timeout' depends on axioms: [propext, Classical.choice, Quot.sound]
ℹ [3091/3092] Replayed Project.ByteIO.ExecutionRetry
info: Project/ByteIO/ExecutionRetry.lean:18:0: 'Project.ByteIO.echo_retry_ready' depends on axioms: [propext, Classical.choice, Quot.sound]
Build completed successfully (3092 jobs).
leanrun: LEANRUN_LOCAL=1; macOS has no cgroup CPU/memory/swap limits or ionice
leanrun: explicitly authorized inherited priority; nice unavailable
⚠ [2/359] Replayed Interpreter.Wasm.Mem
warning: Interpreter/Wasm/Mem.lean:133:10: `if_neg` has been deprecated: Use `ite_eq_right` instead
warning: Interpreter/Wasm/Mem.lean:152:8: `if_pos` has been deprecated: Use `ite_eq_left` instead
warning: Interpreter/Wasm/Mem.lean:152:19: `if_pos` has been deprecated: Use `ite_eq_left` instead
warning: Interpreter/Wasm/Mem.lean:153:8: `if_neg` has been deprecated: Use `ite_eq_right` instead
warning: Interpreter/Wasm/Mem.lean:155:20: `if_pos` has been deprecated: Use `ite_eq_left` instead
warning: Interpreter/Wasm/Mem.lean:155:32: `if_pos` has been deprecated: Use `ite_eq_left` instead
warning: Interpreter/Wasm/Mem.lean:156:10: `if_neg` has been deprecated: Use `ite_eq_right` instead
warning: Interpreter/Wasm/Mem.lean:156:21: `if_neg` has been deprecated: Use `ite_eq_right` instead
warning: Interpreter/Wasm/Mem.lean:219:10: `dif_pos` has been deprecated: Use `dite_eq_left` instead
warning: Interpreter/Wasm/Mem.lean:222:10: `dif_pos` has been deprecated: Use `dite_eq_left` instead
warning: Interpreter/Wasm/Mem.lean:226:10: `dif_neg` has been deprecated: Use `dite_eq_right` instead
warning: Interpreter/Wasm/Mem.lean:228:12: `dif_pos` has been deprecated: Use `dite_eq_left` instead
warning: Interpreter/Wasm/Mem.lean:231:12: `dif_pos` has been deprecated: Use `dite_eq_left` instead
warning: Interpreter/Wasm/Mem.lean:233:12: `dif_neg` has been deprecated: Use `dite_eq_right` instead
warning: Interpreter/Wasm/Mem.lean:236:12: `dif_neg` has been deprecated: Use `dite_eq_right` instead
warning: Interpreter/Wasm/Mem.lean:246:10: `dif_neg` has been deprecated: Use `dite_eq_right` instead
warning: Interpreter/Wasm/Mem.lean:266:12: `dif_neg` has been deprecated: Use `dite_eq_right` instead
warning: Interpreter/Wasm/Mem.lean:300:44: `if_pos` has been deprecated: Use `ite_eq_left` instead
⚠ [748/1030] Replayed Project.Artifact.Binary.Proof.Cursor
warning: Project/Artifact/Binary/Proof/Cursor.lean:131:8: `if_pos` has been deprecated: Use `ite_eq_left` instead
warning: Project/Artifact/Binary/Proof/Cursor.lean:145:8: `if_neg` has been deprecated: Use `ite_eq_right` instead
warning: Project/Artifact/Binary/Proof/Cursor.lean:156:8: `if_pos` has been deprecated: Use `ite_eq_left` instead
warning: Project/Artifact/Binary/Proof/Cursor.lean:162:8: `if_neg` has been deprecated: Use `ite_eq_right` instead
warning: Project/Artifact/Binary/Proof/Cursor.lean:180:8: `if_pos` has been deprecated: Use `ite_eq_left` instead
warning: Project/Artifact/Binary/Proof/Cursor.lean:180:8: `if_pos` has been deprecated: Use `ite_eq_left` instead
warning: Project/Artifact/Binary/Proof/Cursor.lean:191:8: `if_neg` has been deprecated: Use `ite_eq_right` instead
⚠ [749/1030] Replayed Project.Artifact.Binary.Proof.Leb
warning: Project/Artifact/Binary/Proof/Leb.lean:10:5: Ambiguous namespace `Parser`: it is interpreted as `_root_.Wasm.Binary.Parser` because this `open` occurs inside `namespace Wasm.Binary.Leb.Proof`, while `_root_.Parser` is silently not opened. Specify the namespace unambiguously, e.g. `_root_.Wasm.Binary.Parser`. The warning can sometimes also be addressed by moving the `open` outside of the surrounding `namespace`.

Note: This linter can be disabled with `set_option linter.ambiguousOpen false`
⚠ [750/1030] Replayed Project.Artifact.Binary.Proof.Primitives
warning: Project/Artifact/Binary/Proof/Primitives.lean:6:5: Ambiguous namespace `Parser`: it is interpreted as `_root_.Wasm.Binary.Parser` because this `open` occurs inside `namespace Wasm.Binary.Proof`, while `_root_.Parser` is silently not opened. Specify the namespace unambiguously, e.g. `_root_.Wasm.Binary.Parser`. The warning can sometimes also be addressed by moving the `open` outside of the surrounding `namespace`.

Note: This linter can be disabled with `set_option linter.ambiguousOpen false`
⚠ [751/1030] Replayed Project.Artifact.Binary.Proof.Decode
warning: Project/Artifact/Binary/Proof/Decode.lean:6:5: Ambiguous namespace `Parser`: it is interpreted as `_root_.Wasm.Binary.Parser` because this `open` occurs inside `namespace Wasm.Binary.Proof`, while `_root_.Parser` is silently not opened. Specify the namespace unambiguously, e.g. `_root_.Wasm.Binary.Parser`. The warning can sometimes also be addressed by moving the `open` outside of the surrounding `namespace`.

Note: This linter can be disabled with `set_option linter.ambiguousOpen false`
⚠ [754/1030] Replayed Project.ByteIO.Binary
warning: Project/ByteIO/Binary.lean:117:26: Local variable 'unit' resembles constructor 'PUnit.unit' - write '.unit' (with a dot) or 'PUnit.unit' to use the constructor.

Note: This linter can be disabled with `set_option linter.constructorNameAsVariable false`
warning: Project/ByteIO/Binary.lean:143:22: Local variable 'unit' resembles constructor 'PUnit.unit' - write '.unit' (with a dot) or 'PUnit.unit' to use the constructor.

Note: This linter can be disabled with `set_option linter.constructorNameAsVariable false`
info: Project/ByteIO/Binary.lean:239:0: 'Project.ByteIO.Binary.decode_sound' depends on axioms: [propext, Classical.choice, Quot.sound]
info: Project/ByteIO/Binary.lean:240:0: 'Project.ByteIO.Binary.validate_sound' depends on axioms: [propext, Classical.choice, Quot.sound]
info: Project/ByteIO/Binary.lean:242:0: 'Project.ByteIO.Binary.importEntry_sound' depends on axioms: [propext, Classical.choice, Quot.sound]
info: Project/ByteIO/Binary.lean:243:0: 'Project.ByteIO.Binary.section_sound' depends on axioms: [propext, Classical.choice, Quot.sound]
info: Project/ByteIO/Binary.lean:244:0: 'Project.ByteIO.Binary.translation_fields' depends on axioms: [propext, Quot.sound]
ℹ [757/1030] Replayed Project.Artifact.Binary.Evaluate
info: Project/Artifact/Binary/Evaluate.lean:38:0: 'Wasm.Binary.instructionSequenceAt_apply' does not depend on any axioms
info: Project/Artifact/Binary/Evaluate.lean:66:0: 'Wasm.Binary.code_eq_of_parts' depends on axioms: [propext]
ℹ [758/1030] Replayed Project.ByteIO.ArtifactByteLookup
info: Project/ByteIO/ArtifactByteLookup.lean:457:0: 'Project.ByteIO.Artifact.ByteLookup.data_get' depends on axioms: [propext]
ℹ [759/1030] Replayed Project.Artifact.Binary.CodeParts
info: Project/Artifact/Binary/CodeParts.lean:37:0: 'Wasm.Binary.vectorLoop_eq_cons' depends on axioms: [propext]
info: Project/Artifact/Binary/CodeParts.lean:38:0: 'Wasm.Binary.vector_eq_of_parts' depends on axioms: [propext]
info: Project/Artifact/Binary/CodeParts.lean:39:0: 'Wasm.Binary.sized_eq_of_parts' depends on axioms: [propext]
⚠ [760/1030] Replayed Project.ByteIO.BinaryParts
warning: Project/ByteIO/BinaryParts.lean:12:33: This simp argument is unused:
  Pure.pure

Hint: Omit it from the simp argument list.
  [apply] simp [parseSection, Bind.bind, Parser.instMonad, Except.bind, hid, hbody]

Note: This linter can be disabled with `set_option linter.unusedSimpArgs false`
warning: Project/ByteIO/BinaryParts.lean:12:44: This simp argument is unused:
  Parser.instMonad

Hint: Omit it from the simp argument list.
  [apply] simp [parseSection, Bind.bind, Pure.pure, Except.bind, hid, hbody]

Note: This linter can be disabled with `set_option linter.unusedSimpArgs false`
info: Project/ByteIO/BinaryParts.lean:14:0: 'Project.ByteIO.Binary.parseSection_eq_of_parts' depends on axioms: [propext]
ℹ [761/1030] Replayed Project.ByteIO.ArtifactSections
info: Project/ByteIO/ArtifactSections.lean:15:0: 'Project.ByteIO.Artifact.types_parsed' depends on axioms: [propext]
info: Project/ByteIO/ArtifactSections.lean:98:0: 'Project.ByteIO.Artifact.imports_parsed' depends on axioms: [propext, Classical.choice, Quot.sound]
info: Project/ByteIO/ArtifactSections.lean:104:0: 'Project.ByteIO.Artifact.functions_parsed' depends on axioms: [propext]
info: Project/ByteIO/ArtifactSections.lean:110:0: 'Project.ByteIO.Artifact.memories_parsed' depends on axioms: [propext]
info: Project/ByteIO/ArtifactSections.lean:116:0: 'Project.ByteIO.Artifact.globals_parsed' depends on axioms: [propext]
info: Project/ByteIO/ArtifactSections.lean:122:0: 'Project.ByteIO.Artifact.exports_parsed' depends on axioms: [propext, Classical.choice, Quot.sound]
ℹ [762/1030] Replayed Project.ByteIO.ArtifactCode0
info: Project/ByteIO/ArtifactCode0.lean:34:0: 'Project.ByteIO.Artifact.code0_decoded' depends on axioms: [propext]
ℹ [763/1030] Replayed Project.ByteIO.ArtifactCode1
info: Project/ByteIO/ArtifactCode1.lean:89:0: 'Project.ByteIO.Artifact.code1_decoded' depends on axioms: [propext]
ℹ [764/1030] Replayed Project.ByteIO.ArtifactCode2
info: Project/ByteIO/ArtifactCode2.lean:49:0: 'Project.ByteIO.Artifact.code2_decoded' depends on axioms: [propext]
ℹ [765/1030] Replayed Project.ByteIO.ArtifactCode3
info: Project/ByteIO/ArtifactCode3.lean:34:0: 'Project.ByteIO.Artifact.code3_decoded' depends on axioms: [propext]
ℹ [766/1030] Replayed Project.ByteIO.ArtifactCode4
info: Project/ByteIO/ArtifactCode4.lean:44:0: 'Project.ByteIO.Artifact.code4_decoded' depends on axioms: [propext]
ℹ [767/1030] Replayed Project.ByteIO.ArtifactCode5
info: Project/ByteIO/ArtifactCode5.lean:44:0: 'Project.ByteIO.Artifact.code5_decoded' depends on axioms: [propext]
ℹ [768/1030] Replayed Project.ByteIO.ArtifactSection10
info: Project/ByteIO/ArtifactSection10.lean:74:0: 'Project.ByteIO.Artifact.codes_section_decoded' depends on axioms: [propext]
ℹ [769/1030] Replayed Project.ByteIO.ArtifactDecode
info: Project/ByteIO/ArtifactDecode.lean:28:0: 'Project.ByteIO.Artifact.decoded' depends on axioms: [propext, Classical.choice, Quot.sound]
info: Project/ByteIO/ArtifactDecode.lean:29:0: 'Project.ByteIO.Artifact.encoded' depends on axioms: [propext, Classical.choice, Quot.sound]
ℹ [770/1030] Replayed Project.ByteIO.ArtifactValidation
info: Project/ByteIO/ArtifactValidation.lean:12:0: 'Project.ByteIO.Artifact.validated' depends on axioms: [propext]
info: Project/ByteIO/ArtifactValidation.lean:13:0: 'Project.ByteIO.Artifact.valid' depends on axioms: [propext, Classical.choice, Quot.sound]
ℹ [776/1030] Replayed Project.ByteIO.Memory
info: Project/ByteIO/Memory.lean:132:0: 'Project.ByteIO.commitRead_at' depends on axioms: [propext, Quot.sound]
info: Project/ByteIO/Memory.lean:133:0: 'Project.ByteIO.commitRead_frame' depends on axioms: [propext, Quot.sound]
info: Project/ByteIO/Memory.lean:134:0: 'Project.ByteIO.commitWrite_frame' depends on axioms: [propext, Quot.sound]
⚠ [3076/3088] Replayed Interpreter.Wasm.Semantics.Lemmas
warning: Interpreter/Wasm/Semantics/Lemmas.lean:162:25: `if_pos` has been deprecated: Use `ite_eq_left` instead
warning: Interpreter/Wasm/Semantics/Lemmas.lean:166:50: `if_pos` has been deprecated: Use `ite_eq_left` instead
warning: Interpreter/Wasm/Semantics/Lemmas.lean:168:25: `if_neg` has been deprecated: Use `ite_eq_right` instead
warning: Interpreter/Wasm/Semantics/Lemmas.lean:172:50: `if_neg` has been deprecated: Use `ite_eq_right` instead
warning: Interpreter/Wasm/Semantics/Lemmas.lean:224:40: `if_pos` has been deprecated: Use `ite_eq_left` instead
warning: Interpreter/Wasm/Semantics/Lemmas.lean:226:38: `if_pos` has been deprecated: Use `ite_eq_left` instead
warning: Interpreter/Wasm/Semantics/Lemmas.lean:229:38: `if_neg` has been deprecated: Use `ite_eq_right` instead
warning: Interpreter/Wasm/Semantics/Lemmas.lean:262:40: `if_pos` has been deprecated: Use `ite_eq_left` instead
warning: Interpreter/Wasm/Semantics/Lemmas.lean:264:38: `if_pos` has been deprecated: Use `ite_eq_left` instead
warning: Interpreter/Wasm/Semantics/Lemmas.lean:267:38: `if_neg` has been deprecated: Use `ite_eq_right` instead
warning: Interpreter/Wasm/Semantics/Lemmas.lean:433:15: `if_pos` has been deprecated: Use `ite_eq_left` instead
warning: Interpreter/Wasm/Semantics/Lemmas.lean:443:15: `if_neg` has been deprecated: Use `ite_eq_right` instead
warning: Interpreter/Wasm/Semantics/Lemmas.lean:513:66: `if_pos` has been deprecated: Use `ite_eq_left` instead
ℹ [3079/3088] Replayed Project.ByteIO.Host
info: Project/ByteIO/Host.lean:161:0: 'Project.ByteIO.fdRead_contract' depends on axioms: [propext, Classical.choice, Quot.sound]
info: Project/ByteIO/Host.lean:162:0: 'Project.ByteIO.fdWrite_contract' depends on axioms: [propext, Classical.choice, Quot.sound]
info: Project/ByteIO/Host.lean:163:0: 'Project.ByteIO.readHost_contract' depends on axioms: [propext, Classical.choice, Quot.sound]
info: Project/ByteIO/Host.lean:164:0: 'Project.ByteIO.writeHost_contract' depends on axioms: [propext, Classical.choice, Quot.sound]
⚠ [3080/3088] Replayed Project.ByteIO.Wasi
warning: Project/ByteIO/Wasi.lean:50:46: Used `tac1 <;> tac2` where `(tac1; tac2)` would suffice

Note: This linter can be disabled with `set_option linter.unnecessarySeqFocus false`
warning: Project/ByteIO/Wasi.lean:163:28: This simp argument is unused:
  ih

Hint: Omit it from the simp argument list.
  [apply] simp

Note: This linter can be disabled with `set_option linter.unusedSimpArgs false`
info: Project/ByteIO/Wasi.lean:348:0: 'Project.ByteIO.wasiEnv_satisfies' depends on axioms: [propext, Classical.choice, Quot.sound]
info: Project/ByteIO/Wasi.lean:349:0: 'Project.ByteIO.pollCall_contract' depends on axioms: [propext, Classical.choice, Quot.sound]
info: Project/ByteIO/Wasi.lean:351:0: 'Project.ByteIO.flagsCall_contract' depends on axioms: [propext]
info: Project/ByteIO/Wasi.lean:352:0: 'Project.ByteIO.clockCall_contract' depends on axioms: [propext, Classical.choice, Quot.sound]
info: Project/ByteIO/Wasi.lean:353:0: 'Project.ByteIO.pollTime_monotone' depends on axioms: [propext, Quot.sound]
info: Project/ByteIO/Wasi.lean:354:0: 'Project.ByteIO.pollEvents_count' depends on axioms: [propext, Classical.choice, Quot.sound]
info: Project/ByteIO/Wasi.lean:355:0: 'Project.ByteIO.poll_before_deadline_ready' depends on axioms: [propext, Quot.sound]
info: Project/ByteIO/Wasi.lean:356:0: 'Project.ByteIO.commitPoll_frame' depends on axioms: [propext, Quot.sound]
info: Project/ByteIO/Wasi.lean:357:0: 'Project.ByteIO.exit_records_status' depends on axioms: [propext]
ℹ [3081/3088] Replayed Project.ByteIO.ArtifactModule
info: Project/ByteIO/ArtifactModule.lean:16:0: 'Project.ByteIO.Artifact.imports_exact' depends on axioms: [propext]
info: Project/ByteIO/ArtifactModule.lean:17:0: 'Project.ByteIO.Artifact.exports_exact' depends on axioms: [propext]
ℹ [3086/3088] Replayed Project.ByteIO.Execution
info: Project/ByteIO/Execution.lean:39:0: 'Project.ByteIO.terminates_of_check' depends on axioms: [propext, Classical.choice, Quot.sound]
info: Project/ByteIO/Execution.lean:40:0: 'Project.ByteIO.partialHost_satisfies' depends on axioms: [propext, Classical.choice, Quot.sound]
info: Project/ByteIO/Execution.lean:41:0: 'Project.ByteIO.echo_partial_writes' depends on axioms: [propext, Classical.choice, Quot.sound]
ℹ [3088/3088] Replayed Project.ByteIO.ExecutionStart
info: Project/ByteIO/ExecutionStart.lean:48:0: 'Project.ByteIO.exits_of_check' depends on axioms: [propext, Classical.choice, Quot.sound]
info: Project/ByteIO/ExecutionStart.lean:49:0: 'Project.ByteIO.echo_start_exits' depends on axioms: [propext, Classical.choice, Quot.sound]
Build completed successfully (3088 jobs).
leanrun: LEANRUN_LOCAL=1; macOS has no cgroup CPU/memory/swap limits or ionice
leanrun: explicitly authorized inherited priority; nice unavailable
⚠ [474/692] Replayed Project.ByteIO.Protocol
warning: Project/ByteIO/Protocol.lean:178:54: This simp argument is unused:
  observe

Hint: Omit it from the simp argument list.
  [apply] simp_all

Note: This linter can be disabled with `set_option linter.unusedSimpArgs false`
warning: Project/ByteIO/Protocol.lean:187:32: Unused tactic linter: `omega` does nothing

Note: This linter can be disabled with `set_option linter.unusedTactic false`
warning: Project/ByteIO/Protocol.lean:187:32: this tactic is never executed

Note: This linter can be disabled with `set_option linter.unreachableTactic false`
warning: Project/ByteIO/Protocol.lean:232:10: `if_neg` has been deprecated: Use `ite_eq_right` instead
warning: Project/ByteIO/Protocol.lean:236:12: `if_neg` has been deprecated: Use `ite_eq_right` instead
info: Project/ByteIO/Protocol.lean:282:0: 'Project.ByteIO.Protocol.writeStep_progress' depends on axioms: [propext, Quot.sound]
info: Project/ByteIO/Protocol.lean:283:0: 'Project.ByteIO.Protocol.write_terminates' depends on axioms: [propext, Quot.sound]
info: Project/ByteIO/Protocol.lean:285:0: 'Project.ByteIO.Protocol.emitted_prefix' depends on axioms: [propext]
info: Project/ByteIO/Protocol.lean:286:0: 'Project.ByteIO.Protocol.successful_write_exact' depends on axioms: [propext]
info: Project/ByteIO/Protocol.lean:287:0: 'Project.ByteIO.Protocol.retry_progress' depends on axioms: [propext, Quot.sound]
⚠ [476/692] Replayed Interpreter.Wasm.Mem
warning: Interpreter/Wasm/Mem.lean:133:10: `if_neg` has been deprecated: Use `ite_eq_right` instead
warning: Interpreter/Wasm/Mem.lean:152:8: `if_pos` has been deprecated: Use `ite_eq_left` instead
warning: Interpreter/Wasm/Mem.lean:152:19: `if_pos` has been deprecated: Use `ite_eq_left` instead
warning: Interpreter/Wasm/Mem.lean:153:8: `if_neg` has been deprecated: Use `ite_eq_right` instead
warning: Interpreter/Wasm/Mem.lean:155:20: `if_pos` has been deprecated: Use `ite_eq_left` instead
warning: Interpreter/Wasm/Mem.lean:155:32: `if_pos` has been deprecated: Use `ite_eq_left` instead
warning: Interpreter/Wasm/Mem.lean:156:10: `if_neg` has been deprecated: Use `ite_eq_right` instead
warning: Interpreter/Wasm/Mem.lean:156:21: `if_neg` has been deprecated: Use `ite_eq_right` instead
warning: Interpreter/Wasm/Mem.lean:219:10: `dif_pos` has been deprecated: Use `dite_eq_left` instead
warning: Interpreter/Wasm/Mem.lean:222:10: `dif_pos` has been deprecated: Use `dite_eq_left` instead
warning: Interpreter/Wasm/Mem.lean:226:10: `dif_neg` has been deprecated: Use `dite_eq_right` instead
warning: Interpreter/Wasm/Mem.lean:228:12: `dif_pos` has been deprecated: Use `dite_eq_left` instead
warning: Interpreter/Wasm/Mem.lean:231:12: `dif_pos` has been deprecated: Use `dite_eq_left` instead
warning: Interpreter/Wasm/Mem.lean:233:12: `dif_neg` has been deprecated: Use `dite_eq_right` instead
warning: Interpreter/Wasm/Mem.lean:236:12: `dif_neg` has been deprecated: Use `dite_eq_right` instead
warning: Interpreter/Wasm/Mem.lean:246:10: `dif_neg` has been deprecated: Use `dite_eq_right` instead
warning: Interpreter/Wasm/Mem.lean:266:12: `dif_neg` has been deprecated: Use `dite_eq_right` instead
warning: Interpreter/Wasm/Mem.lean:300:44: `if_pos` has been deprecated: Use `ite_eq_left` instead
⚠ [752/1024] Replayed Project.Artifact.Binary.Proof.Cursor
warning: Project/Artifact/Binary/Proof/Cursor.lean:131:8: `if_pos` has been deprecated: Use `ite_eq_left` instead
warning: Project/Artifact/Binary/Proof/Cursor.lean:145:8: `if_neg` has been deprecated: Use `ite_eq_right` instead
warning: Project/Artifact/Binary/Proof/Cursor.lean:156:8: `if_pos` has been deprecated: Use `ite_eq_left` instead
warning: Project/Artifact/Binary/Proof/Cursor.lean:162:8: `if_neg` has been deprecated: Use `ite_eq_right` instead
warning: Project/Artifact/Binary/Proof/Cursor.lean:180:8: `if_pos` has been deprecated: Use `ite_eq_left` instead
warning: Project/Artifact/Binary/Proof/Cursor.lean:180:8: `if_pos` has been deprecated: Use `ite_eq_left` instead
warning: Project/Artifact/Binary/Proof/Cursor.lean:191:8: `if_neg` has been deprecated: Use `ite_eq_right` instead
⚠ [753/1024] Replayed Project.Artifact.Binary.Proof.Leb
warning: Project/Artifact/Binary/Proof/Leb.lean:10:5: Ambiguous namespace `Parser`: it is interpreted as `_root_.Wasm.Binary.Parser` because this `open` occurs inside `namespace Wasm.Binary.Leb.Proof`, while `_root_.Parser` is silently not opened. Specify the namespace unambiguously, e.g. `_root_.Wasm.Binary.Parser`. The warning can sometimes also be addressed by moving the `open` outside of the surrounding `namespace`.

Note: This linter can be disabled with `set_option linter.ambiguousOpen false`
⚠ [754/1024] Replayed Project.Artifact.Binary.Proof.Primitives
warning: Project/Artifact/Binary/Proof/Primitives.lean:6:5: Ambiguous namespace `Parser`: it is interpreted as `_root_.Wasm.Binary.Parser` because this `open` occurs inside `namespace Wasm.Binary.Proof`, while `_root_.Parser` is silently not opened. Specify the namespace unambiguously, e.g. `_root_.Wasm.Binary.Parser`. The warning can sometimes also be addressed by moving the `open` outside of the surrounding `namespace`.

Note: This linter can be disabled with `set_option linter.ambiguousOpen false`
⚠ [755/1024] Replayed Project.Artifact.Binary.Proof.Decode
warning: Project/Artifact/Binary/Proof/Decode.lean:6:5: Ambiguous namespace `Parser`: it is interpreted as `_root_.Wasm.Binary.Parser` because this `open` occurs inside `namespace Wasm.Binary.Proof`, while `_root_.Parser` is silently not opened. Specify the namespace unambiguously, e.g. `_root_.Wasm.Binary.Parser`. The warning can sometimes also be addressed by moving the `open` outside of the surrounding `namespace`.

Note: This linter can be disabled with `set_option linter.ambiguousOpen false`
⚠ [758/1024] Replayed Project.ByteIO.Binary
warning: Project/ByteIO/Binary.lean:117:26: Local variable 'unit' resembles constructor 'PUnit.unit' - write '.unit' (with a dot) or 'PUnit.unit' to use the constructor.

Note: This linter can be disabled with `set_option linter.constructorNameAsVariable false`
warning: Project/ByteIO/Binary.lean:143:22: Local variable 'unit' resembles constructor 'PUnit.unit' - write '.unit' (with a dot) or 'PUnit.unit' to use the constructor.

Note: This linter can be disabled with `set_option linter.constructorNameAsVariable false`
info: Project/ByteIO/Binary.lean:239:0: 'Project.ByteIO.Binary.decode_sound' depends on axioms: [propext, Classical.choice, Quot.sound]
info: Project/ByteIO/Binary.lean:240:0: 'Project.ByteIO.Binary.validate_sound' depends on axioms: [propext, Classical.choice, Quot.sound]
info: Project/ByteIO/Binary.lean:242:0: 'Project.ByteIO.Binary.importEntry_sound' depends on axioms: [propext, Classical.choice, Quot.sound]
info: Project/ByteIO/Binary.lean:243:0: 'Project.ByteIO.Binary.section_sound' depends on axioms: [propext, Classical.choice, Quot.sound]
info: Project/ByteIO/Binary.lean:244:0: 'Project.ByteIO.Binary.translation_fields' depends on axioms: [propext, Quot.sound]
ℹ [761/1024] Replayed Project.Artifact.Binary.Evaluate
info: Project/Artifact/Binary/Evaluate.lean:38:0: 'Wasm.Binary.instructionSequenceAt_apply' does not depend on any axioms
info: Project/Artifact/Binary/Evaluate.lean:66:0: 'Wasm.Binary.code_eq_of_parts' depends on axioms: [propext]
ℹ [762/1024] Replayed Project.ByteIO.ArtifactByteLookup
info: Project/ByteIO/ArtifactByteLookup.lean:457:0: 'Project.ByteIO.Artifact.ByteLookup.data_get' depends on axioms: [propext]
ℹ [763/1024] Replayed Project.Artifact.Binary.CodeParts
info: Project/Artifact/Binary/CodeParts.lean:37:0: 'Wasm.Binary.vectorLoop_eq_cons' depends on axioms: [propext]
info: Project/Artifact/Binary/CodeParts.lean:38:0: 'Wasm.Binary.vector_eq_of_parts' depends on axioms: [propext]
info: Project/Artifact/Binary/CodeParts.lean:39:0: 'Wasm.Binary.sized_eq_of_parts' depends on axioms: [propext]
⚠ [764/1024] Replayed Project.ByteIO.BinaryParts
warning: Project/ByteIO/BinaryParts.lean:12:33: This simp argument is unused:
  Pure.pure

Hint: Omit it from the simp argument list.
  [apply] simp [parseSection, Bind.bind, Parser.instMonad, Except.bind, hid, hbody]

Note: This linter can be disabled with `set_option linter.unusedSimpArgs false`
warning: Project/ByteIO/BinaryParts.lean:12:44: This simp argument is unused:
  Parser.instMonad

Hint: Omit it from the simp argument list.
  [apply] simp [parseSection, Bind.bind, Pure.pure, Except.bind, hid, hbody]

Note: This linter can be disabled with `set_option linter.unusedSimpArgs false`
info: Project/ByteIO/BinaryParts.lean:14:0: 'Project.ByteIO.Binary.parseSection_eq_of_parts' depends on axioms: [propext]
ℹ [765/1024] Replayed Project.ByteIO.ArtifactSections
info: Project/ByteIO/ArtifactSections.lean:15:0: 'Project.ByteIO.Artifact.types_parsed' depends on axioms: [propext]
info: Project/ByteIO/ArtifactSections.lean:98:0: 'Project.ByteIO.Artifact.imports_parsed' depends on axioms: [propext, Classical.choice, Quot.sound]
info: Project/ByteIO/ArtifactSections.lean:104:0: 'Project.ByteIO.Artifact.functions_parsed' depends on axioms: [propext]
info: Project/ByteIO/ArtifactSections.lean:110:0: 'Project.ByteIO.Artifact.memories_parsed' depends on axioms: [propext]
info: Project/ByteIO/ArtifactSections.lean:116:0: 'Project.ByteIO.Artifact.globals_parsed' depends on axioms: [propext]
info: Project/ByteIO/ArtifactSections.lean:122:0: 'Project.ByteIO.Artifact.exports_parsed' depends on axioms: [propext, Classical.choice, Quot.sound]
ℹ [766/1024] Replayed Project.ByteIO.ArtifactCode0
info: Project/ByteIO/ArtifactCode0.lean:34:0: 'Project.ByteIO.Artifact.code0_decoded' depends on axioms: [propext]
ℹ [767/1024] Replayed Project.ByteIO.ArtifactCode1
info: Project/ByteIO/ArtifactCode1.lean:89:0: 'Project.ByteIO.Artifact.code1_decoded' depends on axioms: [propext]
ℹ [768/1024] Replayed Project.ByteIO.ArtifactCode2
info: Project/ByteIO/ArtifactCode2.lean:49:0: 'Project.ByteIO.Artifact.code2_decoded' depends on axioms: [propext]
ℹ [769/1024] Replayed Project.ByteIO.ArtifactCode3
info: Project/ByteIO/ArtifactCode3.lean:34:0: 'Project.ByteIO.Artifact.code3_decoded' depends on axioms: [propext]
ℹ [770/1024] Replayed Project.ByteIO.ArtifactCode4
info: Project/ByteIO/ArtifactCode4.lean:44:0: 'Project.ByteIO.Artifact.code4_decoded' depends on axioms: [propext]
ℹ [771/1024] Replayed Project.ByteIO.ArtifactCode5
info: Project/ByteIO/ArtifactCode5.lean:44:0: 'Project.ByteIO.Artifact.code5_decoded' depends on axioms: [propext]
ℹ [772/1024] Replayed Project.ByteIO.ArtifactSection10
info: Project/ByteIO/ArtifactSection10.lean:74:0: 'Project.ByteIO.Artifact.codes_section_decoded' depends on axioms: [propext]
ℹ [773/1024] Replayed Project.ByteIO.ArtifactDecode
info: Project/ByteIO/ArtifactDecode.lean:28:0: 'Project.ByteIO.Artifact.decoded' depends on axioms: [propext, Classical.choice, Quot.sound]
info: Project/ByteIO/ArtifactDecode.lean:29:0: 'Project.ByteIO.Artifact.encoded' depends on axioms: [propext, Classical.choice, Quot.sound]
ℹ [774/1024] Replayed Project.ByteIO.ArtifactValidation
info: Project/ByteIO/ArtifactValidation.lean:12:0: 'Project.ByteIO.Artifact.validated' depends on axioms: [propext]
info: Project/ByteIO/ArtifactValidation.lean:13:0: 'Project.ByteIO.Artifact.valid' depends on axioms: [propext, Classical.choice, Quot.sound]
ℹ [778/1024] Replayed Project.ByteIO.Memory
info: Project/ByteIO/Memory.lean:132:0: 'Project.ByteIO.commitRead_at' depends on axioms: [propext, Quot.sound]
info: Project/ByteIO/Memory.lean:133:0: 'Project.ByteIO.commitRead_frame' depends on axioms: [propext, Quot.sound]
info: Project/ByteIO/Memory.lean:134:0: 'Project.ByteIO.commitWrite_frame' depends on axioms: [propext, Quot.sound]
⚠ [3077/3096] Replayed Interpreter.Wasm.Semantics.Lemmas
warning: Interpreter/Wasm/Semantics/Lemmas.lean:162:25: `if_pos` has been deprecated: Use `ite_eq_left` instead
warning: Interpreter/Wasm/Semantics/Lemmas.lean:166:50: `if_pos` has been deprecated: Use `ite_eq_left` instead
warning: Interpreter/Wasm/Semantics/Lemmas.lean:168:25: `if_neg` has been deprecated: Use `ite_eq_right` instead
warning: Interpreter/Wasm/Semantics/Lemmas.lean:172:50: `if_neg` has been deprecated: Use `ite_eq_right` instead
warning: Interpreter/Wasm/Semantics/Lemmas.lean:224:40: `if_pos` has been deprecated: Use `ite_eq_left` instead
warning: Interpreter/Wasm/Semantics/Lemmas.lean:226:38: `if_pos` has been deprecated: Use `ite_eq_left` instead
warning: Interpreter/Wasm/Semantics/Lemmas.lean:229:38: `if_neg` has been deprecated: Use `ite_eq_right` instead
warning: Interpreter/Wasm/Semantics/Lemmas.lean:262:40: `if_pos` has been deprecated: Use `ite_eq_left` instead
warning: Interpreter/Wasm/Semantics/Lemmas.lean:264:38: `if_pos` has been deprecated: Use `ite_eq_left` instead
warning: Interpreter/Wasm/Semantics/Lemmas.lean:267:38: `if_neg` has been deprecated: Use `ite_eq_right` instead
warning: Interpreter/Wasm/Semantics/Lemmas.lean:433:15: `if_pos` has been deprecated: Use `ite_eq_left` instead
warning: Interpreter/Wasm/Semantics/Lemmas.lean:443:15: `if_neg` has been deprecated: Use `ite_eq_right` instead
warning: Interpreter/Wasm/Semantics/Lemmas.lean:513:66: `if_pos` has been deprecated: Use `ite_eq_left` instead
ℹ [3080/3096] Replayed Project.ByteIO.Host
info: Project/ByteIO/Host.lean:161:0: 'Project.ByteIO.fdRead_contract' depends on axioms: [propext, Classical.choice, Quot.sound]
info: Project/ByteIO/Host.lean:162:0: 'Project.ByteIO.fdWrite_contract' depends on axioms: [propext, Classical.choice, Quot.sound]
info: Project/ByteIO/Host.lean:163:0: 'Project.ByteIO.readHost_contract' depends on axioms: [propext, Classical.choice, Quot.sound]
info: Project/ByteIO/Host.lean:164:0: 'Project.ByteIO.writeHost_contract' depends on axioms: [propext, Classical.choice, Quot.sound]
⚠ [3081/3096] Replayed Project.ByteIO.Wasi
warning: Project/ByteIO/Wasi.lean:50:46: Used `tac1 <;> tac2` where `(tac1; tac2)` would suffice

Note: This linter can be disabled with `set_option linter.unnecessarySeqFocus false`
warning: Project/ByteIO/Wasi.lean:163:28: This simp argument is unused:
  ih

Hint: Omit it from the simp argument list.
  [apply] simp

Note: This linter can be disabled with `set_option linter.unusedSimpArgs false`
info: Project/ByteIO/Wasi.lean:348:0: 'Project.ByteIO.wasiEnv_satisfies' depends on axioms: [propext, Classical.choice, Quot.sound]
info: Project/ByteIO/Wasi.lean:349:0: 'Project.ByteIO.pollCall_contract' depends on axioms: [propext, Classical.choice, Quot.sound]
info: Project/ByteIO/Wasi.lean:351:0: 'Project.ByteIO.flagsCall_contract' depends on axioms: [propext]
info: Project/ByteIO/Wasi.lean:352:0: 'Project.ByteIO.clockCall_contract' depends on axioms: [propext, Classical.choice, Quot.sound]
info: Project/ByteIO/Wasi.lean:353:0: 'Project.ByteIO.pollTime_monotone' depends on axioms: [propext, Quot.sound]
info: Project/ByteIO/Wasi.lean:354:0: 'Project.ByteIO.pollEvents_count' depends on axioms: [propext, Classical.choice, Quot.sound]
info: Project/ByteIO/Wasi.lean:355:0: 'Project.ByteIO.poll_before_deadline_ready' depends on axioms: [propext, Quot.sound]
info: Project/ByteIO/Wasi.lean:356:0: 'Project.ByteIO.commitPoll_frame' depends on axioms: [propext, Quot.sound]
info: Project/ByteIO/Wasi.lean:357:0: 'Project.ByteIO.exit_records_status' depends on axioms: [propext]
ℹ [3082/3096] Replayed Project.ByteIO.ArtifactModule
info: Project/ByteIO/ArtifactModule.lean:16:0: 'Project.ByteIO.Artifact.imports_exact' depends on axioms: [propext]
info: Project/ByteIO/ArtifactModule.lean:17:0: 'Project.ByteIO.Artifact.exports_exact' depends on axioms: [propext]
ℹ [3087/3096] Replayed Project.ByteIO.Execution
info: Project/ByteIO/Execution.lean:39:0: 'Project.ByteIO.terminates_of_check' depends on axioms: [propext, Classical.choice, Quot.sound]
info: Project/ByteIO/Execution.lean:40:0: 'Project.ByteIO.partialHost_satisfies' depends on axioms: [propext, Classical.choice, Quot.sound]
info: Project/ByteIO/Execution.lean:41:0: 'Project.ByteIO.echo_partial_writes' depends on axioms: [propext, Classical.choice, Quot.sound]
ℹ [3089/3096] Replayed Project.ByteIO.ExecutionEof
info: Project/ByteIO/ExecutionEof.lean:17:0: 'Project.ByteIO.echo_eof' depends on axioms: [propext, Classical.choice, Quot.sound]
ℹ [3090/3096] Replayed Project.ByteIO.ExecutionBroken
info: Project/ByteIO/ExecutionBroken.lean:18:0: 'Project.ByteIO.echo_broken_prefix' depends on axioms: [propext, Classical.choice, Quot.sound]
ℹ [3091/3096] Replayed Project.ByteIO.ExecutionTimeout
info: Project/ByteIO/ExecutionTimeout.lean:18:0: 'Project.ByteIO.echo_poll_timeout' depends on axioms: [propext, Classical.choice, Quot.sound]
ℹ [3092/3096] Replayed Project.ByteIO.ExecutionRetry
info: Project/ByteIO/ExecutionRetry.lean:18:0: 'Project.ByteIO.echo_retry_ready' depends on axioms: [propext, Classical.choice, Quot.sound]
ℹ [3094/3096] Replayed Project.ByteIO.ExecutionStart
info: Project/ByteIO/ExecutionStart.lean:48:0: 'Project.ByteIO.exits_of_check' depends on axioms: [propext, Classical.choice, Quot.sound]
info: Project/ByteIO/ExecutionStart.lean:49:0: 'Project.ByteIO.echo_start_exits' depends on axioms: [propext, Classical.choice, Quot.sound]
ℹ [3095/3096] Replayed Project.ByteIO.ValidationChecks
info: Project/ByteIO/ValidationChecks.lean:20:0: 'Project.ByteIO.ValidationChecks.rejects_missing_import_type' depends on axioms: [propext]
info: Project/ByteIO/ValidationChecks.lean:21:0: 'Project.ByteIO.ValidationChecks.rejects_export_past_end' depends on axioms: [propext]
Build completed successfully (3096 jobs).
'Project.ByteIO.Protocol.deadline_bounded' depends on axioms: [propext]
'Project.ByteIO.Protocol.deadline_no_wrap' depends on axioms: [propext, Classical.choice, Quot.sound]
'Project.ByteIO.Protocol.emitted_prefix' depends on axioms: [propext]
'Project.ByteIO.Protocol.successful_write_exact' depends on axioms: [propext]
'Project.ByteIO.Protocol.writeStep_deadline' depends on axioms: [propext]
'Project.ByteIO.Protocol.observe_continues_before_deadline' depends on axioms: [propext]
'Project.ByteIO.Protocol.write_terminates' depends on axioms: [propext, Quot.sound]
'Project.ByteIO.commitRead_conserves' depends on axioms: [propext, Quot.sound]
'Project.ByteIO.commitRead_at' depends on axioms: [propext, Quot.sound]
'Project.ByteIO.commitRead_frame' depends on axioms: [propext, Quot.sound]
'Project.ByteIO.commitWrite_frame' depends on axioms: [propext, Quot.sound]
'Project.ByteIO.commitWrite_exact' depends on axioms: [propext, Quot.sound]
'Project.ByteIO.commitRead_resources' depends on axioms: [propext, Quot.sound]
'Project.ByteIO.commitWrite_resources' depends on axioms: [propext, Quot.sound]
'Project.ByteIO.fdRead_contract' depends on axioms: [propext, Classical.choice, Quot.sound]
'Project.ByteIO.fdWrite_contract' depends on axioms: [propext, Classical.choice, Quot.sound]
'Project.ByteIO.flagsUpdate_nonblocking' depends on axioms: [propext]
'Project.ByteIO.clockCall_contract' depends on axioms: [propext, Classical.choice, Quot.sound]
'Project.ByteIO.pollCall_contract' depends on axioms: [propext, Classical.choice, Quot.sound]
'Project.ByteIO.pollTime_monotone' depends on axioms: [propext, Quot.sound]
'Project.ByteIO.pollEvents_count' depends on axioms: [propext, Classical.choice, Quot.sound]
'Project.ByteIO.poll_before_deadline_ready' depends on axioms: [propext, Quot.sound]
'Project.ByteIO.commitPoll_frame' depends on axioms: [propext, Quot.sound]
'Project.ByteIO.exit_records_status' depends on axioms: [propext]
'Project.ByteIO.wasiEnv_satisfies' depends on axioms: [propext, Classical.choice, Quot.sound]
'Project.ByteIO.Binary.decode_sound' depends on axioms: [propext, Classical.choice, Quot.sound]
'Project.ByteIO.Binary.validate_sound' depends on axioms: [propext, Classical.choice, Quot.sound]
'Project.ByteIO.Artifact.decoded' depends on axioms: [propext, Classical.choice, Quot.sound]
'Project.ByteIO.Artifact.encoded' depends on axioms: [propext, Classical.choice, Quot.sound]
'Project.ByteIO.Artifact.validated' depends on axioms: [propext]
'Project.ByteIO.Artifact.valid' depends on axioms: [propext, Classical.choice, Quot.sound]
'Project.ByteIO.Artifact.imports_exact' depends on axioms: [propext]
'Project.ByteIO.Artifact.exports_exact' depends on axioms: [propext]
'Project.ByteIO.partialHost_satisfies' depends on axioms: [propext, Classical.choice, Quot.sound]
'Project.ByteIO.echo_partial_writes' depends on axioms: [propext, Classical.choice, Quot.sound]
'Project.ByteIO.echo_eof' depends on axioms: [propext, Classical.choice, Quot.sound]
'Project.ByteIO.echo_broken_prefix' depends on axioms: [propext, Classical.choice, Quot.sound]
'Project.ByteIO.echo_poll_timeout' depends on axioms: [propext, Classical.choice, Quot.sound]
'Project.ByteIO.echo_retry_ready' depends on axioms: [propext, Classical.choice, Quot.sound]
'Project.ByteIO.brokenHost_satisfies' depends on axioms: [propext, Classical.choice, Quot.sound]
'Project.ByteIO.timeoutHost_satisfies' depends on axioms: [propext, Classical.choice, Quot.sound]
'Project.ByteIO.retryHost_satisfies' depends on axioms: [propext, Classical.choice, Quot.sound]
'Project.ByteIO.ValidationChecks.rejects_missing_import_type' depends on axioms: [propext]
'Project.ByteIO.ValidationChecks.rejects_export_past_end' depends on axioms: [propext]
'Project.ByteIO.exits_of_check' depends on axioms: [propext, Classical.choice, Quot.sound]
'Project.ByteIO.echo_start_exits' depends on axioms: [propext, Classical.choice, Quot.sound]
Byte-I/O proof passed: exact echo bytes and 46 standard-axiom theorem audits
