leanrun: LEANRUN_LOCAL=1; macOS has no cgroup CPU/memory/swap limits or ionice
leanrun: explicitly authorized inherited priority; nice unavailable
LeanExe/Extract/ScalarBooleanRange.lean:281:40: error: unsolved goals
locals : List ScalarBinding
slot : Nat
name : Lean.Name
value body : Lean.Expr
nondep : Bool
notScalar :
  extractScalarExprWith locals
      ((Lean.Expr.const `Bool.toUInt64 []).app (Lean.Expr.letE name (Lean.Expr.const `UInt64 []) value body nondep)) =
    none
⊢ (match none with
    | some value => some (ScalarRangeExitPlan.scalar value)
    | none =>
      match Lean.Expr.letE name (Lean.Expr.const `UInt64 []) value body nondep with
      | Lean.Expr.letE declName (Lean.Expr.const `UInt64 []) value body nondep =>
        match extractScalarExprWith locals value with
        | some bound => extractScalarBooleanRangeWith (ScalarBinding.word bound :: locals) slot body
        | none => do
          let plan ← extractScalarRangeExitWith locals slot value
          let result ←
            extractScalarExprWith (ScalarBinding.word plan.result :: locals)
                ((Lean.Expr.const `Bool.toUInt64 []).app body)
          pure { count := plan.count, initial := plan.initial, step := plan.step, done := plan.done, result := result }
      | Lean.Expr.letE declName (Lean.Expr.const `Bool []) value body nondep =>
        scalarRangeValueBinding (extractScalarExprWith locals ((Lean.Expr.const `Bool.toUInt64 []).app value))
          (fun flag => extractScalarBooleanRangeWith (ScalarBinding.boolean flag :: locals) slot body)
          (fun x => extractScalarBooleanRangeWith locals slot value) fun flag =>
          extractScalarExprWith (ScalarBinding.boolean flag :: locals) ((Lean.Expr.const `Bool.toUInt64 []).app body)
      | Lean.Expr.letE name ((Lean.Expr.const `Id [Lean.Level.zero]).app type) value body nondep =>
        extractScalarBooleanRangeWith locals slot (Lean.Expr.letE name type value body nondep)
      |
      Lean.Expr.letE declName
          (Lean.Expr.forallE firstTypeName (Lean.Expr.const `UInt64 [])
            (Lean.Expr.forallE secondTypeName (Lean.Expr.const `UInt64 []) resultType secondTypeBi) firstTypeBi)
          (Lean.Expr.lam firstName (Lean.Expr.const `UInt64 [])
            (Lean.Expr.lam secondName (Lean.Expr.const `UInt64 []) value secondBi) firstBi)
          body nondep =>
        match scalarResultType? resultType with
        | none =>
          match
            scalarManyFunction?
              (Lean.Expr.forallE firstTypeName (Lean.Expr.const `UInt64 [])
                (Lean.Expr.forallE secondTypeName (Lean.Expr.const `UInt64 []) resultType secondTypeBi) firstTypeBi)
              (Lean.Expr.lam firstName (Lean.Expr.const `UInt64 [])
                (Lean.Expr.lam secondName (Lean.Expr.const `UInt64 []) value secondBi) firstBi) with
          | none => none
          | some shape =>
            match
              extractScalarExprWith (List.replicate shape.arity (ScalarBinding.word (IR.Expr.u64 0)) ++ locals)
                shape.body with
            | none => none
            | some val =>
              extractScalarBooleanRangeWith
                ((ScalarBinding.manyFunction shape.arity fun arguments =>
                    extractScalarExprWith (List.map ScalarBinding.word arguments.reverse ++ locals) shape.body) ::
                  locals)
                slot body
        | some val =>
          match
            extractScalarExprWith (ScalarBinding.word (IR.Expr.u64 0) :: ScalarBinding.word (IR.Expr.u64 0) :: locals)
              value with
          | none => none
          | some val =>
            extractScalarBooleanRangeWith
              ((ScalarBinding.binaryFunction fun first second =>
                  extractScalarExprWith (ScalarBinding.word second :: ScalarBinding.word first :: locals) value) ::
                locals)
              slot body
      |
      Lean.Expr.letE name (Lean.Expr.forallE typeName (Lean.Expr.const `UInt64 []) resultType typeBi)
          (Lean.Expr.lam paramName (Lean.Expr.const `UInt64 []) value paramBi) body nondep =>
        match scalarResultType? resultType with
        | none =>
          match booleanType? resultType with
          | none => none
          | some val =>
            scalarBooleanRangeCompleteContinuation locals false value body
              (fun binding => extractScalarBooleanRangeWith (binding :: locals) slot body)
              (fun binding => extractScalarBooleanRangeWith (binding :: locals) slot value) fun arm x =>
              extractScalarBooleanRangeWith locals slot
                (Lean.Expr.letE name (Lean.Expr.forallE typeName (Lean.Expr.const `UInt64 []) resultType typeBi)
                  (Lean.Expr.lam paramName (Lean.Expr.const `UInt64 []) value paramBi) arm nondep)
        | some val =>
          match extractScalarExprWith (ScalarBinding.word (IR.Expr.u64 0) :: locals) value with
          | none => none
          | some val =>
            extractScalarBooleanRangeWith
              ((ScalarBinding.function false fun argument =>
                  extractScalarExprWith (ScalarBinding.word argument :: locals) value) ::
                locals)
              slot body
      |
      Lean.Expr.letE name (Lean.Expr.forallE typeName (Lean.Expr.const `Bool []) resultType typeBi)
          (Lean.Expr.lam paramName (Lean.Expr.const `Bool []) value paramBi) body nondep =>
        match scalarResultType? resultType with
        | none =>
          match booleanType? resultType with
          | none => none
          | some val =>
            scalarBooleanRangeCompleteContinuation locals true value body
              (fun binding => extractScalarBooleanRangeWith (binding :: locals) slot body)
              (fun binding => extractScalarBooleanRangeWith (binding :: locals) slot value) fun arm x =>
              extractScalarBooleanRangeWith locals slot
                (Lean.Expr.letE name (Lean.Expr.forallE typeName (Lean.Expr.const `Bool []) resultType typeBi)
                  (Lean.Expr.lam paramName (Lean.Expr.const `Bool []) value paramBi) arm nondep)
        | some val =>
          match extractScalarExprWith (ScalarBinding.boolean (IR.Expr.u64 0) :: locals) value with
          | none => none
          | some val =>
            extractScalarBooleanRangeWith
              ((ScalarBinding.booleanFunction fun argument =>
                  extractScalarExprWith (ScalarBinding.boolean argument :: locals) value) ::
                locals)
              slot body
      |
      Lean.Expr.letE declName
          (Lean.Expr.forallE binderName (Lean.Expr.const `Unit [])
            (Lean.Expr.forallE binderName_1 (Lean.Expr.const `UInt64 []) resultType binderInfo) binderInfo_1)
          (Lean.Expr.lam binderName_2 (Lean.Expr.const `Unit [])
            (Lean.Expr.lam binderName_3 (Lean.Expr.const `UInt64 []) value binderInfo_2) binderInfo_3)
          body nondep =>
        match scalarResultType? resultType with
        | none => none
        | some val =>
          match extractScalarExprWith (ScalarBinding.word (IR.Expr.u64 0) :: ScalarBinding.unit :: locals) value with
          | none => none
          | some val =>
            extractScalarBooleanRangeWith
              ((ScalarBinding.function true fun argument =>
                  extractScalarExprWith (ScalarBinding.word argument :: ScalarBinding.unit :: locals) value) ::
                locals)
              slot body
      |
      Lean.Expr.letE declName
          (Lean.Expr.forallE binderName (Lean.Expr.const `PUnit [Lean.Level.zero.succ])
            (Lean.Expr.forallE binderName_1 (Lean.Expr.const `UInt64 []) resultType binderInfo) binderInfo_1)
          (Lean.Expr.lam binderName_2 (Lean.Expr.const `PUnit [Lean.Level.zero.succ])
            (Lean.Expr.lam binderName_3 (Lean.Expr.const `UInt64 []) value binderInfo_2) binderInfo_3)
          body nondep =>
        match scalarResultType? resultType with
        | none => none
        | some val =>
          match extractScalarExprWith (ScalarBinding.word (IR.Expr.u64 0) :: ScalarBinding.unit :: locals) value with
          | none => none
          | some val =>
            extractScalarBooleanRangeWith
              ((ScalarBinding.function true fun argument =>
                  extractScalarExprWith (ScalarBinding.word argument :: ScalarBinding.unit :: locals) value) ::
                locals)
              slot body
      |
      Lean.Expr.letE name
          (Lean.Expr.forallE typeName ((Lean.Expr.const `Id [Lean.Level.zero]).app input) resultType typeBi)
          (Lean.Expr.lam paramName ((Lean.Expr.const `Id [Lean.Level.zero]).app domain) value paramBi) body nondep =>
        if input = domain then
          extractScalarBooleanRangeWith locals slot
            (Lean.Expr.letE name (Lean.Expr.forallE typeName input resultType typeBi)
              (Lean.Expr.lam paramName domain value paramBi) body nondep)
        else none
      |
      ((((((Lean.Expr.const `Bind.bind [Lean.Level.zero, Lean.Level.zero]).app
                              (Lean.Expr.const `Id [Lean.Level.zero])).app
                          (((Lean.Expr.const `Monad.toBind [Lean.Level.zero, Lean.Level.zero]).app
                                (Lean.Expr.const `Id [Lean.Level.zero])).app
                            (Lean.Expr.const `Id.instMonad [Lean.Level.zero]))).app
                      input).app
                  output).app
              value).app
          (Lean.Expr.lam binderName domain body binderInfo) =>
        match booleanRangeBindTypes? input domain output with
        | none =>
          match booleanRangeFlagBindTypes? input domain output with
          | none => none
          | some val =>
            scalarRangeValueBinding (extractScalarExprWith locals ((Lean.Expr.const `Bool.toUInt64 []).app value))
              (fun flag => extractScalarBooleanRangeWith (ScalarBinding.boolean flag :: locals) slot body)
              (fun x => extractScalarBooleanRangeWith locals slot value) fun flag =>
              extractScalarExprWith (ScalarBinding.boolean flag :: locals)
                ((Lean.Expr.const `Bool.toUInt64 []).app body)
        | some val =>
          match extractScalarExprWith locals value with
          | some bound => extractScalarBooleanRangeWith (ScalarBinding.word bound :: locals) slot body
          | none => do
            let plan ← extractScalarRangeExitWith locals slot value
            let result ←
              extractScalarExprWith (ScalarBinding.word plan.result :: locals)
                  ((Lean.Expr.const `Bool.toUInt64 []).app body)
            pure
                { count := plan.count, initial := plan.initial, step := plan.step, done := plan.done, result := result }
      | (((((Lean.Expr.const `ite [Lean.Level.zero.succ]).app type).app condition).app evidence).app yes).app no =>
        match booleanType? type with
        | none => none
        | some val =>
          match extractScalarExprWith locals (BooleanRange.decision condition evidence) with
          | none => none
          | some guard => do
            let first ←
              scalarBooleanRangeArm (extractScalarExprWith locals ((Lean.Expr.const `Bool.toUInt64 []).app yes))
                  fun x => extractScalarBooleanRangeWith locals slot yes
            let second ←
              scalarBooleanRangeArm (extractScalarExprWith locals ((Lean.Expr.const `Bool.toUInt64 []).app no)) fun x =>
                  extractScalarBooleanRangeWith locals slot no
            pure (ScalarRangeExitPlan.choice guard first second)
      | source =>
        match _wrapped : booleanRangeWrapper? source with
        | some (fst, body) => extractScalarBooleanRangeWith locals slot body
        | none => none) =
    match extractScalarExprWith locals value with
    | some bound => extractScalarBooleanRangeWith (ScalarBinding.word bound :: locals) slot body
    | none => do
      let plan ← extractScalarRangeExitWith locals slot value
      let result ←
        extractScalarExprWith (ScalarBinding.word plan.result :: locals) ((Lean.Expr.const `Bool.toUInt64 []).app body)
      pure { count := plan.count, initial := plan.initial, step := plan.step, done := plan.done, result := result }
LeanExe/Extract/ScalarBooleanRange.lean:294:88: error: Tactic `rewrite` failed: Did not find an occurrence of the pattern
  extractScalarExprWith locals
    ((Lean.Expr.const `Bool.toUInt64 []).app (BooleanRange.bind name binder input output value body))
in the target expression
  (match
      extractScalarExprWith locals
        ((Lean.Expr.const `Bool.toUInt64 []).app
          (((((((Lean.Expr.const `Bind.bind [Lean.Level.zero, Lean.Level.zero]).app
                                (Lean.Expr.const `Id [Lean.Level.zero])).app
                            (((Lean.Expr.const `Monad.toBind [Lean.Level.zero, Lean.Level.zero]).app
                                  (Lean.Expr.const `Id [Lean.Level.zero])).app
                              (Lean.Expr.const `Id.instMonad [Lean.Level.zero]))).app
                        input.expr).app
                    output.expr).app
                value).app
            (Lean.Expr.lam name input.expr body binder))) with
    | some value => some (ScalarRangeExitPlan.scalar value)
    | none =>
      match
        ((((((Lean.Expr.const `Bind.bind [Lean.Level.zero, Lean.Level.zero]).app
                              (Lean.Expr.const `Id [Lean.Level.zero])).app
                          (((Lean.Expr.const `Monad.toBind [Lean.Level.zero, Lean.Level.zero]).app
                                (Lean.Expr.const `Id [Lean.Level.zero])).app
                            (Lean.Expr.const `Id.instMonad [Lean.Level.zero]))).app
                      input.expr).app
                  output.expr).app
              value).app
          (Lean.Expr.lam name input.expr body binder) with
      | Lean.Expr.letE declName (Lean.Expr.const `UInt64 []) value body nondep =>
        match extractScalarExprWith locals value with
        | some bound => extractScalarBooleanRangeWith (ScalarBinding.word bound :: locals) slot body
        | none => do
          let plan ← extractScalarRangeExitWith locals slot value
          let result ←
            extractScalarExprWith (ScalarBinding.word plan.result :: locals)
                ((Lean.Expr.const `Bool.toUInt64 []).app body)
          pure { count := plan.count, initial := plan.initial, step := plan.step, done := plan.done, result := result }
      | Lean.Expr.letE declName (Lean.Expr.const `Bool []) value body nondep =>
        scalarRangeValueBinding (extractScalarExprWith locals ((Lean.Expr.const `Bool.toUInt64 []).app value))
          (fun flag => extractScalarBooleanRangeWith (ScalarBinding.boolean flag :: locals) slot body)
          (fun x => extractScalarBooleanRangeWith locals slot value) fun flag =>
          extractScalarExprWith (ScalarBinding.boolean flag :: locals) ((Lean.Expr.const `Bool.toUInt64 []).app body)
      | Lean.Expr.letE name ((Lean.Expr.const `Id [Lean.Level.zero]).app type) value body nondep =>
        extractScalarBooleanRangeWith locals slot (Lean.Expr.letE name type value body nondep)
      |
      Lean.Expr.letE declName
          (Lean.Expr.forallE firstTypeName (Lean.Expr.const `UInt64 [])
            (Lean.Expr.forallE secondTypeName (Lean.Expr.const `UInt64 []) resultType secondTypeBi) firstTypeBi)
          (Lean.Expr.lam firstName (Lean.Expr.const `UInt64 [])
            (Lean.Expr.lam secondName (Lean.Expr.const `UInt64 []) value secondBi) firstBi)
          body nondep =>
        match scalarResultType? resultType with
        | none =>
          match
            scalarManyFunction?
              (Lean.Expr.forallE firstTypeName (Lean.Expr.const `UInt64 [])
                (Lean.Expr.forallE secondTypeName (Lean.Expr.const `UInt64 []) resultType secondTypeBi) firstTypeBi)
              (Lean.Expr.lam firstName (Lean.Expr.const `UInt64 [])
                (Lean.Expr.lam secondName (Lean.Expr.const `UInt64 []) value secondBi) firstBi) with
          | none => none
          | some shape =>
            match
              extractScalarExprWith (List.replicate shape.arity (ScalarBinding.word (IR.Expr.u64 0)) ++ locals)
                shape.body with
            | none => none
            | some val =>
              extractScalarBooleanRangeWith
                ((ScalarBinding.manyFunction shape.arity fun arguments =>
                    extractScalarExprWith (List.map ScalarBinding.word arguments.reverse ++ locals) shape.body) ::
                  locals)
                slot body
        | some val =>
          match
            extractScalarExprWith (ScalarBinding.word (IR.Expr.u64 0) :: ScalarBinding.word (IR.Expr.u64 0) :: locals)
              value with
          | none => none
          | some val =>
            extractScalarBooleanRangeWith
              ((ScalarBinding.binaryFunction fun first second =>
                  extractScalarExprWith (ScalarBinding.word second :: ScalarBinding.word first :: locals) value) ::
                locals)
              slot body
      |
      Lean.Expr.letE name (Lean.Expr.forallE typeName (Lean.Expr.const `UInt64 []) resultType typeBi)
          (Lean.Expr.lam paramName (Lean.Expr.const `UInt64 []) value paramBi) body nondep =>
        match scalarResultType? resultType with
        | none =>
          match booleanType? resultType with
          | none => none
          | some val =>
            scalarBooleanRangeCompleteContinuation locals false value body
              (fun binding => extractScalarBooleanRangeWith (binding :: locals) slot body)
              (fun binding => extractScalarBooleanRangeWith (binding :: locals) slot value) fun arm x =>
              extractScalarBooleanRangeWith locals slot
                (Lean.Expr.letE name (Lean.Expr.forallE typeName (Lean.Expr.const `UInt64 []) resultType typeBi)
                  (Lean.Expr.lam paramName (Lean.Expr.const `UInt64 []) value paramBi) arm nondep)
        | some val =>
          match extractScalarExprWith (ScalarBinding.word (IR.Expr.u64 0) :: locals) value with
          | none => none
          | some val =>
            extractScalarBooleanRangeWith
              ((ScalarBinding.function false fun argument =>
                  extractScalarExprWith (ScalarBinding.word argument :: locals) value) ::
                locals)
              slot body
      |
      Lean.Expr.letE name (Lean.Expr.forallE typeName (Lean.Expr.const `Bool []) resultType typeBi)
          (Lean.Expr.lam paramName (Lean.Expr.const `Bool []) value paramBi) body nondep =>
        match scalarResultType? resultType with
        | none =>
          match booleanType? resultType with
          | none => none
          | some val =>
            scalarBooleanRangeCompleteContinuation locals true value body
              (fun binding => extractScalarBooleanRangeWith (binding :: locals) slot body)
              (fun binding => extractScalarBooleanRangeWith (binding :: locals) slot value) fun arm x =>
              extractScalarBooleanRangeWith locals slot
                (Lean.Expr.letE name (Lean.Expr.forallE typeName (Lean.Expr.const `Bool []) resultType typeBi)
                  (Lean.Expr.lam paramName (Lean.Expr.const `Bool []) value paramBi) arm nondep)
        | some val =>
          match extractScalarExprWith (ScalarBinding.boolean (IR.Expr.u64 0) :: locals) value with
          | none => none
          | some val =>
            extractScalarBooleanRangeWith
              ((ScalarBinding.booleanFunction fun argument =>
                  extractScalarExprWith (ScalarBinding.boolean argument :: locals) value) ::
                locals)
              slot body
      |
      Lean.Expr.letE declName
          (Lean.Expr.forallE binderName (Lean.Expr.const `Unit [])
            (Lean.Expr.forallE binderName_1 (Lean.Expr.const `UInt64 []) resultType binderInfo) binderInfo_1)
          (Lean.Expr.lam binderName_2 (Lean.Expr.const `Unit [])
            (Lean.Expr.lam binderName_3 (Lean.Expr.const `UInt64 []) value binderInfo_2) binderInfo_3)
          body nondep =>
        match scalarResultType? resultType with
        | none => none
        | some val =>
          match extractScalarExprWith (ScalarBinding.word (IR.Expr.u64 0) :: ScalarBinding.unit :: locals) value with
          | none => none
          | some val =>
            extractScalarBooleanRangeWith
              ((ScalarBinding.function true fun argument =>
                  extractScalarExprWith (ScalarBinding.word argument :: ScalarBinding.unit :: locals) value) ::
                locals)
              slot body
      |
      Lean.Expr.letE declName
          (Lean.Expr.forallE binderName (Lean.Expr.const `PUnit [Lean.Level.zero.succ])
            (Lean.Expr.forallE binderName_1 (Lean.Expr.const `UInt64 []) resultType binderInfo) binderInfo_1)
          (Lean.Expr.lam binderName_2 (Lean.Expr.const `PUnit [Lean.Level.zero.succ])
            (Lean.Expr.lam binderName_3 (Lean.Expr.const `UInt64 []) value binderInfo_2) binderInfo_3)
          body nondep =>
        match scalarResultType? resultType with
        | none => none
        | some val =>
          match extractScalarExprWith (ScalarBinding.word (IR.Expr.u64 0) :: ScalarBinding.unit :: locals) value with
          | none => none
          | some val =>
            extractScalarBooleanRangeWith
              ((ScalarBinding.function true fun argument =>
                  extractScalarExprWith (ScalarBinding.word argument :: ScalarBinding.unit :: locals) value) ::
                locals)
              slot body
      |
      Lean.Expr.letE name
          (Lean.Expr.forallE typeName ((Lean.Expr.const `Id [Lean.Level.zero]).app input) resultType typeBi)
          (Lean.Expr.lam paramName ((Lean.Expr.const `Id [Lean.Level.zero]).app domain) value paramBi) body nondep =>
        if input = domain then
          extractScalarBooleanRangeWith locals slot
            (Lean.Expr.letE name (Lean.Expr.forallE typeName input resultType typeBi)
              (Lean.Expr.lam paramName domain value paramBi) body nondep)
        else none
      |
      ((((((Lean.Expr.const `Bind.bind [Lean.Level.zero, Lean.Level.zero]).app
                              (Lean.Expr.const `Id [Lean.Level.zero])).app
                          (((Lean.Expr.const `Monad.toBind [Lean.Level.zero, Lean.Level.zero]).app
                                (Lean.Expr.const `Id [Lean.Level.zero])).app
                            (Lean.Expr.const `Id.instMonad [Lean.Level.zero]))).app
                      input).app
                  output).app
              value).app
          (Lean.Expr.lam binderName domain body binderInfo) =>
        match booleanRangeBindTypes? input domain output with
        | none =>
          match booleanRangeFlagBindTypes? input domain output with
          | none => none
          | some val =>
            scalarRangeValueBinding (extractScalarExprWith locals ((Lean.Expr.const `Bool.toUInt64 []).app value))
              (fun flag => extractScalarBooleanRangeWith (ScalarBinding.boolean flag :: locals) slot body)
              (fun x => extractScalarBooleanRangeWith locals slot value) fun flag =>
              extractScalarExprWith (ScalarBinding.boolean flag :: locals)
                ((Lean.Expr.const `Bool.toUInt64 []).app body)
        | some val =>
          match extractScalarExprWith locals value with
          | some bound => extractScalarBooleanRangeWith (ScalarBinding.word bound :: locals) slot body
          | none => do
            let plan ← extractScalarRangeExitWith locals slot value
            let result ←
              extractScalarExprWith (ScalarBinding.word plan.result :: locals)
                  ((Lean.Expr.const `Bool.toUInt64 []).app body)
            pure
                { count := plan.count, initial := plan.initial, step := plan.step, done := plan.done, result := result }
      | (((((Lean.Expr.const `ite [Lean.Level.zero.succ]).app type).app condition).app evidence).app yes).app no =>
        match booleanType? type with
        | none => none
        | some val =>
          match extractScalarExprWith locals (BooleanRange.decision condition evidence) with
          | none => none
          | some guard => do
            let first ←
              scalarBooleanRangeArm (extractScalarExprWith locals ((Lean.Expr.const `Bool.toUInt64 []).app yes))
                  fun x => extractScalarBooleanRangeWith locals slot yes
            let second ←
              scalarBooleanRangeArm (extractScalarExprWith locals ((Lean.Expr.const `Bool.toUInt64 []).app no)) fun x =>
                  extractScalarBooleanRangeWith locals slot no
            pure (ScalarRangeExitPlan.choice guard first second)
      | source =>
        match _wrapped : booleanRangeWrapper? source with
        | some (fst, body) => extractScalarBooleanRangeWith locals slot body
        | none => none) =
    match extractScalarExprWith locals value with
    | some bound => extractScalarBooleanRangeWith (ScalarBinding.word bound :: locals) slot body
    | none => do
      let plan ← extractScalarRangeExitWith locals slot value
      let result ←
        extractScalarExprWith (ScalarBinding.word plan.result :: locals) ((Lean.Expr.const `Bool.toUInt64 []).app body)
      pure { count := plan.count, initial := plan.initial, step := plan.step, done := plan.done, result := result }

locals : List ScalarBinding
slot : Nat
name : Lean.Name
binder : Lean.BinderInfo
input : ResultType
output : BooleanType
value body : Lean.Expr
notScalar :
  extractScalarExprWith locals
      ((Lean.Expr.const `Bool.toUInt64 []).app (BooleanRange.bind name binder input output value body)) =
    none
⊢ (match
      extractScalarExprWith locals
        ((Lean.Expr.const `Bool.toUInt64 []).app
          (((((((Lean.Expr.const `Bind.bind [Lean.Level.zero, Lean.Level.zero]).app
                                (Lean.Expr.const `Id [Lean.Level.zero])).app
                            (((Lean.Expr.const `Monad.toBind [Lean.Level.zero, Lean.Level.zero]).app
                                  (Lean.Expr.const `Id [Lean.Level.zero])).app
                              (Lean.Expr.const `Id.instMonad [Lean.Level.zero]))).app
                        input.expr).app
                    output.expr).app
                value).app
            (Lean.Expr.lam name input.expr body binder))) with
    | some value => some (ScalarRangeExitPlan.scalar value)
    | none =>
      match
        ((((((Lean.Expr.const `Bind.bind [Lean.Level.zero, Lean.Level.zero]).app
                              (Lean.Expr.const `Id [Lean.Level.zero])).app
                          (((Lean.Expr.const `Monad.toBind [Lean.Level.zero, Lean.Level.zero]).app
                                (Lean.Expr.const `Id [Lean.Level.zero])).app
                            (Lean.Expr.const `Id.instMonad [Lean.Level.zero]))).app
                      input.expr).app
                  output.expr).app
              value).app
          (Lean.Expr.lam name input.expr body binder) with
      | Lean.Expr.letE declName (Lean.Expr.const `UInt64 []) value body nondep =>
        match extractScalarExprWith locals value with
        | some bound => extractScalarBooleanRangeWith (ScalarBinding.word bound :: locals) slot body
        | none => do
          let plan ← extractScalarRangeExitWith locals slot value
          let result ←
            extractScalarExprWith (ScalarBinding.word plan.result :: locals)
                ((Lean.Expr.const `Bool.toUInt64 []).app body)
          pure { count := plan.count, initial := plan.initial, step := plan.step, done := plan.done, result := result }
      | Lean.Expr.letE declName (Lean.Expr.const `Bool []) value body nondep =>
        scalarRangeValueBinding (extractScalarExprWith locals ((Lean.Expr.const `Bool.toUInt64 []).app value))
          (fun flag => extractScalarBooleanRangeWith (ScalarBinding.boolean flag :: locals) slot body)
          (fun x => extractScalarBooleanRangeWith locals slot value) fun flag =>
          extractScalarExprWith (ScalarBinding.boolean flag :: locals) ((Lean.Expr.const `Bool.toUInt64 []).app body)
      | Lean.Expr.letE name ((Lean.Expr.const `Id [Lean.Level.zero]).app type) value body nondep =>
        extractScalarBooleanRangeWith locals slot (Lean.Expr.letE name type value body nondep)
      |
      Lean.Expr.letE declName
          (Lean.Expr.forallE firstTypeName (Lean.Expr.const `UInt64 [])
            (Lean.Expr.forallE secondTypeName (Lean.Expr.const `UInt64 []) resultType secondTypeBi) firstTypeBi)
          (Lean.Expr.lam firstName (Lean.Expr.const `UInt64 [])
            (Lean.Expr.lam secondName (Lean.Expr.const `UInt64 []) value secondBi) firstBi)
          body nondep =>
        match scalarResultType? resultType with
        | none =>
          match
            scalarManyFunction?
              (Lean.Expr.forallE firstTypeName (Lean.Expr.const `UInt64 [])
                (Lean.Expr.forallE secondTypeName (Lean.Expr.const `UInt64 []) resultType secondTypeBi) firstTypeBi)
              (Lean.Expr.lam firstName (Lean.Expr.const `UInt64 [])
                (Lean.Expr.lam secondName (Lean.Expr.const `UInt64 []) value secondBi) firstBi) with
          | none => none
          | some shape =>
            match
              extractScalarExprWith (List.replicate shape.arity (ScalarBinding.word (IR.Expr.u64 0)) ++ locals)
                shape.body with
            | none => none
            | some val =>
              extractScalarBooleanRangeWith
                ((ScalarBinding.manyFunction shape.arity fun arguments =>
                    extractScalarExprWith (List.map ScalarBinding.word arguments.reverse ++ locals) shape.body) ::
                  locals)
                slot body
        | some val =>
          match
            extractScalarExprWith (ScalarBinding.word (IR.Expr.u64 0) :: ScalarBinding.word (IR.Expr.u64 0) :: locals)
              value with
          | none => none
          | some val =>
            extractScalarBooleanRangeWith
              ((ScalarBinding.binaryFunction fun first second =>
                  extractScalarExprWith (ScalarBinding.word second :: ScalarBinding.word first :: locals) value) ::
                locals)
              slot body
      |
      Lean.Expr.letE name (Lean.Expr.forallE typeName (Lean.Expr.const `UInt64 []) resultType typeBi)
          (Lean.Expr.lam paramName (Lean.Expr.const `UInt64 []) value paramBi) body nondep =>
        match scalarResultType? resultType with
        | none =>
          match booleanType? resultType with
          | none => none
          | some val =>
            scalarBooleanRangeCompleteContinuation locals false value body
              (fun binding => extractScalarBooleanRangeWith (binding :: locals) slot body)
              (fun binding => extractScalarBooleanRangeWith (binding :: locals) slot value) fun arm x =>
              extractScalarBooleanRangeWith locals slot
                (Lean.Expr.letE name (Lean.Expr.forallE typeName (Lean.Expr.const `UInt64 []) resultType typeBi)
                  (Lean.Expr.lam paramName (Lean.Expr.const `UInt64 []) value paramBi) arm nondep)
        | some val =>
          match extractScalarExprWith (ScalarBinding.word (IR.Expr.u64 0) :: locals) value with
          | none => none
          | some val =>
            extractScalarBooleanRangeWith
              ((ScalarBinding.function false fun argument =>
                  extractScalarExprWith (ScalarBinding.word argument :: locals) value) ::
                locals)
              slot body
      |
      Lean.Expr.letE name (Lean.Expr.forallE typeName (Lean.Expr.const `Bool []) resultType typeBi)
          (Lean.Expr.lam paramName (Lean.Expr.const `Bool []) value paramBi) body nondep =>
        match scalarResultType? resultType with
        | none =>
          match booleanType? resultType with
          | none => none
          | some val =>
            scalarBooleanRangeCompleteContinuation locals true value body
              (fun binding => extractScalarBooleanRangeWith (binding :: locals) slot body)
              (fun binding => extractScalarBooleanRangeWith (binding :: locals) slot value) fun arm x =>
              extractScalarBooleanRangeWith locals slot
                (Lean.Expr.letE name (Lean.Expr.forallE typeName (Lean.Expr.const `Bool []) resultType typeBi)
                  (Lean.Expr.lam paramName (Lean.Expr.const `Bool []) value paramBi) arm nondep)
        | some val =>
          match extractScalarExprWith (ScalarBinding.boolean (IR.Expr.u64 0) :: locals) value with
          | none => none
          | some val =>
            extractScalarBooleanRangeWith
              ((ScalarBinding.booleanFunction fun argument =>
                  extractScalarExprWith (ScalarBinding.boolean argument :: locals) value) ::
                locals)
              slot body
      |
      Lean.Expr.letE declName
          (Lean.Expr.forallE binderName (Lean.Expr.const `Unit [])
            (Lean.Expr.forallE binderName_1 (Lean.Expr.const `UInt64 []) resultType binderInfo) binderInfo_1)
          (Lean.Expr.lam binderName_2 (Lean.Expr.const `Unit [])
            (Lean.Expr.lam binderName_3 (Lean.Expr.const `UInt64 []) value binderInfo_2) binderInfo_3)
          body nondep =>
        match scalarResultType? resultType with
        | none => none
        | some val =>
          match extractScalarExprWith (ScalarBinding.word (IR.Expr.u64 0) :: ScalarBinding.unit :: locals) value with
          | none => none
          | some val =>
            extractScalarBooleanRangeWith
              ((ScalarBinding.function true fun argument =>
                  extractScalarExprWith (ScalarBinding.word argument :: ScalarBinding.unit :: locals) value) ::
                locals)
              slot body
      |
      Lean.Expr.letE declName
          (Lean.Expr.forallE binderName (Lean.Expr.const `PUnit [Lean.Level.zero.succ])
            (Lean.Expr.forallE binderName_1 (Lean.Expr.const `UInt64 []) resultType binderInfo) binderInfo_1)
          (Lean.Expr.lam binderName_2 (Lean.Expr.const `PUnit [Lean.Level.zero.succ])
            (Lean.Expr.lam binderName_3 (Lean.Expr.const `UInt64 []) value binderInfo_2) binderInfo_3)
          body nondep =>
        match scalarResultType? resultType with
        | none => none
        | some val =>
          match extractScalarExprWith (ScalarBinding.word (IR.Expr.u64 0) :: ScalarBinding.unit :: locals) value with
          | none => none
          | some val =>
            extractScalarBooleanRangeWith
              ((ScalarBinding.function true fun argument =>
                  extractScalarExprWith (ScalarBinding.word argument :: ScalarBinding.unit :: locals) value) ::
                locals)
              slot body
      |
      Lean.Expr.letE name
          (Lean.Expr.forallE typeName ((Lean.Expr.const `Id [Lean.Level.zero]).app input) resultType typeBi)
          (Lean.Expr.lam paramName ((Lean.Expr.const `Id [Lean.Level.zero]).app domain) value paramBi) body nondep =>
        if input = domain then
          extractScalarBooleanRangeWith locals slot
            (Lean.Expr.letE name (Lean.Expr.forallE typeName input resultType typeBi)
              (Lean.Expr.lam paramName domain value paramBi) body nondep)
        else none
      |
      ((((((Lean.Expr.const `Bind.bind [Lean.Level.zero, Lean.Level.zero]).app
                              (Lean.Expr.const `Id [Lean.Level.zero])).app
                          (((Lean.Expr.const `Monad.toBind [Lean.Level.zero, Lean.Level.zero]).app
                                (Lean.Expr.const `Id [Lean.Level.zero])).app
                            (Lean.Expr.const `Id.instMonad [Lean.Level.zero]))).app
                      input).app
                  output).app
              value).app
          (Lean.Expr.lam binderName domain body binderInfo) =>
        match booleanRangeBindTypes? input domain output with
        | none =>
          match booleanRangeFlagBindTypes? input domain output with
          | none => none
          | some val =>
            scalarRangeValueBinding (extractScalarExprWith locals ((Lean.Expr.const `Bool.toUInt64 []).app value))
              (fun flag => extractScalarBooleanRangeWith (ScalarBinding.boolean flag :: locals) slot body)
              (fun x => extractScalarBooleanRangeWith locals slot value) fun flag =>
              extractScalarExprWith (ScalarBinding.boolean flag :: locals)
                ((Lean.Expr.const `Bool.toUInt64 []).app body)
        | some val =>
          match extractScalarExprWith locals value with
          | some bound => extractScalarBooleanRangeWith (ScalarBinding.word bound :: locals) slot body
          | none => do
            let plan ← extractScalarRangeExitWith locals slot value
            let result ←
              extractScalarExprWith (ScalarBinding.word plan.result :: locals)
                  ((Lean.Expr.const `Bool.toUInt64 []).app body)
            pure
                { count := plan.count, initial := plan.initial, step := plan.step, done := plan.done, result := result }
      | (((((Lean.Expr.const `ite [Lean.Level.zero.succ]).app type).app condition).app evidence).app yes).app no =>
        match booleanType? type with
        | none => none
        | some val =>
          match extractScalarExprWith locals (BooleanRange.decision condition evidence) with
          | none => none
          | some guard => do
            let first ←
              scalarBooleanRangeArm (extractScalarExprWith locals ((Lean.Expr.const `Bool.toUInt64 []).app yes))
                  fun x => extractScalarBooleanRangeWith locals slot yes
            let second ←
              scalarBooleanRangeArm (extractScalarExprWith locals ((Lean.Expr.const `Bool.toUInt64 []).app no)) fun x =>
                  extractScalarBooleanRangeWith locals slot no
            pure (ScalarRangeExitPlan.choice guard first second)
      | source =>
        match _wrapped : booleanRangeWrapper? source with
        | some (fst, body) => extractScalarBooleanRangeWith locals slot body
        | none => none) =
    match extractScalarExprWith locals value with
    | some bound => extractScalarBooleanRangeWith (ScalarBinding.word bound :: locals) slot body
    | none => do
      let plan ← extractScalarRangeExitWith locals slot value
      let result ←
        extractScalarExprWith (ScalarBinding.word plan.result :: locals) ((Lean.Expr.const `Bool.toUInt64 []).app body)
      pure { count := plan.count, initial := plan.initial, step := plan.step, done := plan.done, result := result }
LeanExe/Extract/ScalarBooleanRange.lean:303:113: error: unsolved goals
locals : List ScalarBinding
slot : Nat
name : Lean.Name
value body : Lean.Expr
nondep : Bool
notScalar :
  extractScalarExprWith locals
      ((Lean.Expr.const `Bool.toUInt64 []).app (Lean.Expr.letE name (Lean.Expr.const `Bool []) value body nondep)) =
    none
⊢ (match none with
    | some value => some (ScalarRangeExitPlan.scalar value)
    | none =>
      match Lean.Expr.letE name (Lean.Expr.const `Bool []) value body nondep with
      | Lean.Expr.letE declName (Lean.Expr.const `UInt64 []) value body nondep =>
        match extractScalarExprWith locals value with
        | some bound => extractScalarBooleanRangeWith (ScalarBinding.word bound :: locals) slot body
        | none => do
          let plan ← extractScalarRangeExitWith locals slot value
          let result ←
            extractScalarExprWith (ScalarBinding.word plan.result :: locals)
                ((Lean.Expr.const `Bool.toUInt64 []).app body)
          pure { count := plan.count, initial := plan.initial, step := plan.step, done := plan.done, result := result }
      | Lean.Expr.letE declName (Lean.Expr.const `Bool []) value body nondep =>
        scalarRangeValueBinding (extractScalarExprWith locals ((Lean.Expr.const `Bool.toUInt64 []).app value))
          (fun flag => extractScalarBooleanRangeWith (ScalarBinding.boolean flag :: locals) slot body)
          (fun x => extractScalarBooleanRangeWith locals slot value) fun flag =>
          extractScalarExprWith (ScalarBinding.boolean flag :: locals) ((Lean.Expr.const `Bool.toUInt64 []).app body)
      | Lean.Expr.letE name ((Lean.Expr.const `Id [Lean.Level.zero]).app type) value body nondep =>
        extractScalarBooleanRangeWith locals slot (Lean.Expr.letE name type value body nondep)
      |
      Lean.Expr.letE declName
          (Lean.Expr.forallE firstTypeName (Lean.Expr.const `UInt64 [])
            (Lean.Expr.forallE secondTypeName (Lean.Expr.const `UInt64 []) resultType secondTypeBi) firstTypeBi)
          (Lean.Expr.lam firstName (Lean.Expr.const `UInt64 [])
            (Lean.Expr.lam secondName (Lean.Expr.const `UInt64 []) value secondBi) firstBi)
          body nondep =>
        match scalarResultType? resultType with
        | none =>
          match
            scalarManyFunction?
              (Lean.Expr.forallE firstTypeName (Lean.Expr.const `UInt64 [])
                (Lean.Expr.forallE secondTypeName (Lean.Expr.const `UInt64 []) resultType secondTypeBi) firstTypeBi)
              (Lean.Expr.lam firstName (Lean.Expr.const `UInt64 [])
                (Lean.Expr.lam secondName (Lean.Expr.const `UInt64 []) value secondBi) firstBi) with
          | none => none
          | some shape =>
            match
              extractScalarExprWith (List.replicate shape.arity (ScalarBinding.word (IR.Expr.u64 0)) ++ locals)
                shape.body with
            | none => none
            | some val =>
              extractScalarBooleanRangeWith
                ((ScalarBinding.manyFunction shape.arity fun arguments =>
                    extractScalarExprWith (List.map ScalarBinding.word arguments.reverse ++ locals) shape.body) ::
                  locals)
                slot body
        | some val =>
          match
            extractScalarExprWith (ScalarBinding.word (IR.Expr.u64 0) :: ScalarBinding.word (IR.Expr.u64 0) :: locals)
              value with
          | none => none
          | some val =>
            extractScalarBooleanRangeWith
              ((ScalarBinding.binaryFunction fun first second =>
                  extractScalarExprWith (ScalarBinding.word second :: ScalarBinding.word first :: locals) value) ::
                locals)
              slot body
      |
      Lean.Expr.letE name (Lean.Expr.forallE typeName (Lean.Expr.const `UInt64 []) resultType typeBi)
          (Lean.Expr.lam paramName (Lean.Expr.const `UInt64 []) value paramBi) body nondep =>
        match scalarResultType? resultType with
        | none =>
          match booleanType? resultType with
          | none => none
          | some val =>
            scalarBooleanRangeCompleteContinuation locals false value body
              (fun binding => extractScalarBooleanRangeWith (binding :: locals) slot body)
              (fun binding => extractScalarBooleanRangeWith (binding :: locals) slot value) fun arm x =>
              extractScalarBooleanRangeWith locals slot
                (Lean.Expr.letE name (Lean.Expr.forallE typeName (Lean.Expr.const `UInt64 []) resultType typeBi)
                  (Lean.Expr.lam paramName (Lean.Expr.const `UInt64 []) value paramBi) arm nondep)
        | some val =>
          match extractScalarExprWith (ScalarBinding.word (IR.Expr.u64 0) :: locals) value with
          | none => none
          | some val =>
            extractScalarBooleanRangeWith
              ((ScalarBinding.function false fun argument =>
                  extractScalarExprWith (ScalarBinding.word argument :: locals) value) ::
                locals)
              slot body
      |
      Lean.Expr.letE name (Lean.Expr.forallE typeName (Lean.Expr.const `Bool []) resultType typeBi)
          (Lean.Expr.lam paramName (Lean.Expr.const `Bool []) value paramBi) body nondep =>
        match scalarResultType? resultType with
        | none =>
          match booleanType? resultType with
          | none => none
          | some val =>
            scalarBooleanRangeCompleteContinuation locals true value body
              (fun binding => extractScalarBooleanRangeWith (binding :: locals) slot body)
              (fun binding => extractScalarBooleanRangeWith (binding :: locals) slot value) fun arm x =>
              extractScalarBooleanRangeWith locals slot
                (Lean.Expr.letE name (Lean.Expr.forallE typeName (Lean.Expr.const `Bool []) resultType typeBi)
                  (Lean.Expr.lam paramName (Lean.Expr.const `Bool []) value paramBi) arm nondep)
        | some val =>
          match extractScalarExprWith (ScalarBinding.boolean (IR.Expr.u64 0) :: locals) value with
          | none => none
          | some val =>
            extractScalarBooleanRangeWith
              ((ScalarBinding.booleanFunction fun argument =>
                  extractScalarExprWith (ScalarBinding.boolean argument :: locals) value) ::
                locals)
              slot body
      |
      Lean.Expr.letE declName
          (Lean.Expr.forallE binderName (Lean.Expr.const `Unit [])
            (Lean.Expr.forallE binderName_1 (Lean.Expr.const `UInt64 []) resultType binderInfo) binderInfo_1)
          (Lean.Expr.lam binderName_2 (Lean.Expr.const `Unit [])
            (Lean.Expr.lam binderName_3 (Lean.Expr.const `UInt64 []) value binderInfo_2) binderInfo_3)
          body nondep =>
        match scalarResultType? resultType with
        | none => none
        | some val =>
          match extractScalarExprWith (ScalarBinding.word (IR.Expr.u64 0) :: ScalarBinding.unit :: locals) value with
          | none => none
          | some val =>
            extractScalarBooleanRangeWith
              ((ScalarBinding.function true fun argument =>
                  extractScalarExprWith (ScalarBinding.word argument :: ScalarBinding.unit :: locals) value) ::
                locals)
              slot body
      |
      Lean.Expr.letE declName
          (Lean.Expr.forallE binderName (Lean.Expr.const `PUnit [Lean.Level.zero.succ])
            (Lean.Expr.forallE binderName_1 (Lean.Expr.const `UInt64 []) resultType binderInfo) binderInfo_1)
          (Lean.Expr.lam binderName_2 (Lean.Expr.const `PUnit [Lean.Level.zero.succ])
            (Lean.Expr.lam binderName_3 (Lean.Expr.const `UInt64 []) value binderInfo_2) binderInfo_3)
          body nondep =>
        match scalarResultType? resultType with
        | none => none
        | some val =>
          match extractScalarExprWith (ScalarBinding.word (IR.Expr.u64 0) :: ScalarBinding.unit :: locals) value with
          | none => none
          | some val =>
            extractScalarBooleanRangeWith
              ((ScalarBinding.function true fun argument =>
                  extractScalarExprWith (ScalarBinding.word argument :: ScalarBinding.unit :: locals) value) ::
                locals)
              slot body
      |
      Lean.Expr.letE name
          (Lean.Expr.forallE typeName ((Lean.Expr.const `Id [Lean.Level.zero]).app input) resultType typeBi)
          (Lean.Expr.lam paramName ((Lean.Expr.const `Id [Lean.Level.zero]).app domain) value paramBi) body nondep =>
        if input = domain then
          extractScalarBooleanRangeWith locals slot
            (Lean.Expr.letE name (Lean.Expr.forallE typeName input resultType typeBi)
              (Lean.Expr.lam paramName domain value paramBi) body nondep)
        else none
      |
      ((((((Lean.Expr.const `Bind.bind [Lean.Level.zero, Lean.Level.zero]).app
                              (Lean.Expr.const `Id [Lean.Level.zero])).app
                          (((Lean.Expr.const `Monad.toBind [Lean.Level.zero, Lean.Level.zero]).app
                                (Lean.Expr.const `Id [Lean.Level.zero])).app
                            (Lean.Expr.const `Id.instMonad [Lean.Level.zero]))).app
                      input).app
                  output).app
              value).app
          (Lean.Expr.lam binderName domain body binderInfo) =>
        match booleanRangeBindTypes? input domain output with
        | none =>
          match booleanRangeFlagBindTypes? input domain output with
          | none => none
          | some val =>
            scalarRangeValueBinding (extractScalarExprWith locals ((Lean.Expr.const `Bool.toUInt64 []).app value))
              (fun flag => extractScalarBooleanRangeWith (ScalarBinding.boolean flag :: locals) slot body)
              (fun x => extractScalarBooleanRangeWith locals slot value) fun flag =>
              extractScalarExprWith (ScalarBinding.boolean flag :: locals)
                ((Lean.Expr.const `Bool.toUInt64 []).app body)
        | some val =>
          match extractScalarExprWith locals value with
          | some bound => extractScalarBooleanRangeWith (ScalarBinding.word bound :: locals) slot body
          | none => do
            let plan ← extractScalarRangeExitWith locals slot value
            let result ←
              extractScalarExprWith (ScalarBinding.word plan.result :: locals)
                  ((Lean.Expr.const `Bool.toUInt64 []).app body)
            pure
                { count := plan.count, initial := plan.initial, step := plan.step, done := plan.done, result := result }
      | (((((Lean.Expr.const `ite [Lean.Level.zero.succ]).app type).app condition).app evidence).app yes).app no =>
        match booleanType? type with
        | none => none
        | some val =>
          match extractScalarExprWith locals (BooleanRange.decision condition evidence) with
          | none => none
          | some guard => do
            let first ←
              scalarBooleanRangeArm (extractScalarExprWith locals ((Lean.Expr.const `Bool.toUInt64 []).app yes))
                  fun x => extractScalarBooleanRangeWith locals slot yes
            let second ←
              scalarBooleanRangeArm (extractScalarExprWith locals ((Lean.Expr.const `Bool.toUInt64 []).app no)) fun x =>
                  extractScalarBooleanRangeWith locals slot no
            pure (ScalarRangeExitPlan.choice guard first second)
      | source =>
        match _wrapped : booleanRangeWrapper? source with
        | some (fst, body) => extractScalarBooleanRangeWith locals slot body
        | none => none) =
    scalarRangeValueBinding (extractScalarExprWith locals ((Lean.Expr.const `Bool.toUInt64 []).app value))
      (fun flag => extractScalarBooleanRangeWith (ScalarBinding.boolean flag :: locals) slot body)
      (fun x => extractScalarBooleanRangeWith locals slot value) fun flag =>
      extractScalarExprWith (ScalarBinding.boolean flag :: locals) ((Lean.Expr.const `Bool.toUInt64 []).app body)
LeanExe/Extract/ScalarBooleanRange.lean:314:95: error: Tactic `rewrite` failed: Did not find an occurrence of the pattern
  extractScalarExprWith locals
    ((Lean.Expr.const `Bool.toUInt64 []).app (BooleanRange.bindBoolean name binder input output value body))
in the target expression
  (match
      extractScalarExprWith locals
        ((Lean.Expr.const `Bool.toUInt64 []).app
          (((((((Lean.Expr.const `Bind.bind [Lean.Level.zero, Lean.Level.zero]).app
                                (Lean.Expr.const `Id [Lean.Level.zero])).app
                            (((Lean.Expr.const `Monad.toBind [Lean.Level.zero, Lean.Level.zero]).app
                                  (Lean.Expr.const `Id [Lean.Level.zero])).app
                              (Lean.Expr.const `Id.instMonad [Lean.Level.zero]))).app
                        input.expr).app
                    output.expr).app
                value).app
            (Lean.Expr.lam name input.expr body binder))) with
    | some value => some (ScalarRangeExitPlan.scalar value)
    | none =>
      match
        ((((((Lean.Expr.const `Bind.bind [Lean.Level.zero, Lean.Level.zero]).app
                              (Lean.Expr.const `Id [Lean.Level.zero])).app
                          (((Lean.Expr.const `Monad.toBind [Lean.Level.zero, Lean.Level.zero]).app
                                (Lean.Expr.const `Id [Lean.Level.zero])).app
                            (Lean.Expr.const `Id.instMonad [Lean.Level.zero]))).app
                      input.expr).app
                  output.expr).app
              value).app
          (Lean.Expr.lam name input.expr body binder) with
      | Lean.Expr.letE declName (Lean.Expr.const `UInt64 []) value body nondep =>
        match extractScalarExprWith locals value with
        | some bound => extractScalarBooleanRangeWith (ScalarBinding.word bound :: locals) slot body
        | none => do
          let plan ← extractScalarRangeExitWith locals slot value
          let result ←
            extractScalarExprWith (ScalarBinding.word plan.result :: locals)
                ((Lean.Expr.const `Bool.toUInt64 []).app body)
          pure { count := plan.count, initial := plan.initial, step := plan.step, done := plan.done, result := result }
      | Lean.Expr.letE declName (Lean.Expr.const `Bool []) value body nondep =>
        scalarRangeValueBinding (extractScalarExprWith locals ((Lean.Expr.const `Bool.toUInt64 []).app value))
          (fun flag => extractScalarBooleanRangeWith (ScalarBinding.boolean flag :: locals) slot body)
          (fun x => extractScalarBooleanRangeWith locals slot value) fun flag =>
          extractScalarExprWith (ScalarBinding.boolean flag :: locals) ((Lean.Expr.const `Bool.toUInt64 []).app body)
      | Lean.Expr.letE name ((Lean.Expr.const `Id [Lean.Level.zero]).app type) value body nondep =>
        extractScalarBooleanRangeWith locals slot (Lean.Expr.letE name type value body nondep)
      |
      Lean.Expr.letE declName
          (Lean.Expr.forallE firstTypeName (Lean.Expr.const `UInt64 [])
            (Lean.Expr.forallE secondTypeName (Lean.Expr.const `UInt64 []) resultType secondTypeBi) firstTypeBi)
          (Lean.Expr.lam firstName (Lean.Expr.const `UInt64 [])
            (Lean.Expr.lam secondName (Lean.Expr.const `UInt64 []) value secondBi) firstBi)
          body nondep =>
        match scalarResultType? resultType with
        | none =>
          match
            scalarManyFunction?
              (Lean.Expr.forallE firstTypeName (Lean.Expr.const `UInt64 [])
                (Lean.Expr.forallE secondTypeName (Lean.Expr.const `UInt64 []) resultType secondTypeBi) firstTypeBi)
              (Lean.Expr.lam firstName (Lean.Expr.const `UInt64 [])
                (Lean.Expr.lam secondName (Lean.Expr.const `UInt64 []) value secondBi) firstBi) with
          | none => none
          | some shape =>
            match
              extractScalarExprWith (List.replicate shape.arity (ScalarBinding.word (IR.Expr.u64 0)) ++ locals)
                shape.body with
            | none => none
            | some val =>
              extractScalarBooleanRangeWith
                ((ScalarBinding.manyFunction shape.arity fun arguments =>
                    extractScalarExprWith (List.map ScalarBinding.word arguments.reverse ++ locals) shape.body) ::
                  locals)
                slot body
        | some val =>
          match
            extractScalarExprWith (ScalarBinding.word (IR.Expr.u64 0) :: ScalarBinding.word (IR.Expr.u64 0) :: locals)
              value with
          | none => none
          | some val =>
            extractScalarBooleanRangeWith
              ((ScalarBinding.binaryFunction fun first second =>
                  extractScalarExprWith (ScalarBinding.word second :: ScalarBinding.word first :: locals) value) ::
                locals)
              slot body
      |
      Lean.Expr.letE name (Lean.Expr.forallE typeName (Lean.Expr.const `UInt64 []) resultType typeBi)
          (Lean.Expr.lam paramName (Lean.Expr.const `UInt64 []) value paramBi) body nondep =>
        match scalarResultType? resultType with
        | none =>
          match booleanType? resultType with
          | none => none
          | some val =>
            scalarBooleanRangeCompleteContinuation locals false value body
              (fun binding => extractScalarBooleanRangeWith (binding :: locals) slot body)
              (fun binding => extractScalarBooleanRangeWith (binding :: locals) slot value) fun arm x =>
              extractScalarBooleanRangeWith locals slot
                (Lean.Expr.letE name (Lean.Expr.forallE typeName (Lean.Expr.const `UInt64 []) resultType typeBi)
                  (Lean.Expr.lam paramName (Lean.Expr.const `UInt64 []) value paramBi) arm nondep)
        | some val =>
          match extractScalarExprWith (ScalarBinding.word (IR.Expr.u64 0) :: locals) value with
          | none => none
          | some val =>
            extractScalarBooleanRangeWith
              ((ScalarBinding.function false fun argument =>
                  extractScalarExprWith (ScalarBinding.word argument :: locals) value) ::
                locals)
              slot body
      |
      Lean.Expr.letE name (Lean.Expr.forallE typeName (Lean.Expr.const `Bool []) resultType typeBi)
          (Lean.Expr.lam paramName (Lean.Expr.const `Bool []) value paramBi) body nondep =>
        match scalarResultType? resultType with
        | none =>
          match booleanType? resultType with
          | none => none
          | some val =>
            scalarBooleanRangeCompleteContinuation locals true value body
              (fun binding => extractScalarBooleanRangeWith (binding :: locals) slot body)
              (fun binding => extractScalarBooleanRangeWith (binding :: locals) slot value) fun arm x =>
              extractScalarBooleanRangeWith locals slot
                (Lean.Expr.letE name (Lean.Expr.forallE typeName (Lean.Expr.const `Bool []) resultType typeBi)
                  (Lean.Expr.lam paramName (Lean.Expr.const `Bool []) value paramBi) arm nondep)
        | some val =>
          match extractScalarExprWith (ScalarBinding.boolean (IR.Expr.u64 0) :: locals) value with
          | none => none
          | some val =>
            extractScalarBooleanRangeWith
              ((ScalarBinding.booleanFunction fun argument =>
                  extractScalarExprWith (ScalarBinding.boolean argument :: locals) value) ::
                locals)
              slot body
      |
      Lean.Expr.letE declName
          (Lean.Expr.forallE binderName (Lean.Expr.const `Unit [])
            (Lean.Expr.forallE binderName_1 (Lean.Expr.const `UInt64 []) resultType binderInfo) binderInfo_1)
          (Lean.Expr.lam binderName_2 (Lean.Expr.const `Unit [])
            (Lean.Expr.lam binderName_3 (Lean.Expr.const `UInt64 []) value binderInfo_2) binderInfo_3)
          body nondep =>
        match scalarResultType? resultType with
        | none => none
        | some val =>
          match extractScalarExprWith (ScalarBinding.word (IR.Expr.u64 0) :: ScalarBinding.unit :: locals) value with
          | none => none
          | some val =>
            extractScalarBooleanRangeWith
              ((ScalarBinding.function true fun argument =>
                  extractScalarExprWith (ScalarBinding.word argument :: ScalarBinding.unit :: locals) value) ::
                locals)
              slot body
      |
      Lean.Expr.letE declName
          (Lean.Expr.forallE binderName (Lean.Expr.const `PUnit [Lean.Level.zero.succ])
            (Lean.Expr.forallE binderName_1 (Lean.Expr.const `UInt64 []) resultType binderInfo) binderInfo_1)
          (Lean.Expr.lam binderName_2 (Lean.Expr.const `PUnit [Lean.Level.zero.succ])
            (Lean.Expr.lam binderName_3 (Lean.Expr.const `UInt64 []) value binderInfo_2) binderInfo_3)
          body nondep =>
        match scalarResultType? resultType with
        | none => none
        | some val =>
          match extractScalarExprWith (ScalarBinding.word (IR.Expr.u64 0) :: ScalarBinding.unit :: locals) value with
          | none => none
          | some val =>
            extractScalarBooleanRangeWith
              ((ScalarBinding.function true fun argument =>
                  extractScalarExprWith (ScalarBinding.word argument :: ScalarBinding.unit :: locals) value) ::
                locals)
              slot body
      |
      Lean.Expr.letE name
          (Lean.Expr.forallE typeName ((Lean.Expr.const `Id [Lean.Level.zero]).app input) resultType typeBi)
          (Lean.Expr.lam paramName ((Lean.Expr.const `Id [Lean.Level.zero]).app domain) value paramBi) body nondep =>
        if input = domain then
          extractScalarBooleanRangeWith locals slot
            (Lean.Expr.letE name (Lean.Expr.forallE typeName input resultType typeBi)
              (Lean.Expr.lam paramName domain value paramBi) body nondep)
        else none
      |
      ((((((Lean.Expr.const `Bind.bind [Lean.Level.zero, Lean.Level.zero]).app
                              (Lean.Expr.const `Id [Lean.Level.zero])).app
                          (((Lean.Expr.const `Monad.toBind [Lean.Level.zero, Lean.Level.zero]).app
                                (Lean.Expr.const `Id [Lean.Level.zero])).app
                            (Lean.Expr.const `Id.instMonad [Lean.Level.zero]))).app
                      input).app
                  output).app
              value).app
          (Lean.Expr.lam binderName domain body binderInfo) =>
        match booleanRangeBindTypes? input domain output with
        | none =>
          match booleanRangeFlagBindTypes? input domain output with
          | none => none
          | some val =>
            scalarRangeValueBinding (extractScalarExprWith locals ((Lean.Expr.const `Bool.toUInt64 []).app value))
              (fun flag => extractScalarBooleanRangeWith (ScalarBinding.boolean flag :: locals) slot body)
              (fun x => extractScalarBooleanRangeWith locals slot value) fun flag =>
              extractScalarExprWith (ScalarBinding.boolean flag :: locals)
                ((Lean.Expr.const `Bool.toUInt64 []).app body)
        | some val =>
          match extractScalarExprWith locals value with
          | some bound => extractScalarBooleanRangeWith (ScalarBinding.word bound :: locals) slot body
          | none => do
            let plan ← extractScalarRangeExitWith locals slot value
            let result ←
              extractScalarExprWith (ScalarBinding.word plan.result :: locals)
                  ((Lean.Expr.const `Bool.toUInt64 []).app body)
            pure
                { count := plan.count, initial := plan.initial, step := plan.step, done := plan.done, result := result }
      | (((((Lean.Expr.const `ite [Lean.Level.zero.succ]).app type).app condition).app evidence).app yes).app no =>
        match booleanType? type with
        | none => none
        | some val =>
          match extractScalarExprWith locals (BooleanRange.decision condition evidence) with
          | none => none
          | some guard => do
            let first ←
              scalarBooleanRangeArm (extractScalarExprWith locals ((Lean.Expr.const `Bool.toUInt64 []).app yes))
                  fun x => extractScalarBooleanRangeWith locals slot yes
            let second ←
              scalarBooleanRangeArm (extractScalarExprWith locals ((Lean.Expr.const `Bool.toUInt64 []).app no)) fun x =>
                  extractScalarBooleanRangeWith locals slot no
            pure (ScalarRangeExitPlan.choice guard first second)
      | source =>
        match _wrapped : booleanRangeWrapper? source with
        | some (fst, body) => extractScalarBooleanRangeWith locals slot body
        | none => none) =
    scalarRangeValueBinding (extractScalarExprWith locals ((Lean.Expr.const `Bool.toUInt64 []).app value))
      (fun flag => extractScalarBooleanRangeWith (ScalarBinding.boolean flag :: locals) slot body)
      (fun x => extractScalarBooleanRangeWith locals slot value) fun flag =>
      extractScalarExprWith (ScalarBinding.boolean flag :: locals) ((Lean.Expr.const `Bool.toUInt64 []).app body)

locals : List ScalarBinding
slot : Nat
name : Lean.Name
binder : Lean.BinderInfo
input output : BooleanType
value body : Lean.Expr
notScalar :
  extractScalarExprWith locals
      ((Lean.Expr.const `Bool.toUInt64 []).app (BooleanRange.bindBoolean name binder input output value body)) =
    none
⊢ (match
      extractScalarExprWith locals
        ((Lean.Expr.const `Bool.toUInt64 []).app
          (((((((Lean.Expr.const `Bind.bind [Lean.Level.zero, Lean.Level.zero]).app
                                (Lean.Expr.const `Id [Lean.Level.zero])).app
                            (((Lean.Expr.const `Monad.toBind [Lean.Level.zero, Lean.Level.zero]).app
                                  (Lean.Expr.const `Id [Lean.Level.zero])).app
                              (Lean.Expr.const `Id.instMonad [Lean.Level.zero]))).app
                        input.expr).app
                    output.expr).app
                value).app
            (Lean.Expr.lam name input.expr body binder))) with
    | some value => some (ScalarRangeExitPlan.scalar value)
    | none =>
      match
        ((((((Lean.Expr.const `Bind.bind [Lean.Level.zero, Lean.Level.zero]).app
                              (Lean.Expr.const `Id [Lean.Level.zero])).app
                          (((Lean.Expr.const `Monad.toBind [Lean.Level.zero, Lean.Level.zero]).app
                                (Lean.Expr.const `Id [Lean.Level.zero])).app
                            (Lean.Expr.const `Id.instMonad [Lean.Level.zero]))).app
                      input.expr).app
                  output.expr).app
              value).app
          (Lean.Expr.lam name input.expr body binder) with
      | Lean.Expr.letE declName (Lean.Expr.const `UInt64 []) value body nondep =>
        match extractScalarExprWith locals value with
        | some bound => extractScalarBooleanRangeWith (ScalarBinding.word bound :: locals) slot body
        | none => do
          let plan ← extractScalarRangeExitWith locals slot value
          let result ←
            extractScalarExprWith (ScalarBinding.word plan.result :: locals)
                ((Lean.Expr.const `Bool.toUInt64 []).app body)
          pure { count := plan.count, initial := plan.initial, step := plan.step, done := plan.done, result := result }
      | Lean.Expr.letE declName (Lean.Expr.const `Bool []) value body nondep =>
        scalarRangeValueBinding (extractScalarExprWith locals ((Lean.Expr.const `Bool.toUInt64 []).app value))
          (fun flag => extractScalarBooleanRangeWith (ScalarBinding.boolean flag :: locals) slot body)
          (fun x => extractScalarBooleanRangeWith locals slot value) fun flag =>
          extractScalarExprWith (ScalarBinding.boolean flag :: locals) ((Lean.Expr.const `Bool.toUInt64 []).app body)
      | Lean.Expr.letE name ((Lean.Expr.const `Id [Lean.Level.zero]).app type) value body nondep =>
        extractScalarBooleanRangeWith locals slot (Lean.Expr.letE name type value body nondep)
      |
      Lean.Expr.letE declName
          (Lean.Expr.forallE firstTypeName (Lean.Expr.const `UInt64 [])
            (Lean.Expr.forallE secondTypeName (Lean.Expr.const `UInt64 []) resultType secondTypeBi) firstTypeBi)
          (Lean.Expr.lam firstName (Lean.Expr.const `UInt64 [])
            (Lean.Expr.lam secondName (Lean.Expr.const `UInt64 []) value secondBi) firstBi)
          body nondep =>
        match scalarResultType? resultType with
        | none =>
          match
            scalarManyFunction?
              (Lean.Expr.forallE firstTypeName (Lean.Expr.const `UInt64 [])
                (Lean.Expr.forallE secondTypeName (Lean.Expr.const `UInt64 []) resultType secondTypeBi) firstTypeBi)
              (Lean.Expr.lam firstName (Lean.Expr.const `UInt64 [])
                (Lean.Expr.lam secondName (Lean.Expr.const `UInt64 []) value secondBi) firstBi) with
          | none => none
          | some shape =>
            match
              extractScalarExprWith (List.replicate shape.arity (ScalarBinding.word (IR.Expr.u64 0)) ++ locals)
                shape.body with
            | none => none
            | some val =>
              extractScalarBooleanRangeWith
                ((ScalarBinding.manyFunction shape.arity fun arguments =>
                    extractScalarExprWith (List.map ScalarBinding.word arguments.reverse ++ locals) shape.body) ::
                  locals)
                slot body
        | some val =>
          match
            extractScalarExprWith (ScalarBinding.word (IR.Expr.u64 0) :: ScalarBinding.word (IR.Expr.u64 0) :: locals)
              value with
          | none => none
          | some val =>
            extractScalarBooleanRangeWith
              ((ScalarBinding.binaryFunction fun first second =>
                  extractScalarExprWith (ScalarBinding.word second :: ScalarBinding.word first :: locals) value) ::
                locals)
              slot body
      |
      Lean.Expr.letE name (Lean.Expr.forallE typeName (Lean.Expr.const `UInt64 []) resultType typeBi)
          (Lean.Expr.lam paramName (Lean.Expr.const `UInt64 []) value paramBi) body nondep =>
        match scalarResultType? resultType with
        | none =>
          match booleanType? resultType with
          | none => none
          | some val =>
            scalarBooleanRangeCompleteContinuation locals false value body
              (fun binding => extractScalarBooleanRangeWith (binding :: locals) slot body)
              (fun binding => extractScalarBooleanRangeWith (binding :: locals) slot value) fun arm x =>
              extractScalarBooleanRangeWith locals slot
                (Lean.Expr.letE name (Lean.Expr.forallE typeName (Lean.Expr.const `UInt64 []) resultType typeBi)
                  (Lean.Expr.lam paramName (Lean.Expr.const `UInt64 []) value paramBi) arm nondep)
        | some val =>
          match extractScalarExprWith (ScalarBinding.word (IR.Expr.u64 0) :: locals) value with
          | none => none
          | some val =>
            extractScalarBooleanRangeWith
              ((ScalarBinding.function false fun argument =>
                  extractScalarExprWith (ScalarBinding.word argument :: locals) value) ::
                locals)
              slot body
      |
      Lean.Expr.letE name (Lean.Expr.forallE typeName (Lean.Expr.const `Bool []) resultType typeBi)
          (Lean.Expr.lam paramName (Lean.Expr.const `Bool []) value paramBi) body nondep =>
        match scalarResultType? resultType with
        | none =>
          match booleanType? resultType with
          | none => none
          | some val =>
            scalarBooleanRangeCompleteContinuation locals true value body
              (fun binding => extractScalarBooleanRangeWith (binding :: locals) slot body)
              (fun binding => extractScalarBooleanRangeWith (binding :: locals) slot value) fun arm x =>
              extractScalarBooleanRangeWith locals slot
                (Lean.Expr.letE name (Lean.Expr.forallE typeName (Lean.Expr.const `Bool []) resultType typeBi)
                  (Lean.Expr.lam paramName (Lean.Expr.const `Bool []) value paramBi) arm nondep)
        | some val =>
          match extractScalarExprWith (ScalarBinding.boolean (IR.Expr.u64 0) :: locals) value with
          | none => none
          | some val =>
            extractScalarBooleanRangeWith
              ((ScalarBinding.booleanFunction fun argument =>
                  extractScalarExprWith (ScalarBinding.boolean argument :: locals) value) ::
                locals)
              slot body
      |
      Lean.Expr.letE declName
          (Lean.Expr.forallE binderName (Lean.Expr.const `Unit [])
            (Lean.Expr.forallE binderName_1 (Lean.Expr.const `UInt64 []) resultType binderInfo) binderInfo_1)
          (Lean.Expr.lam binderName_2 (Lean.Expr.const `Unit [])
            (Lean.Expr.lam binderName_3 (Lean.Expr.const `UInt64 []) value binderInfo_2) binderInfo_3)
          body nondep =>
        match scalarResultType? resultType with
        | none => none
        | some val =>
          match extractScalarExprWith (ScalarBinding.word (IR.Expr.u64 0) :: ScalarBinding.unit :: locals) value with
          | none => none
          | some val =>
            extractScalarBooleanRangeWith
              ((ScalarBinding.function true fun argument =>
                  extractScalarExprWith (ScalarBinding.word argument :: ScalarBinding.unit :: locals) value) ::
                locals)
              slot body
      |
      Lean.Expr.letE declName
          (Lean.Expr.forallE binderName (Lean.Expr.const `PUnit [Lean.Level.zero.succ])
            (Lean.Expr.forallE binderName_1 (Lean.Expr.const `UInt64 []) resultType binderInfo) binderInfo_1)
          (Lean.Expr.lam binderName_2 (Lean.Expr.const `PUnit [Lean.Level.zero.succ])
            (Lean.Expr.lam binderName_3 (Lean.Expr.const `UInt64 []) value binderInfo_2) binderInfo_3)
          body nondep =>
        match scalarResultType? resultType with
        | none => none
        | some val =>
          match extractScalarExprWith (ScalarBinding.word (IR.Expr.u64 0) :: ScalarBinding.unit :: locals) value with
          | none => none
          | some val =>
            extractScalarBooleanRangeWith
              ((ScalarBinding.function true fun argument =>
                  extractScalarExprWith (ScalarBinding.word argument :: ScalarBinding.unit :: locals) value) ::
                locals)
              slot body
      |
      Lean.Expr.letE name
          (Lean.Expr.forallE typeName ((Lean.Expr.const `Id [Lean.Level.zero]).app input) resultType typeBi)
          (Lean.Expr.lam paramName ((Lean.Expr.const `Id [Lean.Level.zero]).app domain) value paramBi) body nondep =>
        if input = domain then
          extractScalarBooleanRangeWith locals slot
            (Lean.Expr.letE name (Lean.Expr.forallE typeName input resultType typeBi)
              (Lean.Expr.lam paramName domain value paramBi) body nondep)
        else none
      |
      ((((((Lean.Expr.const `Bind.bind [Lean.Level.zero, Lean.Level.zero]).app
                              (Lean.Expr.const `Id [Lean.Level.zero])).app
                          (((Lean.Expr.const `Monad.toBind [Lean.Level.zero, Lean.Level.zero]).app
                                (Lean.Expr.const `Id [Lean.Level.zero])).app
                            (Lean.Expr.const `Id.instMonad [Lean.Level.zero]))).app
                      input).app
                  output).app
              value).app
          (Lean.Expr.lam binderName domain body binderInfo) =>
        match booleanRangeBindTypes? input domain output with
        | none =>
          match booleanRangeFlagBindTypes? input domain output with
          | none => none
          | some val =>
            scalarRangeValueBinding (extractScalarExprWith locals ((Lean.Expr.const `Bool.toUInt64 []).app value))
              (fun flag => extractScalarBooleanRangeWith (ScalarBinding.boolean flag :: locals) slot body)
              (fun x => extractScalarBooleanRangeWith locals slot value) fun flag =>
              extractScalarExprWith (ScalarBinding.boolean flag :: locals)
                ((Lean.Expr.const `Bool.toUInt64 []).app body)
        | some val =>
          match extractScalarExprWith locals value with
          | some bound => extractScalarBooleanRangeWith (ScalarBinding.word bound :: locals) slot body
          | none => do
            let plan ← extractScalarRangeExitWith locals slot value
            let result ←
              extractScalarExprWith (ScalarBinding.word plan.result :: locals)
                  ((Lean.Expr.const `Bool.toUInt64 []).app body)
            pure
                { count := plan.count, initial := plan.initial, step := plan.step, done := plan.done, result := result }
      | (((((Lean.Expr.const `ite [Lean.Level.zero.succ]).app type).app condition).app evidence).app yes).app no =>
        match booleanType? type with
        | none => none
        | some val =>
          match extractScalarExprWith locals (BooleanRange.decision condition evidence) with
          | none => none
          | some guard => do
            let first ←
              scalarBooleanRangeArm (extractScalarExprWith locals ((Lean.Expr.const `Bool.toUInt64 []).app yes))
                  fun x => extractScalarBooleanRangeWith locals slot yes
            let second ←
              scalarBooleanRangeArm (extractScalarExprWith locals ((Lean.Expr.const `Bool.toUInt64 []).app no)) fun x =>
                  extractScalarBooleanRangeWith locals slot no
            pure (ScalarRangeExitPlan.choice guard first second)
      | source =>
        match _wrapped : booleanRangeWrapper? source with
        | some (fst, body) => extractScalarBooleanRangeWith locals slot body
        | none => none) =
    scalarRangeValueBinding (extractScalarExprWith locals ((Lean.Expr.const `Bool.toUInt64 []).app value))
      (fun flag => extractScalarBooleanRangeWith (ScalarBinding.boolean flag :: locals) slot body)
      (fun x => extractScalarBooleanRangeWith locals slot value) fun flag =>
      extractScalarExprWith (ScalarBinding.boolean flag :: locals) ((Lean.Expr.const `Bool.toUInt64 []).app body)
LeanExe/Extract/ScalarBooleanRange.lean:321:87: error: unsolved goals
locals : List ScalarBinding
slot : Nat
name : Lean.Name
type value body : Lean.Expr
nondep : Bool
notScalar :
  extractScalarExprWith locals
      ((Lean.Expr.const `Bool.toUInt64 []).app
        (Lean.Expr.letE name ((Lean.Expr.const `Id [Lean.Level.zero]).app type) value body nondep)) =
    none
⊢ (match none with
    | some value => some (ScalarRangeExitPlan.scalar value)
    | none =>
      match Lean.Expr.letE name ((Lean.Expr.const `Id [Lean.Level.zero]).app type) value body nondep with
      | Lean.Expr.letE declName (Lean.Expr.const `UInt64 []) value body nondep =>
        match extractScalarExprWith locals value with
        | some bound => extractScalarBooleanRangeWith (ScalarBinding.word bound :: locals) slot body
        | none => do
          let plan ← extractScalarRangeExitWith locals slot value
          let result ←
            extractScalarExprWith (ScalarBinding.word plan.result :: locals)
                ((Lean.Expr.const `Bool.toUInt64 []).app body)
          pure { count := plan.count, initial := plan.initial, step := plan.step, done := plan.done, result := result }
      | Lean.Expr.letE declName (Lean.Expr.const `Bool []) value body nondep =>
        scalarRangeValueBinding (extractScalarExprWith locals ((Lean.Expr.const `Bool.toUInt64 []).app value))
          (fun flag => extractScalarBooleanRangeWith (ScalarBinding.boolean flag :: locals) slot body)
          (fun x => extractScalarBooleanRangeWith locals slot value) fun flag =>
          extractScalarExprWith (ScalarBinding.boolean flag :: locals) ((Lean.Expr.const `Bool.toUInt64 []).app body)
      | Lean.Expr.letE name ((Lean.Expr.const `Id [Lean.Level.zero]).app type) value body nondep =>
        extractScalarBooleanRangeWith locals slot (Lean.Expr.letE name type value body nondep)
      |
      Lean.Expr.letE declName
          (Lean.Expr.forallE firstTypeName (Lean.Expr.const `UInt64 [])
            (Lean.Expr.forallE secondTypeName (Lean.Expr.const `UInt64 []) resultType secondTypeBi) firstTypeBi)
          (Lean.Expr.lam firstName (Lean.Expr.const `UInt64 [])
            (Lean.Expr.lam secondName (Lean.Expr.const `UInt64 []) value secondBi) firstBi)
          body nondep =>
        match scalarResultType? resultType with
        | none =>
          match
            scalarManyFunction?
              (Lean.Expr.forallE firstTypeName (Lean.Expr.const `UInt64 [])
                (Lean.Expr.forallE secondTypeName (Lean.Expr.const `UInt64 []) resultType secondTypeBi) firstTypeBi)
              (Lean.Expr.lam firstName (Lean.Expr.const `UInt64 [])
                (Lean.Expr.lam secondName (Lean.Expr.const `UInt64 []) value secondBi) firstBi) with
          | none => none
          | some shape =>
            match
              extractScalarExprWith (List.replicate shape.arity (ScalarBinding.word (IR.Expr.u64 0)) ++ locals)
                shape.body with
            | none => none
            | some val =>
              extractScalarBooleanRangeWith
                ((ScalarBinding.manyFunction shape.arity fun arguments =>
                    extractScalarExprWith (List.map ScalarBinding.word arguments.reverse ++ locals) shape.body) ::
                  locals)
                slot body
        | some val =>
          match
            extractScalarExprWith (ScalarBinding.word (IR.Expr.u64 0) :: ScalarBinding.word (IR.Expr.u64 0) :: locals)
              value with
          | none => none
          | some val =>
            extractScalarBooleanRangeWith
              ((ScalarBinding.binaryFunction fun first second =>
                  extractScalarExprWith (ScalarBinding.word second :: ScalarBinding.word first :: locals) value) ::
                locals)
              slot body
      |
      Lean.Expr.letE name (Lean.Expr.forallE typeName (Lean.Expr.const `UInt64 []) resultType typeBi)
          (Lean.Expr.lam paramName (Lean.Expr.const `UInt64 []) value paramBi) body nondep =>
        match scalarResultType? resultType with
        | none =>
          match booleanType? resultType with
          | none => none
          | some val =>
            scalarBooleanRangeCompleteContinuation locals false value body
              (fun binding => extractScalarBooleanRangeWith (binding :: locals) slot body)
              (fun binding => extractScalarBooleanRangeWith (binding :: locals) slot value) fun arm x =>
              extractScalarBooleanRangeWith locals slot
                (Lean.Expr.letE name (Lean.Expr.forallE typeName (Lean.Expr.const `UInt64 []) resultType typeBi)
                  (Lean.Expr.lam paramName (Lean.Expr.const `UInt64 []) value paramBi) arm nondep)
        | some val =>
          match extractScalarExprWith (ScalarBinding.word (IR.Expr.u64 0) :: locals) value with
          | none => none
          | some val =>
            extractScalarBooleanRangeWith
              ((ScalarBinding.function false fun argument =>
                  extractScalarExprWith (ScalarBinding.word argument :: locals) value) ::
                locals)
              slot body
      |
      Lean.Expr.letE name (Lean.Expr.forallE typeName (Lean.Expr.const `Bool []) resultType typeBi)
          (Lean.Expr.lam paramName (Lean.Expr.const `Bool []) value paramBi) body nondep =>
        match scalarResultType? resultType with
        | none =>
          match booleanType? resultType with
          | none => none
          | some val =>
            scalarBooleanRangeCompleteContinuation locals true value body
              (fun binding => extractScalarBooleanRangeWith (binding :: locals) slot body)
              (fun binding => extractScalarBooleanRangeWith (binding :: locals) slot value) fun arm x =>
              extractScalarBooleanRangeWith locals slot
                (Lean.Expr.letE name (Lean.Expr.forallE typeName (Lean.Expr.const `Bool []) resultType typeBi)
                  (Lean.Expr.lam paramName (Lean.Expr.const `Bool []) value paramBi) arm nondep)
        | some val =>
          match extractScalarExprWith (ScalarBinding.boolean (IR.Expr.u64 0) :: locals) value with
          | none => none
          | some val =>
            extractScalarBooleanRangeWith
              ((ScalarBinding.booleanFunction fun argument =>
                  extractScalarExprWith (ScalarBinding.boolean argument :: locals) value) ::
                locals)
              slot body
      |
      Lean.Expr.letE declName
          (Lean.Expr.forallE binderName (Lean.Expr.const `Unit [])
            (Lean.Expr.forallE binderName_1 (Lean.Expr.const `UInt64 []) resultType binderInfo) binderInfo_1)
          (Lean.Expr.lam binderName_2 (Lean.Expr.const `Unit [])
            (Lean.Expr.lam binderName_3 (Lean.Expr.const `UInt64 []) value binderInfo_2) binderInfo_3)
          body nondep =>
        match scalarResultType? resultType with
        | none => none
        | some val =>
          match extractScalarExprWith (ScalarBinding.word (IR.Expr.u64 0) :: ScalarBinding.unit :: locals) value with
          | none => none
          | some val =>
            extractScalarBooleanRangeWith
              ((ScalarBinding.function true fun argument =>
                  extractScalarExprWith (ScalarBinding.word argument :: ScalarBinding.unit :: locals) value) ::
                locals)
              slot body
      |
      Lean.Expr.letE declName
          (Lean.Expr.forallE binderName (Lean.Expr.const `PUnit [Lean.Level.zero.succ])
            (Lean.Expr.forallE binderName_1 (Lean.Expr.const `UInt64 []) resultType binderInfo) binderInfo_1)
          (Lean.Expr.lam binderName_2 (Lean.Expr.const `PUnit [Lean.Level.zero.succ])
            (Lean.Expr.lam binderName_3 (Lean.Expr.const `UInt64 []) value binderInfo_2) binderInfo_3)
          body nondep =>
        match scalarResultType? resultType with
        | none => none
        | some val =>
          match extractScalarExprWith (ScalarBinding.word (IR.Expr.u64 0) :: ScalarBinding.unit :: locals) value with
          | none => none
          | some val =>
            extractScalarBooleanRangeWith
              ((ScalarBinding.function true fun argument =>
                  extractScalarExprWith (ScalarBinding.word argument :: ScalarBinding.unit :: locals) value) ::
                locals)
              slot body
      |
      Lean.Expr.letE name
          (Lean.Expr.forallE typeName ((Lean.Expr.const `Id [Lean.Level.zero]).app input) resultType typeBi)
          (Lean.Expr.lam paramName ((Lean.Expr.const `Id [Lean.Level.zero]).app domain) value paramBi) body nondep =>
        if input = domain then
          extractScalarBooleanRangeWith locals slot
            (Lean.Expr.letE name (Lean.Expr.forallE typeName input resultType typeBi)
              (Lean.Expr.lam paramName domain value paramBi) body nondep)
        else none
      |
      ((((((Lean.Expr.const `Bind.bind [Lean.Level.zero, Lean.Level.zero]).app
                              (Lean.Expr.const `Id [Lean.Level.zero])).app
                          (((Lean.Expr.const `Monad.toBind [Lean.Level.zero, Lean.Level.zero]).app
                                (Lean.Expr.const `Id [Lean.Level.zero])).app
                            (Lean.Expr.const `Id.instMonad [Lean.Level.zero]))).app
                      input).app
                  output).app
              value).app
          (Lean.Expr.lam binderName domain body binderInfo) =>
        match booleanRangeBindTypes? input domain output with
        | none =>
          match booleanRangeFlagBindTypes? input domain output with
          | none => none
          | some val =>
            scalarRangeValueBinding (extractScalarExprWith locals ((Lean.Expr.const `Bool.toUInt64 []).app value))
              (fun flag => extractScalarBooleanRangeWith (ScalarBinding.boolean flag :: locals) slot body)
              (fun x => extractScalarBooleanRangeWith locals slot value) fun flag =>
              extractScalarExprWith (ScalarBinding.boolean flag :: locals)
                ((Lean.Expr.const `Bool.toUInt64 []).app body)
        | some val =>
          match extractScalarExprWith locals value with
          | some bound => extractScalarBooleanRangeWith (ScalarBinding.word bound :: locals) slot body
          | none => do
            let plan ← extractScalarRangeExitWith locals slot value
            let result ←
              extractScalarExprWith (ScalarBinding.word plan.result :: locals)
                  ((Lean.Expr.const `Bool.toUInt64 []).app body)
            pure
                { count := plan.count, initial := plan.initial, step := plan.step, done := plan.done, result := result }
      | (((((Lean.Expr.const `ite [Lean.Level.zero.succ]).app type).app condition).app evidence).app yes).app no =>
        match booleanType? type with
        | none => none
        | some val =>
          match extractScalarExprWith locals (BooleanRange.decision condition evidence) with
          | none => none
          | some guard => do
            let first ←
              scalarBooleanRangeArm (extractScalarExprWith locals ((Lean.Expr.const `Bool.toUInt64 []).app yes))
                  fun x => extractScalarBooleanRangeWith locals slot yes
            let second ←
              scalarBooleanRangeArm (extractScalarExprWith locals ((Lean.Expr.const `Bool.toUInt64 []).app no)) fun x =>
                  extractScalarBooleanRangeWith locals slot no
            pure (ScalarRangeExitPlan.choice guard first second)
      | source =>
        match _wrapped : booleanRangeWrapper? source with
        | some (fst, body) => extractScalarBooleanRangeWith locals slot body
        | none => none) =
    extractScalarBooleanRangeWith locals slot (Lean.Expr.letE name type value body nondep)
LeanExe/Extract/ScalarBooleanRange.lean:336:55: error: Tactic `rewrite` failed: Did not find an occurrence of the pattern
  scalarResultType? (ResultType.expr ?type)
in the target expression
  (match none with
    | some value => some (ScalarRangeExitPlan.scalar value)
    | none =>
      match
        Lean.Expr.letE name (Lean.Expr.forallE typeName (Lean.Expr.const `UInt64 []) type.expr typeBi)
          (Lean.Expr.lam paramName (Lean.Expr.const `UInt64 []) value paramBi) body nondep with
      | Lean.Expr.letE declName (Lean.Expr.const `UInt64 []) value body nondep =>
        match extractScalarExprWith locals value with
        | some bound => extractScalarBooleanRangeWith (ScalarBinding.word bound :: locals) slot body
        | none => do
          let plan ← extractScalarRangeExitWith locals slot value
          let result ←
            extractScalarExprWith (ScalarBinding.word plan.result :: locals)
                ((Lean.Expr.const `Bool.toUInt64 []).app body)
          pure { count := plan.count, initial := plan.initial, step := plan.step, done := plan.done, result := result }
      | Lean.Expr.letE declName (Lean.Expr.const `Bool []) value body nondep =>
        scalarRangeValueBinding (extractScalarExprWith locals ((Lean.Expr.const `Bool.toUInt64 []).app value))
          (fun flag => extractScalarBooleanRangeWith (ScalarBinding.boolean flag :: locals) slot body)
          (fun x => extractScalarBooleanRangeWith locals slot value) fun flag =>
          extractScalarExprWith (ScalarBinding.boolean flag :: locals) ((Lean.Expr.const `Bool.toUInt64 []).app body)
      | Lean.Expr.letE name ((Lean.Expr.const `Id [Lean.Level.zero]).app type) value body nondep =>
        extractScalarBooleanRangeWith locals slot (Lean.Expr.letE name type value body nondep)
      |
      Lean.Expr.letE declName
          (Lean.Expr.forallE firstTypeName (Lean.Expr.const `UInt64 [])
            (Lean.Expr.forallE secondTypeName (Lean.Expr.const `UInt64 []) resultType secondTypeBi) firstTypeBi)
          (Lean.Expr.lam firstName (Lean.Expr.const `UInt64 [])
            (Lean.Expr.lam secondName (Lean.Expr.const `UInt64 []) value secondBi) firstBi)
          body nondep =>
        match scalarResultType? resultType with
        | none =>
          match
            scalarManyFunction?
              (Lean.Expr.forallE firstTypeName (Lean.Expr.const `UInt64 [])
                (Lean.Expr.forallE secondTypeName (Lean.Expr.const `UInt64 []) resultType secondTypeBi) firstTypeBi)
              (Lean.Expr.lam firstName (Lean.Expr.const `UInt64 [])
                (Lean.Expr.lam secondName (Lean.Expr.const `UInt64 []) value secondBi) firstBi) with
          | none => none
          | some shape =>
            match
              extractScalarExprWith (List.replicate shape.arity (ScalarBinding.word (IR.Expr.u64 0)) ++ locals)
                shape.body with
            | none => none
            | some val =>
              extractScalarBooleanRangeWith
                ((ScalarBinding.manyFunction shape.arity fun arguments =>
                    extractScalarExprWith (List.map ScalarBinding.word arguments.reverse ++ locals) shape.body) ::
                  locals)
                slot body
        | some val =>
          match
            extractScalarExprWith (ScalarBinding.word (IR.Expr.u64 0) :: ScalarBinding.word (IR.Expr.u64 0) :: locals)
              value with
          | none => none
          | some val =>
            extractScalarBooleanRangeWith
              ((ScalarBinding.binaryFunction fun first second =>
                  extractScalarExprWith (ScalarBinding.word second :: ScalarBinding.word first :: locals) value) ::
                locals)
              slot body
      |
      Lean.Expr.letE name (Lean.Expr.forallE typeName (Lean.Expr.const `UInt64 []) resultType typeBi)
          (Lean.Expr.lam paramName (Lean.Expr.const `UInt64 []) value paramBi) body nondep =>
        match scalarResultType? resultType with
        | none =>
          match booleanType? resultType with
          | none => none
          | some val =>
            scalarBooleanRangeCompleteContinuation locals false value body
              (fun binding => extractScalarBooleanRangeWith (binding :: locals) slot body)
              (fun binding => extractScalarBooleanRangeWith (binding :: locals) slot value) fun arm x =>
              extractScalarBooleanRangeWith locals slot
                (Lean.Expr.letE name (Lean.Expr.forallE typeName (Lean.Expr.const `UInt64 []) resultType typeBi)
                  (Lean.Expr.lam paramName (Lean.Expr.const `UInt64 []) value paramBi) arm nondep)
        | some val =>
          match extractScalarExprWith (ScalarBinding.word (IR.Expr.u64 0) :: locals) value with
          | none => none
          | some val =>
            extractScalarBooleanRangeWith
              ((ScalarBinding.function false fun argument =>
                  extractScalarExprWith (ScalarBinding.word argument :: locals) value) ::
                locals)
              slot body
      |
      Lean.Expr.letE name (Lean.Expr.forallE typeName (Lean.Expr.const `Bool []) resultType typeBi)
          (Lean.Expr.lam paramName (Lean.Expr.const `Bool []) value paramBi) body nondep =>
        match scalarResultType? resultType with
        | none =>
          match booleanType? resultType with
          | none => none
          | some val =>
            scalarBooleanRangeCompleteContinuation locals true value body
              (fun binding => extractScalarBooleanRangeWith (binding :: locals) slot body)
              (fun binding => extractScalarBooleanRangeWith (binding :: locals) slot value) fun arm x =>
              extractScalarBooleanRangeWith locals slot
                (Lean.Expr.letE name (Lean.Expr.forallE typeName (Lean.Expr.const `Bool []) resultType typeBi)
                  (Lean.Expr.lam paramName (Lean.Expr.const `Bool []) value paramBi) arm nondep)
        | some val =>
          match extractScalarExprWith (ScalarBinding.boolean (IR.Expr.u64 0) :: locals) value with
          | none => none
          | some val =>
            extractScalarBooleanRangeWith
              ((ScalarBinding.booleanFunction fun argument =>
                  extractScalarExprWith (ScalarBinding.boolean argument :: locals) value) ::
                locals)
              slot body
      |
      Lean.Expr.letE declName
          (Lean.Expr.forallE binderName (Lean.Expr.const `Unit [])
            (Lean.Expr.forallE binderName_1 (Lean.Expr.const `UInt64 []) resultType binderInfo) binderInfo_1)
          (Lean.Expr.lam binderName_2 (Lean.Expr.const `Unit [])
            (Lean.Expr.lam binderName_3 (Lean.Expr.const `UInt64 []) value binderInfo_2) binderInfo_3)
          body nondep =>
        match scalarResultType? resultType with
        | none => none
        | some val =>
          match extractScalarExprWith (ScalarBinding.word (IR.Expr.u64 0) :: ScalarBinding.unit :: locals) value with
          | none => none
          | some val =>
            extractScalarBooleanRangeWith
              ((ScalarBinding.function true fun argument =>
                  extractScalarExprWith (ScalarBinding.word argument :: ScalarBinding.unit :: locals) value) ::
                locals)
              slot body
      |
      Lean.Expr.letE declName
          (Lean.Expr.forallE binderName (Lean.Expr.const `PUnit [Lean.Level.zero.succ])
            (Lean.Expr.forallE binderName_1 (Lean.Expr.const `UInt64 []) resultType binderInfo) binderInfo_1)
          (Lean.Expr.lam binderName_2 (Lean.Expr.const `PUnit [Lean.Level.zero.succ])
            (Lean.Expr.lam binderName_3 (Lean.Expr.const `UInt64 []) value binderInfo_2) binderInfo_3)
          body nondep =>
        match scalarResultType? resultType with
        | none => none
        | some val =>
          match extractScalarExprWith (ScalarBinding.word (IR.Expr.u64 0) :: ScalarBinding.unit :: locals) value with
          | none => none
          | some val =>
            extractScalarBooleanRangeWith
              ((ScalarBinding.function true fun argument =>
                  extractScalarExprWith (ScalarBinding.word argument :: ScalarBinding.unit :: locals) value) ::
                locals)
              slot body
      |
      Lean.Expr.letE name
          (Lean.Expr.forallE typeName ((Lean.Expr.const `Id [Lean.Level.zero]).app input) resultType typeBi)
          (Lean.Expr.lam paramName ((Lean.Expr.const `Id [Lean.Level.zero]).app domain) value paramBi) body nondep =>
        if input = domain then
          extractScalarBooleanRangeWith locals slot
            (Lean.Expr.letE name (Lean.Expr.forallE typeName input resultType typeBi)
              (Lean.Expr.lam paramName domain value paramBi) body nondep)
        else none
      |
      ((((((Lean.Expr.const `Bind.bind [Lean.Level.zero, Lean.Level.zero]).app
                              (Lean.Expr.const `Id [Lean.Level.zero])).app
                          (((Lean.Expr.const `Monad.toBind [Lean.Level.zero, Lean.Level.zero]).app
                                (Lean.Expr.const `Id [Lean.Level.zero])).app
                            (Lean.Expr.const `Id.instMonad [Lean.Level.zero]))).app
                      input).app
                  output).app
              value).app
          (Lean.Expr.lam binderName domain body binderInfo) =>
        match booleanRangeBindTypes? input domain output with
        | none =>
          match booleanRangeFlagBindTypes? input domain output with
          | none => none
          | some val =>
            scalarRangeValueBinding (extractScalarExprWith locals ((Lean.Expr.const `Bool.toUInt64 []).app value))
              (fun flag => extractScalarBooleanRangeWith (ScalarBinding.boolean flag :: locals) slot body)
              (fun x => extractScalarBooleanRangeWith locals slot value) fun flag =>
              extractScalarExprWith (ScalarBinding.boolean flag :: locals)
                ((Lean.Expr.const `Bool.toUInt64 []).app body)
        | some val =>
          match extractScalarExprWith locals value with
          | some bound => extractScalarBooleanRangeWith (ScalarBinding.word bound :: locals) slot body
          | none => do
            let plan ← extractScalarRangeExitWith locals slot value
            let result ←
              extractScalarExprWith (ScalarBinding.word plan.result :: locals)
                  ((Lean.Expr.const `Bool.toUInt64 []).app body)
            pure
                { count := plan.count, initial := plan.initial, step := plan.step, done := plan.done, result := result }
      | (((((Lean.Expr.const `ite [Lean.Level.zero.succ]).app type).app condition).app evidence).app yes).app no =>
        match booleanType? type with
        | none => none
        | some val =>
          match extractScalarExprWith locals (BooleanRange.decision condition evidence) with
          | none => none
          | some guard => do
            let first ←
              scalarBooleanRangeArm (extractScalarExprWith locals ((Lean.Expr.const `Bool.toUInt64 []).app yes))
                  fun x => extractScalarBooleanRangeWith locals slot yes
            let second ←
              scalarBooleanRangeArm (extractScalarExprWith locals ((Lean.Expr.const `Bool.toUInt64 []).app no)) fun x =>
                  extractScalarBooleanRangeWith locals slot no
            pure (ScalarRangeExitPlan.choice guard first second)
      | source =>
        match _wrapped : booleanRangeWrapper? source with
        | some (fst, body) => extractScalarBooleanRangeWith locals slot body
        | none => none) =
    do
    let _ ← extractScalarExprWith (ScalarBinding.word (IR.Expr.u64 0) :: locals) value
    extractScalarBooleanRangeWith
        ((ScalarBinding.function false fun argument =>
            extractScalarExprWith (ScalarBinding.word argument :: locals) value) ::
          locals)
        slot body

locals : List ScalarBinding
slot : Nat
name typeName paramName : Lean.Name
typeBi paramBi : Lean.BinderInfo
type : ResultType
value body : Lean.Expr
nondep : Bool
notScalar :
  extractScalarExprWith locals
      ((Lean.Expr.const `Bool.toUInt64 []).app
        (Lean.Expr.letE name (Lean.Expr.forallE typeName (Lean.Expr.const `UInt64 []) type.expr typeBi)
          (Lean.Expr.lam paramName (Lean.Expr.const `UInt64 []) value paramBi) body nondep)) =
    none
⊢ (match none with
    | some value => some (ScalarRangeExitPlan.scalar value)
    | none =>
      match
        Lean.Expr.letE name (Lean.Expr.forallE typeName (Lean.Expr.const `UInt64 []) type.expr typeBi)
          (Lean.Expr.lam paramName (Lean.Expr.const `UInt64 []) value paramBi) body nondep with
      | Lean.Expr.letE declName (Lean.Expr.const `UInt64 []) value body nondep =>
        match extractScalarExprWith locals value with
        | some bound => extractScalarBooleanRangeWith (ScalarBinding.word bound :: locals) slot body
        | none => do
          let plan ← extractScalarRangeExitWith locals slot value
          let result ←
            extractScalarExprWith (ScalarBinding.word plan.result :: locals)
                ((Lean.Expr.const `Bool.toUInt64 []).app body)
          pure { count := plan.count, initial := plan.initial, step := plan.step, done := plan.done, result := result }
      | Lean.Expr.letE declName (Lean.Expr.const `Bool []) value body nondep =>
        scalarRangeValueBinding (extractScalarExprWith locals ((Lean.Expr.const `Bool.toUInt64 []).app value))
          (fun flag => extractScalarBooleanRangeWith (ScalarBinding.boolean flag :: locals) slot body)
          (fun x => extractScalarBooleanRangeWith locals slot value) fun flag =>
          extractScalarExprWith (ScalarBinding.boolean flag :: locals) ((Lean.Expr.const `Bool.toUInt64 []).app body)
      | Lean.Expr.letE name ((Lean.Expr.const `Id [Lean.Level.zero]).app type) value body nondep =>
        extractScalarBooleanRangeWith locals slot (Lean.Expr.letE name type value body nondep)
      |
      Lean.Expr.letE declName
          (Lean.Expr.forallE firstTypeName (Lean.Expr.const `UInt64 [])
            (Lean.Expr.forallE secondTypeName (Lean.Expr.const `UInt64 []) resultType secondTypeBi) firstTypeBi)
          (Lean.Expr.lam firstName (Lean.Expr.const `UInt64 [])
            (Lean.Expr.lam secondName (Lean.Expr.const `UInt64 []) value secondBi) firstBi)
          body nondep =>
        match scalarResultType? resultType with
        | none =>
          match
            scalarManyFunction?
              (Lean.Expr.forallE firstTypeName (Lean.Expr.const `UInt64 [])
                (Lean.Expr.forallE secondTypeName (Lean.Expr.const `UInt64 []) resultType secondTypeBi) firstTypeBi)
              (Lean.Expr.lam firstName (Lean.Expr.const `UInt64 [])
                (Lean.Expr.lam secondName (Lean.Expr.const `UInt64 []) value secondBi) firstBi) with
          | none => none
          | some shape =>
            match
              extractScalarExprWith (List.replicate shape.arity (ScalarBinding.word (IR.Expr.u64 0)) ++ locals)
                shape.body with
            | none => none
            | some val =>
              extractScalarBooleanRangeWith
                ((ScalarBinding.manyFunction shape.arity fun arguments =>
                    extractScalarExprWith (List.map ScalarBinding.word arguments.reverse ++ locals) shape.body) ::
                  locals)
                slot body
        | some val =>
          match
            extractScalarExprWith (ScalarBinding.word (IR.Expr.u64 0) :: ScalarBinding.word (IR.Expr.u64 0) :: locals)
              value with
          | none => none
          | some val =>
            extractScalarBooleanRangeWith
              ((ScalarBinding.binaryFunction fun first second =>
                  extractScalarExprWith (ScalarBinding.word second :: ScalarBinding.word first :: locals) value) ::
                locals)
              slot body
      |
      Lean.Expr.letE name (Lean.Expr.forallE typeName (Lean.Expr.const `UInt64 []) resultType typeBi)
          (Lean.Expr.lam paramName (Lean.Expr.const `UInt64 []) value paramBi) body nondep =>
        match scalarResultType? resultType with
        | none =>
          match booleanType? resultType with
          | none => none
          | some val =>
            scalarBooleanRangeCompleteContinuation locals false value body
              (fun binding => extractScalarBooleanRangeWith (binding :: locals) slot body)
              (fun binding => extractScalarBooleanRangeWith (binding :: locals) slot value) fun arm x =>
              extractScalarBooleanRangeWith locals slot
                (Lean.Expr.letE name (Lean.Expr.forallE typeName (Lean.Expr.const `UInt64 []) resultType typeBi)
                  (Lean.Expr.lam paramName (Lean.Expr.const `UInt64 []) value paramBi) arm nondep)
        | some val =>
          match extractScalarExprWith (ScalarBinding.word (IR.Expr.u64 0) :: locals) value with
          | none => none
          | some val =>
            extractScalarBooleanRangeWith
              ((ScalarBinding.function false fun argument =>
                  extractScalarExprWith (ScalarBinding.word argument :: locals) value) ::
                locals)
              slot body
      |
      Lean.Expr.letE name (Lean.Expr.forallE typeName (Lean.Expr.const `Bool []) resultType typeBi)
          (Lean.Expr.lam paramName (Lean.Expr.const `Bool []) value paramBi) body nondep =>
        match scalarResultType? resultType with
        | none =>
          match booleanType? resultType with
          | none => none
          | some val =>
            scalarBooleanRangeCompleteContinuation locals true value body
              (fun binding => extractScalarBooleanRangeWith (binding :: locals) slot body)
              (fun binding => extractScalarBooleanRangeWith (binding :: locals) slot value) fun arm x =>
              extractScalarBooleanRangeWith locals slot
                (Lean.Expr.letE name (Lean.Expr.forallE typeName (Lean.Expr.const `Bool []) resultType typeBi)
                  (Lean.Expr.lam paramName (Lean.Expr.const `Bool []) value paramBi) arm nondep)
        | some val =>
          match extractScalarExprWith (ScalarBinding.boolean (IR.Expr.u64 0) :: locals) value with
          | none => none
          | some val =>
            extractScalarBooleanRangeWith
              ((ScalarBinding.booleanFunction fun argument =>
                  extractScalarExprWith (ScalarBinding.boolean argument :: locals) value) ::
                locals)
              slot body
      |
      Lean.Expr.letE declName
          (Lean.Expr.forallE binderName (Lean.Expr.const `Unit [])
            (Lean.Expr.forallE binderName_1 (Lean.Expr.const `UInt64 []) resultType binderInfo) binderInfo_1)
          (Lean.Expr.lam binderName_2 (Lean.Expr.const `Unit [])
            (Lean.Expr.lam binderName_3 (Lean.Expr.const `UInt64 []) value binderInfo_2) binderInfo_3)
          body nondep =>
        match scalarResultType? resultType with
        | none => none
        | some val =>
          match extractScalarExprWith (ScalarBinding.word (IR.Expr.u64 0) :: ScalarBinding.unit :: locals) value with
          | none => none
          | some val =>
            extractScalarBooleanRangeWith
              ((ScalarBinding.function true fun argument =>
                  extractScalarExprWith (ScalarBinding.word argument :: ScalarBinding.unit :: locals) value) ::
                locals)
              slot body
      |
      Lean.Expr.letE declName
          (Lean.Expr.forallE binderName (Lean.Expr.const `PUnit [Lean.Level.zero.succ])
            (Lean.Expr.forallE binderName_1 (Lean.Expr.const `UInt64 []) resultType binderInfo) binderInfo_1)
          (Lean.Expr.lam binderName_2 (Lean.Expr.const `PUnit [Lean.Level.zero.succ])
            (Lean.Expr.lam binderName_3 (Lean.Expr.const `UInt64 []) value binderInfo_2) binderInfo_3)
          body nondep =>
        match scalarResultType? resultType with
        | none => none
        | some val =>
          match extractScalarExprWith (ScalarBinding.word (IR.Expr.u64 0) :: ScalarBinding.unit :: locals) value with
          | none => none
          | some val =>
            extractScalarBooleanRangeWith
              ((ScalarBinding.function true fun argument =>
                  extractScalarExprWith (ScalarBinding.word argument :: ScalarBinding.unit :: locals) value) ::
                locals)
              slot body
      |
      Lean.Expr.letE name
          (Lean.Expr.forallE typeName ((Lean.Expr.const `Id [Lean.Level.zero]).app input) resultType typeBi)
          (Lean.Expr.lam paramName ((Lean.Expr.const `Id [Lean.Level.zero]).app domain) value paramBi) body nondep =>
        if input = domain then
          extractScalarBooleanRangeWith locals slot
            (Lean.Expr.letE name (Lean.Expr.forallE typeName input resultType typeBi)
              (Lean.Expr.lam paramName domain value paramBi) body nondep)
        else none
      |
      ((((((Lean.Expr.const `Bind.bind [Lean.Level.zero, Lean.Level.zero]).app
                              (Lean.Expr.const `Id [Lean.Level.zero])).app
                          (((Lean.Expr.const `Monad.toBind [Lean.Level.zero, Lean.Level.zero]).app
                                (Lean.Expr.const `Id [Lean.Level.zero])).app
                            (Lean.Expr.const `Id.instMonad [Lean.Level.zero]))).app
                      input).app
                  output).app
              value).app
          (Lean.Expr.lam binderName domain body binderInfo) =>
        match booleanRangeBindTypes? input domain output with
        | none =>
          match booleanRangeFlagBindTypes? input domain output with
          | none => none
          | some val =>
            scalarRangeValueBinding (extractScalarExprWith locals ((Lean.Expr.const `Bool.toUInt64 []).app value))
              (fun flag => extractScalarBooleanRangeWith (ScalarBinding.boolean flag :: locals) slot body)
              (fun x => extractScalarBooleanRangeWith locals slot value) fun flag =>
              extractScalarExprWith (ScalarBinding.boolean flag :: locals)
                ((Lean.Expr.const `Bool.toUInt64 []).app body)
        | some val =>
          match extractScalarExprWith locals value with
          | some bound => extractScalarBooleanRangeWith (ScalarBinding.word bound :: locals) slot body
          | none => do
            let plan ← extractScalarRangeExitWith locals slot value
            let result ←
              extractScalarExprWith (ScalarBinding.word plan.result :: locals)
                  ((Lean.Expr.const `Bool.toUInt64 []).app body)
            pure
                { count := plan.count, initial := plan.initial, step := plan.step, done := plan.done, result := result }
      | (((((Lean.Expr.const `ite [Lean.Level.zero.succ]).app type).app condition).app evidence).app yes).app no =>
        match booleanType? type with
        | none => none
        | some val =>
          match extractScalarExprWith locals (BooleanRange.decision condition evidence) with
          | none => none
          | some guard => do
            let first ←
              scalarBooleanRangeArm (extractScalarExprWith locals ((Lean.Expr.const `Bool.toUInt64 []).app yes))
                  fun x => extractScalarBooleanRangeWith locals slot yes
            let second ←
              scalarBooleanRangeArm (extractScalarExprWith locals ((Lean.Expr.const `Bool.toUInt64 []).app no)) fun x =>
                  extractScalarBooleanRangeWith locals slot no
            pure (ScalarRangeExitPlan.choice guard first second)
      | source =>
        match _wrapped : booleanRangeWrapper? source with
        | some (fst, body) => extractScalarBooleanRangeWith locals slot body
        | none => none) =
    do
    let _ ← extractScalarExprWith (ScalarBinding.word (IR.Expr.u64 0) :: locals) value
    extractScalarBooleanRangeWith
        ((ScalarBinding.function false fun argument =>
            extractScalarExprWith (ScalarBinding.word argument :: locals) value) ::
          locals)
        slot body
LeanExe/Extract/ScalarBooleanRange.lean:352:55: error: Tactic `rewrite` failed: Did not find an occurrence of the pattern
  scalarResultType? (ResultType.expr ?type)
in the target expression
  (match none with
    | some value => some (ScalarRangeExitPlan.scalar value)
    | none =>
      match
        Lean.Expr.letE name (Lean.Expr.forallE typeName (Lean.Expr.const `Bool []) type.expr typeBi)
          (Lean.Expr.lam paramName (Lean.Expr.const `Bool []) value paramBi) body nondep with
      | Lean.Expr.letE declName (Lean.Expr.const `UInt64 []) value body nondep =>
        match extractScalarExprWith locals value with
        | some bound => extractScalarBooleanRangeWith (ScalarBinding.word bound :: locals) slot body
        | none => do
          let plan ← extractScalarRangeExitWith locals slot value
          let result ←
            extractScalarExprWith (ScalarBinding.word plan.result :: locals)
                ((Lean.Expr.const `Bool.toUInt64 []).app body)
          pure { count := plan.count, initial := plan.initial, step := plan.step, done := plan.done, result := result }
      | Lean.Expr.letE declName (Lean.Expr.const `Bool []) value body nondep =>
        scalarRangeValueBinding (extractScalarExprWith locals ((Lean.Expr.const `Bool.toUInt64 []).app value))
          (fun flag => extractScalarBooleanRangeWith (ScalarBinding.boolean flag :: locals) slot body)
          (fun x => extractScalarBooleanRangeWith locals slot value) fun flag =>
          extractScalarExprWith (ScalarBinding.boolean flag :: locals) ((Lean.Expr.const `Bool.toUInt64 []).app body)
      | Lean.Expr.letE name ((Lean.Expr.const `Id [Lean.Level.zero]).app type) value body nondep =>
        extractScalarBooleanRangeWith locals slot (Lean.Expr.letE name type value body nondep)
      |
      Lean.Expr.letE declName
          (Lean.Expr.forallE firstTypeName (Lean.Expr.const `UInt64 [])
            (Lean.Expr.forallE secondTypeName (Lean.Expr.const `UInt64 []) resultType secondTypeBi) firstTypeBi)
          (Lean.Expr.lam firstName (Lean.Expr.const `UInt64 [])
            (Lean.Expr.lam secondName (Lean.Expr.const `UInt64 []) value secondBi) firstBi)
          body nondep =>
        match scalarResultType? resultType with
        | none =>
          match
            scalarManyFunction?
              (Lean.Expr.forallE firstTypeName (Lean.Expr.const `UInt64 [])
                (Lean.Expr.forallE secondTypeName (Lean.Expr.const `UInt64 []) resultType secondTypeBi) firstTypeBi)
              (Lean.Expr.lam firstName (Lean.Expr.const `UInt64 [])
                (Lean.Expr.lam secondName (Lean.Expr.const `UInt64 []) value secondBi) firstBi) with
          | none => none
          | some shape =>
            match
              extractScalarExprWith (List.replicate shape.arity (ScalarBinding.word (IR.Expr.u64 0)) ++ locals)
                shape.body with
            | none => none
            | some val =>
              extractScalarBooleanRangeWith
                ((ScalarBinding.manyFunction shape.arity fun arguments =>
                    extractScalarExprWith (List.map ScalarBinding.word arguments.reverse ++ locals) shape.body) ::
                  locals)
                slot body
        | some val =>
          match
            extractScalarExprWith (ScalarBinding.word (IR.Expr.u64 0) :: ScalarBinding.word (IR.Expr.u64 0) :: locals)
              value with
          | none => none
          | some val =>
            extractScalarBooleanRangeWith
              ((ScalarBinding.binaryFunction fun first second =>
                  extractScalarExprWith (ScalarBinding.word second :: ScalarBinding.word first :: locals) value) ::
                locals)
              slot body
      |
      Lean.Expr.letE name (Lean.Expr.forallE typeName (Lean.Expr.const `UInt64 []) resultType typeBi)
          (Lean.Expr.lam paramName (Lean.Expr.const `UInt64 []) value paramBi) body nondep =>
        match scalarResultType? resultType with
        | none =>
          match booleanType? resultType with
          | none => none
          | some val =>
            scalarBooleanRangeCompleteContinuation locals false value body
              (fun binding => extractScalarBooleanRangeWith (binding :: locals) slot body)
              (fun binding => extractScalarBooleanRangeWith (binding :: locals) slot value) fun arm x =>
              extractScalarBooleanRangeWith locals slot
                (Lean.Expr.letE name (Lean.Expr.forallE typeName (Lean.Expr.const `UInt64 []) resultType typeBi)
                  (Lean.Expr.lam paramName (Lean.Expr.const `UInt64 []) value paramBi) arm nondep)
        | some val =>
          match extractScalarExprWith (ScalarBinding.word (IR.Expr.u64 0) :: locals) value with
          | none => none
          | some val =>
            extractScalarBooleanRangeWith
              ((ScalarBinding.function false fun argument =>
                  extractScalarExprWith (ScalarBinding.word argument :: locals) value) ::
                locals)
              slot body
      |
      Lean.Expr.letE name (Lean.Expr.forallE typeName (Lean.Expr.const `Bool []) resultType typeBi)
          (Lean.Expr.lam paramName (Lean.Expr.const `Bool []) value paramBi) body nondep =>
        match scalarResultType? resultType with
        | none =>
          match booleanType? resultType with
          | none => none
          | some val =>
            scalarBooleanRangeCompleteContinuation locals true value body
              (fun binding => extractScalarBooleanRangeWith (binding :: locals) slot body)
              (fun binding => extractScalarBooleanRangeWith (binding :: locals) slot value) fun arm x =>
              extractScalarBooleanRangeWith locals slot
                (Lean.Expr.letE name (Lean.Expr.forallE typeName (Lean.Expr.const `Bool []) resultType typeBi)
                  (Lean.Expr.lam paramName (Lean.Expr.const `Bool []) value paramBi) arm nondep)
        | some val =>
          match extractScalarExprWith (ScalarBinding.boolean (IR.Expr.u64 0) :: locals) value with
          | none => none
          | some val =>
            extractScalarBooleanRangeWith
              ((ScalarBinding.booleanFunction fun argument =>
                  extractScalarExprWith (ScalarBinding.boolean argument :: locals) value) ::
                locals)
              slot body
      |
      Lean.Expr.letE declName
          (Lean.Expr.forallE binderName (Lean.Expr.const `Unit [])
            (Lean.Expr.forallE binderName_1 (Lean.Expr.const `UInt64 []) resultType binderInfo) binderInfo_1)
          (Lean.Expr.lam binderName_2 (Lean.Expr.const `Unit [])
            (Lean.Expr.lam binderName_3 (Lean.Expr.const `UInt64 []) value binderInfo_2) binderInfo_3)
          body nondep =>
        match scalarResultType? resultType with
        | none => none
        | some val =>
          match extractScalarExprWith (ScalarBinding.word (IR.Expr.u64 0) :: ScalarBinding.unit :: locals) value with
          | none => none
          | some val =>
            extractScalarBooleanRangeWith
              ((ScalarBinding.function true fun argument =>
                  extractScalarExprWith (ScalarBinding.word argument :: ScalarBinding.unit :: locals) value) ::
                locals)
              slot body
      |
      Lean.Expr.letE declName
          (Lean.Expr.forallE binderName (Lean.Expr.const `PUnit [Lean.Level.zero.succ])
            (Lean.Expr.forallE binderName_1 (Lean.Expr.const `UInt64 []) resultType binderInfo) binderInfo_1)
          (Lean.Expr.lam binderName_2 (Lean.Expr.const `PUnit [Lean.Level.zero.succ])
            (Lean.Expr.lam binderName_3 (Lean.Expr.const `UInt64 []) value binderInfo_2) binderInfo_3)
          body nondep =>
        match scalarResultType? resultType with
        | none => none
        | some val =>
          match extractScalarExprWith (ScalarBinding.word (IR.Expr.u64 0) :: ScalarBinding.unit :: locals) value with
          | none => none
          | some val =>
            extractScalarBooleanRangeWith
              ((ScalarBinding.function true fun argument =>
                  extractScalarExprWith (ScalarBinding.word argument :: ScalarBinding.unit :: locals) value) ::
                locals)
              slot body
      |
      Lean.Expr.letE name
          (Lean.Expr.forallE typeName ((Lean.Expr.const `Id [Lean.Level.zero]).app input) resultType typeBi)
          (Lean.Expr.lam paramName ((Lean.Expr.const `Id [Lean.Level.zero]).app domain) value paramBi) body nondep =>
        if input = domain then
          extractScalarBooleanRangeWith locals slot
            (Lean.Expr.letE name (Lean.Expr.forallE typeName input resultType typeBi)
              (Lean.Expr.lam paramName domain value paramBi) body nondep)
        else none
      |
      ((((((Lean.Expr.const `Bind.bind [Lean.Level.zero, Lean.Level.zero]).app
                              (Lean.Expr.const `Id [Lean.Level.zero])).app
                          (((Lean.Expr.const `Monad.toBind [Lean.Level.zero, Lean.Level.zero]).app
                                (Lean.Expr.const `Id [Lean.Level.zero])).app
                            (Lean.Expr.const `Id.instMonad [Lean.Level.zero]))).app
                      input).app
                  output).app
              value).app
          (Lean.Expr.lam binderName domain body binderInfo) =>
        match booleanRangeBindTypes? input domain output with
        | none =>
          match booleanRangeFlagBindTypes? input domain output with
          | none => none
          | some val =>
            scalarRangeValueBinding (extractScalarExprWith locals ((Lean.Expr.const `Bool.toUInt64 []).app value))
              (fun flag => extractScalarBooleanRangeWith (ScalarBinding.boolean flag :: locals) slot body)
              (fun x => extractScalarBooleanRangeWith locals slot value) fun flag =>
              extractScalarExprWith (ScalarBinding.boolean flag :: locals)
                ((Lean.Expr.const `Bool.toUInt64 []).app body)
        | some val =>
          match extractScalarExprWith locals value with
          | some bound => extractScalarBooleanRangeWith (ScalarBinding.word bound :: locals) slot body
          | none => do
            let plan ← extractScalarRangeExitWith locals slot value
            let result ←
              extractScalarExprWith (ScalarBinding.word plan.result :: locals)
                  ((Lean.Expr.const `Bool.toUInt64 []).app body)
            pure
                { count := plan.count, initial := plan.initial, step := plan.step, done := plan.done, result := result }
      | (((((Lean.Expr.const `ite [Lean.Level.zero.succ]).app type).app condition).app evidence).app yes).app no =>
        match booleanType? type with
        | none => none
        | some val =>
          match extractScalarExprWith locals (BooleanRange.decision condition evidence) with
          | none => none
          | some guard => do
            let first ←
              scalarBooleanRangeArm (extractScalarExprWith locals ((Lean.Expr.const `Bool.toUInt64 []).app yes))
                  fun x => extractScalarBooleanRangeWith locals slot yes
            let second ←
              scalarBooleanRangeArm (extractScalarExprWith locals ((Lean.Expr.const `Bool.toUInt64 []).app no)) fun x =>
                  extractScalarBooleanRangeWith locals slot no
            pure (ScalarRangeExitPlan.choice guard first second)
      | source =>
        match _wrapped : booleanRangeWrapper? source with
        | some (fst, body) => extractScalarBooleanRangeWith locals slot body
        | none => none) =
    do
    let _ ← extractScalarExprWith (ScalarBinding.boolean (IR.Expr.u64 0) :: locals) value
    extractScalarBooleanRangeWith
        ((ScalarBinding.booleanFunction fun argument =>
            extractScalarExprWith (ScalarBinding.boolean argument :: locals) value) ::
          locals)
        slot body

locals : List ScalarBinding
slot : Nat
name typeName paramName : Lean.Name
typeBi paramBi : Lean.BinderInfo
type : ResultType
value body : Lean.Expr
nondep : Bool
notScalar :
  extractScalarExprWith locals
      ((Lean.Expr.const `Bool.toUInt64 []).app
        (Lean.Expr.letE name (Lean.Expr.forallE typeName (Lean.Expr.const `Bool []) type.expr typeBi)
          (Lean.Expr.lam paramName (Lean.Expr.const `Bool []) value paramBi) body nondep)) =
    none
⊢ (match none with
    | some value => some (ScalarRangeExitPlan.scalar value)
    | none =>
      match
        Lean.Expr.letE name (Lean.Expr.forallE typeName (Lean.Expr.const `Bool []) type.expr typeBi)
          (Lean.Expr.lam paramName (Lean.Expr.const `Bool []) value paramBi) body nondep with
      | Lean.Expr.letE declName (Lean.Expr.const `UInt64 []) value body nondep =>
        match extractScalarExprWith locals value with
        | some bound => extractScalarBooleanRangeWith (ScalarBinding.word bound :: locals) slot body
        | none => do
          let plan ← extractScalarRangeExitWith locals slot value
          let result ←
            extractScalarExprWith (ScalarBinding.word plan.result :: locals)
                ((Lean.Expr.const `Bool.toUInt64 []).app body)
          pure { count := plan.count, initial := plan.initial, step := plan.step, done := plan.done, result := result }
      | Lean.Expr.letE declName (Lean.Expr.const `Bool []) value body nondep =>
        scalarRangeValueBinding (extractScalarExprWith locals ((Lean.Expr.const `Bool.toUInt64 []).app value))
          (fun flag => extractScalarBooleanRangeWith (ScalarBinding.boolean flag :: locals) slot body)
          (fun x => extractScalarBooleanRangeWith locals slot value) fun flag =>
          extractScalarExprWith (ScalarBinding.boolean flag :: locals) ((Lean.Expr.const `Bool.toUInt64 []).app body)
      | Lean.Expr.letE name ((Lean.Expr.const `Id [Lean.Level.zero]).app type) value body nondep =>
        extractScalarBooleanRangeWith locals slot (Lean.Expr.letE name type value body nondep)
      |
      Lean.Expr.letE declName
          (Lean.Expr.forallE firstTypeName (Lean.Expr.const `UInt64 [])
            (Lean.Expr.forallE secondTypeName (Lean.Expr.const `UInt64 []) resultType secondTypeBi) firstTypeBi)
          (Lean.Expr.lam firstName (Lean.Expr.const `UInt64 [])
            (Lean.Expr.lam secondName (Lean.Expr.const `UInt64 []) value secondBi) firstBi)
          body nondep =>
        match scalarResultType? resultType with
        | none =>
          match
            scalarManyFunction?
              (Lean.Expr.forallE firstTypeName (Lean.Expr.const `UInt64 [])
                (Lean.Expr.forallE secondTypeName (Lean.Expr.const `UInt64 []) resultType secondTypeBi) firstTypeBi)
              (Lean.Expr.lam firstName (Lean.Expr.const `UInt64 [])
                (Lean.Expr.lam secondName (Lean.Expr.const `UInt64 []) value secondBi) firstBi) with
          | none => none
          | some shape =>
            match
              extractScalarExprWith (List.replicate shape.arity (ScalarBinding.word (IR.Expr.u64 0)) ++ locals)
                shape.body with
            | none => none
            | some val =>
              extractScalarBooleanRangeWith
                ((ScalarBinding.manyFunction shape.arity fun arguments =>
                    extractScalarExprWith (List.map ScalarBinding.word arguments.reverse ++ locals) shape.body) ::
                  locals)
                slot body
        | some val =>
          match
            extractScalarExprWith (ScalarBinding.word (IR.Expr.u64 0) :: ScalarBinding.word (IR.Expr.u64 0) :: locals)
              value with
          | none => none
          | some val =>
            extractScalarBooleanRangeWith
              ((ScalarBinding.binaryFunction fun first second =>
                  extractScalarExprWith (ScalarBinding.word second :: ScalarBinding.word first :: locals) value) ::
                locals)
              slot body
      |
      Lean.Expr.letE name (Lean.Expr.forallE typeName (Lean.Expr.const `UInt64 []) resultType typeBi)
          (Lean.Expr.lam paramName (Lean.Expr.const `UInt64 []) value paramBi) body nondep =>
        match scalarResultType? resultType with
        | none =>
          match booleanType? resultType with
          | none => none
          | some val =>
            scalarBooleanRangeCompleteContinuation locals false value body
              (fun binding => extractScalarBooleanRangeWith (binding :: locals) slot body)
              (fun binding => extractScalarBooleanRangeWith (binding :: locals) slot value) fun arm x =>
              extractScalarBooleanRangeWith locals slot
                (Lean.Expr.letE name (Lean.Expr.forallE typeName (Lean.Expr.const `UInt64 []) resultType typeBi)
                  (Lean.Expr.lam paramName (Lean.Expr.const `UInt64 []) value paramBi) arm nondep)
        | some val =>
          match extractScalarExprWith (ScalarBinding.word (IR.Expr.u64 0) :: locals) value with
          | none => none
          | some val =>
            extractScalarBooleanRangeWith
              ((ScalarBinding.function false fun argument =>
                  extractScalarExprWith (ScalarBinding.word argument :: locals) value) ::
                locals)
              slot body
      |
      Lean.Expr.letE name (Lean.Expr.forallE typeName (Lean.Expr.const `Bool []) resultType typeBi)
          (Lean.Expr.lam paramName (Lean.Expr.const `Bool []) value paramBi) body nondep =>
        match scalarResultType? resultType with
        | none =>
          match booleanType? resultType with
          | none => none
          | some val =>
            scalarBooleanRangeCompleteContinuation locals true value body
              (fun binding => extractScalarBooleanRangeWith (binding :: locals) slot body)
              (fun binding => extractScalarBooleanRangeWith (binding :: locals) slot value) fun arm x =>
              extractScalarBooleanRangeWith locals slot
                (Lean.Expr.letE name (Lean.Expr.forallE typeName (Lean.Expr.const `Bool []) resultType typeBi)
                  (Lean.Expr.lam paramName (Lean.Expr.const `Bool []) value paramBi) arm nondep)
        | some val =>
          match extractScalarExprWith (ScalarBinding.boolean (IR.Expr.u64 0) :: locals) value with
          | none => none
          | some val =>
            extractScalarBooleanRangeWith
              ((ScalarBinding.booleanFunction fun argument =>
                  extractScalarExprWith (ScalarBinding.boolean argument :: locals) value) ::
                locals)
              slot body
      |
      Lean.Expr.letE declName
          (Lean.Expr.forallE binderName (Lean.Expr.const `Unit [])
            (Lean.Expr.forallE binderName_1 (Lean.Expr.const `UInt64 []) resultType binderInfo) binderInfo_1)
          (Lean.Expr.lam binderName_2 (Lean.Expr.const `Unit [])
            (Lean.Expr.lam binderName_3 (Lean.Expr.const `UInt64 []) value binderInfo_2) binderInfo_3)
          body nondep =>
        match scalarResultType? resultType with
        | none => none
        | some val =>
          match extractScalarExprWith (ScalarBinding.word (IR.Expr.u64 0) :: ScalarBinding.unit :: locals) value with
          | none => none
          | some val =>
            extractScalarBooleanRangeWith
              ((ScalarBinding.function true fun argument =>
                  extractScalarExprWith (ScalarBinding.word argument :: ScalarBinding.unit :: locals) value) ::
                locals)
              slot body
      |
      Lean.Expr.letE declName
          (Lean.Expr.forallE binderName (Lean.Expr.const `PUnit [Lean.Level.zero.succ])
            (Lean.Expr.forallE binderName_1 (Lean.Expr.const `UInt64 []) resultType binderInfo) binderInfo_1)
          (Lean.Expr.lam binderName_2 (Lean.Expr.const `PUnit [Lean.Level.zero.succ])
            (Lean.Expr.lam binderName_3 (Lean.Expr.const `UInt64 []) value binderInfo_2) binderInfo_3)
          body nondep =>
        match scalarResultType? resultType with
        | none => none
        | some val =>
          match extractScalarExprWith (ScalarBinding.word (IR.Expr.u64 0) :: ScalarBinding.unit :: locals) value with
          | none => none
          | some val =>
            extractScalarBooleanRangeWith
              ((ScalarBinding.function true fun argument =>
                  extractScalarExprWith (ScalarBinding.word argument :: ScalarBinding.unit :: locals) value) ::
                locals)
              slot body
      |
      Lean.Expr.letE name
          (Lean.Expr.forallE typeName ((Lean.Expr.const `Id [Lean.Level.zero]).app input) resultType typeBi)
          (Lean.Expr.lam paramName ((Lean.Expr.const `Id [Lean.Level.zero]).app domain) value paramBi) body nondep =>
        if input = domain then
          extractScalarBooleanRangeWith locals slot
            (Lean.Expr.letE name (Lean.Expr.forallE typeName input resultType typeBi)
              (Lean.Expr.lam paramName domain value paramBi) body nondep)
        else none
      |
      ((((((Lean.Expr.const `Bind.bind [Lean.Level.zero, Lean.Level.zero]).app
                              (Lean.Expr.const `Id [Lean.Level.zero])).app
                          (((Lean.Expr.const `Monad.toBind [Lean.Level.zero, Lean.Level.zero]).app
                                (Lean.Expr.const `Id [Lean.Level.zero])).app
                            (Lean.Expr.const `Id.instMonad [Lean.Level.zero]))).app
                      input).app
                  output).app
              value).app
          (Lean.Expr.lam binderName domain body binderInfo) =>
        match booleanRangeBindTypes? input domain output with
        | none =>
          match booleanRangeFlagBindTypes? input domain output with
          | none => none
          | some val =>
            scalarRangeValueBinding (extractScalarExprWith locals ((Lean.Expr.const `Bool.toUInt64 []).app value))
              (fun flag => extractScalarBooleanRangeWith (ScalarBinding.boolean flag :: locals) slot body)
              (fun x => extractScalarBooleanRangeWith locals slot value) fun flag =>
              extractScalarExprWith (ScalarBinding.boolean flag :: locals)
                ((Lean.Expr.const `Bool.toUInt64 []).app body)
        | some val =>
          match extractScalarExprWith locals value with
          | some bound => extractScalarBooleanRangeWith (ScalarBinding.word bound :: locals) slot body
          | none => do
            let plan ← extractScalarRangeExitWith locals slot value
            let result ←
              extractScalarExprWith (ScalarBinding.word plan.result :: locals)
                  ((Lean.Expr.const `Bool.toUInt64 []).app body)
            pure
                { count := plan.count, initial := plan.initial, step := plan.step, done := plan.done, result := result }
      | (((((Lean.Expr.const `ite [Lean.Level.zero.succ]).app type).app condition).app evidence).app yes).app no =>
        match booleanType? type with
        | none => none
        | some val =>
          match extractScalarExprWith locals (BooleanRange.decision condition evidence) with
          | none => none
          | some guard => do
            let first ←
              scalarBooleanRangeArm (extractScalarExprWith locals ((Lean.Expr.const `Bool.toUInt64 []).app yes))
                  fun x => extractScalarBooleanRangeWith locals slot yes
            let second ←
              scalarBooleanRangeArm (extractScalarExprWith locals ((Lean.Expr.const `Bool.toUInt64 []).app no)) fun x =>
                  extractScalarBooleanRangeWith locals slot no
            pure (ScalarRangeExitPlan.choice guard first second)
      | source =>
        match _wrapped : booleanRangeWrapper? source with
        | some (fst, body) => extractScalarBooleanRangeWith locals slot body
        | none => none) =
    do
    let _ ← extractScalarExprWith (ScalarBinding.boolean (IR.Expr.u64 0) :: locals) value
    extractScalarBooleanRangeWith
        ((ScalarBinding.booleanFunction fun argument =>
            extractScalarExprWith (ScalarBinding.boolean argument :: locals) value) ::
          locals)
        slot body
LeanExe/Extract/ScalarBooleanRange.lean:370:55: error: Tactic `rewrite` failed: Did not find an occurrence of the pattern
  scalarResultType? (BooleanType.expr ?type)
in the target expression
  (match none with
    | some value => some (ScalarRangeExitPlan.scalar value)
    | none =>
      match
        Lean.Expr.letE name (Lean.Expr.forallE typeName (Lean.Expr.const `UInt64 []) type.expr typeBi)
          (Lean.Expr.lam paramName (Lean.Expr.const `UInt64 []) value paramBi) body nondep with
      | Lean.Expr.letE declName (Lean.Expr.const `UInt64 []) value body nondep =>
        match extractScalarExprWith locals value with
        | some bound => extractScalarBooleanRangeWith (ScalarBinding.word bound :: locals) slot body
        | none => do
          let plan ← extractScalarRangeExitWith locals slot value
          let result ←
            extractScalarExprWith (ScalarBinding.word plan.result :: locals)
                ((Lean.Expr.const `Bool.toUInt64 []).app body)
          pure { count := plan.count, initial := plan.initial, step := plan.step, done := plan.done, result := result }
      | Lean.Expr.letE declName (Lean.Expr.const `Bool []) value body nondep =>
        scalarRangeValueBinding (extractScalarExprWith locals ((Lean.Expr.const `Bool.toUInt64 []).app value))
          (fun flag => extractScalarBooleanRangeWith (ScalarBinding.boolean flag :: locals) slot body)
          (fun x => extractScalarBooleanRangeWith locals slot value) fun flag =>
          extractScalarExprWith (ScalarBinding.boolean flag :: locals) ((Lean.Expr.const `Bool.toUInt64 []).app body)
      | Lean.Expr.letE name ((Lean.Expr.const `Id [Lean.Level.zero]).app type) value body nondep =>
        extractScalarBooleanRangeWith locals slot (Lean.Expr.letE name type value body nondep)
      |
      Lean.Expr.letE declName
          (Lean.Expr.forallE firstTypeName (Lean.Expr.const `UInt64 [])
            (Lean.Expr.forallE secondTypeName (Lean.Expr.const `UInt64 []) resultType secondTypeBi) firstTypeBi)
          (Lean.Expr.lam firstName (Lean.Expr.const `UInt64 [])
            (Lean.Expr.lam secondName (Lean.Expr.const `UInt64 []) value secondBi) firstBi)
          body nondep =>
        match scalarResultType? resultType with
        | none =>
          match
            scalarManyFunction?
              (Lean.Expr.forallE firstTypeName (Lean.Expr.const `UInt64 [])
                (Lean.Expr.forallE secondTypeName (Lean.Expr.const `UInt64 []) resultType secondTypeBi) firstTypeBi)
              (Lean.Expr.lam firstName (Lean.Expr.const `UInt64 [])
                (Lean.Expr.lam secondName (Lean.Expr.const `UInt64 []) value secondBi) firstBi) with
          | none => none
          | some shape =>
            match
              extractScalarExprWith (List.replicate shape.arity (ScalarBinding.word (IR.Expr.u64 0)) ++ locals)
                shape.body with
            | none => none
            | some val =>
              extractScalarBooleanRangeWith
                ((ScalarBinding.manyFunction shape.arity fun arguments =>
                    extractScalarExprWith (List.map ScalarBinding.word arguments.reverse ++ locals) shape.body) ::
                  locals)
                slot body
        | some val =>
          match
            extractScalarExprWith (ScalarBinding.word (IR.Expr.u64 0) :: ScalarBinding.word (IR.Expr.u64 0) :: locals)
              value with
          | none => none
          | some val =>
            extractScalarBooleanRangeWith
              ((ScalarBinding.binaryFunction fun first second =>
                  extractScalarExprWith (ScalarBinding.word second :: ScalarBinding.word first :: locals) value) ::
                locals)
              slot body
      |
      Lean.Expr.letE name (Lean.Expr.forallE typeName (Lean.Expr.const `UInt64 []) resultType typeBi)
          (Lean.Expr.lam paramName (Lean.Expr.const `UInt64 []) value paramBi) body nondep =>
        match scalarResultType? resultType with
        | none =>
          match booleanType? resultType with
          | none => none
          | some val =>
            scalarBooleanRangeCompleteContinuation locals false value body
              (fun binding => extractScalarBooleanRangeWith (binding :: locals) slot body)
              (fun binding => extractScalarBooleanRangeWith (binding :: locals) slot value) fun arm x =>
              extractScalarBooleanRangeWith locals slot
                (Lean.Expr.letE name (Lean.Expr.forallE typeName (Lean.Expr.const `UInt64 []) resultType typeBi)
                  (Lean.Expr.lam paramName (Lean.Expr.const `UInt64 []) value paramBi) arm nondep)
        | some val =>
          match extractScalarExprWith (ScalarBinding.word (IR.Expr.u64 0) :: locals) value with
          | none => none
          | some val =>
            extractScalarBooleanRangeWith
              ((ScalarBinding.function false fun argument =>
                  extractScalarExprWith (ScalarBinding.word argument :: locals) value) ::
                locals)
              slot body
      |
      Lean.Expr.letE name (Lean.Expr.forallE typeName (Lean.Expr.const `Bool []) resultType typeBi)
          (Lean.Expr.lam paramName (Lean.Expr.const `Bool []) value paramBi) body nondep =>
        match scalarResultType? resultType with
        | none =>
          match booleanType? resultType with
          | none => none
          | some val =>
            scalarBooleanRangeCompleteContinuation locals true value body
              (fun binding => extractScalarBooleanRangeWith (binding :: locals) slot body)
              (fun binding => extractScalarBooleanRangeWith (binding :: locals) slot value) fun arm x =>
              extractScalarBooleanRangeWith locals slot
                (Lean.Expr.letE name (Lean.Expr.forallE typeName (Lean.Expr.const `Bool []) resultType typeBi)
                  (Lean.Expr.lam paramName (Lean.Expr.const `Bool []) value paramBi) arm nondep)
        | some val =>
          match extractScalarExprWith (ScalarBinding.boolean (IR.Expr.u64 0) :: locals) value with
          | none => none
          | some val =>
            extractScalarBooleanRangeWith
              ((ScalarBinding.booleanFunction fun argument =>
                  extractScalarExprWith (ScalarBinding.boolean argument :: locals) value) ::
                locals)
              slot body
      |
      Lean.Expr.letE declName
          (Lean.Expr.forallE binderName (Lean.Expr.const `Unit [])
            (Lean.Expr.forallE binderName_1 (Lean.Expr.const `UInt64 []) resultType binderInfo) binderInfo_1)
          (Lean.Expr.lam binderName_2 (Lean.Expr.const `Unit [])
            (Lean.Expr.lam binderName_3 (Lean.Expr.const `UInt64 []) value binderInfo_2) binderInfo_3)
          body nondep =>
        match scalarResultType? resultType with
        | none => none
        | some val =>
          match extractScalarExprWith (ScalarBinding.word (IR.Expr.u64 0) :: ScalarBinding.unit :: locals) value with
          | none => none
          | some val =>
            extractScalarBooleanRangeWith
              ((ScalarBinding.function true fun argument =>
                  extractScalarExprWith (ScalarBinding.word argument :: ScalarBinding.unit :: locals) value) ::
                locals)
              slot body
      |
      Lean.Expr.letE declName
          (Lean.Expr.forallE binderName (Lean.Expr.const `PUnit [Lean.Level.zero.succ])
            (Lean.Expr.forallE binderName_1 (Lean.Expr.const `UInt64 []) resultType binderInfo) binderInfo_1)
          (Lean.Expr.lam binderName_2 (Lean.Expr.const `PUnit [Lean.Level.zero.succ])
            (Lean.Expr.lam binderName_3 (Lean.Expr.const `UInt64 []) value binderInfo_2) binderInfo_3)
          body nondep =>
        match scalarResultType? resultType with
        | none => none
        | some val =>
          match extractScalarExprWith (ScalarBinding.word (IR.Expr.u64 0) :: ScalarBinding.unit :: locals) value with
          | none => none
          | some val =>
            extractScalarBooleanRangeWith
              ((ScalarBinding.function true fun argument =>
                  extractScalarExprWith (ScalarBinding.word argument :: ScalarBinding.unit :: locals) value) ::
                locals)
              slot body
      |
      Lean.Expr.letE name
          (Lean.Expr.forallE typeName ((Lean.Expr.const `Id [Lean.Level.zero]).app input) resultType typeBi)
          (Lean.Expr.lam paramName ((Lean.Expr.const `Id [Lean.Level.zero]).app domain) value paramBi) body nondep =>
        if input = domain then
          extractScalarBooleanRangeWith locals slot
            (Lean.Expr.letE name (Lean.Expr.forallE typeName input resultType typeBi)
              (Lean.Expr.lam paramName domain value paramBi) body nondep)
        else none
      |
      ((((((Lean.Expr.const `Bind.bind [Lean.Level.zero, Lean.Level.zero]).app
                              (Lean.Expr.const `Id [Lean.Level.zero])).app
                          (((Lean.Expr.const `Monad.toBind [Lean.Level.zero, Lean.Level.zero]).app
                                (Lean.Expr.const `Id [Lean.Level.zero])).app
                            (Lean.Expr.const `Id.instMonad [Lean.Level.zero]))).app
                      input).app
                  output).app
              value).app
          (Lean.Expr.lam binderName domain body binderInfo) =>
        match booleanRangeBindTypes? input domain output with
        | none =>
          match booleanRangeFlagBindTypes? input domain output with
          | none => none
          | some val =>
            scalarRangeValueBinding (extractScalarExprWith locals ((Lean.Expr.const `Bool.toUInt64 []).app value))
              (fun flag => extractScalarBooleanRangeWith (ScalarBinding.boolean flag :: locals) slot body)
              (fun x => extractScalarBooleanRangeWith locals slot value) fun flag =>
              extractScalarExprWith (ScalarBinding.boolean flag :: locals)
                ((Lean.Expr.const `Bool.toUInt64 []).app body)
        | some val =>
          match extractScalarExprWith locals value with
          | some bound => extractScalarBooleanRangeWith (ScalarBinding.word bound :: locals) slot body
          | none => do
            let plan ← extractScalarRangeExitWith locals slot value
            let result ←
              extractScalarExprWith (ScalarBinding.word plan.result :: locals)
                  ((Lean.Expr.const `Bool.toUInt64 []).app body)
            pure
                { count := plan.count, initial := plan.initial, step := plan.step, done := plan.done, result := result }
      | (((((Lean.Expr.const `ite [Lean.Level.zero.succ]).app type).app condition).app evidence).app yes).app no =>
        match booleanType? type with
        | none => none
        | some val =>
          match extractScalarExprWith locals (BooleanRange.decision condition evidence) with
          | none => none
          | some guard => do
            let first ←
              scalarBooleanRangeArm (extractScalarExprWith locals ((Lean.Expr.const `Bool.toUInt64 []).app yes))
                  fun x => extractScalarBooleanRangeWith locals slot yes
            let second ←
              scalarBooleanRangeArm (extractScalarExprWith locals ((Lean.Expr.const `Bool.toUInt64 []).app no)) fun x =>
                  extractScalarBooleanRangeWith locals slot no
            pure (ScalarRangeExitPlan.choice guard first second)
      | source =>
        match _wrapped : booleanRangeWrapper? source with
        | some (fst, body) => extractScalarBooleanRangeWith locals slot body
        | none => none) =
    scalarBooleanRangeCompleteContinuation locals false value body
      (fun binding => extractScalarBooleanRangeWith (binding :: locals) slot body)
      (fun binding => extractScalarBooleanRangeWith (binding :: locals) slot value) fun arm x =>
      extractScalarBooleanRangeWith locals slot
        (Lean.Expr.letE name (Lean.Expr.forallE typeName (Lean.Expr.const `UInt64 []) type.expr typeBi)
          (Lean.Expr.lam paramName (Lean.Expr.const `UInt64 []) value paramBi) arm nondep)

locals : List ScalarBinding
slot : Nat
name typeName paramName : Lean.Name
typeBi paramBi : Lean.BinderInfo
type : BooleanType
value body : Lean.Expr
nondep : Bool
notScalar :
  extractScalarExprWith locals
      ((Lean.Expr.const `Bool.toUInt64 []).app
        (Lean.Expr.letE name (Lean.Expr.forallE typeName (Lean.Expr.const `UInt64 []) type.expr typeBi)
          (Lean.Expr.lam paramName (Lean.Expr.const `UInt64 []) value paramBi) body nondep)) =
    none
⊢ (match none with
    | some value => some (ScalarRangeExitPlan.scalar value)
    | none =>
      match
        Lean.Expr.letE name (Lean.Expr.forallE typeName (Lean.Expr.const `UInt64 []) type.expr typeBi)
          (Lean.Expr.lam paramName (Lean.Expr.const `UInt64 []) value paramBi) body nondep with
      | Lean.Expr.letE declName (Lean.Expr.const `UInt64 []) value body nondep =>
        match extractScalarExprWith locals value with
        | some bound => extractScalarBooleanRangeWith (ScalarBinding.word bound :: locals) slot body
        | none => do
          let plan ← extractScalarRangeExitWith locals slot value
          let result ←
            extractScalarExprWith (ScalarBinding.word plan.result :: locals)
                ((Lean.Expr.const `Bool.toUInt64 []).app body)
          pure { count := plan.count, initial := plan.initial, step := plan.step, done := plan.done, result := result }
      | Lean.Expr.letE declName (Lean.Expr.const `Bool []) value body nondep =>
        scalarRangeValueBinding (extractScalarExprWith locals ((Lean.Expr.const `Bool.toUInt64 []).app value))
          (fun flag => extractScalarBooleanRangeWith (ScalarBinding.boolean flag :: locals) slot body)
          (fun x => extractScalarBooleanRangeWith locals slot value) fun flag =>
          extractScalarExprWith (ScalarBinding.boolean flag :: locals) ((Lean.Expr.const `Bool.toUInt64 []).app body)
      | Lean.Expr.letE name ((Lean.Expr.const `Id [Lean.Level.zero]).app type) value body nondep =>
        extractScalarBooleanRangeWith locals slot (Lean.Expr.letE name type value body nondep)
      |
      Lean.Expr.letE declName
          (Lean.Expr.forallE firstTypeName (Lean.Expr.const `UInt64 [])
            (Lean.Expr.forallE secondTypeName (Lean.Expr.const `UInt64 []) resultType secondTypeBi) firstTypeBi)
          (Lean.Expr.lam firstName (Lean.Expr.const `UInt64 [])
            (Lean.Expr.lam secondName (Lean.Expr.const `UInt64 []) value secondBi) firstBi)
          body nondep =>
        match scalarResultType? resultType with
        | none =>
          match
            scalarManyFunction?
              (Lean.Expr.forallE firstTypeName (Lean.Expr.const `UInt64 [])
                (Lean.Expr.forallE secondTypeName (Lean.Expr.const `UInt64 []) resultType secondTypeBi) firstTypeBi)
              (Lean.Expr.lam firstName (Lean.Expr.const `UInt64 [])
                (Lean.Expr.lam secondName (Lean.Expr.const `UInt64 []) value secondBi) firstBi) with
          | none => none
          | some shape =>
            match
              extractScalarExprWith (List.replicate shape.arity (ScalarBinding.word (IR.Expr.u64 0)) ++ locals)
                shape.body with
            | none => none
            | some val =>
              extractScalarBooleanRangeWith
                ((ScalarBinding.manyFunction shape.arity fun arguments =>
                    extractScalarExprWith (List.map ScalarBinding.word arguments.reverse ++ locals) shape.body) ::
                  locals)
                slot body
        | some val =>
          match
            extractScalarExprWith (ScalarBinding.word (IR.Expr.u64 0) :: ScalarBinding.word (IR.Expr.u64 0) :: locals)
              value with
          | none => none
          | some val =>
            extractScalarBooleanRangeWith
              ((ScalarBinding.binaryFunction fun first second =>
                  extractScalarExprWith (ScalarBinding.word second :: ScalarBinding.word first :: locals) value) ::
                locals)
              slot body
      |
      Lean.Expr.letE name (Lean.Expr.forallE typeName (Lean.Expr.const `UInt64 []) resultType typeBi)
          (Lean.Expr.lam paramName (Lean.Expr.const `UInt64 []) value paramBi) body nondep =>
        match scalarResultType? resultType with
        | none =>
          match booleanType? resultType with
          | none => none
          | some val =>
            scalarBooleanRangeCompleteContinuation locals false value body
              (fun binding => extractScalarBooleanRangeWith (binding :: locals) slot body)
              (fun binding => extractScalarBooleanRangeWith (binding :: locals) slot value) fun arm x =>
              extractScalarBooleanRangeWith locals slot
                (Lean.Expr.letE name (Lean.Expr.forallE typeName (Lean.Expr.const `UInt64 []) resultType typeBi)
                  (Lean.Expr.lam paramName (Lean.Expr.const `UInt64 []) value paramBi) arm nondep)
        | some val =>
          match extractScalarExprWith (ScalarBinding.word (IR.Expr.u64 0) :: locals) value with
          | none => none
          | some val =>
            extractScalarBooleanRangeWith
              ((ScalarBinding.function false fun argument =>
                  extractScalarExprWith (ScalarBinding.word argument :: locals) value) ::
                locals)
              slot body
      |
      Lean.Expr.letE name (Lean.Expr.forallE typeName (Lean.Expr.const `Bool []) resultType typeBi)
          (Lean.Expr.lam paramName (Lean.Expr.const `Bool []) value paramBi) body nondep =>
        match scalarResultType? resultType with
        | none =>
          match booleanType? resultType with
          | none => none
          | some val =>
            scalarBooleanRangeCompleteContinuation locals true value body
              (fun binding => extractScalarBooleanRangeWith (binding :: locals) slot body)
              (fun binding => extractScalarBooleanRangeWith (binding :: locals) slot value) fun arm x =>
              extractScalarBooleanRangeWith locals slot
                (Lean.Expr.letE name (Lean.Expr.forallE typeName (Lean.Expr.const `Bool []) resultType typeBi)
                  (Lean.Expr.lam paramName (Lean.Expr.const `Bool []) value paramBi) arm nondep)
        | some val =>
          match extractScalarExprWith (ScalarBinding.boolean (IR.Expr.u64 0) :: locals) value with
          | none => none
          | some val =>
            extractScalarBooleanRangeWith
              ((ScalarBinding.booleanFunction fun argument =>
                  extractScalarExprWith (ScalarBinding.boolean argument :: locals) value) ::
                locals)
              slot body
      |
      Lean.Expr.letE declName
          (Lean.Expr.forallE binderName (Lean.Expr.const `Unit [])
            (Lean.Expr.forallE binderName_1 (Lean.Expr.const `UInt64 []) resultType binderInfo) binderInfo_1)
          (Lean.Expr.lam binderName_2 (Lean.Expr.const `Unit [])
            (Lean.Expr.lam binderName_3 (Lean.Expr.const `UInt64 []) value binderInfo_2) binderInfo_3)
          body nondep =>
        match scalarResultType? resultType with
        | none => none
        | some val =>
          match extractScalarExprWith (ScalarBinding.word (IR.Expr.u64 0) :: ScalarBinding.unit :: locals) value with
          | none => none
          | some val =>
            extractScalarBooleanRangeWith
              ((ScalarBinding.function true fun argument =>
                  extractScalarExprWith (ScalarBinding.word argument :: ScalarBinding.unit :: locals) value) ::
                locals)
              slot body
      |
      Lean.Expr.letE declName
          (Lean.Expr.forallE binderName (Lean.Expr.const `PUnit [Lean.Level.zero.succ])
            (Lean.Expr.forallE binderName_1 (Lean.Expr.const `UInt64 []) resultType binderInfo) binderInfo_1)
          (Lean.Expr.lam binderName_2 (Lean.Expr.const `PUnit [Lean.Level.zero.succ])
            (Lean.Expr.lam binderName_3 (Lean.Expr.const `UInt64 []) value binderInfo_2) binderInfo_3)
          body nondep =>
        match scalarResultType? resultType with
        | none => none
        | some val =>
          match extractScalarExprWith (ScalarBinding.word (IR.Expr.u64 0) :: ScalarBinding.unit :: locals) value with
          | none => none
          | some val =>
            extractScalarBooleanRangeWith
              ((ScalarBinding.function true fun argument =>
                  extractScalarExprWith (ScalarBinding.word argument :: ScalarBinding.unit :: locals) value) ::
                locals)
              slot body
      |
      Lean.Expr.letE name
          (Lean.Expr.forallE typeName ((Lean.Expr.const `Id [Lean.Level.zero]).app input) resultType typeBi)
          (Lean.Expr.lam paramName ((Lean.Expr.const `Id [Lean.Level.zero]).app domain) value paramBi) body nondep =>
        if input = domain then
          extractScalarBooleanRangeWith locals slot
            (Lean.Expr.letE name (Lean.Expr.forallE typeName input resultType typeBi)
              (Lean.Expr.lam paramName domain value paramBi) body nondep)
        else none
      |
      ((((((Lean.Expr.const `Bind.bind [Lean.Level.zero, Lean.Level.zero]).app
                              (Lean.Expr.const `Id [Lean.Level.zero])).app
                          (((Lean.Expr.const `Monad.toBind [Lean.Level.zero, Lean.Level.zero]).app
                                (Lean.Expr.const `Id [Lean.Level.zero])).app
                            (Lean.Expr.const `Id.instMonad [Lean.Level.zero]))).app
                      input).app
                  output).app
              value).app
          (Lean.Expr.lam binderName domain body binderInfo) =>
        match booleanRangeBindTypes? input domain output with
        | none =>
          match booleanRangeFlagBindTypes? input domain output with
          | none => none
          | some val =>
            scalarRangeValueBinding (extractScalarExprWith locals ((Lean.Expr.const `Bool.toUInt64 []).app value))
              (fun flag => extractScalarBooleanRangeWith (ScalarBinding.boolean flag :: locals) slot body)
              (fun x => extractScalarBooleanRangeWith locals slot value) fun flag =>
              extractScalarExprWith (ScalarBinding.boolean flag :: locals)
                ((Lean.Expr.const `Bool.toUInt64 []).app body)
        | some val =>
          match extractScalarExprWith locals value with
          | some bound => extractScalarBooleanRangeWith (ScalarBinding.word bound :: locals) slot body
          | none => do
            let plan ← extractScalarRangeExitWith locals slot value
            let result ←
              extractScalarExprWith (ScalarBinding.word plan.result :: locals)
                  ((Lean.Expr.const `Bool.toUInt64 []).app body)
            pure
                { count := plan.count, initial := plan.initial, step := plan.step, done := plan.done, result := result }
      | (((((Lean.Expr.const `ite [Lean.Level.zero.succ]).app type).app condition).app evidence).app yes).app no =>
        match booleanType? type with
        | none => none
        | some val =>
          match extractScalarExprWith locals (BooleanRange.decision condition evidence) with
          | none => none
          | some guard => do
            let first ←
              scalarBooleanRangeArm (extractScalarExprWith locals ((Lean.Expr.const `Bool.toUInt64 []).app yes))
                  fun x => extractScalarBooleanRangeWith locals slot yes
            let second ←
              scalarBooleanRangeArm (extractScalarExprWith locals ((Lean.Expr.const `Bool.toUInt64 []).app no)) fun x =>
                  extractScalarBooleanRangeWith locals slot no
            pure (ScalarRangeExitPlan.choice guard first second)
      | source =>
        match _wrapped : booleanRangeWrapper? source with
        | some (fst, body) => extractScalarBooleanRangeWith locals slot body
        | none => none) =
    scalarBooleanRangeCompleteContinuation locals false value body
      (fun binding => extractScalarBooleanRangeWith (binding :: locals) slot body)
      (fun binding => extractScalarBooleanRangeWith (binding :: locals) slot value) fun arm x =>
      extractScalarBooleanRangeWith locals slot
        (Lean.Expr.letE name (Lean.Expr.forallE typeName (Lean.Expr.const `UInt64 []) type.expr typeBi)
          (Lean.Expr.lam paramName (Lean.Expr.const `UInt64 []) value paramBi) arm nondep)
LeanExe/Extract/ScalarBooleanRange.lean:388:55: error: Tactic `rewrite` failed: Did not find an occurrence of the pattern
  scalarResultType? (BooleanType.expr ?type)
in the target expression
  (match none with
    | some value => some (ScalarRangeExitPlan.scalar value)
    | none =>
      match
        Lean.Expr.letE name (Lean.Expr.forallE typeName (Lean.Expr.const `Bool []) type.expr typeBi)
          (Lean.Expr.lam paramName (Lean.Expr.const `Bool []) value paramBi) body nondep with
      | Lean.Expr.letE declName (Lean.Expr.const `UInt64 []) value body nondep =>
        match extractScalarExprWith locals value with
        | some bound => extractScalarBooleanRangeWith (ScalarBinding.word bound :: locals) slot body
        | none => do
          let plan ← extractScalarRangeExitWith locals slot value
          let result ←
            extractScalarExprWith (ScalarBinding.word plan.result :: locals)
                ((Lean.Expr.const `Bool.toUInt64 []).app body)
          pure { count := plan.count, initial := plan.initial, step := plan.step, done := plan.done, result := result }
      | Lean.Expr.letE declName (Lean.Expr.const `Bool []) value body nondep =>
        scalarRangeValueBinding (extractScalarExprWith locals ((Lean.Expr.const `Bool.toUInt64 []).app value))
          (fun flag => extractScalarBooleanRangeWith (ScalarBinding.boolean flag :: locals) slot body)
          (fun x => extractScalarBooleanRangeWith locals slot value) fun flag =>
          extractScalarExprWith (ScalarBinding.boolean flag :: locals) ((Lean.Expr.const `Bool.toUInt64 []).app body)
      | Lean.Expr.letE name ((Lean.Expr.const `Id [Lean.Level.zero]).app type) value body nondep =>
        extractScalarBooleanRangeWith locals slot (Lean.Expr.letE name type value body nondep)
      |
      Lean.Expr.letE declName
          (Lean.Expr.forallE firstTypeName (Lean.Expr.const `UInt64 [])
            (Lean.Expr.forallE secondTypeName (Lean.Expr.const `UInt64 []) resultType secondTypeBi) firstTypeBi)
          (Lean.Expr.lam firstName (Lean.Expr.const `UInt64 [])
            (Lean.Expr.lam secondName (Lean.Expr.const `UInt64 []) value secondBi) firstBi)
          body nondep =>
        match scalarResultType? resultType with
        | none =>
          match
            scalarManyFunction?
              (Lean.Expr.forallE firstTypeName (Lean.Expr.const `UInt64 [])
                (Lean.Expr.forallE secondTypeName (Lean.Expr.const `UInt64 []) resultType secondTypeBi) firstTypeBi)
              (Lean.Expr.lam firstName (Lean.Expr.const `UInt64 [])
                (Lean.Expr.lam secondName (Lean.Expr.const `UInt64 []) value secondBi) firstBi) with
          | none => none
          | some shape =>
            match
              extractScalarExprWith (List.replicate shape.arity (ScalarBinding.word (IR.Expr.u64 0)) ++ locals)
                shape.body with
            | none => none
            | some val =>
              extractScalarBooleanRangeWith
                ((ScalarBinding.manyFunction shape.arity fun arguments =>
                    extractScalarExprWith (List.map ScalarBinding.word arguments.reverse ++ locals) shape.body) ::
                  locals)
                slot body
        | some val =>
          match
            extractScalarExprWith (ScalarBinding.word (IR.Expr.u64 0) :: ScalarBinding.word (IR.Expr.u64 0) :: locals)
              value with
          | none => none
          | some val =>
            extractScalarBooleanRangeWith
              ((ScalarBinding.binaryFunction fun first second =>
                  extractScalarExprWith (ScalarBinding.word second :: ScalarBinding.word first :: locals) value) ::
                locals)
              slot body
      |
      Lean.Expr.letE name (Lean.Expr.forallE typeName (Lean.Expr.const `UInt64 []) resultType typeBi)
          (Lean.Expr.lam paramName (Lean.Expr.const `UInt64 []) value paramBi) body nondep =>
        match scalarResultType? resultType with
        | none =>
          match booleanType? resultType with
          | none => none
          | some val =>
            scalarBooleanRangeCompleteContinuation locals false value body
              (fun binding => extractScalarBooleanRangeWith (binding :: locals) slot body)
              (fun binding => extractScalarBooleanRangeWith (binding :: locals) slot value) fun arm x =>
              extractScalarBooleanRangeWith locals slot
                (Lean.Expr.letE name (Lean.Expr.forallE typeName (Lean.Expr.const `UInt64 []) resultType typeBi)
                  (Lean.Expr.lam paramName (Lean.Expr.const `UInt64 []) value paramBi) arm nondep)
        | some val =>
          match extractScalarExprWith (ScalarBinding.word (IR.Expr.u64 0) :: locals) value with
          | none => none
          | some val =>
            extractScalarBooleanRangeWith
              ((ScalarBinding.function false fun argument =>
                  extractScalarExprWith (ScalarBinding.word argument :: locals) value) ::
                locals)
              slot body
      |
      Lean.Expr.letE name (Lean.Expr.forallE typeName (Lean.Expr.const `Bool []) resultType typeBi)
          (Lean.Expr.lam paramName (Lean.Expr.const `Bool []) value paramBi) body nondep =>
        match scalarResultType? resultType with
        | none =>
          match booleanType? resultType with
          | none => none
          | some val =>
            scalarBooleanRangeCompleteContinuation locals true value body
              (fun binding => extractScalarBooleanRangeWith (binding :: locals) slot body)
              (fun binding => extractScalarBooleanRangeWith (binding :: locals) slot value) fun arm x =>
              extractScalarBooleanRangeWith locals slot
                (Lean.Expr.letE name (Lean.Expr.forallE typeName (Lean.Expr.const `Bool []) resultType typeBi)
                  (Lean.Expr.lam paramName (Lean.Expr.const `Bool []) value paramBi) arm nondep)
        | some val =>
          match extractScalarExprWith (ScalarBinding.boolean (IR.Expr.u64 0) :: locals) value with
          | none => none
          | some val =>
            extractScalarBooleanRangeWith
              ((ScalarBinding.booleanFunction fun argument =>
                  extractScalarExprWith (ScalarBinding.boolean argument :: locals) value) ::
                locals)
              slot body
      |
      Lean.Expr.letE declName
          (Lean.Expr.forallE binderName (Lean.Expr.const `Unit [])
            (Lean.Expr.forallE binderName_1 (Lean.Expr.const `UInt64 []) resultType binderInfo) binderInfo_1)
          (Lean.Expr.lam binderName_2 (Lean.Expr.const `Unit [])
            (Lean.Expr.lam binderName_3 (Lean.Expr.const `UInt64 []) value binderInfo_2) binderInfo_3)
          body nondep =>
        match scalarResultType? resultType with
        | none => none
        | some val =>
          match extractScalarExprWith (ScalarBinding.word (IR.Expr.u64 0) :: ScalarBinding.unit :: locals) value with
          | none => none
          | some val =>
            extractScalarBooleanRangeWith
              ((ScalarBinding.function true fun argument =>
                  extractScalarExprWith (ScalarBinding.word argument :: ScalarBinding.unit :: locals) value) ::
                locals)
              slot body
      |
      Lean.Expr.letE declName
          (Lean.Expr.forallE binderName (Lean.Expr.const `PUnit [Lean.Level.zero.succ])
            (Lean.Expr.forallE binderName_1 (Lean.Expr.const `UInt64 []) resultType binderInfo) binderInfo_1)
          (Lean.Expr.lam binderName_2 (Lean.Expr.const `PUnit [Lean.Level.zero.succ])
            (Lean.Expr.lam binderName_3 (Lean.Expr.const `UInt64 []) value binderInfo_2) binderInfo_3)
          body nondep =>
        match scalarResultType? resultType with
        | none => none
        | some val =>
          match extractScalarExprWith (ScalarBinding.word (IR.Expr.u64 0) :: ScalarBinding.unit :: locals) value with
          | none => none
          | some val =>
            extractScalarBooleanRangeWith
              ((ScalarBinding.function true fun argument =>
                  extractScalarExprWith (ScalarBinding.word argument :: ScalarBinding.unit :: locals) value) ::
                locals)
              slot body
      |
      Lean.Expr.letE name
          (Lean.Expr.forallE typeName ((Lean.Expr.const `Id [Lean.Level.zero]).app input) resultType typeBi)
          (Lean.Expr.lam paramName ((Lean.Expr.const `Id [Lean.Level.zero]).app domain) value paramBi) body nondep =>
        if input = domain then
          extractScalarBooleanRangeWith locals slot
            (Lean.Expr.letE name (Lean.Expr.forallE typeName input resultType typeBi)
              (Lean.Expr.lam paramName domain value paramBi) body nondep)
        else none
      |
      ((((((Lean.Expr.const `Bind.bind [Lean.Level.zero, Lean.Level.zero]).app
                              (Lean.Expr.const `Id [Lean.Level.zero])).app
                          (((Lean.Expr.const `Monad.toBind [Lean.Level.zero, Lean.Level.zero]).app
                                (Lean.Expr.const `Id [Lean.Level.zero])).app
                            (Lean.Expr.const `Id.instMonad [Lean.Level.zero]))).app
                      input).app
                  output).app
              value).app
          (Lean.Expr.lam binderName domain body binderInfo) =>
        match booleanRangeBindTypes? input domain output with
        | none =>
          match booleanRangeFlagBindTypes? input domain output with
          | none => none
          | some val =>
            scalarRangeValueBinding (extractScalarExprWith locals ((Lean.Expr.const `Bool.toUInt64 []).app value))
              (fun flag => extractScalarBooleanRangeWith (ScalarBinding.boolean flag :: locals) slot body)
              (fun x => extractScalarBooleanRangeWith locals slot value) fun flag =>
              extractScalarExprWith (ScalarBinding.boolean flag :: locals)
                ((Lean.Expr.const `Bool.toUInt64 []).app body)
        | some val =>
          match extractScalarExprWith locals value with
          | some bound => extractScalarBooleanRangeWith (ScalarBinding.word bound :: locals) slot body
          | none => do
            let plan ← extractScalarRangeExitWith locals slot value
            let result ←
              extractScalarExprWith (ScalarBinding.word plan.result :: locals)
                  ((Lean.Expr.const `Bool.toUInt64 []).app body)
            pure
                { count := plan.count, initial := plan.initial, step := plan.step, done := plan.done, result := result }
      | (((((Lean.Expr.const `ite [Lean.Level.zero.succ]).app type).app condition).app evidence).app yes).app no =>
        match booleanType? type with
        | none => none
        | some val =>
          match extractScalarExprWith locals (BooleanRange.decision condition evidence) with
          | none => none
          | some guard => do
            let first ←
              scalarBooleanRangeArm (extractScalarExprWith locals ((Lean.Expr.const `Bool.toUInt64 []).app yes))
                  fun x => extractScalarBooleanRangeWith locals slot yes
            let second ←
              scalarBooleanRangeArm (extractScalarExprWith locals ((Lean.Expr.const `Bool.toUInt64 []).app no)) fun x =>
                  extractScalarBooleanRangeWith locals slot no
            pure (ScalarRangeExitPlan.choice guard first second)
      | source =>
        match _wrapped : booleanRangeWrapper? source with
        | some (fst, body) => extractScalarBooleanRangeWith locals slot body
        | none => none) =
    scalarBooleanRangeCompleteContinuation locals true value body
      (fun binding => extractScalarBooleanRangeWith (binding :: locals) slot body)
      (fun binding => extractScalarBooleanRangeWith (binding :: locals) slot value) fun arm x =>
      extractScalarBooleanRangeWith locals slot
        (Lean.Expr.letE name (Lean.Expr.forallE typeName (Lean.Expr.const `Bool []) type.expr typeBi)
          (Lean.Expr.lam paramName (Lean.Expr.const `Bool []) value paramBi) arm nondep)

locals : List ScalarBinding
slot : Nat
name typeName paramName : Lean.Name
typeBi paramBi : Lean.BinderInfo
type : BooleanType
value body : Lean.Expr
nondep : Bool
notScalar :
  extractScalarExprWith locals
      ((Lean.Expr.const `Bool.toUInt64 []).app
        (Lean.Expr.letE name (Lean.Expr.forallE typeName (Lean.Expr.const `Bool []) type.expr typeBi)
          (Lean.Expr.lam paramName (Lean.Expr.const `Bool []) value paramBi) body nondep)) =
    none
⊢ (match none with
    | some value => some (ScalarRangeExitPlan.scalar value)
    | none =>
      match
        Lean.Expr.letE name (Lean.Expr.forallE typeName (Lean.Expr.const `Bool []) type.expr typeBi)
          (Lean.Expr.lam paramName (Lean.Expr.const `Bool []) value paramBi) body nondep with
      | Lean.Expr.letE declName (Lean.Expr.const `UInt64 []) value body nondep =>
        match extractScalarExprWith locals value with
        | some bound => extractScalarBooleanRangeWith (ScalarBinding.word bound :: locals) slot body
        | none => do
          let plan ← extractScalarRangeExitWith locals slot value
          let result ←
            extractScalarExprWith (ScalarBinding.word plan.result :: locals)
                ((Lean.Expr.const `Bool.toUInt64 []).app body)
          pure { count := plan.count, initial := plan.initial, step := plan.step, done := plan.done, result := result }
      | Lean.Expr.letE declName (Lean.Expr.const `Bool []) value body nondep =>
        scalarRangeValueBinding (extractScalarExprWith locals ((Lean.Expr.const `Bool.toUInt64 []).app value))
          (fun flag => extractScalarBooleanRangeWith (ScalarBinding.boolean flag :: locals) slot body)
          (fun x => extractScalarBooleanRangeWith locals slot value) fun flag =>
          extractScalarExprWith (ScalarBinding.boolean flag :: locals) ((Lean.Expr.const `Bool.toUInt64 []).app body)
      | Lean.Expr.letE name ((Lean.Expr.const `Id [Lean.Level.zero]).app type) value body nondep =>
        extractScalarBooleanRangeWith locals slot (Lean.Expr.letE name type value body nondep)
      |
      Lean.Expr.letE declName
          (Lean.Expr.forallE firstTypeName (Lean.Expr.const `UInt64 [])
            (Lean.Expr.forallE secondTypeName (Lean.Expr.const `UInt64 []) resultType secondTypeBi) firstTypeBi)
          (Lean.Expr.lam firstName (Lean.Expr.const `UInt64 [])
            (Lean.Expr.lam secondName (Lean.Expr.const `UInt64 []) value secondBi) firstBi)
          body nondep =>
        match scalarResultType? resultType with
        | none =>
          match
            scalarManyFunction?
              (Lean.Expr.forallE firstTypeName (Lean.Expr.const `UInt64 [])
                (Lean.Expr.forallE secondTypeName (Lean.Expr.const `UInt64 []) resultType secondTypeBi) firstTypeBi)
              (Lean.Expr.lam firstName (Lean.Expr.const `UInt64 [])
                (Lean.Expr.lam secondName (Lean.Expr.const `UInt64 []) value secondBi) firstBi) with
          | none => none
          | some shape =>
            match
              extractScalarExprWith (List.replicate shape.arity (ScalarBinding.word (IR.Expr.u64 0)) ++ locals)
                shape.body with
            | none => none
            | some val =>
              extractScalarBooleanRangeWith
                ((ScalarBinding.manyFunction shape.arity fun arguments =>
                    extractScalarExprWith (List.map ScalarBinding.word arguments.reverse ++ locals) shape.body) ::
                  locals)
                slot body
        | some val =>
          match
            extractScalarExprWith (ScalarBinding.word (IR.Expr.u64 0) :: ScalarBinding.word (IR.Expr.u64 0) :: locals)
              value with
          | none => none
          | some val =>
            extractScalarBooleanRangeWith
              ((ScalarBinding.binaryFunction fun first second =>
                  extractScalarExprWith (ScalarBinding.word second :: ScalarBinding.word first :: locals) value) ::
                locals)
              slot body
      |
      Lean.Expr.letE name (Lean.Expr.forallE typeName (Lean.Expr.const `UInt64 []) resultType typeBi)
          (Lean.Expr.lam paramName (Lean.Expr.const `UInt64 []) value paramBi) body nondep =>
        match scalarResultType? resultType with
        | none =>
          match booleanType? resultType with
          | none => none
          | some val =>
            scalarBooleanRangeCompleteContinuation locals false value body
              (fun binding => extractScalarBooleanRangeWith (binding :: locals) slot body)
              (fun binding => extractScalarBooleanRangeWith (binding :: locals) slot value) fun arm x =>
              extractScalarBooleanRangeWith locals slot
                (Lean.Expr.letE name (Lean.Expr.forallE typeName (Lean.Expr.const `UInt64 []) resultType typeBi)
                  (Lean.Expr.lam paramName (Lean.Expr.const `UInt64 []) value paramBi) arm nondep)
        | some val =>
          match extractScalarExprWith (ScalarBinding.word (IR.Expr.u64 0) :: locals) value with
          | none => none
          | some val =>
            extractScalarBooleanRangeWith
              ((ScalarBinding.function false fun argument =>
                  extractScalarExprWith (ScalarBinding.word argument :: locals) value) ::
                locals)
              slot body
      |
      Lean.Expr.letE name (Lean.Expr.forallE typeName (Lean.Expr.const `Bool []) resultType typeBi)
          (Lean.Expr.lam paramName (Lean.Expr.const `Bool []) value paramBi) body nondep =>
        match scalarResultType? resultType with
        | none =>
          match booleanType? resultType with
          | none => none
          | some val =>
            scalarBooleanRangeCompleteContinuation locals true value body
              (fun binding => extractScalarBooleanRangeWith (binding :: locals) slot body)
              (fun binding => extractScalarBooleanRangeWith (binding :: locals) slot value) fun arm x =>
              extractScalarBooleanRangeWith locals slot
                (Lean.Expr.letE name (Lean.Expr.forallE typeName (Lean.Expr.const `Bool []) resultType typeBi)
                  (Lean.Expr.lam paramName (Lean.Expr.const `Bool []) value paramBi) arm nondep)
        | some val =>
          match extractScalarExprWith (ScalarBinding.boolean (IR.Expr.u64 0) :: locals) value with
          | none => none
          | some val =>
            extractScalarBooleanRangeWith
              ((ScalarBinding.booleanFunction fun argument =>
                  extractScalarExprWith (ScalarBinding.boolean argument :: locals) value) ::
                locals)
              slot body
      |
      Lean.Expr.letE declName
          (Lean.Expr.forallE binderName (Lean.Expr.const `Unit [])
            (Lean.Expr.forallE binderName_1 (Lean.Expr.const `UInt64 []) resultType binderInfo) binderInfo_1)
          (Lean.Expr.lam binderName_2 (Lean.Expr.const `Unit [])
            (Lean.Expr.lam binderName_3 (Lean.Expr.const `UInt64 []) value binderInfo_2) binderInfo_3)
          body nondep =>
        match scalarResultType? resultType with
        | none => none
        | some val =>
          match extractScalarExprWith (ScalarBinding.word (IR.Expr.u64 0) :: ScalarBinding.unit :: locals) value with
          | none => none
          | some val =>
            extractScalarBooleanRangeWith
              ((ScalarBinding.function true fun argument =>
                  extractScalarExprWith (ScalarBinding.word argument :: ScalarBinding.unit :: locals) value) ::
                locals)
              slot body
      |
      Lean.Expr.letE declName
          (Lean.Expr.forallE binderName (Lean.Expr.const `PUnit [Lean.Level.zero.succ])
            (Lean.Expr.forallE binderName_1 (Lean.Expr.const `UInt64 []) resultType binderInfo) binderInfo_1)
          (Lean.Expr.lam binderName_2 (Lean.Expr.const `PUnit [Lean.Level.zero.succ])
            (Lean.Expr.lam binderName_3 (Lean.Expr.const `UInt64 []) value binderInfo_2) binderInfo_3)
          body nondep =>
        match scalarResultType? resultType with
        | none => none
        | some val =>
          match extractScalarExprWith (ScalarBinding.word (IR.Expr.u64 0) :: ScalarBinding.unit :: locals) value with
          | none => none
          | some val =>
            extractScalarBooleanRangeWith
              ((ScalarBinding.function true fun argument =>
                  extractScalarExprWith (ScalarBinding.word argument :: ScalarBinding.unit :: locals) value) ::
                locals)
              slot body
      |
      Lean.Expr.letE name
          (Lean.Expr.forallE typeName ((Lean.Expr.const `Id [Lean.Level.zero]).app input) resultType typeBi)
          (Lean.Expr.lam paramName ((Lean.Expr.const `Id [Lean.Level.zero]).app domain) value paramBi) body nondep =>
        if input = domain then
          extractScalarBooleanRangeWith locals slot
            (Lean.Expr.letE name (Lean.Expr.forallE typeName input resultType typeBi)
              (Lean.Expr.lam paramName domain value paramBi) body nondep)
        else none
      |
      ((((((Lean.Expr.const `Bind.bind [Lean.Level.zero, Lean.Level.zero]).app
                              (Lean.Expr.const `Id [Lean.Level.zero])).app
                          (((Lean.Expr.const `Monad.toBind [Lean.Level.zero, Lean.Level.zero]).app
                                (Lean.Expr.const `Id [Lean.Level.zero])).app
                            (Lean.Expr.const `Id.instMonad [Lean.Level.zero]))).app
                      input).app
                  output).app
              value).app
          (Lean.Expr.lam binderName domain body binderInfo) =>
        match booleanRangeBindTypes? input domain output with
        | none =>
          match booleanRangeFlagBindTypes? input domain output with
          | none => none
          | some val =>
            scalarRangeValueBinding (extractScalarExprWith locals ((Lean.Expr.const `Bool.toUInt64 []).app value))
              (fun flag => extractScalarBooleanRangeWith (ScalarBinding.boolean flag :: locals) slot body)
              (fun x => extractScalarBooleanRangeWith locals slot value) fun flag =>
              extractScalarExprWith (ScalarBinding.boolean flag :: locals)
                ((Lean.Expr.const `Bool.toUInt64 []).app body)
        | some val =>
          match extractScalarExprWith locals value with
          | some bound => extractScalarBooleanRangeWith (ScalarBinding.word bound :: locals) slot body
          | none => do
            let plan ← extractScalarRangeExitWith locals slot value
            let result ←
              extractScalarExprWith (ScalarBinding.word plan.result :: locals)
                  ((Lean.Expr.const `Bool.toUInt64 []).app body)
            pure
                { count := plan.count, initial := plan.initial, step := plan.step, done := plan.done, result := result }
      | (((((Lean.Expr.const `ite [Lean.Level.zero.succ]).app type).app condition).app evidence).app yes).app no =>
        match booleanType? type with
        | none => none
        | some val =>
          match extractScalarExprWith locals (BooleanRange.decision condition evidence) with
          | none => none
          | some guard => do
            let first ←
              scalarBooleanRangeArm (extractScalarExprWith locals ((Lean.Expr.const `Bool.toUInt64 []).app yes))
                  fun x => extractScalarBooleanRangeWith locals slot yes
            let second ←
              scalarBooleanRangeArm (extractScalarExprWith locals ((Lean.Expr.const `Bool.toUInt64 []).app no)) fun x =>
                  extractScalarBooleanRangeWith locals slot no
            pure (ScalarRangeExitPlan.choice guard first second)
      | source =>
        match _wrapped : booleanRangeWrapper? source with
        | some (fst, body) => extractScalarBooleanRangeWith locals slot body
        | none => none) =
    scalarBooleanRangeCompleteContinuation locals true value body
      (fun binding => extractScalarBooleanRangeWith (binding :: locals) slot body)
      (fun binding => extractScalarBooleanRangeWith (binding :: locals) slot value) fun arm x =>
      extractScalarBooleanRangeWith locals slot
        (Lean.Expr.letE name (Lean.Expr.forallE typeName (Lean.Expr.const `Bool []) type.expr typeBi)
          (Lean.Expr.lam paramName (Lean.Expr.const `Bool []) value paramBi) arm nondep)
LeanExe/Extract/ScalarBooleanRange.lean:421:55: error: Tactic `rewrite` failed: Did not find an occurrence of the pattern
  scalarResultType? (ResultType.expr ?type)
in the target expression
  (match none with
    | some value => some (ScalarRangeExitPlan.scalar value)
    | none =>
      match
        Lean.Expr.letE name
          (Lean.Expr.forallE firstTypeName (Lean.Expr.const `UInt64 [])
            (Lean.Expr.forallE secondTypeName (Lean.Expr.const `UInt64 []) type.expr secondTypeBi) firstTypeBi)
          (Lean.Expr.lam firstName (Lean.Expr.const `UInt64 [])
            (Lean.Expr.lam secondName (Lean.Expr.const `UInt64 []) a secondBi) firstBi)
          b nondep with
      | Lean.Expr.letE declName (Lean.Expr.const `UInt64 []) value body nondep =>
        match extractScalarExprWith locals value with
        | some bound => extractScalarBooleanRangeWith (ScalarBinding.word bound :: locals) slot body
        | none => do
          let plan ← extractScalarRangeExitWith locals slot value
          let result ←
            extractScalarExprWith (ScalarBinding.word plan.result :: locals)
                ((Lean.Expr.const `Bool.toUInt64 []).app body)
          pure { count := plan.count, initial := plan.initial, step := plan.step, done := plan.done, result := result }
      | Lean.Expr.letE declName (Lean.Expr.const `Bool []) value body nondep =>
        scalarRangeValueBinding (extractScalarExprWith locals ((Lean.Expr.const `Bool.toUInt64 []).app value))
          (fun flag => extractScalarBooleanRangeWith (ScalarBinding.boolean flag :: locals) slot body)
          (fun x => extractScalarBooleanRangeWith locals slot value) fun flag =>
          extractScalarExprWith (ScalarBinding.boolean flag :: locals) ((Lean.Expr.const `Bool.toUInt64 []).app body)
      | Lean.Expr.letE name ((Lean.Expr.const `Id [Lean.Level.zero]).app type) value body nondep =>
        extractScalarBooleanRangeWith locals slot (Lean.Expr.letE name type value body nondep)
      |
      Lean.Expr.letE declName
          (Lean.Expr.forallE firstTypeName (Lean.Expr.const `UInt64 [])
            (Lean.Expr.forallE secondTypeName (Lean.Expr.const `UInt64 []) resultType secondTypeBi) firstTypeBi)
          (Lean.Expr.lam firstName (Lean.Expr.const `UInt64 [])
            (Lean.Expr.lam secondName (Lean.Expr.const `UInt64 []) value secondBi) firstBi)
          body nondep =>
        match scalarResultType? resultType with
        | none =>
          match
            scalarManyFunction?
              (Lean.Expr.forallE firstTypeName (Lean.Expr.const `UInt64 [])
                (Lean.Expr.forallE secondTypeName (Lean.Expr.const `UInt64 []) resultType secondTypeBi) firstTypeBi)
              (Lean.Expr.lam firstName (Lean.Expr.const `UInt64 [])
                (Lean.Expr.lam secondName (Lean.Expr.const `UInt64 []) value secondBi) firstBi) with
          | none => none
          | some shape =>
            match
              extractScalarExprWith (List.replicate shape.arity (ScalarBinding.word (IR.Expr.u64 0)) ++ locals)
                shape.body with
            | none => none
            | some val =>
              extractScalarBooleanRangeWith
                ((ScalarBinding.manyFunction shape.arity fun arguments =>
                    extractScalarExprWith (List.map ScalarBinding.word arguments.reverse ++ locals) shape.body) ::
                  locals)
                slot body
        | some val =>
          match
            extractScalarExprWith (ScalarBinding.word (IR.Expr.u64 0) :: ScalarBinding.word (IR.Expr.u64 0) :: locals)
              value with
          | none => none
          | some val =>
            extractScalarBooleanRangeWith
              ((ScalarBinding.binaryFunction fun first second =>
                  extractScalarExprWith (ScalarBinding.word second :: ScalarBinding.word first :: locals) value) ::
                locals)
              slot body
      |
      Lean.Expr.letE name (Lean.Expr.forallE typeName (Lean.Expr.const `UInt64 []) resultType typeBi)
          (Lean.Expr.lam paramName (Lean.Expr.const `UInt64 []) value paramBi) body nondep =>
        match scalarResultType? resultType with
        | none =>
          match booleanType? resultType with
          | none => none
          | some val =>
            scalarBooleanRangeCompleteContinuation locals false value body
              (fun binding => extractScalarBooleanRangeWith (binding :: locals) slot body)
              (fun binding => extractScalarBooleanRangeWith (binding :: locals) slot value) fun arm x =>
              extractScalarBooleanRangeWith locals slot
                (Lean.Expr.letE name (Lean.Expr.forallE typeName (Lean.Expr.const `UInt64 []) resultType typeBi)
                  (Lean.Expr.lam paramName (Lean.Expr.const `UInt64 []) value paramBi) arm nondep)
        | some val =>
          match extractScalarExprWith (ScalarBinding.word (IR.Expr.u64 0) :: locals) value with
          | none => none
          | some val =>
            extractScalarBooleanRangeWith
              ((ScalarBinding.function false fun argument =>
                  extractScalarExprWith (ScalarBinding.word argument :: locals) value) ::
                locals)
              slot body
      |
      Lean.Expr.letE name (Lean.Expr.forallE typeName (Lean.Expr.const `Bool []) resultType typeBi)
          (Lean.Expr.lam paramName (Lean.Expr.const `Bool []) value paramBi) body nondep =>
        match scalarResultType? resultType with
        | none =>
          match booleanType? resultType with
          | none => none
          | some val =>
            scalarBooleanRangeCompleteContinuation locals true value body
              (fun binding => extractScalarBooleanRangeWith (binding :: locals) slot body)
              (fun binding => extractScalarBooleanRangeWith (binding :: locals) slot value) fun arm x =>
              extractScalarBooleanRangeWith locals slot
                (Lean.Expr.letE name (Lean.Expr.forallE typeName (Lean.Expr.const `Bool []) resultType typeBi)
                  (Lean.Expr.lam paramName (Lean.Expr.const `Bool []) value paramBi) arm nondep)
        | some val =>
          match extractScalarExprWith (ScalarBinding.boolean (IR.Expr.u64 0) :: locals) value with
          | none => none
          | some val =>
            extractScalarBooleanRangeWith
              ((ScalarBinding.booleanFunction fun argument =>
                  extractScalarExprWith (ScalarBinding.boolean argument :: locals) value) ::
                locals)
              slot body
      |
      Lean.Expr.letE declName
          (Lean.Expr.forallE binderName (Lean.Expr.const `Unit [])
            (Lean.Expr.forallE binderName_1 (Lean.Expr.const `UInt64 []) resultType binderInfo) binderInfo_1)
          (Lean.Expr.lam binderName_2 (Lean.Expr.const `Unit [])
            (Lean.Expr.lam binderName_3 (Lean.Expr.const `UInt64 []) value binderInfo_2) binderInfo_3)
          body nondep =>
        match scalarResultType? resultType with
        | none => none
        | some val =>
          match extractScalarExprWith (ScalarBinding.word (IR.Expr.u64 0) :: ScalarBinding.unit :: locals) value with
          | none => none
          | some val =>
            extractScalarBooleanRangeWith
              ((ScalarBinding.function true fun argument =>
                  extractScalarExprWith (ScalarBinding.word argument :: ScalarBinding.unit :: locals) value) ::
                locals)
              slot body
      |
      Lean.Expr.letE declName
          (Lean.Expr.forallE binderName (Lean.Expr.const `PUnit [Lean.Level.zero.succ])
            (Lean.Expr.forallE binderName_1 (Lean.Expr.const `UInt64 []) resultType binderInfo) binderInfo_1)
          (Lean.Expr.lam binderName_2 (Lean.Expr.const `PUnit [Lean.Level.zero.succ])
            (Lean.Expr.lam binderName_3 (Lean.Expr.const `UInt64 []) value binderInfo_2) binderInfo_3)
          body nondep =>
        match scalarResultType? resultType with
        | none => none
        | some val =>
          match extractScalarExprWith (ScalarBinding.word (IR.Expr.u64 0) :: ScalarBinding.unit :: locals) value with
          | none => none
          | some val =>
            extractScalarBooleanRangeWith
              ((ScalarBinding.function true fun argument =>
                  extractScalarExprWith (ScalarBinding.word argument :: ScalarBinding.unit :: locals) value) ::
                locals)
              slot body
      |
      Lean.Expr.letE name
          (Lean.Expr.forallE typeName ((Lean.Expr.const `Id [Lean.Level.zero]).app input) resultType typeBi)
          (Lean.Expr.lam paramName ((Lean.Expr.const `Id [Lean.Level.zero]).app domain) value paramBi) body nondep =>
        if input = domain then
          extractScalarBooleanRangeWith locals slot
            (Lean.Expr.letE name (Lean.Expr.forallE typeName input resultType typeBi)
              (Lean.Expr.lam paramName domain value paramBi) body nondep)
        else none
      |
      ((((((Lean.Expr.const `Bind.bind [Lean.Level.zero, Lean.Level.zero]).app
                              (Lean.Expr.const `Id [Lean.Level.zero])).app
                          (((Lean.Expr.const `Monad.toBind [Lean.Level.zero, Lean.Level.zero]).app
                                (Lean.Expr.const `Id [Lean.Level.zero])).app
                            (Lean.Expr.const `Id.instMonad [Lean.Level.zero]))).app
                      input).app
                  output).app
              value).app
          (Lean.Expr.lam binderName domain body binderInfo) =>
        match booleanRangeBindTypes? input domain output with
        | none =>
          match booleanRangeFlagBindTypes? input domain output with
          | none => none
          | some val =>
            scalarRangeValueBinding (extractScalarExprWith locals ((Lean.Expr.const `Bool.toUInt64 []).app value))
              (fun flag => extractScalarBooleanRangeWith (ScalarBinding.boolean flag :: locals) slot body)
              (fun x => extractScalarBooleanRangeWith locals slot value) fun flag =>
              extractScalarExprWith (ScalarBinding.boolean flag :: locals)
                ((Lean.Expr.const `Bool.toUInt64 []).app body)
        | some val =>
          match extractScalarExprWith locals value with
          | some bound => extractScalarBooleanRangeWith (ScalarBinding.word bound :: locals) slot body
          | none => do
            let plan ← extractScalarRangeExitWith locals slot value
            let result ←
              extractScalarExprWith (ScalarBinding.word plan.result :: locals)
                  ((Lean.Expr.const `Bool.toUInt64 []).app body)
            pure
                { count := plan.count, initial := plan.initial, step := plan.step, done := plan.done, result := result }
      | (((((Lean.Expr.const `ite [Lean.Level.zero.succ]).app type).app condition).app evidence).app yes).app no =>
        match booleanType? type with
        | none => none
        | some val =>
          match extractScalarExprWith locals (BooleanRange.decision condition evidence) with
          | none => none
          | some guard => do
            let first ←
              scalarBooleanRangeArm (extractScalarExprWith locals ((Lean.Expr.const `Bool.toUInt64 []).app yes))
                  fun x => extractScalarBooleanRangeWith locals slot yes
            let second ←
              scalarBooleanRangeArm (extractScalarExprWith locals ((Lean.Expr.const `Bool.toUInt64 []).app no)) fun x =>
                  extractScalarBooleanRangeWith locals slot no
            pure (ScalarRangeExitPlan.choice guard first second)
      | source =>
        match _wrapped : booleanRangeWrapper? source with
        | some (fst, body) => extractScalarBooleanRangeWith locals slot body
        | none => none) =
    do
    let _ ← extractScalarExprWith (ScalarBinding.word (IR.Expr.u64 0) :: ScalarBinding.word (IR.Expr.u64 0) :: locals) a
    extractScalarBooleanRangeWith
        ((ScalarBinding.binaryFunction fun first second =>
            extractScalarExprWith (ScalarBinding.word second :: ScalarBinding.word first :: locals) a) ::
          locals)
        slot b

locals : List ScalarBinding
slot : Nat
name firstTypeName secondTypeName firstName secondName : Lean.Name
firstTypeBi secondTypeBi firstBi secondBi : Lean.BinderInfo
type : ResultType
a b : Lean.Expr
nondep : Bool
notScalar :
  extractScalarExprWith locals
      ((Lean.Expr.const `Bool.toUInt64 []).app
        (Lean.Expr.letE name
          (Lean.Expr.forallE firstTypeName (Lean.Expr.const `UInt64 [])
            (Lean.Expr.forallE secondTypeName (Lean.Expr.const `UInt64 []) type.expr secondTypeBi) firstTypeBi)
          (Lean.Expr.lam firstName (Lean.Expr.const `UInt64 [])
            (Lean.Expr.lam secondName (Lean.Expr.const `UInt64 []) a secondBi) firstBi)
          b nondep)) =
    none
⊢ (match none with
    | some value => some (ScalarRangeExitPlan.scalar value)
    | none =>
      match
        Lean.Expr.letE name
          (Lean.Expr.forallE firstTypeName (Lean.Expr.const `UInt64 [])
            (Lean.Expr.forallE secondTypeName (Lean.Expr.const `UInt64 []) type.expr secondTypeBi) firstTypeBi)
          (Lean.Expr.lam firstName (Lean.Expr.const `UInt64 [])
            (Lean.Expr.lam secondName (Lean.Expr.const `UInt64 []) a secondBi) firstBi)
          b nondep with
      | Lean.Expr.letE declName (Lean.Expr.const `UInt64 []) value body nondep =>
        match extractScalarExprWith locals value with
        | some bound => extractScalarBooleanRangeWith (ScalarBinding.word bound :: locals) slot body
        | none => do
          let plan ← extractScalarRangeExitWith locals slot value
          let result ←
            extractScalarExprWith (ScalarBinding.word plan.result :: locals)
                ((Lean.Expr.const `Bool.toUInt64 []).app body)
          pure { count := plan.count, initial := plan.initial, step := plan.step, done := plan.done, result := result }
      | Lean.Expr.letE declName (Lean.Expr.const `Bool []) value body nondep =>
        scalarRangeValueBinding (extractScalarExprWith locals ((Lean.Expr.const `Bool.toUInt64 []).app value))
          (fun flag => extractScalarBooleanRangeWith (ScalarBinding.boolean flag :: locals) slot body)
          (fun x => extractScalarBooleanRangeWith locals slot value) fun flag =>
          extractScalarExprWith (ScalarBinding.boolean flag :: locals) ((Lean.Expr.const `Bool.toUInt64 []).app body)
      | Lean.Expr.letE name ((Lean.Expr.const `Id [Lean.Level.zero]).app type) value body nondep =>
        extractScalarBooleanRangeWith locals slot (Lean.Expr.letE name type value body nondep)
      |
      Lean.Expr.letE declName
          (Lean.Expr.forallE firstTypeName (Lean.Expr.const `UInt64 [])
            (Lean.Expr.forallE secondTypeName (Lean.Expr.const `UInt64 []) resultType secondTypeBi) firstTypeBi)
          (Lean.Expr.lam firstName (Lean.Expr.const `UInt64 [])
            (Lean.Expr.lam secondName (Lean.Expr.const `UInt64 []) value secondBi) firstBi)
          body nondep =>
        match scalarResultType? resultType with
        | none =>
          match
            scalarManyFunction?
              (Lean.Expr.forallE firstTypeName (Lean.Expr.const `UInt64 [])
                (Lean.Expr.forallE secondTypeName (Lean.Expr.const `UInt64 []) resultType secondTypeBi) firstTypeBi)
              (Lean.Expr.lam firstName (Lean.Expr.const `UInt64 [])
                (Lean.Expr.lam secondName (Lean.Expr.const `UInt64 []) value secondBi) firstBi) with
          | none => none
          | some shape =>
            match
              extractScalarExprWith (List.replicate shape.arity (ScalarBinding.word (IR.Expr.u64 0)) ++ locals)
                shape.body with
            | none => none
            | some val =>
              extractScalarBooleanRangeWith
                ((ScalarBinding.manyFunction shape.arity fun arguments =>
                    extractScalarExprWith (List.map ScalarBinding.word arguments.reverse ++ locals) shape.body) ::
                  locals)
                slot body
        | some val =>
          match
            extractScalarExprWith (ScalarBinding.word (IR.Expr.u64 0) :: ScalarBinding.word (IR.Expr.u64 0) :: locals)
              value with
          | none => none
          | some val =>
            extractScalarBooleanRangeWith
              ((ScalarBinding.binaryFunction fun first second =>
                  extractScalarExprWith (ScalarBinding.word second :: ScalarBinding.word first :: locals) value) ::
                locals)
              slot body
      |
      Lean.Expr.letE name (Lean.Expr.forallE typeName (Lean.Expr.const `UInt64 []) resultType typeBi)
          (Lean.Expr.lam paramName (Lean.Expr.const `UInt64 []) value paramBi) body nondep =>
        match scalarResultType? resultType with
        | none =>
          match booleanType? resultType with
          | none => none
          | some val =>
            scalarBooleanRangeCompleteContinuation locals false value body
              (fun binding => extractScalarBooleanRangeWith (binding :: locals) slot body)
              (fun binding => extractScalarBooleanRangeWith (binding :: locals) slot value) fun arm x =>
              extractScalarBooleanRangeWith locals slot
                (Lean.Expr.letE name (Lean.Expr.forallE typeName (Lean.Expr.const `UInt64 []) resultType typeBi)
                  (Lean.Expr.lam paramName (Lean.Expr.const `UInt64 []) value paramBi) arm nondep)
        | some val =>
          match extractScalarExprWith (ScalarBinding.word (IR.Expr.u64 0) :: locals) value with
          | none => none
          | some val =>
            extractScalarBooleanRangeWith
              ((ScalarBinding.function false fun argument =>
                  extractScalarExprWith (ScalarBinding.word argument :: locals) value) ::
                locals)
              slot body
      |
      Lean.Expr.letE name (Lean.Expr.forallE typeName (Lean.Expr.const `Bool []) resultType typeBi)
          (Lean.Expr.lam paramName (Lean.Expr.const `Bool []) value paramBi) body nondep =>
        match scalarResultType? resultType with
        | none =>
          match booleanType? resultType with
          | none => none
          | some val =>
            scalarBooleanRangeCompleteContinuation locals true value body
              (fun binding => extractScalarBooleanRangeWith (binding :: locals) slot body)
              (fun binding => extractScalarBooleanRangeWith (binding :: locals) slot value) fun arm x =>
              extractScalarBooleanRangeWith locals slot
                (Lean.Expr.letE name (Lean.Expr.forallE typeName (Lean.Expr.const `Bool []) resultType typeBi)
                  (Lean.Expr.lam paramName (Lean.Expr.const `Bool []) value paramBi) arm nondep)
        | some val =>
          match extractScalarExprWith (ScalarBinding.boolean (IR.Expr.u64 0) :: locals) value with
          | none => none
          | some val =>
            extractScalarBooleanRangeWith
              ((ScalarBinding.booleanFunction fun argument =>
                  extractScalarExprWith (ScalarBinding.boolean argument :: locals) value) ::
                locals)
              slot body
      |
      Lean.Expr.letE declName
          (Lean.Expr.forallE binderName (Lean.Expr.const `Unit [])
            (Lean.Expr.forallE binderName_1 (Lean.Expr.const `UInt64 []) resultType binderInfo) binderInfo_1)
          (Lean.Expr.lam binderName_2 (Lean.Expr.const `Unit [])
            (Lean.Expr.lam binderName_3 (Lean.Expr.const `UInt64 []) value binderInfo_2) binderInfo_3)
          body nondep =>
        match scalarResultType? resultType with
        | none => none
        | some val =>
          match extractScalarExprWith (ScalarBinding.word (IR.Expr.u64 0) :: ScalarBinding.unit :: locals) value with
          | none => none
          | some val =>
            extractScalarBooleanRangeWith
              ((ScalarBinding.function true fun argument =>
                  extractScalarExprWith (ScalarBinding.word argument :: ScalarBinding.unit :: locals) value) ::
                locals)
              slot body
      |
      Lean.Expr.letE declName
          (Lean.Expr.forallE binderName (Lean.Expr.const `PUnit [Lean.Level.zero.succ])
            (Lean.Expr.forallE binderName_1 (Lean.Expr.const `UInt64 []) resultType binderInfo) binderInfo_1)
          (Lean.Expr.lam binderName_2 (Lean.Expr.const `PUnit [Lean.Level.zero.succ])
            (Lean.Expr.lam binderName_3 (Lean.Expr.const `UInt64 []) value binderInfo_2) binderInfo_3)
          body nondep =>
        match scalarResultType? resultType with
        | none => none
        | some val =>
          match extractScalarExprWith (ScalarBinding.word (IR.Expr.u64 0) :: ScalarBinding.unit :: locals) value with
          | none => none
          | some val =>
            extractScalarBooleanRangeWith
              ((ScalarBinding.function true fun argument =>
                  extractScalarExprWith (ScalarBinding.word argument :: ScalarBinding.unit :: locals) value) ::
                locals)
              slot body
      |
      Lean.Expr.letE name
          (Lean.Expr.forallE typeName ((Lean.Expr.const `Id [Lean.Level.zero]).app input) resultType typeBi)
          (Lean.Expr.lam paramName ((Lean.Expr.const `Id [Lean.Level.zero]).app domain) value paramBi) body nondep =>
        if input = domain then
          extractScalarBooleanRangeWith locals slot
            (Lean.Expr.letE name (Lean.Expr.forallE typeName input resultType typeBi)
              (Lean.Expr.lam paramName domain value paramBi) body nondep)
        else none
      |
      ((((((Lean.Expr.const `Bind.bind [Lean.Level.zero, Lean.Level.zero]).app
                              (Lean.Expr.const `Id [Lean.Level.zero])).app
                          (((Lean.Expr.const `Monad.toBind [Lean.Level.zero, Lean.Level.zero]).app
                                (Lean.Expr.const `Id [Lean.Level.zero])).app
                            (Lean.Expr.const `Id.instMonad [Lean.Level.zero]))).app
                      input).app
                  output).app
              value).app
          (Lean.Expr.lam binderName domain body binderInfo) =>
        match booleanRangeBindTypes? input domain output with
        | none =>
          match booleanRangeFlagBindTypes? input domain output with
          | none => none
          | some val =>
            scalarRangeValueBinding (extractScalarExprWith locals ((Lean.Expr.const `Bool.toUInt64 []).app value))
              (fun flag => extractScalarBooleanRangeWith (ScalarBinding.boolean flag :: locals) slot body)
              (fun x => extractScalarBooleanRangeWith locals slot value) fun flag =>
              extractScalarExprWith (ScalarBinding.boolean flag :: locals)
                ((Lean.Expr.const `Bool.toUInt64 []).app body)
        | some val =>
          match extractScalarExprWith locals value with
          | some bound => extractScalarBooleanRangeWith (ScalarBinding.word bound :: locals) slot body
          | none => do
            let plan ← extractScalarRangeExitWith locals slot value
            let result ←
              extractScalarExprWith (ScalarBinding.word plan.result :: locals)
                  ((Lean.Expr.const `Bool.toUInt64 []).app body)
            pure
                { count := plan.count, initial := plan.initial, step := plan.step, done := plan.done, result := result }
      | (((((Lean.Expr.const `ite [Lean.Level.zero.succ]).app type).app condition).app evidence).app yes).app no =>
        match booleanType? type with
        | none => none
        | some val =>
          match extractScalarExprWith locals (BooleanRange.decision condition evidence) with
          | none => none
          | some guard => do
            let first ←
              scalarBooleanRangeArm (extractScalarExprWith locals ((Lean.Expr.const `Bool.toUInt64 []).app yes))
                  fun x => extractScalarBooleanRangeWith locals slot yes
            let second ←
              scalarBooleanRangeArm (extractScalarExprWith locals ((Lean.Expr.const `Bool.toUInt64 []).app no)) fun x =>
                  extractScalarBooleanRangeWith locals slot no
            pure (ScalarRangeExitPlan.choice guard first second)
      | source =>
        match _wrapped : booleanRangeWrapper? source with
        | some (fst, body) => extractScalarBooleanRangeWith locals slot body
        | none => none) =
    do
    let _ ← extractScalarExprWith (ScalarBinding.word (IR.Expr.u64 0) :: ScalarBinding.word (IR.Expr.u64 0) :: locals) a
    extractScalarBooleanRangeWith
        ((ScalarBinding.binaryFunction fun first second =>
            extractScalarExprWith (ScalarBinding.word second :: ScalarBinding.word first :: locals) a) ::
          locals)
        slot b
LeanExe/Extract/ScalarBooleanRange.lean:433:95: error: Tactic `rewrite` failed: Did not find an occurrence of the pattern
  extractScalarExprWith locals ((Lean.Expr.const `Bool.toUInt64 []).app (shape.bind name body nondep))
in the target expression
  (match
      extractScalarExprWith locals
        ((Lean.Expr.const `Bool.toUInt64 []).app
          (Lean.Expr.letE name
            (Lean.Expr.forallE shape.first.typeName (Lean.Expr.const `UInt64 [])
              (Lean.Expr.forallE shape.second.typeName (Lean.Expr.const `UInt64 []) shape.suffix.type
                shape.second.typeBi)
              shape.first.typeBi)
            (Lean.Expr.lam shape.first.valueName (Lean.Expr.const `UInt64 [])
              (Lean.Expr.lam shape.second.valueName (Lean.Expr.const `UInt64 []) shape.suffix.value
                shape.second.valueBi)
              shape.first.valueBi)
            body nondep)) with
    | some value => some (ScalarRangeExitPlan.scalar value)
    | none =>
      match
        Lean.Expr.letE name
          (Lean.Expr.forallE shape.first.typeName (Lean.Expr.const `UInt64 [])
            (Lean.Expr.forallE shape.second.typeName (Lean.Expr.const `UInt64 []) shape.suffix.type shape.second.typeBi)
            shape.first.typeBi)
          (Lean.Expr.lam shape.first.valueName (Lean.Expr.const `UInt64 [])
            (Lean.Expr.lam shape.second.valueName (Lean.Expr.const `UInt64 []) shape.suffix.value shape.second.valueBi)
            shape.first.valueBi)
          body nondep with
      | Lean.Expr.letE declName (Lean.Expr.const `UInt64 []) value body nondep =>
        match extractScalarExprWith locals value with
        | some bound => extractScalarBooleanRangeWith (ScalarBinding.word bound :: locals) slot body
        | none => do
          let plan ← extractScalarRangeExitWith locals slot value
          let result ←
            extractScalarExprWith (ScalarBinding.word plan.result :: locals)
                ((Lean.Expr.const `Bool.toUInt64 []).app body)
          pure { count := plan.count, initial := plan.initial, step := plan.step, done := plan.done, result := result }
      | Lean.Expr.letE declName (Lean.Expr.const `Bool []) value body nondep =>
        scalarRangeValueBinding (extractScalarExprWith locals ((Lean.Expr.const `Bool.toUInt64 []).app value))
          (fun flag => extractScalarBooleanRangeWith (ScalarBinding.boolean flag :: locals) slot body)
          (fun x => extractScalarBooleanRangeWith locals slot value) fun flag =>
          extractScalarExprWith (ScalarBinding.boolean flag :: locals) ((Lean.Expr.const `Bool.toUInt64 []).app body)
      | Lean.Expr.letE name ((Lean.Expr.const `Id [Lean.Level.zero]).app type) value body nondep =>
        extractScalarBooleanRangeWith locals slot (Lean.Expr.letE name type value body nondep)
      |
      Lean.Expr.letE declName
          (Lean.Expr.forallE firstTypeName (Lean.Expr.const `UInt64 [])
            (Lean.Expr.forallE secondTypeName (Lean.Expr.const `UInt64 []) resultType secondTypeBi) firstTypeBi)
          (Lean.Expr.lam firstName (Lean.Expr.const `UInt64 [])
            (Lean.Expr.lam secondName (Lean.Expr.const `UInt64 []) value secondBi) firstBi)
          body nondep =>
        match scalarResultType? resultType with
        | none =>
          match
            scalarManyFunction?
              (Lean.Expr.forallE firstTypeName (Lean.Expr.const `UInt64 [])
                (Lean.Expr.forallE secondTypeName (Lean.Expr.const `UInt64 []) resultType secondTypeBi) firstTypeBi)
              (Lean.Expr.lam firstName (Lean.Expr.const `UInt64 [])
                (Lean.Expr.lam secondName (Lean.Expr.const `UInt64 []) value secondBi) firstBi) with
          | none => none
          | some shape =>
            match
              extractScalarExprWith (List.replicate shape.arity (ScalarBinding.word (IR.Expr.u64 0)) ++ locals)
                shape.body with
            | none => none
            | some val =>
              extractScalarBooleanRangeWith
                ((ScalarBinding.manyFunction shape.arity fun arguments =>
                    extractScalarExprWith (List.map ScalarBinding.word arguments.reverse ++ locals) shape.body) ::
                  locals)
                slot body
        | some val =>
          match
            extractScalarExprWith (ScalarBinding.word (IR.Expr.u64 0) :: ScalarBinding.word (IR.Expr.u64 0) :: locals)
              value with
          | none => none
          | some val =>
            extractScalarBooleanRangeWith
              ((ScalarBinding.binaryFunction fun first second =>
                  extractScalarExprWith (ScalarBinding.word second :: ScalarBinding.word first :: locals) value) ::
                locals)
              slot body
      |
      Lean.Expr.letE name (Lean.Expr.forallE typeName (Lean.Expr.const `UInt64 []) resultType typeBi)
          (Lean.Expr.lam paramName (Lean.Expr.const `UInt64 []) value paramBi) body nondep =>
        match scalarResultType? resultType with
        | none =>
          match booleanType? resultType with
          | none => none
          | some val =>
            scalarBooleanRangeCompleteContinuation locals false value body
              (fun binding => extractScalarBooleanRangeWith (binding :: locals) slot body)
              (fun binding => extractScalarBooleanRangeWith (binding :: locals) slot value) fun arm x =>
              extractScalarBooleanRangeWith locals slot
                (Lean.Expr.letE name (Lean.Expr.forallE typeName (Lean.Expr.const `UInt64 []) resultType typeBi)
                  (Lean.Expr.lam paramName (Lean.Expr.const `UInt64 []) value paramBi) arm nondep)
        | some val =>
          match extractScalarExprWith (ScalarBinding.word (IR.Expr.u64 0) :: locals) value with
          | none => none
          | some val =>
            extractScalarBooleanRangeWith
              ((ScalarBinding.function false fun argument =>
                  extractScalarExprWith (ScalarBinding.word argument :: locals) value) ::
                locals)
              slot body
      |
      Lean.Expr.letE name (Lean.Expr.forallE typeName (Lean.Expr.const `Bool []) resultType typeBi)
          (Lean.Expr.lam paramName (Lean.Expr.const `Bool []) value paramBi) body nondep =>
        match scalarResultType? resultType with
        | none =>
          match booleanType? resultType with
          | none => none
          | some val =>
            scalarBooleanRangeCompleteContinuation locals true value body
              (fun binding => extractScalarBooleanRangeWith (binding :: locals) slot body)
              (fun binding => extractScalarBooleanRangeWith (binding :: locals) slot value) fun arm x =>
              extractScalarBooleanRangeWith locals slot
                (Lean.Expr.letE name (Lean.Expr.forallE typeName (Lean.Expr.const `Bool []) resultType typeBi)
                  (Lean.Expr.lam paramName (Lean.Expr.const `Bool []) value paramBi) arm nondep)
        | some val =>
          match extractScalarExprWith (ScalarBinding.boolean (IR.Expr.u64 0) :: locals) value with
          | none => none
          | some val =>
            extractScalarBooleanRangeWith
              ((ScalarBinding.booleanFunction fun argument =>
                  extractScalarExprWith (ScalarBinding.boolean argument :: locals) value) ::
                locals)
              slot body
      |
      Lean.Expr.letE declName
          (Lean.Expr.forallE binderName (Lean.Expr.const `Unit [])
            (Lean.Expr.forallE binderName_1 (Lean.Expr.const `UInt64 []) resultType binderInfo) binderInfo_1)
          (Lean.Expr.lam binderName_2 (Lean.Expr.const `Unit [])
            (Lean.Expr.lam binderName_3 (Lean.Expr.const `UInt64 []) value binderInfo_2) binderInfo_3)
          body nondep =>
        match scalarResultType? resultType with
        | none => none
        | some val =>
          match extractScalarExprWith (ScalarBinding.word (IR.Expr.u64 0) :: ScalarBinding.unit :: locals) value with
          | none => none
          | some val =>
            extractScalarBooleanRangeWith
              ((ScalarBinding.function true fun argument =>
                  extractScalarExprWith (ScalarBinding.word argument :: ScalarBinding.unit :: locals) value) ::
                locals)
              slot body
      |
      Lean.Expr.letE declName
          (Lean.Expr.forallE binderName (Lean.Expr.const `PUnit [Lean.Level.zero.succ])
            (Lean.Expr.forallE binderName_1 (Lean.Expr.const `UInt64 []) resultType binderInfo) binderInfo_1)
          (Lean.Expr.lam binderName_2 (Lean.Expr.const `PUnit [Lean.Level.zero.succ])
            (Lean.Expr.lam binderName_3 (Lean.Expr.const `UInt64 []) value binderInfo_2) binderInfo_3)
          body nondep =>
        match scalarResultType? resultType with
        | none => none
        | some val =>
          match extractScalarExprWith (ScalarBinding.word (IR.Expr.u64 0) :: ScalarBinding.unit :: locals) value with
          | none => none
          | some val =>
            extractScalarBooleanRangeWith
              ((ScalarBinding.function true fun argument =>
                  extractScalarExprWith (ScalarBinding.word argument :: ScalarBinding.unit :: locals) value) ::
                locals)
              slot body
      |
      Lean.Expr.letE name
          (Lean.Expr.forallE typeName ((Lean.Expr.const `Id [Lean.Level.zero]).app input) resultType typeBi)
          (Lean.Expr.lam paramName ((Lean.Expr.const `Id [Lean.Level.zero]).app domain) value paramBi) body nondep =>
        if input = domain then
          extractScalarBooleanRangeWith locals slot
            (Lean.Expr.letE name (Lean.Expr.forallE typeName input resultType typeBi)
              (Lean.Expr.lam paramName domain value paramBi) body nondep)
        else none
      |
      ((((((Lean.Expr.const `Bind.bind [Lean.Level.zero, Lean.Level.zero]).app
                              (Lean.Expr.const `Id [Lean.Level.zero])).app
                          (((Lean.Expr.const `Monad.toBind [Lean.Level.zero, Lean.Level.zero]).app
                                (Lean.Expr.const `Id [Lean.Level.zero])).app
                            (Lean.Expr.const `Id.instMonad [Lean.Level.zero]))).app
                      input).app
                  output).app
              value).app
          (Lean.Expr.lam binderName domain body binderInfo) =>
        match booleanRangeBindTypes? input domain output with
        | none =>
          match booleanRangeFlagBindTypes? input domain output with
          | none => none
          | some val =>
            scalarRangeValueBinding (extractScalarExprWith locals ((Lean.Expr.const `Bool.toUInt64 []).app value))
              (fun flag => extractScalarBooleanRangeWith (ScalarBinding.boolean flag :: locals) slot body)
              (fun x => extractScalarBooleanRangeWith locals slot value) fun flag =>
              extractScalarExprWith (ScalarBinding.boolean flag :: locals)
                ((Lean.Expr.const `Bool.toUInt64 []).app body)
        | some val =>
          match extractScalarExprWith locals value with
          | some bound => extractScalarBooleanRangeWith (ScalarBinding.word bound :: locals) slot body
          | none => do
            let plan ← extractScalarRangeExitWith locals slot value
            let result ←
              extractScalarExprWith (ScalarBinding.word plan.result :: locals)
                  ((Lean.Expr.const `Bool.toUInt64 []).app body)
            pure
                { count := plan.count, initial := plan.initial, step := plan.step, done := plan.done, result := result }
      | (((((Lean.Expr.const `ite [Lean.Level.zero.succ]).app type).app condition).app evidence).app yes).app no =>
        match booleanType? type with
        | none => none
        | some val =>
          match extractScalarExprWith locals (BooleanRange.decision condition evidence) with
          | none => none
          | some guard => do
            let first ←
              scalarBooleanRangeArm (extractScalarExprWith locals ((Lean.Expr.const `Bool.toUInt64 []).app yes))
                  fun x => extractScalarBooleanRangeWith locals slot yes
            let second ←
              scalarBooleanRangeArm (extractScalarExprWith locals ((Lean.Expr.const `Bool.toUInt64 []).app no)) fun x =>
                  extractScalarBooleanRangeWith locals slot no
            pure (ScalarRangeExitPlan.choice guard first second)
      | source =>
        match _wrapped : booleanRangeWrapper? source with
        | some (fst, body) => extractScalarBooleanRangeWith locals slot body
        | none => none) =
    do
    let _ ← extractScalarExprWith (List.replicate shape.arity (ScalarBinding.word (IR.Expr.u64 0)) ++ locals) shape.body
    extractScalarBooleanRangeWith
        ((ScalarBinding.manyFunction shape.arity fun arguments =>
            extractScalarExprWith (List.map ScalarBinding.word arguments.reverse ++ locals) shape.body) ::
          locals)
        slot body

locals : List ScalarBinding
slot : Nat
shape : ManyFunction
name : Lean.Name
body : Lean.Expr
nondep : Bool
notScalar : extractScalarExprWith locals ((Lean.Expr.const `Bool.toUInt64 []).app (shape.bind name body nondep)) = none
⊢ (match
      extractScalarExprWith locals
        ((Lean.Expr.const `Bool.toUInt64 []).app
          (Lean.Expr.letE name
            (Lean.Expr.forallE shape.first.typeName (Lean.Expr.const `UInt64 [])
              (Lean.Expr.forallE shape.second.typeName (Lean.Expr.const `UInt64 []) shape.suffix.type
                shape.second.typeBi)
              shape.first.typeBi)
            (Lean.Expr.lam shape.first.valueName (Lean.Expr.const `UInt64 [])
              (Lean.Expr.lam shape.second.valueName (Lean.Expr.const `UInt64 []) shape.suffix.value
                shape.second.valueBi)
              shape.first.valueBi)
            body nondep)) with
    | some value => some (ScalarRangeExitPlan.scalar value)
    | none =>
      match
        Lean.Expr.letE name
          (Lean.Expr.forallE shape.first.typeName (Lean.Expr.const `UInt64 [])
            (Lean.Expr.forallE shape.second.typeName (Lean.Expr.const `UInt64 []) shape.suffix.type shape.second.typeBi)
            shape.first.typeBi)
          (Lean.Expr.lam shape.first.valueName (Lean.Expr.const `UInt64 [])
            (Lean.Expr.lam shape.second.valueName (Lean.Expr.const `UInt64 []) shape.suffix.value shape.second.valueBi)
            shape.first.valueBi)
          body nondep with
      | Lean.Expr.letE declName (Lean.Expr.const `UInt64 []) value body nondep =>
        match extractScalarExprWith locals value with
        | some bound => extractScalarBooleanRangeWith (ScalarBinding.word bound :: locals) slot body
        | none => do
          let plan ← extractScalarRangeExitWith locals slot value
          let result ←
            extractScalarExprWith (ScalarBinding.word plan.result :: locals)
                ((Lean.Expr.const `Bool.toUInt64 []).app body)
          pure { count := plan.count, initial := plan.initial, step := plan.step, done := plan.done, result := result }
      | Lean.Expr.letE declName (Lean.Expr.const `Bool []) value body nondep =>
        scalarRangeValueBinding (extractScalarExprWith locals ((Lean.Expr.const `Bool.toUInt64 []).app value))
          (fun flag => extractScalarBooleanRangeWith (ScalarBinding.boolean flag :: locals) slot body)
          (fun x => extractScalarBooleanRangeWith locals slot value) fun flag =>
          extractScalarExprWith (ScalarBinding.boolean flag :: locals) ((Lean.Expr.const `Bool.toUInt64 []).app body)
      | Lean.Expr.letE name ((Lean.Expr.const `Id [Lean.Level.zero]).app type) value body nondep =>
        extractScalarBooleanRangeWith locals slot (Lean.Expr.letE name type value body nondep)
      |
      Lean.Expr.letE declName
          (Lean.Expr.forallE firstTypeName (Lean.Expr.const `UInt64 [])
            (Lean.Expr.forallE secondTypeName (Lean.Expr.const `UInt64 []) resultType secondTypeBi) firstTypeBi)
          (Lean.Expr.lam firstName (Lean.Expr.const `UInt64 [])
            (Lean.Expr.lam secondName (Lean.Expr.const `UInt64 []) value secondBi) firstBi)
          body nondep =>
        match scalarResultType? resultType with
        | none =>
          match
            scalarManyFunction?
              (Lean.Expr.forallE firstTypeName (Lean.Expr.const `UInt64 [])
                (Lean.Expr.forallE secondTypeName (Lean.Expr.const `UInt64 []) resultType secondTypeBi) firstTypeBi)
              (Lean.Expr.lam firstName (Lean.Expr.const `UInt64 [])
                (Lean.Expr.lam secondName (Lean.Expr.const `UInt64 []) value secondBi) firstBi) with
          | none => none
          | some shape =>
            match
              extractScalarExprWith (List.replicate shape.arity (ScalarBinding.word (IR.Expr.u64 0)) ++ locals)
                shape.body with
            | none => none
            | some val =>
              extractScalarBooleanRangeWith
                ((ScalarBinding.manyFunction shape.arity fun arguments =>
                    extractScalarExprWith (List.map ScalarBinding.word arguments.reverse ++ locals) shape.body) ::
                  locals)
                slot body
        | some val =>
          match
            extractScalarExprWith (ScalarBinding.word (IR.Expr.u64 0) :: ScalarBinding.word (IR.Expr.u64 0) :: locals)
              value with
          | none => none
          | some val =>
            extractScalarBooleanRangeWith
              ((ScalarBinding.binaryFunction fun first second =>
                  extractScalarExprWith (ScalarBinding.word second :: ScalarBinding.word first :: locals) value) ::
                locals)
              slot body
      |
      Lean.Expr.letE name (Lean.Expr.forallE typeName (Lean.Expr.const `UInt64 []) resultType typeBi)
          (Lean.Expr.lam paramName (Lean.Expr.const `UInt64 []) value paramBi) body nondep =>
        match scalarResultType? resultType with
        | none =>
          match booleanType? resultType with
          | none => none
          | some val =>
            scalarBooleanRangeCompleteContinuation locals false value body
              (fun binding => extractScalarBooleanRangeWith (binding :: locals) slot body)
              (fun binding => extractScalarBooleanRangeWith (binding :: locals) slot value) fun arm x =>
              extractScalarBooleanRangeWith locals slot
                (Lean.Expr.letE name (Lean.Expr.forallE typeName (Lean.Expr.const `UInt64 []) resultType typeBi)
                  (Lean.Expr.lam paramName (Lean.Expr.const `UInt64 []) value paramBi) arm nondep)
        | some val =>
          match extractScalarExprWith (ScalarBinding.word (IR.Expr.u64 0) :: locals) value with
          | none => none
          | some val =>
            extractScalarBooleanRangeWith
              ((ScalarBinding.function false fun argument =>
                  extractScalarExprWith (ScalarBinding.word argument :: locals) value) ::
                locals)
              slot body
      |
      Lean.Expr.letE name (Lean.Expr.forallE typeName (Lean.Expr.const `Bool []) resultType typeBi)
          (Lean.Expr.lam paramName (Lean.Expr.const `Bool []) value paramBi) body nondep =>
        match scalarResultType? resultType with
        | none =>
          match booleanType? resultType with
          | none => none
          | some val =>
            scalarBooleanRangeCompleteContinuation locals true value body
              (fun binding => extractScalarBooleanRangeWith (binding :: locals) slot body)
              (fun binding => extractScalarBooleanRangeWith (binding :: locals) slot value) fun arm x =>
              extractScalarBooleanRangeWith locals slot
                (Lean.Expr.letE name (Lean.Expr.forallE typeName (Lean.Expr.const `Bool []) resultType typeBi)
                  (Lean.Expr.lam paramName (Lean.Expr.const `Bool []) value paramBi) arm nondep)
        | some val =>
          match extractScalarExprWith (ScalarBinding.boolean (IR.Expr.u64 0) :: locals) value with
          | none => none
          | some val =>
            extractScalarBooleanRangeWith
              ((ScalarBinding.booleanFunction fun argument =>
                  extractScalarExprWith (ScalarBinding.boolean argument :: locals) value) ::
                locals)
              slot body
      |
      Lean.Expr.letE declName
          (Lean.Expr.forallE binderName (Lean.Expr.const `Unit [])
            (Lean.Expr.forallE binderName_1 (Lean.Expr.const `UInt64 []) resultType binderInfo) binderInfo_1)
          (Lean.Expr.lam binderName_2 (Lean.Expr.const `Unit [])
            (Lean.Expr.lam binderName_3 (Lean.Expr.const `UInt64 []) value binderInfo_2) binderInfo_3)
          body nondep =>
        match scalarResultType? resultType with
        | none => none
        | some val =>
          match extractScalarExprWith (ScalarBinding.word (IR.Expr.u64 0) :: ScalarBinding.unit :: locals) value with
          | none => none
          | some val =>
            extractScalarBooleanRangeWith
              ((ScalarBinding.function true fun argument =>
                  extractScalarExprWith (ScalarBinding.word argument :: ScalarBinding.unit :: locals) value) ::
                locals)
              slot body
      |
      Lean.Expr.letE declName
          (Lean.Expr.forallE binderName (Lean.Expr.const `PUnit [Lean.Level.zero.succ])
            (Lean.Expr.forallE binderName_1 (Lean.Expr.const `UInt64 []) resultType binderInfo) binderInfo_1)
          (Lean.Expr.lam binderName_2 (Lean.Expr.const `PUnit [Lean.Level.zero.succ])
            (Lean.Expr.lam binderName_3 (Lean.Expr.const `UInt64 []) value binderInfo_2) binderInfo_3)
          body nondep =>
        match scalarResultType? resultType with
        | none => none
        | some val =>
          match extractScalarExprWith (ScalarBinding.word (IR.Expr.u64 0) :: ScalarBinding.unit :: locals) value with
          | none => none
          | some val =>
            extractScalarBooleanRangeWith
              ((ScalarBinding.function true fun argument =>
                  extractScalarExprWith (ScalarBinding.word argument :: ScalarBinding.unit :: locals) value) ::
                locals)
              slot body
      |
      Lean.Expr.letE name
          (Lean.Expr.forallE typeName ((Lean.Expr.const `Id [Lean.Level.zero]).app input) resultType typeBi)
          (Lean.Expr.lam paramName ((Lean.Expr.const `Id [Lean.Level.zero]).app domain) value paramBi) body nondep =>
        if input = domain then
          extractScalarBooleanRangeWith locals slot
            (Lean.Expr.letE name (Lean.Expr.forallE typeName input resultType typeBi)
              (Lean.Expr.lam paramName domain value paramBi) body nondep)
        else none
      |
      ((((((Lean.Expr.const `Bind.bind [Lean.Level.zero, Lean.Level.zero]).app
                              (Lean.Expr.const `Id [Lean.Level.zero])).app
                          (((Lean.Expr.const `Monad.toBind [Lean.Level.zero, Lean.Level.zero]).app
                                (Lean.Expr.const `Id [Lean.Level.zero])).app
                            (Lean.Expr.const `Id.instMonad [Lean.Level.zero]))).app
                      input).app
                  output).app
              value).app
          (Lean.Expr.lam binderName domain body binderInfo) =>
        match booleanRangeBindTypes? input domain output with
        | none =>
          match booleanRangeFlagBindTypes? input domain output with
          | none => none
          | some val =>
            scalarRangeValueBinding (extractScalarExprWith locals ((Lean.Expr.const `Bool.toUInt64 []).app value))
              (fun flag => extractScalarBooleanRangeWith (ScalarBinding.boolean flag :: locals) slot body)
              (fun x => extractScalarBooleanRangeWith locals slot value) fun flag =>
              extractScalarExprWith (ScalarBinding.boolean flag :: locals)
                ((Lean.Expr.const `Bool.toUInt64 []).app body)
        | some val =>
          match extractScalarExprWith locals value with
          | some bound => extractScalarBooleanRangeWith (ScalarBinding.word bound :: locals) slot body
          | none => do
            let plan ← extractScalarRangeExitWith locals slot value
            let result ←
              extractScalarExprWith (ScalarBinding.word plan.result :: locals)
                  ((Lean.Expr.const `Bool.toUInt64 []).app body)
            pure
                { count := plan.count, initial := plan.initial, step := plan.step, done := plan.done, result := result }
      | (((((Lean.Expr.const `ite [Lean.Level.zero.succ]).app type).app condition).app evidence).app yes).app no =>
        match booleanType? type with
        | none => none
        | some val =>
          match extractScalarExprWith locals (BooleanRange.decision condition evidence) with
          | none => none
          | some guard => do
            let first ←
              scalarBooleanRangeArm (extractScalarExprWith locals ((Lean.Expr.const `Bool.toUInt64 []).app yes))
                  fun x => extractScalarBooleanRangeWith locals slot yes
            let second ←
              scalarBooleanRangeArm (extractScalarExprWith locals ((Lean.Expr.const `Bool.toUInt64 []).app no)) fun x =>
                  extractScalarBooleanRangeWith locals slot no
            pure (ScalarRangeExitPlan.choice guard first second)
      | source =>
        match _wrapped : booleanRangeWrapper? source with
        | some (fst, body) => extractScalarBooleanRangeWith locals slot body
        | none => none) =
    do
    let _ ← extractScalarExprWith (List.replicate shape.arity (ScalarBinding.word (IR.Expr.u64 0)) ++ locals) shape.body
    extractScalarBooleanRangeWith
        ((ScalarBinding.manyFunction shape.arity fun arguments =>
            extractScalarExprWith (List.map ScalarBinding.word arguments.reverse ++ locals) shape.body) ::
          locals)
        slot body
LeanExe/Extract/ScalarBooleanRange.lean:458:91: error: Tactic `rewrite` failed: Did not find an occurrence of the pattern
  scalarResultType? (ResultType.expr ?type)
in the target expression
  (match none with
    | some value => some (ScalarRangeExitPlan.scalar value)
    | none =>
      match
        Lean.Expr.letE name
          (Lean.Expr.forallE unitTypeName (Lean.Expr.const `Unit [])
            (Lean.Expr.forallE typeName (Lean.Expr.const `UInt64 []) type.expr typeBi) unitTypeBi)
          (Lean.Expr.lam unitName (Lean.Expr.const `Unit [])
            (Lean.Expr.lam paramName (Lean.Expr.const `UInt64 []) a paramBi) unitBi)
          b nondep with
      | Lean.Expr.letE declName (Lean.Expr.const `UInt64 []) value body nondep =>
        match extractScalarExprWith locals value with
        | some bound => extractScalarBooleanRangeWith (ScalarBinding.word bound :: locals) slot body
        | none => do
          let plan ← extractScalarRangeExitWith locals slot value
          let result ←
            extractScalarExprWith (ScalarBinding.word plan.result :: locals)
                ((Lean.Expr.const `Bool.toUInt64 []).app body)
          pure { count := plan.count, initial := plan.initial, step := plan.step, done := plan.done, result := result }
      | Lean.Expr.letE declName (Lean.Expr.const `Bool []) value body nondep =>
        scalarRangeValueBinding (extractScalarExprWith locals ((Lean.Expr.const `Bool.toUInt64 []).app value))
          (fun flag => extractScalarBooleanRangeWith (ScalarBinding.boolean flag :: locals) slot body)
          (fun x => extractScalarBooleanRangeWith locals slot value) fun flag =>
          extractScalarExprWith (ScalarBinding.boolean flag :: locals) ((Lean.Expr.const `Bool.toUInt64 []).app body)
      | Lean.Expr.letE name ((Lean.Expr.const `Id [Lean.Level.zero]).app type) value body nondep =>
        extractScalarBooleanRangeWith locals slot (Lean.Expr.letE name type value body nondep)
      |
      Lean.Expr.letE declName
          (Lean.Expr.forallE firstTypeName (Lean.Expr.const `UInt64 [])
            (Lean.Expr.forallE secondTypeName (Lean.Expr.const `UInt64 []) resultType secondTypeBi) firstTypeBi)
          (Lean.Expr.lam firstName (Lean.Expr.const `UInt64 [])
            (Lean.Expr.lam secondName (Lean.Expr.const `UInt64 []) value secondBi) firstBi)
          body nondep =>
        match scalarResultType? resultType with
        | none =>
          match
            scalarManyFunction?
              (Lean.Expr.forallE firstTypeName (Lean.Expr.const `UInt64 [])
                (Lean.Expr.forallE secondTypeName (Lean.Expr.const `UInt64 []) resultType secondTypeBi) firstTypeBi)
              (Lean.Expr.lam firstName (Lean.Expr.const `UInt64 [])
                (Lean.Expr.lam secondName (Lean.Expr.const `UInt64 []) value secondBi) firstBi) with
          | none => none
          | some shape =>
            match
              extractScalarExprWith (List.replicate shape.arity (ScalarBinding.word (IR.Expr.u64 0)) ++ locals)
                shape.body with
            | none => none
            | some val =>
              extractScalarBooleanRangeWith
                ((ScalarBinding.manyFunction shape.arity fun arguments =>
                    extractScalarExprWith (List.map ScalarBinding.word arguments.reverse ++ locals) shape.body) ::
                  locals)
                slot body
        | some val =>
          match
            extractScalarExprWith (ScalarBinding.word (IR.Expr.u64 0) :: ScalarBinding.word (IR.Expr.u64 0) :: locals)
              value with
          | none => none
          | some val =>
            extractScalarBooleanRangeWith
              ((ScalarBinding.binaryFunction fun first second =>
                  extractScalarExprWith (ScalarBinding.word second :: ScalarBinding.word first :: locals) value) ::
                locals)
              slot body
      |
      Lean.Expr.letE name (Lean.Expr.forallE typeName (Lean.Expr.const `UInt64 []) resultType typeBi)
          (Lean.Expr.lam paramName (Lean.Expr.const `UInt64 []) value paramBi) body nondep =>
        match scalarResultType? resultType with
        | none =>
          match booleanType? resultType with
          | none => none
          | some val =>
            scalarBooleanRangeCompleteContinuation locals false value body
              (fun binding => extractScalarBooleanRangeWith (binding :: locals) slot body)
              (fun binding => extractScalarBooleanRangeWith (binding :: locals) slot value) fun arm x =>
              extractScalarBooleanRangeWith locals slot
                (Lean.Expr.letE name (Lean.Expr.forallE typeName (Lean.Expr.const `UInt64 []) resultType typeBi)
                  (Lean.Expr.lam paramName (Lean.Expr.const `UInt64 []) value paramBi) arm nondep)
        | some val =>
          match extractScalarExprWith (ScalarBinding.word (IR.Expr.u64 0) :: locals) value with
          | none => none
          | some val =>
            extractScalarBooleanRangeWith
              ((ScalarBinding.function false fun argument =>
                  extractScalarExprWith (ScalarBinding.word argument :: locals) value) ::
                locals)
              slot body
      |
      Lean.Expr.letE name (Lean.Expr.forallE typeName (Lean.Expr.const `Bool []) resultType typeBi)
          (Lean.Expr.lam paramName (Lean.Expr.const `Bool []) value paramBi) body nondep =>
        match scalarResultType? resultType with
        | none =>
          match booleanType? resultType with
          | none => none
          | some val =>
            scalarBooleanRangeCompleteContinuation locals true value body
              (fun binding => extractScalarBooleanRangeWith (binding :: locals) slot body)
              (fun binding => extractScalarBooleanRangeWith (binding :: locals) slot value) fun arm x =>
              extractScalarBooleanRangeWith locals slot
                (Lean.Expr.letE name (Lean.Expr.forallE typeName (Lean.Expr.const `Bool []) resultType typeBi)
                  (Lean.Expr.lam paramName (Lean.Expr.const `Bool []) value paramBi) arm nondep)
        | some val =>
          match extractScalarExprWith (ScalarBinding.boolean (IR.Expr.u64 0) :: locals) value with
          | none => none
          | some val =>
            extractScalarBooleanRangeWith
              ((ScalarBinding.booleanFunction fun argument =>
                  extractScalarExprWith (ScalarBinding.boolean argument :: locals) value) ::
                locals)
              slot body
      |
      Lean.Expr.letE declName
          (Lean.Expr.forallE binderName (Lean.Expr.const `Unit [])
            (Lean.Expr.forallE binderName_1 (Lean.Expr.const `UInt64 []) resultType binderInfo) binderInfo_1)
          (Lean.Expr.lam binderName_2 (Lean.Expr.const `Unit [])
            (Lean.Expr.lam binderName_3 (Lean.Expr.const `UInt64 []) value binderInfo_2) binderInfo_3)
          body nondep =>
        match scalarResultType? resultType with
        | none => none
        | some val =>
          match extractScalarExprWith (ScalarBinding.word (IR.Expr.u64 0) :: ScalarBinding.unit :: locals) value with
          | none => none
          | some val =>
            extractScalarBooleanRangeWith
              ((ScalarBinding.function true fun argument =>
                  extractScalarExprWith (ScalarBinding.word argument :: ScalarBinding.unit :: locals) value) ::
                locals)
              slot body
      |
      Lean.Expr.letE declName
          (Lean.Expr.forallE binderName (Lean.Expr.const `PUnit [Lean.Level.zero.succ])
            (Lean.Expr.forallE binderName_1 (Lean.Expr.const `UInt64 []) resultType binderInfo) binderInfo_1)
          (Lean.Expr.lam binderName_2 (Lean.Expr.const `PUnit [Lean.Level.zero.succ])
            (Lean.Expr.lam binderName_3 (Lean.Expr.const `UInt64 []) value binderInfo_2) binderInfo_3)
          body nondep =>
        match scalarResultType? resultType with
        | none => none
        | some val =>
          match extractScalarExprWith (ScalarBinding.word (IR.Expr.u64 0) :: ScalarBinding.unit :: locals) value with
          | none => none
          | some val =>
            extractScalarBooleanRangeWith
              ((ScalarBinding.function true fun argument =>
                  extractScalarExprWith (ScalarBinding.word argument :: ScalarBinding.unit :: locals) value) ::
                locals)
              slot body
      |
      Lean.Expr.letE name
          (Lean.Expr.forallE typeName ((Lean.Expr.const `Id [Lean.Level.zero]).app input) resultType typeBi)
          (Lean.Expr.lam paramName ((Lean.Expr.const `Id [Lean.Level.zero]).app domain) value paramBi) body nondep =>
        if input = domain then
          extractScalarBooleanRangeWith locals slot
            (Lean.Expr.letE name (Lean.Expr.forallE typeName input resultType typeBi)
              (Lean.Expr.lam paramName domain value paramBi) body nondep)
        else none
      |
      ((((((Lean.Expr.const `Bind.bind [Lean.Level.zero, Lean.Level.zero]).app
                              (Lean.Expr.const `Id [Lean.Level.zero])).app
                          (((Lean.Expr.const `Monad.toBind [Lean.Level.zero, Lean.Level.zero]).app
                                (Lean.Expr.const `Id [Lean.Level.zero])).app
                            (Lean.Expr.const `Id.instMonad [Lean.Level.zero]))).app
                      input).app
                  output).app
              value).app
          (Lean.Expr.lam binderName domain body binderInfo) =>
        match booleanRangeBindTypes? input domain output with
        | none =>
          match booleanRangeFlagBindTypes? input domain output with
          | none => none
          | some val =>
            scalarRangeValueBinding (extractScalarExprWith locals ((Lean.Expr.const `Bool.toUInt64 []).app value))
              (fun flag => extractScalarBooleanRangeWith (ScalarBinding.boolean flag :: locals) slot body)
              (fun x => extractScalarBooleanRangeWith locals slot value) fun flag =>
              extractScalarExprWith (ScalarBinding.boolean flag :: locals)
                ((Lean.Expr.const `Bool.toUInt64 []).app body)
        | some val =>
          match extractScalarExprWith locals value with
          | some bound => extractScalarBooleanRangeWith (ScalarBinding.word bound :: locals) slot body
          | none => do
            let plan ← extractScalarRangeExitWith locals slot value
            let result ←
              extractScalarExprWith (ScalarBinding.word plan.result :: locals)
                  ((Lean.Expr.const `Bool.toUInt64 []).app body)
            pure
                { count := plan.count, initial := plan.initial, step := plan.step, done := plan.done, result := result }
      | (((((Lean.Expr.const `ite [Lean.Level.zero.succ]).app type).app condition).app evidence).app yes).app no =>
        match booleanType? type with
        | none => none
        | some val =>
          match extractScalarExprWith locals (BooleanRange.decision condition evidence) with
          | none => none
          | some guard => do
            let first ←
              scalarBooleanRangeArm (extractScalarExprWith locals ((Lean.Expr.const `Bool.toUInt64 []).app yes))
                  fun x => extractScalarBooleanRangeWith locals slot yes
            let second ←
              scalarBooleanRangeArm (extractScalarExprWith locals ((Lean.Expr.const `Bool.toUInt64 []).app no)) fun x =>
                  extractScalarBooleanRangeWith locals slot no
            pure (ScalarRangeExitPlan.choice guard first second)
      | source =>
        match _wrapped : booleanRangeWrapper? source with
        | some (fst, body) => extractScalarBooleanRangeWith locals slot body
        | none => none) =
    do
    let _ ← extractScalarExprWith (ScalarBinding.word (IR.Expr.u64 0) :: ScalarBinding.unit :: locals) a
    extractScalarBooleanRangeWith
        ((ScalarBinding.function true fun argument =>
            extractScalarExprWith (ScalarBinding.word argument :: ScalarBinding.unit :: locals) a) ::
          locals)
        slot b

case unit
locals : List ScalarBinding
slot : Nat
name unitTypeName typeName unitName paramName : Lean.Name
unitTypeBi typeBi unitBi paramBi : Lean.BinderInfo
type : ResultType
a b : Lean.Expr
nondep : Bool
notScalar :
  extractScalarExprWith locals
      ((Lean.Expr.const `Bool.toUInt64 []).app
        (Lean.Expr.letE name
          (Lean.Expr.forallE unitTypeName UnitSyntax.unit.type
            (Lean.Expr.forallE typeName (Lean.Expr.const `UInt64 []) type.expr typeBi) unitTypeBi)
          (Lean.Expr.lam unitName UnitSyntax.unit.type (Lean.Expr.lam paramName (Lean.Expr.const `UInt64 []) a paramBi)
            unitBi)
          b nondep)) =
    none
⊢ (match none with
    | some value => some (ScalarRangeExitPlan.scalar value)
    | none =>
      match
        Lean.Expr.letE name
          (Lean.Expr.forallE unitTypeName (Lean.Expr.const `Unit [])
            (Lean.Expr.forallE typeName (Lean.Expr.const `UInt64 []) type.expr typeBi) unitTypeBi)
          (Lean.Expr.lam unitName (Lean.Expr.const `Unit [])
            (Lean.Expr.lam paramName (Lean.Expr.const `UInt64 []) a paramBi) unitBi)
          b nondep with
      | Lean.Expr.letE declName (Lean.Expr.const `UInt64 []) value body nondep =>
        match extractScalarExprWith locals value with
        | some bound => extractScalarBooleanRangeWith (ScalarBinding.word bound :: locals) slot body
        | none => do
          let plan ← extractScalarRangeExitWith locals slot value
          let result ←
            extractScalarExprWith (ScalarBinding.word plan.result :: locals)
                ((Lean.Expr.const `Bool.toUInt64 []).app body)
          pure { count := plan.count, initial := plan.initial, step := plan.step, done := plan.done, result := result }
      | Lean.Expr.letE declName (Lean.Expr.const `Bool []) value body nondep =>
        scalarRangeValueBinding (extractScalarExprWith locals ((Lean.Expr.const `Bool.toUInt64 []).app value))
          (fun flag => extractScalarBooleanRangeWith (ScalarBinding.boolean flag :: locals) slot body)
          (fun x => extractScalarBooleanRangeWith locals slot value) fun flag =>
          extractScalarExprWith (ScalarBinding.boolean flag :: locals) ((Lean.Expr.const `Bool.toUInt64 []).app body)
      | Lean.Expr.letE name ((Lean.Expr.const `Id [Lean.Level.zero]).app type) value body nondep =>
        extractScalarBooleanRangeWith locals slot (Lean.Expr.letE name type value body nondep)
      |
      Lean.Expr.letE declName
          (Lean.Expr.forallE firstTypeName (Lean.Expr.const `UInt64 [])
            (Lean.Expr.forallE secondTypeName (Lean.Expr.const `UInt64 []) resultType secondTypeBi) firstTypeBi)
          (Lean.Expr.lam firstName (Lean.Expr.const `UInt64 [])
            (Lean.Expr.lam secondName (Lean.Expr.const `UInt64 []) value secondBi) firstBi)
          body nondep =>
        match scalarResultType? resultType with
        | none =>
          match
            scalarManyFunction?
              (Lean.Expr.forallE firstTypeName (Lean.Expr.const `UInt64 [])
                (Lean.Expr.forallE secondTypeName (Lean.Expr.const `UInt64 []) resultType secondTypeBi) firstTypeBi)
              (Lean.Expr.lam firstName (Lean.Expr.const `UInt64 [])
                (Lean.Expr.lam secondName (Lean.Expr.const `UInt64 []) value secondBi) firstBi) with
          | none => none
          | some shape =>
            match
              extractScalarExprWith (List.replicate shape.arity (ScalarBinding.word (IR.Expr.u64 0)) ++ locals)
                shape.body with
            | none => none
            | some val =>
              extractScalarBooleanRangeWith
                ((ScalarBinding.manyFunction shape.arity fun arguments =>
                    extractScalarExprWith (List.map ScalarBinding.word arguments.reverse ++ locals) shape.body) ::
                  locals)
                slot body
        | some val =>
          match
            extractScalarExprWith (ScalarBinding.word (IR.Expr.u64 0) :: ScalarBinding.word (IR.Expr.u64 0) :: locals)
              value with
          | none => none
          | some val =>
            extractScalarBooleanRangeWith
              ((ScalarBinding.binaryFunction fun first second =>
                  extractScalarExprWith (ScalarBinding.word second :: ScalarBinding.word first :: locals) value) ::
                locals)
              slot body
      |
      Lean.Expr.letE name (Lean.Expr.forallE typeName (Lean.Expr.const `UInt64 []) resultType typeBi)
          (Lean.Expr.lam paramName (Lean.Expr.const `UInt64 []) value paramBi) body nondep =>
        match scalarResultType? resultType with
        | none =>
          match booleanType? resultType with
          | none => none
          | some val =>
            scalarBooleanRangeCompleteContinuation locals false value body
              (fun binding => extractScalarBooleanRangeWith (binding :: locals) slot body)
              (fun binding => extractScalarBooleanRangeWith (binding :: locals) slot value) fun arm x =>
              extractScalarBooleanRangeWith locals slot
                (Lean.Expr.letE name (Lean.Expr.forallE typeName (Lean.Expr.const `UInt64 []) resultType typeBi)
                  (Lean.Expr.lam paramName (Lean.Expr.const `UInt64 []) value paramBi) arm nondep)
        | some val =>
          match extractScalarExprWith (ScalarBinding.word (IR.Expr.u64 0) :: locals) value with
          | none => none
          | some val =>
            extractScalarBooleanRangeWith
              ((ScalarBinding.function false fun argument =>
                  extractScalarExprWith (ScalarBinding.word argument :: locals) value) ::
                locals)
              slot body
      |
      Lean.Expr.letE name (Lean.Expr.forallE typeName (Lean.Expr.const `Bool []) resultType typeBi)
          (Lean.Expr.lam paramName (Lean.Expr.const `Bool []) value paramBi) body nondep =>
        match scalarResultType? resultType with
        | none =>
          match booleanType? resultType with
          | none => none
          | some val =>
            scalarBooleanRangeCompleteContinuation locals true value body
              (fun binding => extractScalarBooleanRangeWith (binding :: locals) slot body)
              (fun binding => extractScalarBooleanRangeWith (binding :: locals) slot value) fun arm x =>
              extractScalarBooleanRangeWith locals slot
                (Lean.Expr.letE name (Lean.Expr.forallE typeName (Lean.Expr.const `Bool []) resultType typeBi)
                  (Lean.Expr.lam paramName (Lean.Expr.const `Bool []) value paramBi) arm nondep)
        | some val =>
          match extractScalarExprWith (ScalarBinding.boolean (IR.Expr.u64 0) :: locals) value with
          | none => none
          | some val =>
            extractScalarBooleanRangeWith
              ((ScalarBinding.booleanFunction fun argument =>
                  extractScalarExprWith (ScalarBinding.boolean argument :: locals) value) ::
                locals)
              slot body
      |
      Lean.Expr.letE declName
          (Lean.Expr.forallE binderName (Lean.Expr.const `Unit [])
            (Lean.Expr.forallE binderName_1 (Lean.Expr.const `UInt64 []) resultType binderInfo) binderInfo_1)
          (Lean.Expr.lam binderName_2 (Lean.Expr.const `Unit [])
            (Lean.Expr.lam binderName_3 (Lean.Expr.const `UInt64 []) value binderInfo_2) binderInfo_3)
          body nondep =>
        match scalarResultType? resultType with
        | none => none
        | some val =>
          match extractScalarExprWith (ScalarBinding.word (IR.Expr.u64 0) :: ScalarBinding.unit :: locals) value with
          | none => none
          | some val =>
            extractScalarBooleanRangeWith
              ((ScalarBinding.function true fun argument =>
                  extractScalarExprWith (ScalarBinding.word argument :: ScalarBinding.unit :: locals) value) ::
                locals)
              slot body
      |
      Lean.Expr.letE declName
          (Lean.Expr.forallE binderName (Lean.Expr.const `PUnit [Lean.Level.zero.succ])
            (Lean.Expr.forallE binderName_1 (Lean.Expr.const `UInt64 []) resultType binderInfo) binderInfo_1)
          (Lean.Expr.lam binderName_2 (Lean.Expr.const `PUnit [Lean.Level.zero.succ])
            (Lean.Expr.lam binderName_3 (Lean.Expr.const `UInt64 []) value binderInfo_2) binderInfo_3)
          body nondep =>
        match scalarResultType? resultType with
        | none => none
        | some val =>
          match extractScalarExprWith (ScalarBinding.word (IR.Expr.u64 0) :: ScalarBinding.unit :: locals) value with
          | none => none
          | some val =>
            extractScalarBooleanRangeWith
              ((ScalarBinding.function true fun argument =>
                  extractScalarExprWith (ScalarBinding.word argument :: ScalarBinding.unit :: locals) value) ::
                locals)
              slot body
      |
      Lean.Expr.letE name
          (Lean.Expr.forallE typeName ((Lean.Expr.const `Id [Lean.Level.zero]).app input) resultType typeBi)
          (Lean.Expr.lam paramName ((Lean.Expr.const `Id [Lean.Level.zero]).app domain) value paramBi) body nondep =>
        if input = domain then
          extractScalarBooleanRangeWith locals slot
            (Lean.Expr.letE name (Lean.Expr.forallE typeName input resultType typeBi)
              (Lean.Expr.lam paramName domain value paramBi) body nondep)
        else none
      |
      ((((((Lean.Expr.const `Bind.bind [Lean.Level.zero, Lean.Level.zero]).app
                              (Lean.Expr.const `Id [Lean.Level.zero])).app
                          (((Lean.Expr.const `Monad.toBind [Lean.Level.zero, Lean.Level.zero]).app
                                (Lean.Expr.const `Id [Lean.Level.zero])).app
                            (Lean.Expr.const `Id.instMonad [Lean.Level.zero]))).app
                      input).app
                  output).app
              value).app
          (Lean.Expr.lam binderName domain body binderInfo) =>
        match booleanRangeBindTypes? input domain output with
        | none =>
          match booleanRangeFlagBindTypes? input domain output with
          | none => none
          | some val =>
            scalarRangeValueBinding (extractScalarExprWith locals ((Lean.Expr.const `Bool.toUInt64 []).app value))
              (fun flag => extractScalarBooleanRangeWith (ScalarBinding.boolean flag :: locals) slot body)
              (fun x => extractScalarBooleanRangeWith locals slot value) fun flag =>
              extractScalarExprWith (ScalarBinding.boolean flag :: locals)
                ((Lean.Expr.const `Bool.toUInt64 []).app body)
        | some val =>
          match extractScalarExprWith locals value with
          | some bound => extractScalarBooleanRangeWith (ScalarBinding.word bound :: locals) slot body
          | none => do
            let plan ← extractScalarRangeExitWith locals slot value
            let result ←
              extractScalarExprWith (ScalarBinding.word plan.result :: locals)
                  ((Lean.Expr.const `Bool.toUInt64 []).app body)
            pure
                { count := plan.count, initial := plan.initial, step := plan.step, done := plan.done, result := result }
      | (((((Lean.Expr.const `ite [Lean.Level.zero.succ]).app type).app condition).app evidence).app yes).app no =>
        match booleanType? type with
        | none => none
        | some val =>
          match extractScalarExprWith locals (BooleanRange.decision condition evidence) with
          | none => none
          | some guard => do
            let first ←
              scalarBooleanRangeArm (extractScalarExprWith locals ((Lean.Expr.const `Bool.toUInt64 []).app yes))
                  fun x => extractScalarBooleanRangeWith locals slot yes
            let second ←
              scalarBooleanRangeArm (extractScalarExprWith locals ((Lean.Expr.const `Bool.toUInt64 []).app no)) fun x =>
                  extractScalarBooleanRangeWith locals slot no
            pure (ScalarRangeExitPlan.choice guard first second)
      | source =>
        match _wrapped : booleanRangeWrapper? source with
        | some (fst, body) => extractScalarBooleanRangeWith locals slot body
        | none => none) =
    do
    let _ ← extractScalarExprWith (ScalarBinding.word (IR.Expr.u64 0) :: ScalarBinding.unit :: locals) a
    extractScalarBooleanRangeWith
        ((ScalarBinding.function true fun argument =>
            extractScalarExprWith (ScalarBinding.word argument :: ScalarBinding.unit :: locals) a) ::
          locals)
        slot b
LeanExe/Extract/ScalarBooleanRange.lean:458:91: error: Tactic `rewrite` failed: Did not find an occurrence of the pattern
  scalarResultType? (ResultType.expr ?type)
in the target expression
  (match none with
    | some value => some (ScalarRangeExitPlan.scalar value)
    | none =>
      match
        Lean.Expr.letE name
          (Lean.Expr.forallE unitTypeName (Lean.Expr.const `PUnit [Lean.Level.zero.succ])
            (Lean.Expr.forallE typeName (Lean.Expr.const `UInt64 []) type.expr typeBi) unitTypeBi)
          (Lean.Expr.lam unitName (Lean.Expr.const `PUnit [Lean.Level.zero.succ])
            (Lean.Expr.lam paramName (Lean.Expr.const `UInt64 []) a paramBi) unitBi)
          b nondep with
      | Lean.Expr.letE declName (Lean.Expr.const `UInt64 []) value body nondep =>
        match extractScalarExprWith locals value with
        | some bound => extractScalarBooleanRangeWith (ScalarBinding.word bound :: locals) slot body
        | none => do
          let plan ← extractScalarRangeExitWith locals slot value
          let result ←
            extractScalarExprWith (ScalarBinding.word plan.result :: locals)
                ((Lean.Expr.const `Bool.toUInt64 []).app body)
          pure { count := plan.count, initial := plan.initial, step := plan.step, done := plan.done, result := result }
      | Lean.Expr.letE declName (Lean.Expr.const `Bool []) value body nondep =>
        scalarRangeValueBinding (extractScalarExprWith locals ((Lean.Expr.const `Bool.toUInt64 []).app value))
          (fun flag => extractScalarBooleanRangeWith (ScalarBinding.boolean flag :: locals) slot body)
          (fun x => extractScalarBooleanRangeWith locals slot value) fun flag =>
          extractScalarExprWith (ScalarBinding.boolean flag :: locals) ((Lean.Expr.const `Bool.toUInt64 []).app body)
      | Lean.Expr.letE name ((Lean.Expr.const `Id [Lean.Level.zero]).app type) value body nondep =>
        extractScalarBooleanRangeWith locals slot (Lean.Expr.letE name type value body nondep)
      |
      Lean.Expr.letE declName
          (Lean.Expr.forallE firstTypeName (Lean.Expr.const `UInt64 [])
            (Lean.Expr.forallE secondTypeName (Lean.Expr.const `UInt64 []) resultType secondTypeBi) firstTypeBi)
          (Lean.Expr.lam firstName (Lean.Expr.const `UInt64 [])
            (Lean.Expr.lam secondName (Lean.Expr.const `UInt64 []) value secondBi) firstBi)
          body nondep =>
        match scalarResultType? resultType with
        | none =>
          match
            scalarManyFunction?
              (Lean.Expr.forallE firstTypeName (Lean.Expr.const `UInt64 [])
                (Lean.Expr.forallE secondTypeName (Lean.Expr.const `UInt64 []) resultType secondTypeBi) firstTypeBi)
              (Lean.Expr.lam firstName (Lean.Expr.const `UInt64 [])
                (Lean.Expr.lam secondName (Lean.Expr.const `UInt64 []) value secondBi) firstBi) with
          | none => none
          | some shape =>
            match
              extractScalarExprWith (List.replicate shape.arity (ScalarBinding.word (IR.Expr.u64 0)) ++ locals)
                shape.body with
            | none => none
            | some val =>
              extractScalarBooleanRangeWith
                ((ScalarBinding.manyFunction shape.arity fun arguments =>
                    extractScalarExprWith (List.map ScalarBinding.word arguments.reverse ++ locals) shape.body) ::
                  locals)
                slot body
        | some val =>
          match
            extractScalarExprWith (ScalarBinding.word (IR.Expr.u64 0) :: ScalarBinding.word (IR.Expr.u64 0) :: locals)
              value with
          | none => none
          | some val =>
            extractScalarBooleanRangeWith
              ((ScalarBinding.binaryFunction fun first second =>
                  extractScalarExprWith (ScalarBinding.word second :: ScalarBinding.word first :: locals) value) ::
                locals)
              slot body
      |
      Lean.Expr.letE name (Lean.Expr.forallE typeName (Lean.Expr.const `UInt64 []) resultType typeBi)
          (Lean.Expr.lam paramName (Lean.Expr.const `UInt64 []) value paramBi) body nondep =>
        match scalarResultType? resultType with
        | none =>
          match booleanType? resultType with
          | none => none
          | some val =>
            scalarBooleanRangeCompleteContinuation locals false value body
              (fun binding => extractScalarBooleanRangeWith (binding :: locals) slot body)
              (fun binding => extractScalarBooleanRangeWith (binding :: locals) slot value) fun arm x =>
              extractScalarBooleanRangeWith locals slot
                (Lean.Expr.letE name (Lean.Expr.forallE typeName (Lean.Expr.const `UInt64 []) resultType typeBi)
                  (Lean.Expr.lam paramName (Lean.Expr.const `UInt64 []) value paramBi) arm nondep)
        | some val =>
          match extractScalarExprWith (ScalarBinding.word (IR.Expr.u64 0) :: locals) value with
          | none => none
          | some val =>
            extractScalarBooleanRangeWith
              ((ScalarBinding.function false fun argument =>
                  extractScalarExprWith (ScalarBinding.word argument :: locals) value) ::
                locals)
              slot body
      |
      Lean.Expr.letE name (Lean.Expr.forallE typeName (Lean.Expr.const `Bool []) resultType typeBi)
          (Lean.Expr.lam paramName (Lean.Expr.const `Bool []) value paramBi) body nondep =>
        match scalarResultType? resultType with
        | none =>
          match booleanType? resultType with
          | none => none
          | some val =>
            scalarBooleanRangeCompleteContinuation locals true value body
              (fun binding => extractScalarBooleanRangeWith (binding :: locals) slot body)
              (fun binding => extractScalarBooleanRangeWith (binding :: locals) slot value) fun arm x =>
              extractScalarBooleanRangeWith locals slot
                (Lean.Expr.letE name (Lean.Expr.forallE typeName (Lean.Expr.const `Bool []) resultType typeBi)
                  (Lean.Expr.lam paramName (Lean.Expr.const `Bool []) value paramBi) arm nondep)
        | some val =>
          match extractScalarExprWith (ScalarBinding.boolean (IR.Expr.u64 0) :: locals) value with
          | none => none
          | some val =>
            extractScalarBooleanRangeWith
              ((ScalarBinding.booleanFunction fun argument =>
                  extractScalarExprWith (ScalarBinding.boolean argument :: locals) value) ::
                locals)
              slot body
      |
      Lean.Expr.letE declName
          (Lean.Expr.forallE binderName (Lean.Expr.const `Unit [])
            (Lean.Expr.forallE binderName_1 (Lean.Expr.const `UInt64 []) resultType binderInfo) binderInfo_1)
          (Lean.Expr.lam binderName_2 (Lean.Expr.const `Unit [])
            (Lean.Expr.lam binderName_3 (Lean.Expr.const `UInt64 []) value binderInfo_2) binderInfo_3)
          body nondep =>
        match scalarResultType? resultType with
        | none => none
        | some val =>
          match extractScalarExprWith (ScalarBinding.word (IR.Expr.u64 0) :: ScalarBinding.unit :: locals) value with
          | none => none
          | some val =>
            extractScalarBooleanRangeWith
              ((ScalarBinding.function true fun argument =>
                  extractScalarExprWith (ScalarBinding.word argument :: ScalarBinding.unit :: locals) value) ::
                locals)
              slot body
      |
      Lean.Expr.letE declName
          (Lean.Expr.forallE binderName (Lean.Expr.const `PUnit [Lean.Level.zero.succ])
            (Lean.Expr.forallE binderName_1 (Lean.Expr.const `UInt64 []) resultType binderInfo) binderInfo_1)
          (Lean.Expr.lam binderName_2 (Lean.Expr.const `PUnit [Lean.Level.zero.succ])
            (Lean.Expr.lam binderName_3 (Lean.Expr.const `UInt64 []) value binderInfo_2) binderInfo_3)
          body nondep =>
        match scalarResultType? resultType with
        | none => none
        | some val =>
          match extractScalarExprWith (ScalarBinding.word (IR.Expr.u64 0) :: ScalarBinding.unit :: locals) value with
          | none => none
          | some val =>
            extractScalarBooleanRangeWith
              ((ScalarBinding.function true fun argument =>
                  extractScalarExprWith (ScalarBinding.word argument :: ScalarBinding.unit :: locals) value) ::
                locals)
              slot body
      |
      Lean.Expr.letE name
          (Lean.Expr.forallE typeName ((Lean.Expr.const `Id [Lean.Level.zero]).app input) resultType typeBi)
          (Lean.Expr.lam paramName ((Lean.Expr.const `Id [Lean.Level.zero]).app domain) value paramBi) body nondep =>
        if input = domain then
          extractScalarBooleanRangeWith locals slot
            (Lean.Expr.letE name (Lean.Expr.forallE typeName input resultType typeBi)
              (Lean.Expr.lam paramName domain value paramBi) body nondep)
        else none
      |
      ((((((Lean.Expr.const `Bind.bind [Lean.Level.zero, Lean.Level.zero]).app
                              (Lean.Expr.const `Id [Lean.Level.zero])).app
                          (((Lean.Expr.const `Monad.toBind [Lean.Level.zero, Lean.Level.zero]).app
                                (Lean.Expr.const `Id [Lean.Level.zero])).app
                            (Lean.Expr.const `Id.instMonad [Lean.Level.zero]))).app
                      input).app
                  output).app
              value).app
          (Lean.Expr.lam binderName domain body binderInfo) =>
        match booleanRangeBindTypes? input domain output with
        | none =>
          match booleanRangeFlagBindTypes? input domain output with
          | none => none
          | some val =>
            scalarRangeValueBinding (extractScalarExprWith locals ((Lean.Expr.const `Bool.toUInt64 []).app value))
              (fun flag => extractScalarBooleanRangeWith (ScalarBinding.boolean flag :: locals) slot body)
              (fun x => extractScalarBooleanRangeWith locals slot value) fun flag =>
              extractScalarExprWith (ScalarBinding.boolean flag :: locals)
                ((Lean.Expr.const `Bool.toUInt64 []).app body)
        | some val =>
          match extractScalarExprWith locals value with
          | some bound => extractScalarBooleanRangeWith (ScalarBinding.word bound :: locals) slot body
          | none => do
            let plan ← extractScalarRangeExitWith locals slot value
            let result ←
              extractScalarExprWith (ScalarBinding.word plan.result :: locals)
                  ((Lean.Expr.const `Bool.toUInt64 []).app body)
            pure
                { count := plan.count, initial := plan.initial, step := plan.step, done := plan.done, result := result }
      | (((((Lean.Expr.const `ite [Lean.Level.zero.succ]).app type).app condition).app evidence).app yes).app no =>
        match booleanType? type with
        | none => none
        | some val =>
          match extractScalarExprWith locals (BooleanRange.decision condition evidence) with
          | none => none
          | some guard => do
            let first ←
              scalarBooleanRangeArm (extractScalarExprWith locals ((Lean.Expr.const `Bool.toUInt64 []).app yes))
                  fun x => extractScalarBooleanRangeWith locals slot yes
            let second ←
              scalarBooleanRangeArm (extractScalarExprWith locals ((Lean.Expr.const `Bool.toUInt64 []).app no)) fun x =>
                  extractScalarBooleanRangeWith locals slot no
            pure (ScalarRangeExitPlan.choice guard first second)
      | source =>
        match _wrapped : booleanRangeWrapper? source with
        | some (fst, body) => extractScalarBooleanRangeWith locals slot body
        | none => none) =
    do
    let _ ← extractScalarExprWith (ScalarBinding.word (IR.Expr.u64 0) :: ScalarBinding.unit :: locals) a
    extractScalarBooleanRangeWith
        ((ScalarBinding.function true fun argument =>
            extractScalarExprWith (ScalarBinding.word argument :: ScalarBinding.unit :: locals) a) ::
          locals)
        slot b

case punit
locals : List ScalarBinding
slot : Nat
name unitTypeName typeName unitName paramName : Lean.Name
unitTypeBi typeBi unitBi paramBi : Lean.BinderInfo
type : ResultType
a b : Lean.Expr
nondep : Bool
notScalar :
  extractScalarExprWith locals
      ((Lean.Expr.const `Bool.toUInt64 []).app
        (Lean.Expr.letE name
          (Lean.Expr.forallE unitTypeName UnitSyntax.punit.type
            (Lean.Expr.forallE typeName (Lean.Expr.const `UInt64 []) type.expr typeBi) unitTypeBi)
          (Lean.Expr.lam unitName UnitSyntax.punit.type (Lean.Expr.lam paramName (Lean.Expr.const `UInt64 []) a paramBi)
            unitBi)
          b nondep)) =
    none
⊢ (match none with
    | some value => some (ScalarRangeExitPlan.scalar value)
    | none =>
      match
        Lean.Expr.letE name
          (Lean.Expr.forallE unitTypeName (Lean.Expr.const `PUnit [Lean.Level.zero.succ])
            (Lean.Expr.forallE typeName (Lean.Expr.const `UInt64 []) type.expr typeBi) unitTypeBi)
          (Lean.Expr.lam unitName (Lean.Expr.const `PUnit [Lean.Level.zero.succ])
            (Lean.Expr.lam paramName (Lean.Expr.const `UInt64 []) a paramBi) unitBi)
          b nondep with
      | Lean.Expr.letE declName (Lean.Expr.const `UInt64 []) value body nondep =>
        match extractScalarExprWith locals value with
        | some bound => extractScalarBooleanRangeWith (ScalarBinding.word bound :: locals) slot body
        | none => do
          let plan ← extractScalarRangeExitWith locals slot value
          let result ←
            extractScalarExprWith (ScalarBinding.word plan.result :: locals)
                ((Lean.Expr.const `Bool.toUInt64 []).app body)
          pure { count := plan.count, initial := plan.initial, step := plan.step, done := plan.done, result := result }
      | Lean.Expr.letE declName (Lean.Expr.const `Bool []) value body nondep =>
        scalarRangeValueBinding (extractScalarExprWith locals ((Lean.Expr.const `Bool.toUInt64 []).app value))
          (fun flag => extractScalarBooleanRangeWith (ScalarBinding.boolean flag :: locals) slot body)
          (fun x => extractScalarBooleanRangeWith locals slot value) fun flag =>
          extractScalarExprWith (ScalarBinding.boolean flag :: locals) ((Lean.Expr.const `Bool.toUInt64 []).app body)
      | Lean.Expr.letE name ((Lean.Expr.const `Id [Lean.Level.zero]).app type) value body nondep =>
        extractScalarBooleanRangeWith locals slot (Lean.Expr.letE name type value body nondep)
      |
      Lean.Expr.letE declName
          (Lean.Expr.forallE firstTypeName (Lean.Expr.const `UInt64 [])
            (Lean.Expr.forallE secondTypeName (Lean.Expr.const `UInt64 []) resultType secondTypeBi) firstTypeBi)
          (Lean.Expr.lam firstName (Lean.Expr.const `UInt64 [])
            (Lean.Expr.lam secondName (Lean.Expr.const `UInt64 []) value secondBi) firstBi)
          body nondep =>
        match scalarResultType? resultType with
        | none =>
          match
            scalarManyFunction?
              (Lean.Expr.forallE firstTypeName (Lean.Expr.const `UInt64 [])
                (Lean.Expr.forallE secondTypeName (Lean.Expr.const `UInt64 []) resultType secondTypeBi) firstTypeBi)
              (Lean.Expr.lam firstName (Lean.Expr.const `UInt64 [])
                (Lean.Expr.lam secondName (Lean.Expr.const `UInt64 []) value secondBi) firstBi) with
          | none => none
          | some shape =>
            match
              extractScalarExprWith (List.replicate shape.arity (ScalarBinding.word (IR.Expr.u64 0)) ++ locals)
                shape.body with
            | none => none
            | some val =>
              extractScalarBooleanRangeWith
                ((ScalarBinding.manyFunction shape.arity fun arguments =>
                    extractScalarExprWith (List.map ScalarBinding.word arguments.reverse ++ locals) shape.body) ::
                  locals)
                slot body
        | some val =>
          match
            extractScalarExprWith (ScalarBinding.word (IR.Expr.u64 0) :: ScalarBinding.word (IR.Expr.u64 0) :: locals)
              value with
          | none => none
          | some val =>
            extractScalarBooleanRangeWith
              ((ScalarBinding.binaryFunction fun first second =>
                  extractScalarExprWith (ScalarBinding.word second :: ScalarBinding.word first :: locals) value) ::
                locals)
              slot body
      |
      Lean.Expr.letE name (Lean.Expr.forallE typeName (Lean.Expr.const `UInt64 []) resultType typeBi)
          (Lean.Expr.lam paramName (Lean.Expr.const `UInt64 []) value paramBi) body nondep =>
        match scalarResultType? resultType with
        | none =>
          match booleanType? resultType with
          | none => none
          | some val =>
            scalarBooleanRangeCompleteContinuation locals false value body
              (fun binding => extractScalarBooleanRangeWith (binding :: locals) slot body)
              (fun binding => extractScalarBooleanRangeWith (binding :: locals) slot value) fun arm x =>
              extractScalarBooleanRangeWith locals slot
                (Lean.Expr.letE name (Lean.Expr.forallE typeName (Lean.Expr.const `UInt64 []) resultType typeBi)
                  (Lean.Expr.lam paramName (Lean.Expr.const `UInt64 []) value paramBi) arm nondep)
        | some val =>
          match extractScalarExprWith (ScalarBinding.word (IR.Expr.u64 0) :: locals) value with
          | none => none
          | some val =>
            extractScalarBooleanRangeWith
              ((ScalarBinding.function false fun argument =>
                  extractScalarExprWith (ScalarBinding.word argument :: locals) value) ::
                locals)
              slot body
      |
      Lean.Expr.letE name (Lean.Expr.forallE typeName (Lean.Expr.const `Bool []) resultType typeBi)
          (Lean.Expr.lam paramName (Lean.Expr.const `Bool []) value paramBi) body nondep =>
        match scalarResultType? resultType with
        | none =>
          match booleanType? resultType with
          | none => none
          | some val =>
            scalarBooleanRangeCompleteContinuation locals true value body
              (fun binding => extractScalarBooleanRangeWith (binding :: locals) slot body)
              (fun binding => extractScalarBooleanRangeWith (binding :: locals) slot value) fun arm x =>
              extractScalarBooleanRangeWith locals slot
                (Lean.Expr.letE name (Lean.Expr.forallE typeName (Lean.Expr.const `Bool []) resultType typeBi)
                  (Lean.Expr.lam paramName (Lean.Expr.const `Bool []) value paramBi) arm nondep)
        | some val =>
          match extractScalarExprWith (ScalarBinding.boolean (IR.Expr.u64 0) :: locals) value with
          | none => none
          | some val =>
            extractScalarBooleanRangeWith
              ((ScalarBinding.booleanFunction fun argument =>
                  extractScalarExprWith (ScalarBinding.boolean argument :: locals) value) ::
                locals)
              slot body
      |
      Lean.Expr.letE declName
          (Lean.Expr.forallE binderName (Lean.Expr.const `Unit [])
            (Lean.Expr.forallE binderName_1 (Lean.Expr.const `UInt64 []) resultType binderInfo) binderInfo_1)
          (Lean.Expr.lam binderName_2 (Lean.Expr.const `Unit [])
            (Lean.Expr.lam binderName_3 (Lean.Expr.const `UInt64 []) value binderInfo_2) binderInfo_3)
          body nondep =>
        match scalarResultType? resultType with
        | none => none
        | some val =>
          match extractScalarExprWith (ScalarBinding.word (IR.Expr.u64 0) :: ScalarBinding.unit :: locals) value with
          | none => none
          | some val =>
            extractScalarBooleanRangeWith
              ((ScalarBinding.function true fun argument =>
                  extractScalarExprWith (ScalarBinding.word argument :: ScalarBinding.unit :: locals) value) ::
                locals)
              slot body
      |
      Lean.Expr.letE declName
          (Lean.Expr.forallE binderName (Lean.Expr.const `PUnit [Lean.Level.zero.succ])
            (Lean.Expr.forallE binderName_1 (Lean.Expr.const `UInt64 []) resultType binderInfo) binderInfo_1)
          (Lean.Expr.lam binderName_2 (Lean.Expr.const `PUnit [Lean.Level.zero.succ])
            (Lean.Expr.lam binderName_3 (Lean.Expr.const `UInt64 []) value binderInfo_2) binderInfo_3)
          body nondep =>
        match scalarResultType? resultType with
        | none => none
        | some val =>
          match extractScalarExprWith (ScalarBinding.word (IR.Expr.u64 0) :: ScalarBinding.unit :: locals) value with
          | none => none
          | some val =>
            extractScalarBooleanRangeWith
              ((ScalarBinding.function true fun argument =>
                  extractScalarExprWith (ScalarBinding.word argument :: ScalarBinding.unit :: locals) value) ::
                locals)
              slot body
      |
      Lean.Expr.letE name
          (Lean.Expr.forallE typeName ((Lean.Expr.const `Id [Lean.Level.zero]).app input) resultType typeBi)
          (Lean.Expr.lam paramName ((Lean.Expr.const `Id [Lean.Level.zero]).app domain) value paramBi) body nondep =>
        if input = domain then
          extractScalarBooleanRangeWith locals slot
            (Lean.Expr.letE name (Lean.Expr.forallE typeName input resultType typeBi)
              (Lean.Expr.lam paramName domain value paramBi) body nondep)
        else none
      |
      ((((((Lean.Expr.const `Bind.bind [Lean.Level.zero, Lean.Level.zero]).app
                              (Lean.Expr.const `Id [Lean.Level.zero])).app
                          (((Lean.Expr.const `Monad.toBind [Lean.Level.zero, Lean.Level.zero]).app
                                (Lean.Expr.const `Id [Lean.Level.zero])).app
                            (Lean.Expr.const `Id.instMonad [Lean.Level.zero]))).app
                      input).app
                  output).app
              value).app
          (Lean.Expr.lam binderName domain body binderInfo) =>
        match booleanRangeBindTypes? input domain output with
        | none =>
          match booleanRangeFlagBindTypes? input domain output with
          | none => none
          | some val =>
            scalarRangeValueBinding (extractScalarExprWith locals ((Lean.Expr.const `Bool.toUInt64 []).app value))
              (fun flag => extractScalarBooleanRangeWith (ScalarBinding.boolean flag :: locals) slot body)
              (fun x => extractScalarBooleanRangeWith locals slot value) fun flag =>
              extractScalarExprWith (ScalarBinding.boolean flag :: locals)
                ((Lean.Expr.const `Bool.toUInt64 []).app body)
        | some val =>
          match extractScalarExprWith locals value with
          | some bound => extractScalarBooleanRangeWith (ScalarBinding.word bound :: locals) slot body
          | none => do
            let plan ← extractScalarRangeExitWith locals slot value
            let result ←
              extractScalarExprWith (ScalarBinding.word plan.result :: locals)
                  ((Lean.Expr.const `Bool.toUInt64 []).app body)
            pure
                { count := plan.count, initial := plan.initial, step := plan.step, done := plan.done, result := result }
      | (((((Lean.Expr.const `ite [Lean.Level.zero.succ]).app type).app condition).app evidence).app yes).app no =>
        match booleanType? type with
        | none => none
        | some val =>
          match extractScalarExprWith locals (BooleanRange.decision condition evidence) with
          | none => none
          | some guard => do
            let first ←
              scalarBooleanRangeArm (extractScalarExprWith locals ((Lean.Expr.const `Bool.toUInt64 []).app yes))
                  fun x => extractScalarBooleanRangeWith locals slot yes
            let second ←
              scalarBooleanRangeArm (extractScalarExprWith locals ((Lean.Expr.const `Bool.toUInt64 []).app no)) fun x =>
                  extractScalarBooleanRangeWith locals slot no
            pure (ScalarRangeExitPlan.choice guard first second)
      | source =>
        match _wrapped : booleanRangeWrapper? source with
        | some (fst, body) => extractScalarBooleanRangeWith locals slot body
        | none => none) =
    do
    let _ ← extractScalarExprWith (ScalarBinding.word (IR.Expr.u64 0) :: ScalarBinding.unit :: locals) a
    extractScalarBooleanRangeWith
        ((ScalarBinding.function true fun argument =>
            extractScalarExprWith (ScalarBinding.word argument :: ScalarBinding.unit :: locals) a) ::
          locals)
        slot b
LeanExe/Extract/ScalarBooleanRange.lean:471:69: error: Tactic `rewrite` failed: Did not find an occurrence of the pattern
  extractScalarExprWith locals
    ((Lean.Expr.const `Bool.toUInt64 []).app (BooleanRange.choiceExpr type condition evidence yes no))
in the target expression
  (match
      extractScalarExprWith locals
        ((Lean.Expr.const `Bool.toUInt64 []).app
          ((((((Lean.Expr.const `ite [Lean.Level.zero.succ]).app type.expr).app condition).app evidence).app yes).app
            no)) with
    | some value => some (ScalarRangeExitPlan.scalar value)
    | none =>
      match
        (((((Lean.Expr.const `ite [Lean.Level.zero.succ]).app type.expr).app condition).app evidence).app yes).app
          no with
      | Lean.Expr.letE declName (Lean.Expr.const `UInt64 []) value body nondep =>
        match extractScalarExprWith locals value with
        | some bound => extractScalarBooleanRangeWith (ScalarBinding.word bound :: locals) slot body
        | none => do
          let plan ← extractScalarRangeExitWith locals slot value
          let result ←
            extractScalarExprWith (ScalarBinding.word plan.result :: locals)
                ((Lean.Expr.const `Bool.toUInt64 []).app body)
          pure { count := plan.count, initial := plan.initial, step := plan.step, done := plan.done, result := result }
      | Lean.Expr.letE declName (Lean.Expr.const `Bool []) value body nondep =>
        scalarRangeValueBinding (extractScalarExprWith locals ((Lean.Expr.const `Bool.toUInt64 []).app value))
          (fun flag => extractScalarBooleanRangeWith (ScalarBinding.boolean flag :: locals) slot body)
          (fun x => extractScalarBooleanRangeWith locals slot value) fun flag =>
          extractScalarExprWith (ScalarBinding.boolean flag :: locals) ((Lean.Expr.const `Bool.toUInt64 []).app body)
      | Lean.Expr.letE name ((Lean.Expr.const `Id [Lean.Level.zero]).app type) value body nondep =>
        extractScalarBooleanRangeWith locals slot (Lean.Expr.letE name type value body nondep)
      |
      Lean.Expr.letE declName
          (Lean.Expr.forallE firstTypeName (Lean.Expr.const `UInt64 [])
            (Lean.Expr.forallE secondTypeName (Lean.Expr.const `UInt64 []) resultType secondTypeBi) firstTypeBi)
          (Lean.Expr.lam firstName (Lean.Expr.const `UInt64 [])
            (Lean.Expr.lam secondName (Lean.Expr.const `UInt64 []) value secondBi) firstBi)
          body nondep =>
        match scalarResultType? resultType with
        | none =>
          match
            scalarManyFunction?
              (Lean.Expr.forallE firstTypeName (Lean.Expr.const `UInt64 [])
                (Lean.Expr.forallE secondTypeName (Lean.Expr.const `UInt64 []) resultType secondTypeBi) firstTypeBi)
              (Lean.Expr.lam firstName (Lean.Expr.const `UInt64 [])
                (Lean.Expr.lam secondName (Lean.Expr.const `UInt64 []) value secondBi) firstBi) with
          | none => none
          | some shape =>
            match
              extractScalarExprWith (List.replicate shape.arity (ScalarBinding.word (IR.Expr.u64 0)) ++ locals)
                shape.body with
            | none => none
            | some val =>
              extractScalarBooleanRangeWith
                ((ScalarBinding.manyFunction shape.arity fun arguments =>
                    extractScalarExprWith (List.map ScalarBinding.word arguments.reverse ++ locals) shape.body) ::
                  locals)
                slot body
        | some val =>
          match
            extractScalarExprWith (ScalarBinding.word (IR.Expr.u64 0) :: ScalarBinding.word (IR.Expr.u64 0) :: locals)
              value with
          | none => none
          | some val =>
            extractScalarBooleanRangeWith
              ((ScalarBinding.binaryFunction fun first second =>
                  extractScalarExprWith (ScalarBinding.word second :: ScalarBinding.word first :: locals) value) ::
                locals)
              slot body
      |
      Lean.Expr.letE name (Lean.Expr.forallE typeName (Lean.Expr.const `UInt64 []) resultType typeBi)
          (Lean.Expr.lam paramName (Lean.Expr.const `UInt64 []) value paramBi) body nondep =>
        match scalarResultType? resultType with
        | none =>
          match booleanType? resultType with
          | none => none
          | some val =>
            scalarBooleanRangeCompleteContinuation locals false value body
              (fun binding => extractScalarBooleanRangeWith (binding :: locals) slot body)
              (fun binding => extractScalarBooleanRangeWith (binding :: locals) slot value) fun arm x =>
              extractScalarBooleanRangeWith locals slot
                (Lean.Expr.letE name (Lean.Expr.forallE typeName (Lean.Expr.const `UInt64 []) resultType typeBi)
                  (Lean.Expr.lam paramName (Lean.Expr.const `UInt64 []) value paramBi) arm nondep)
        | some val =>
          match extractScalarExprWith (ScalarBinding.word (IR.Expr.u64 0) :: locals) value with
          | none => none
          | some val =>
            extractScalarBooleanRangeWith
              ((ScalarBinding.function false fun argument =>
                  extractScalarExprWith (ScalarBinding.word argument :: locals) value) ::
                locals)
              slot body
      |
      Lean.Expr.letE name (Lean.Expr.forallE typeName (Lean.Expr.const `Bool []) resultType typeBi)
          (Lean.Expr.lam paramName (Lean.Expr.const `Bool []) value paramBi) body nondep =>
        match scalarResultType? resultType with
        | none =>
          match booleanType? resultType with
          | none => none
          | some val =>
            scalarBooleanRangeCompleteContinuation locals true value body
              (fun binding => extractScalarBooleanRangeWith (binding :: locals) slot body)
              (fun binding => extractScalarBooleanRangeWith (binding :: locals) slot value) fun arm x =>
              extractScalarBooleanRangeWith locals slot
                (Lean.Expr.letE name (Lean.Expr.forallE typeName (Lean.Expr.const `Bool []) resultType typeBi)
                  (Lean.Expr.lam paramName (Lean.Expr.const `Bool []) value paramBi) arm nondep)
        | some val =>
          match extractScalarExprWith (ScalarBinding.boolean (IR.Expr.u64 0) :: locals) value with
          | none => none
          | some val =>
            extractScalarBooleanRangeWith
              ((ScalarBinding.booleanFunction fun argument =>
                  extractScalarExprWith (ScalarBinding.boolean argument :: locals) value) ::
                locals)
              slot body
      |
      Lean.Expr.letE declName
          (Lean.Expr.forallE binderName (Lean.Expr.const `Unit [])
            (Lean.Expr.forallE binderName_1 (Lean.Expr.const `UInt64 []) resultType binderInfo) binderInfo_1)
          (Lean.Expr.lam binderName_2 (Lean.Expr.const `Unit [])
            (Lean.Expr.lam binderName_3 (Lean.Expr.const `UInt64 []) value binderInfo_2) binderInfo_3)
          body nondep =>
        match scalarResultType? resultType with
        | none => none
        | some val =>
          match extractScalarExprWith (ScalarBinding.word (IR.Expr.u64 0) :: ScalarBinding.unit :: locals) value with
          | none => none
          | some val =>
            extractScalarBooleanRangeWith
              ((ScalarBinding.function true fun argument =>
                  extractScalarExprWith (ScalarBinding.word argument :: ScalarBinding.unit :: locals) value) ::
                locals)
              slot body
      |
      Lean.Expr.letE declName
          (Lean.Expr.forallE binderName (Lean.Expr.const `PUnit [Lean.Level.zero.succ])
            (Lean.Expr.forallE binderName_1 (Lean.Expr.const `UInt64 []) resultType binderInfo) binderInfo_1)
          (Lean.Expr.lam binderName_2 (Lean.Expr.const `PUnit [Lean.Level.zero.succ])
            (Lean.Expr.lam binderName_3 (Lean.Expr.const `UInt64 []) value binderInfo_2) binderInfo_3)
          body nondep =>
        match scalarResultType? resultType with
        | none => none
        | some val =>
          match extractScalarExprWith (ScalarBinding.word (IR.Expr.u64 0) :: ScalarBinding.unit :: locals) value with
          | none => none
          | some val =>
            extractScalarBooleanRangeWith
              ((ScalarBinding.function true fun argument =>
                  extractScalarExprWith (ScalarBinding.word argument :: ScalarBinding.unit :: locals) value) ::
                locals)
              slot body
      |
      Lean.Expr.letE name
          (Lean.Expr.forallE typeName ((Lean.Expr.const `Id [Lean.Level.zero]).app input) resultType typeBi)
          (Lean.Expr.lam paramName ((Lean.Expr.const `Id [Lean.Level.zero]).app domain) value paramBi) body nondep =>
        if input = domain then
          extractScalarBooleanRangeWith locals slot
            (Lean.Expr.letE name (Lean.Expr.forallE typeName input resultType typeBi)
              (Lean.Expr.lam paramName domain value paramBi) body nondep)
        else none
      |
      ((((((Lean.Expr.const `Bind.bind [Lean.Level.zero, Lean.Level.zero]).app
                              (Lean.Expr.const `Id [Lean.Level.zero])).app
                          (((Lean.Expr.const `Monad.toBind [Lean.Level.zero, Lean.Level.zero]).app
                                (Lean.Expr.const `Id [Lean.Level.zero])).app
                            (Lean.Expr.const `Id.instMonad [Lean.Level.zero]))).app
                      input).app
                  output).app
              value).app
          (Lean.Expr.lam binderName domain body binderInfo) =>
        match booleanRangeBindTypes? input domain output with
        | none =>
          match booleanRangeFlagBindTypes? input domain output with
          | none => none
          | some val =>
            scalarRangeValueBinding (extractScalarExprWith locals ((Lean.Expr.const `Bool.toUInt64 []).app value))
              (fun flag => extractScalarBooleanRangeWith (ScalarBinding.boolean flag :: locals) slot body)
              (fun x => extractScalarBooleanRangeWith locals slot value) fun flag =>
              extractScalarExprWith (ScalarBinding.boolean flag :: locals)
                ((Lean.Expr.const `Bool.toUInt64 []).app body)
        | some val =>
          match extractScalarExprWith locals value with
          | some bound => extractScalarBooleanRangeWith (ScalarBinding.word bound :: locals) slot body
          | none => do
            let plan ← extractScalarRangeExitWith locals slot value
            let result ←
              extractScalarExprWith (ScalarBinding.word plan.result :: locals)
                  ((Lean.Expr.const `Bool.toUInt64 []).app body)
            pure
                { count := plan.count, initial := plan.initial, step := plan.step, done := plan.done, result := result }
      | (((((Lean.Expr.const `ite [Lean.Level.zero.succ]).app type).app condition).app evidence).app yes).app no =>
        match booleanType? type with
        | none => none
        | some val =>
          match extractScalarExprWith locals (BooleanRange.decision condition evidence) with
          | none => none
          | some guard => do
            let first ←
              scalarBooleanRangeArm (extractScalarExprWith locals ((Lean.Expr.const `Bool.toUInt64 []).app yes))
                  fun x => extractScalarBooleanRangeWith locals slot yes
            let second ←
              scalarBooleanRangeArm (extractScalarExprWith locals ((Lean.Expr.const `Bool.toUInt64 []).app no)) fun x =>
                  extractScalarBooleanRangeWith locals slot no
            pure (ScalarRangeExitPlan.choice guard first second)
      | source =>
        match _wrapped : booleanRangeWrapper? source with
        | some (fst, body) => extractScalarBooleanRangeWith locals slot body
        | none => none) =
    do
    let guard ← extractScalarExprWith locals (BooleanRange.decision condition evidence)
    let first ←
      scalarBooleanRangeArm (extractScalarExprWith locals ((Lean.Expr.const `Bool.toUInt64 []).app yes)) fun x =>
          extractScalarBooleanRangeWith locals slot yes
    let second ←
      scalarBooleanRangeArm (extractScalarExprWith locals ((Lean.Expr.const `Bool.toUInt64 []).app no)) fun x =>
          extractScalarBooleanRangeWith locals slot no
    pure (ScalarRangeExitPlan.choice guard first second)

locals : List ScalarBinding
slot : Nat
type : BooleanType
condition evidence yes no : Lean.Expr
notScalar :
  extractScalarExprWith locals
      ((Lean.Expr.const `Bool.toUInt64 []).app (BooleanRange.choiceExpr type condition evidence yes no)) =
    none
⊢ (match
      extractScalarExprWith locals
        ((Lean.Expr.const `Bool.toUInt64 []).app
          ((((((Lean.Expr.const `ite [Lean.Level.zero.succ]).app type.expr).app condition).app evidence).app yes).app
            no)) with
    | some value => some (ScalarRangeExitPlan.scalar value)
    | none =>
      match
        (((((Lean.Expr.const `ite [Lean.Level.zero.succ]).app type.expr).app condition).app evidence).app yes).app
          no with
      | Lean.Expr.letE declName (Lean.Expr.const `UInt64 []) value body nondep =>
        match extractScalarExprWith locals value with
        | some bound => extractScalarBooleanRangeWith (ScalarBinding.word bound :: locals) slot body
        | none => do
          let plan ← extractScalarRangeExitWith locals slot value
          let result ←
            extractScalarExprWith (ScalarBinding.word plan.result :: locals)
                ((Lean.Expr.const `Bool.toUInt64 []).app body)
          pure { count := plan.count, initial := plan.initial, step := plan.step, done := plan.done, result := result }
      | Lean.Expr.letE declName (Lean.Expr.const `Bool []) value body nondep =>
        scalarRangeValueBinding (extractScalarExprWith locals ((Lean.Expr.const `Bool.toUInt64 []).app value))
          (fun flag => extractScalarBooleanRangeWith (ScalarBinding.boolean flag :: locals) slot body)
          (fun x => extractScalarBooleanRangeWith locals slot value) fun flag =>
          extractScalarExprWith (ScalarBinding.boolean flag :: locals) ((Lean.Expr.const `Bool.toUInt64 []).app body)
      | Lean.Expr.letE name ((Lean.Expr.const `Id [Lean.Level.zero]).app type) value body nondep =>
        extractScalarBooleanRangeWith locals slot (Lean.Expr.letE name type value body nondep)
      |
      Lean.Expr.letE declName
          (Lean.Expr.forallE firstTypeName (Lean.Expr.const `UInt64 [])
            (Lean.Expr.forallE secondTypeName (Lean.Expr.const `UInt64 []) resultType secondTypeBi) firstTypeBi)
          (Lean.Expr.lam firstName (Lean.Expr.const `UInt64 [])
            (Lean.Expr.lam secondName (Lean.Expr.const `UInt64 []) value secondBi) firstBi)
          body nondep =>
        match scalarResultType? resultType with
        | none =>
          match
            scalarManyFunction?
              (Lean.Expr.forallE firstTypeName (Lean.Expr.const `UInt64 [])
                (Lean.Expr.forallE secondTypeName (Lean.Expr.const `UInt64 []) resultType secondTypeBi) firstTypeBi)
              (Lean.Expr.lam firstName (Lean.Expr.const `UInt64 [])
                (Lean.Expr.lam secondName (Lean.Expr.const `UInt64 []) value secondBi) firstBi) with
          | none => none
          | some shape =>
            match
              extractScalarExprWith (List.replicate shape.arity (ScalarBinding.word (IR.Expr.u64 0)) ++ locals)
                shape.body with
            | none => none
            | some val =>
              extractScalarBooleanRangeWith
                ((ScalarBinding.manyFunction shape.arity fun arguments =>
                    extractScalarExprWith (List.map ScalarBinding.word arguments.reverse ++ locals) shape.body) ::
                  locals)
                slot body
        | some val =>
          match
            extractScalarExprWith (ScalarBinding.word (IR.Expr.u64 0) :: ScalarBinding.word (IR.Expr.u64 0) :: locals)
              value with
          | none => none
          | some val =>
            extractScalarBooleanRangeWith
              ((ScalarBinding.binaryFunction fun first second =>
                  extractScalarExprWith (ScalarBinding.word second :: ScalarBinding.word first :: locals) value) ::
                locals)
              slot body
      |
      Lean.Expr.letE name (Lean.Expr.forallE typeName (Lean.Expr.const `UInt64 []) resultType typeBi)
          (Lean.Expr.lam paramName (Lean.Expr.const `UInt64 []) value paramBi) body nondep =>
        match scalarResultType? resultType with
        | none =>
          match booleanType? resultType with
          | none => none
          | some val =>
            scalarBooleanRangeCompleteContinuation locals false value body
              (fun binding => extractScalarBooleanRangeWith (binding :: locals) slot body)
              (fun binding => extractScalarBooleanRangeWith (binding :: locals) slot value) fun arm x =>
              extractScalarBooleanRangeWith locals slot
                (Lean.Expr.letE name (Lean.Expr.forallE typeName (Lean.Expr.const `UInt64 []) resultType typeBi)
                  (Lean.Expr.lam paramName (Lean.Expr.const `UInt64 []) value paramBi) arm nondep)
        | some val =>
          match extractScalarExprWith (ScalarBinding.word (IR.Expr.u64 0) :: locals) value with
          | none => none
          | some val =>
            extractScalarBooleanRangeWith
              ((ScalarBinding.function false fun argument =>
                  extractScalarExprWith (ScalarBinding.word argument :: locals) value) ::
                locals)
              slot body
      |
      Lean.Expr.letE name (Lean.Expr.forallE typeName (Lean.Expr.const `Bool []) resultType typeBi)
          (Lean.Expr.lam paramName (Lean.Expr.const `Bool []) value paramBi) body nondep =>
        match scalarResultType? resultType with
        | none =>
          match booleanType? resultType with
          | none => none
          | some val =>
            scalarBooleanRangeCompleteContinuation locals true value body
              (fun binding => extractScalarBooleanRangeWith (binding :: locals) slot body)
              (fun binding => extractScalarBooleanRangeWith (binding :: locals) slot value) fun arm x =>
              extractScalarBooleanRangeWith locals slot
                (Lean.Expr.letE name (Lean.Expr.forallE typeName (Lean.Expr.const `Bool []) resultType typeBi)
                  (Lean.Expr.lam paramName (Lean.Expr.const `Bool []) value paramBi) arm nondep)
        | some val =>
          match extractScalarExprWith (ScalarBinding.boolean (IR.Expr.u64 0) :: locals) value with
          | none => none
          | some val =>
            extractScalarBooleanRangeWith
              ((ScalarBinding.booleanFunction fun argument =>
                  extractScalarExprWith (ScalarBinding.boolean argument :: locals) value) ::
                locals)
              slot body
      |
      Lean.Expr.letE declName
          (Lean.Expr.forallE binderName (Lean.Expr.const `Unit [])
            (Lean.Expr.forallE binderName_1 (Lean.Expr.const `UInt64 []) resultType binderInfo) binderInfo_1)
          (Lean.Expr.lam binderName_2 (Lean.Expr.const `Unit [])
            (Lean.Expr.lam binderName_3 (Lean.Expr.const `UInt64 []) value binderInfo_2) binderInfo_3)
          body nondep =>
        match scalarResultType? resultType with
        | none => none
        | some val =>
          match extractScalarExprWith (ScalarBinding.word (IR.Expr.u64 0) :: ScalarBinding.unit :: locals) value with
          | none => none
          | some val =>
            extractScalarBooleanRangeWith
              ((ScalarBinding.function true fun argument =>
                  extractScalarExprWith (ScalarBinding.word argument :: ScalarBinding.unit :: locals) value) ::
                locals)
              slot body
      |
      Lean.Expr.letE declName
          (Lean.Expr.forallE binderName (Lean.Expr.const `PUnit [Lean.Level.zero.succ])
            (Lean.Expr.forallE binderName_1 (Lean.Expr.const `UInt64 []) resultType binderInfo) binderInfo_1)
          (Lean.Expr.lam binderName_2 (Lean.Expr.const `PUnit [Lean.Level.zero.succ])
            (Lean.Expr.lam binderName_3 (Lean.Expr.const `UInt64 []) value binderInfo_2) binderInfo_3)
          body nondep =>
        match scalarResultType? resultType with
        | none => none
        | some val =>
          match extractScalarExprWith (ScalarBinding.word (IR.Expr.u64 0) :: ScalarBinding.unit :: locals) value with
          | none => none
          | some val =>
            extractScalarBooleanRangeWith
              ((ScalarBinding.function true fun argument =>
                  extractScalarExprWith (ScalarBinding.word argument :: ScalarBinding.unit :: locals) value) ::
                locals)
              slot body
      |
      Lean.Expr.letE name
          (Lean.Expr.forallE typeName ((Lean.Expr.const `Id [Lean.Level.zero]).app input) resultType typeBi)
          (Lean.Expr.lam paramName ((Lean.Expr.const `Id [Lean.Level.zero]).app domain) value paramBi) body nondep =>
        if input = domain then
          extractScalarBooleanRangeWith locals slot
            (Lean.Expr.letE name (Lean.Expr.forallE typeName input resultType typeBi)
              (Lean.Expr.lam paramName domain value paramBi) body nondep)
        else none
      |
      ((((((Lean.Expr.const `Bind.bind [Lean.Level.zero, Lean.Level.zero]).app
                              (Lean.Expr.const `Id [Lean.Level.zero])).app
                          (((Lean.Expr.const `Monad.toBind [Lean.Level.zero, Lean.Level.zero]).app
                                (Lean.Expr.const `Id [Lean.Level.zero])).app
                            (Lean.Expr.const `Id.instMonad [Lean.Level.zero]))).app
                      input).app
                  output).app
              value).app
          (Lean.Expr.lam binderName domain body binderInfo) =>
        match booleanRangeBindTypes? input domain output with
        | none =>
          match booleanRangeFlagBindTypes? input domain output with
          | none => none
          | some val =>
            scalarRangeValueBinding (extractScalarExprWith locals ((Lean.Expr.const `Bool.toUInt64 []).app value))
              (fun flag => extractScalarBooleanRangeWith (ScalarBinding.boolean flag :: locals) slot body)
              (fun x => extractScalarBooleanRangeWith locals slot value) fun flag =>
              extractScalarExprWith (ScalarBinding.boolean flag :: locals)
                ((Lean.Expr.const `Bool.toUInt64 []).app body)
        | some val =>
          match extractScalarExprWith locals value with
          | some bound => extractScalarBooleanRangeWith (ScalarBinding.word bound :: locals) slot body
          | none => do
            let plan ← extractScalarRangeExitWith locals slot value
            let result ←
              extractScalarExprWith (ScalarBinding.word plan.result :: locals)
                  ((Lean.Expr.const `Bool.toUInt64 []).app body)
            pure
                { count := plan.count, initial := plan.initial, step := plan.step, done := plan.done, result := result }
      | (((((Lean.Expr.const `ite [Lean.Level.zero.succ]).app type).app condition).app evidence).app yes).app no =>
        match booleanType? type with
        | none => none
        | some val =>
          match extractScalarExprWith locals (BooleanRange.decision condition evidence) with
          | none => none
          | some guard => do
            let first ←
              scalarBooleanRangeArm (extractScalarExprWith locals ((Lean.Expr.const `Bool.toUInt64 []).app yes))
                  fun x => extractScalarBooleanRangeWith locals slot yes
            let second ←
              scalarBooleanRangeArm (extractScalarExprWith locals ((Lean.Expr.const `Bool.toUInt64 []).app no)) fun x =>
                  extractScalarBooleanRangeWith locals slot no
            pure (ScalarRangeExitPlan.choice guard first second)
      | source =>
        match _wrapped : booleanRangeWrapper? source with
        | some (fst, body) => extractScalarBooleanRangeWith locals slot body
        | none => none) =
    do
    let guard ← extractScalarExprWith locals (BooleanRange.decision condition evidence)
    let first ←
      scalarBooleanRangeArm (extractScalarExprWith locals ((Lean.Expr.const `Bool.toUInt64 []).app yes)) fun x =>
          extractScalarBooleanRangeWith locals slot yes
    let second ←
      scalarBooleanRangeArm (extractScalarExprWith locals ((Lean.Expr.const `Bool.toUInt64 []).app no)) fun x =>
          extractScalarBooleanRangeWith locals slot no
    pure (ScalarRangeExitPlan.choice guard first second)
LeanExe/Extract/ScalarBooleanRange.lean:481:54: error: Tactic `rewrite` failed: Did not find an occurrence of the pattern
  extractScalarExprWith locals ((Lean.Expr.const `Bool.toUInt64 []).app ((BooleanWrapper.run type✝).expr body))
in the target expression
  (match
      extractScalarExprWith locals
        ((Lean.Expr.const `Bool.toUInt64 []).app
          (((Lean.Expr.const `Id.run [Lean.Level.zero]).app type✝.expr).app body)) with
    | some value => some (ScalarRangeExitPlan.scalar value)
    | none =>
      match ((Lean.Expr.const `Id.run [Lean.Level.zero]).app type✝.expr).app body with
      | Lean.Expr.letE declName (Lean.Expr.const `UInt64 []) value body nondep =>
        match extractScalarExprWith locals value with
        | some bound => extractScalarBooleanRangeWith (ScalarBinding.word bound :: locals) slot body
        | none => do
          let plan ← extractScalarRangeExitWith locals slot value
          let result ←
            extractScalarExprWith (ScalarBinding.word plan.result :: locals)
                ((Lean.Expr.const `Bool.toUInt64 []).app body)
          pure { count := plan.count, initial := plan.initial, step := plan.step, done := plan.done, result := result }
      | Lean.Expr.letE declName (Lean.Expr.const `Bool []) value body nondep =>
        scalarRangeValueBinding (extractScalarExprWith locals ((Lean.Expr.const `Bool.toUInt64 []).app value))
          (fun flag => extractScalarBooleanRangeWith (ScalarBinding.boolean flag :: locals) slot body)
          (fun x => extractScalarBooleanRangeWith locals slot value) fun flag =>
          extractScalarExprWith (ScalarBinding.boolean flag :: locals) ((Lean.Expr.const `Bool.toUInt64 []).app body)
      | Lean.Expr.letE name ((Lean.Expr.const `Id [Lean.Level.zero]).app type) value body nondep =>
        extractScalarBooleanRangeWith locals slot (Lean.Expr.letE name type value body nondep)
      |
      Lean.Expr.letE declName
          (Lean.Expr.forallE firstTypeName (Lean.Expr.const `UInt64 [])
            (Lean.Expr.forallE secondTypeName (Lean.Expr.const `UInt64 []) resultType secondTypeBi) firstTypeBi)
          (Lean.Expr.lam firstName (Lean.Expr.const `UInt64 [])
            (Lean.Expr.lam secondName (Lean.Expr.const `UInt64 []) value secondBi) firstBi)
          body nondep =>
        match scalarResultType? resultType with
        | none =>
          match
            scalarManyFunction?
              (Lean.Expr.forallE firstTypeName (Lean.Expr.const `UInt64 [])
                (Lean.Expr.forallE secondTypeName (Lean.Expr.const `UInt64 []) resultType secondTypeBi) firstTypeBi)
              (Lean.Expr.lam firstName (Lean.Expr.const `UInt64 [])
                (Lean.Expr.lam secondName (Lean.Expr.const `UInt64 []) value secondBi) firstBi) with
          | none => none
          | some shape =>
            match
              extractScalarExprWith (List.replicate shape.arity (ScalarBinding.word (IR.Expr.u64 0)) ++ locals)
                shape.body with
            | none => none
            | some val =>
              extractScalarBooleanRangeWith
                ((ScalarBinding.manyFunction shape.arity fun arguments =>
                    extractScalarExprWith (List.map ScalarBinding.word arguments.reverse ++ locals) shape.body) ::
                  locals)
                slot body
        | some val =>
          match
            extractScalarExprWith (ScalarBinding.word (IR.Expr.u64 0) :: ScalarBinding.word (IR.Expr.u64 0) :: locals)
              value with
          | none => none
          | some val =>
            extractScalarBooleanRangeWith
              ((ScalarBinding.binaryFunction fun first second =>
                  extractScalarExprWith (ScalarBinding.word second :: ScalarBinding.word first :: locals) value) ::
                locals)
              slot body
      |
      Lean.Expr.letE name (Lean.Expr.forallE typeName (Lean.Expr.const `UInt64 []) resultType typeBi)
          (Lean.Expr.lam paramName (Lean.Expr.const `UInt64 []) value paramBi) body nondep =>
        match scalarResultType? resultType with
        | none =>
          match booleanType? resultType with
          | none => none
          | some val =>
            scalarBooleanRangeCompleteContinuation locals false value body
              (fun binding => extractScalarBooleanRangeWith (binding :: locals) slot body)
              (fun binding => extractScalarBooleanRangeWith (binding :: locals) slot value) fun arm x =>
              extractScalarBooleanRangeWith locals slot
                (Lean.Expr.letE name (Lean.Expr.forallE typeName (Lean.Expr.const `UInt64 []) resultType typeBi)
                  (Lean.Expr.lam paramName (Lean.Expr.const `UInt64 []) value paramBi) arm nondep)
        | some val =>
          match extractScalarExprWith (ScalarBinding.word (IR.Expr.u64 0) :: locals) value with
          | none => none
          | some val =>
            extractScalarBooleanRangeWith
              ((ScalarBinding.function false fun argument =>
                  extractScalarExprWith (ScalarBinding.word argument :: locals) value) ::
                locals)
              slot body
      |
      Lean.Expr.letE name (Lean.Expr.forallE typeName (Lean.Expr.const `Bool []) resultType typeBi)
          (Lean.Expr.lam paramName (Lean.Expr.const `Bool []) value paramBi) body nondep =>
        match scalarResultType? resultType with
        | none =>
          match booleanType? resultType with
          | none => none
          | some val =>
            scalarBooleanRangeCompleteContinuation locals true value body
              (fun binding => extractScalarBooleanRangeWith (binding :: locals) slot body)
              (fun binding => extractScalarBooleanRangeWith (binding :: locals) slot value) fun arm x =>
              extractScalarBooleanRangeWith locals slot
                (Lean.Expr.letE name (Lean.Expr.forallE typeName (Lean.Expr.const `Bool []) resultType typeBi)
                  (Lean.Expr.lam paramName (Lean.Expr.const `Bool []) value paramBi) arm nondep)
        | some val =>
          match extractScalarExprWith (ScalarBinding.boolean (IR.Expr.u64 0) :: locals) value with
          | none => none
          | some val =>
            extractScalarBooleanRangeWith
              ((ScalarBinding.booleanFunction fun argument =>
                  extractScalarExprWith (ScalarBinding.boolean argument :: locals) value) ::
                locals)
              slot body
      |
      Lean.Expr.letE declName
          (Lean.Expr.forallE binderName (Lean.Expr.const `Unit [])
            (Lean.Expr.forallE binderName_1 (Lean.Expr.const `UInt64 []) resultType binderInfo) binderInfo_1)
          (Lean.Expr.lam binderName_2 (Lean.Expr.const `Unit [])
            (Lean.Expr.lam binderName_3 (Lean.Expr.const `UInt64 []) value binderInfo_2) binderInfo_3)
          body nondep =>
        match scalarResultType? resultType with
        | none => none
        | some val =>
          match extractScalarExprWith (ScalarBinding.word (IR.Expr.u64 0) :: ScalarBinding.unit :: locals) value with
          | none => none
          | some val =>
            extractScalarBooleanRangeWith
              ((ScalarBinding.function true fun argument =>
                  extractScalarExprWith (ScalarBinding.word argument :: ScalarBinding.unit :: locals) value) ::
                locals)
              slot body
      |
      Lean.Expr.letE declName
          (Lean.Expr.forallE binderName (Lean.Expr.const `PUnit [Lean.Level.zero.succ])
            (Lean.Expr.forallE binderName_1 (Lean.Expr.const `UInt64 []) resultType binderInfo) binderInfo_1)
          (Lean.Expr.lam binderName_2 (Lean.Expr.const `PUnit [Lean.Level.zero.succ])
            (Lean.Expr.lam binderName_3 (Lean.Expr.const `UInt64 []) value binderInfo_2) binderInfo_3)
          body nondep =>
        match scalarResultType? resultType with
        | none => none
        | some val =>
          match extractScalarExprWith (ScalarBinding.word (IR.Expr.u64 0) :: ScalarBinding.unit :: locals) value with
          | none => none
          | some val =>
            extractScalarBooleanRangeWith
              ((ScalarBinding.function true fun argument =>
                  extractScalarExprWith (ScalarBinding.word argument :: ScalarBinding.unit :: locals) value) ::
                locals)
              slot body
      |
      Lean.Expr.letE name
          (Lean.Expr.forallE typeName ((Lean.Expr.const `Id [Lean.Level.zero]).app input) resultType typeBi)
          (Lean.Expr.lam paramName ((Lean.Expr.const `Id [Lean.Level.zero]).app domain) value paramBi) body nondep =>
        if input = domain then
          extractScalarBooleanRangeWith locals slot
            (Lean.Expr.letE name (Lean.Expr.forallE typeName input resultType typeBi)
              (Lean.Expr.lam paramName domain value paramBi) body nondep)
        else none
      |
      ((((((Lean.Expr.const `Bind.bind [Lean.Level.zero, Lean.Level.zero]).app
                              (Lean.Expr.const `Id [Lean.Level.zero])).app
                          (((Lean.Expr.const `Monad.toBind [Lean.Level.zero, Lean.Level.zero]).app
                                (Lean.Expr.const `Id [Lean.Level.zero])).app
                            (Lean.Expr.const `Id.instMonad [Lean.Level.zero]))).app
                      input).app
                  output).app
              value).app
          (Lean.Expr.lam binderName domain body binderInfo) =>
        match booleanRangeBindTypes? input domain output with
        | none =>
          match booleanRangeFlagBindTypes? input domain output with
          | none => none
          | some val =>
            scalarRangeValueBinding (extractScalarExprWith locals ((Lean.Expr.const `Bool.toUInt64 []).app value))
              (fun flag => extractScalarBooleanRangeWith (ScalarBinding.boolean flag :: locals) slot body)
              (fun x => extractScalarBooleanRangeWith locals slot value) fun flag =>
              extractScalarExprWith (ScalarBinding.boolean flag :: locals)
                ((Lean.Expr.const `Bool.toUInt64 []).app body)
        | some val =>
          match extractScalarExprWith locals value with
          | some bound => extractScalarBooleanRangeWith (ScalarBinding.word bound :: locals) slot body
          | none => do
            let plan ← extractScalarRangeExitWith locals slot value
            let result ←
              extractScalarExprWith (ScalarBinding.word plan.result :: locals)
                  ((Lean.Expr.const `Bool.toUInt64 []).app body)
            pure
                { count := plan.count, initial := plan.initial, step := plan.step, done := plan.done, result := result }
      | (((((Lean.Expr.const `ite [Lean.Level.zero.succ]).app type).app condition).app evidence).app yes).app no =>
        match booleanType? type with
        | none => none
        | some val =>
          match extractScalarExprWith locals (BooleanRange.decision condition evidence) with
          | none => none
          | some guard => do
            let first ←
              scalarBooleanRangeArm (extractScalarExprWith locals ((Lean.Expr.const `Bool.toUInt64 []).app yes))
                  fun x => extractScalarBooleanRangeWith locals slot yes
            let second ←
              scalarBooleanRangeArm (extractScalarExprWith locals ((Lean.Expr.const `Bool.toUInt64 []).app no)) fun x =>
                  extractScalarBooleanRangeWith locals slot no
            pure (ScalarRangeExitPlan.choice guard first second)
      | source =>
        match _wrapped : booleanRangeWrapper? source with
        | some (fst, body) => extractScalarBooleanRangeWith locals slot body
        | none => none) =
    extractScalarBooleanRangeWith locals slot body

case run
locals : List ScalarBinding
slot : Nat
body : Lean.Expr
type✝ : BooleanType
notScalar :
  extractScalarExprWith locals ((Lean.Expr.const `Bool.toUInt64 []).app ((BooleanWrapper.run type✝).expr body)) = none
parsed :
  booleanRangeWrapper? (((Lean.Expr.const `Id.run [Lean.Level.zero]).app type✝.expr).app body) =
    some (BooleanWrapper.run type✝, body)
⊢ (match
      extractScalarExprWith locals
        ((Lean.Expr.const `Bool.toUInt64 []).app
          (((Lean.Expr.const `Id.run [Lean.Level.zero]).app type✝.expr).app body)) with
    | some value => some (ScalarRangeExitPlan.scalar value)
    | none =>
      match ((Lean.Expr.const `Id.run [Lean.Level.zero]).app type✝.expr).app body with
      | Lean.Expr.letE declName (Lean.Expr.const `UInt64 []) value body nondep =>
        match extractScalarExprWith locals value with
        | some bound => extractScalarBooleanRangeWith (ScalarBinding.word bound :: locals) slot body
        | none => do
          let plan ← extractScalarRangeExitWith locals slot value
          let result ←
            extractScalarExprWith (ScalarBinding.word plan.result :: locals)
                ((Lean.Expr.const `Bool.toUInt64 []).app body)
          pure { count := plan.count, initial := plan.initial, step := plan.step, done := plan.done, result := result }
      | Lean.Expr.letE declName (Lean.Expr.const `Bool []) value body nondep =>
        scalarRangeValueBinding (extractScalarExprWith locals ((Lean.Expr.const `Bool.toUInt64 []).app value))
          (fun flag => extractScalarBooleanRangeWith (ScalarBinding.boolean flag :: locals) slot body)
          (fun x => extractScalarBooleanRangeWith locals slot value) fun flag =>
          extractScalarExprWith (ScalarBinding.boolean flag :: locals) ((Lean.Expr.const `Bool.toUInt64 []).app body)
      | Lean.Expr.letE name ((Lean.Expr.const `Id [Lean.Level.zero]).app type) value body nondep =>
        extractScalarBooleanRangeWith locals slot (Lean.Expr.letE name type value body nondep)
      |
      Lean.Expr.letE declName
          (Lean.Expr.forallE firstTypeName (Lean.Expr.const `UInt64 [])
            (Lean.Expr.forallE secondTypeName (Lean.Expr.const `UInt64 []) resultType secondTypeBi) firstTypeBi)
          (Lean.Expr.lam firstName (Lean.Expr.const `UInt64 [])
            (Lean.Expr.lam secondName (Lean.Expr.const `UInt64 []) value secondBi) firstBi)
          body nondep =>
        match scalarResultType? resultType with
        | none =>
          match
            scalarManyFunction?
              (Lean.Expr.forallE firstTypeName (Lean.Expr.const `UInt64 [])
                (Lean.Expr.forallE secondTypeName (Lean.Expr.const `UInt64 []) resultType secondTypeBi) firstTypeBi)
              (Lean.Expr.lam firstName (Lean.Expr.const `UInt64 [])
                (Lean.Expr.lam secondName (Lean.Expr.const `UInt64 []) value secondBi) firstBi) with
          | none => none
          | some shape =>
            match
              extractScalarExprWith (List.replicate shape.arity (ScalarBinding.word (IR.Expr.u64 0)) ++ locals)
                shape.body with
            | none => none
            | some val =>
              extractScalarBooleanRangeWith
                ((ScalarBinding.manyFunction shape.arity fun arguments =>
                    extractScalarExprWith (List.map ScalarBinding.word arguments.reverse ++ locals) shape.body) ::
                  locals)
                slot body
        | some val =>
          match
            extractScalarExprWith (ScalarBinding.word (IR.Expr.u64 0) :: ScalarBinding.word (IR.Expr.u64 0) :: locals)
              value with
          | none => none
          | some val =>
            extractScalarBooleanRangeWith
              ((ScalarBinding.binaryFunction fun first second =>
                  extractScalarExprWith (ScalarBinding.word second :: ScalarBinding.word first :: locals) value) ::
                locals)
              slot body
      |
      Lean.Expr.letE name (Lean.Expr.forallE typeName (Lean.Expr.const `UInt64 []) resultType typeBi)
          (Lean.Expr.lam paramName (Lean.Expr.const `UInt64 []) value paramBi) body nondep =>
        match scalarResultType? resultType with
        | none =>
          match booleanType? resultType with
          | none => none
          | some val =>
            scalarBooleanRangeCompleteContinuation locals false value body
              (fun binding => extractScalarBooleanRangeWith (binding :: locals) slot body)
              (fun binding => extractScalarBooleanRangeWith (binding :: locals) slot value) fun arm x =>
              extractScalarBooleanRangeWith locals slot
                (Lean.Expr.letE name (Lean.Expr.forallE typeName (Lean.Expr.const `UInt64 []) resultType typeBi)
                  (Lean.Expr.lam paramName (Lean.Expr.const `UInt64 []) value paramBi) arm nondep)
        | some val =>
          match extractScalarExprWith (ScalarBinding.word (IR.Expr.u64 0) :: locals) value with
          | none => none
          | some val =>
            extractScalarBooleanRangeWith
              ((ScalarBinding.function false fun argument =>
                  extractScalarExprWith (ScalarBinding.word argument :: locals) value) ::
                locals)
              slot body
      |
      Lean.Expr.letE name (Lean.Expr.forallE typeName (Lean.Expr.const `Bool []) resultType typeBi)
          (Lean.Expr.lam paramName (Lean.Expr.const `Bool []) value paramBi) body nondep =>
        match scalarResultType? resultType with
        | none =>
          match booleanType? resultType with
          | none => none
          | some val =>
            scalarBooleanRangeCompleteContinuation locals true value body
              (fun binding => extractScalarBooleanRangeWith (binding :: locals) slot body)
              (fun binding => extractScalarBooleanRangeWith (binding :: locals) slot value) fun arm x =>
              extractScalarBooleanRangeWith locals slot
                (Lean.Expr.letE name (Lean.Expr.forallE typeName (Lean.Expr.const `Bool []) resultType typeBi)
                  (Lean.Expr.lam paramName (Lean.Expr.const `Bool []) value paramBi) arm nondep)
        | some val =>
          match extractScalarExprWith (ScalarBinding.boolean (IR.Expr.u64 0) :: locals) value with
          | none => none
          | some val =>
            extractScalarBooleanRangeWith
              ((ScalarBinding.booleanFunction fun argument =>
                  extractScalarExprWith (ScalarBinding.boolean argument :: locals) value) ::
                locals)
              slot body
      |
      Lean.Expr.letE declName
          (Lean.Expr.forallE binderName (Lean.Expr.const `Unit [])
            (Lean.Expr.forallE binderName_1 (Lean.Expr.const `UInt64 []) resultType binderInfo) binderInfo_1)
          (Lean.Expr.lam binderName_2 (Lean.Expr.const `Unit [])
            (Lean.Expr.lam binderName_3 (Lean.Expr.const `UInt64 []) value binderInfo_2) binderInfo_3)
          body nondep =>
        match scalarResultType? resultType with
        | none => none
        | some val =>
          match extractScalarExprWith (ScalarBinding.word (IR.Expr.u64 0) :: ScalarBinding.unit :: locals) value with
          | none => none
          | some val =>
            extractScalarBooleanRangeWith
              ((ScalarBinding.function true fun argument =>
                  extractScalarExprWith (ScalarBinding.word argument :: ScalarBinding.unit :: locals) value) ::
                locals)
              slot body
      |
      Lean.Expr.letE declName
          (Lean.Expr.forallE binderName (Lean.Expr.const `PUnit [Lean.Level.zero.succ])
            (Lean.Expr.forallE binderName_1 (Lean.Expr.const `UInt64 []) resultType binderInfo) binderInfo_1)
          (Lean.Expr.lam binderName_2 (Lean.Expr.const `PUnit [Lean.Level.zero.succ])
            (Lean.Expr.lam binderName_3 (Lean.Expr.const `UInt64 []) value binderInfo_2) binderInfo_3)
          body nondep =>
        match scalarResultType? resultType with
        | none => none
        | some val =>
          match extractScalarExprWith (ScalarBinding.word (IR.Expr.u64 0) :: ScalarBinding.unit :: locals) value with
          | none => none
          | some val =>
            extractScalarBooleanRangeWith
              ((ScalarBinding.function true fun argument =>
                  extractScalarExprWith (ScalarBinding.word argument :: ScalarBinding.unit :: locals) value) ::
                locals)
              slot body
      |
      Lean.Expr.letE name
          (Lean.Expr.forallE typeName ((Lean.Expr.const `Id [Lean.Level.zero]).app input) resultType typeBi)
          (Lean.Expr.lam paramName ((Lean.Expr.const `Id [Lean.Level.zero]).app domain) value paramBi) body nondep =>
        if input = domain then
          extractScalarBooleanRangeWith locals slot
            (Lean.Expr.letE name (Lean.Expr.forallE typeName input resultType typeBi)
              (Lean.Expr.lam paramName domain value paramBi) body nondep)
        else none
      |
      ((((((Lean.Expr.const `Bind.bind [Lean.Level.zero, Lean.Level.zero]).app
                              (Lean.Expr.const `Id [Lean.Level.zero])).app
                          (((Lean.Expr.const `Monad.toBind [Lean.Level.zero, Lean.Level.zero]).app
                                (Lean.Expr.const `Id [Lean.Level.zero])).app
                            (Lean.Expr.const `Id.instMonad [Lean.Level.zero]))).app
                      input).app
                  output).app
              value).app
          (Lean.Expr.lam binderName domain body binderInfo) =>
        match booleanRangeBindTypes? input domain output with
        | none =>
          match booleanRangeFlagBindTypes? input domain output with
          | none => none
          | some val =>
            scalarRangeValueBinding (extractScalarExprWith locals ((Lean.Expr.const `Bool.toUInt64 []).app value))
              (fun flag => extractScalarBooleanRangeWith (ScalarBinding.boolean flag :: locals) slot body)
              (fun x => extractScalarBooleanRangeWith locals slot value) fun flag =>
              extractScalarExprWith (ScalarBinding.boolean flag :: locals)
                ((Lean.Expr.const `Bool.toUInt64 []).app body)
        | some val =>
          match extractScalarExprWith locals value with
          | some bound => extractScalarBooleanRangeWith (ScalarBinding.word bound :: locals) slot body
          | none => do
            let plan ← extractScalarRangeExitWith locals slot value
            let result ←
              extractScalarExprWith (ScalarBinding.word plan.result :: locals)
                  ((Lean.Expr.const `Bool.toUInt64 []).app body)
            pure
                { count := plan.count, initial := plan.initial, step := plan.step, done := plan.done, result := result }
      | (((((Lean.Expr.const `ite [Lean.Level.zero.succ]).app type).app condition).app evidence).app yes).app no =>
        match booleanType? type with
        | none => none
        | some val =>
          match extractScalarExprWith locals (BooleanRange.decision condition evidence) with
          | none => none
          | some guard => do
            let first ←
              scalarBooleanRangeArm (extractScalarExprWith locals ((Lean.Expr.const `Bool.toUInt64 []).app yes))
                  fun x => extractScalarBooleanRangeWith locals slot yes
            let second ←
              scalarBooleanRangeArm (extractScalarExprWith locals ((Lean.Expr.const `Bool.toUInt64 []).app no)) fun x =>
                  extractScalarBooleanRangeWith locals slot no
            pure (ScalarRangeExitPlan.choice guard first second)
      | source =>
        match _wrapped : booleanRangeWrapper? source with
        | some (fst, body) => extractScalarBooleanRangeWith locals slot body
        | none => none) =
    extractScalarBooleanRangeWith locals slot body
LeanExe/Extract/ScalarBooleanRange.lean:481:54: error: Tactic `rewrite` failed: Did not find an occurrence of the pattern
  extractScalarExprWith locals ((Lean.Expr.const `Bool.toUInt64 []).app ((BooleanWrapper.pure type✝).expr body))
in the target expression
  (match
      extractScalarExprWith locals
        ((Lean.Expr.const `Bool.toUInt64 []).app
          (((((Lean.Expr.const `Pure.pure [Lean.Level.zero, Lean.Level.zero]).app
                        (Lean.Expr.const `Id [Lean.Level.zero])).app
                    (((Lean.Expr.const `Applicative.toPure [Lean.Level.zero, Lean.Level.zero]).app
                          (Lean.Expr.const `Id [Lean.Level.zero])).app
                      (((Lean.Expr.const `Monad.toApplicative [Lean.Level.zero, Lean.Level.zero]).app
                            (Lean.Expr.const `Id [Lean.Level.zero])).app
                        (Lean.Expr.const `Id.instMonad [Lean.Level.zero])))).app
                type✝.expr).app
            body)) with
    | some value => some (ScalarRangeExitPlan.scalar value)
    | none =>
      match
        ((((Lean.Expr.const `Pure.pure [Lean.Level.zero, Lean.Level.zero]).app
                      (Lean.Expr.const `Id [Lean.Level.zero])).app
                  (((Lean.Expr.const `Applicative.toPure [Lean.Level.zero, Lean.Level.zero]).app
                        (Lean.Expr.const `Id [Lean.Level.zero])).app
                    (((Lean.Expr.const `Monad.toApplicative [Lean.Level.zero, Lean.Level.zero]).app
                          (Lean.Expr.const `Id [Lean.Level.zero])).app
                      (Lean.Expr.const `Id.instMonad [Lean.Level.zero])))).app
              type✝.expr).app
          body with
      | Lean.Expr.letE declName (Lean.Expr.const `UInt64 []) value body nondep =>
        match extractScalarExprWith locals value with
        | some bound => extractScalarBooleanRangeWith (ScalarBinding.word bound :: locals) slot body
        | none => do
          let plan ← extractScalarRangeExitWith locals slot value
          let result ←
            extractScalarExprWith (ScalarBinding.word plan.result :: locals)
                ((Lean.Expr.const `Bool.toUInt64 []).app body)
          pure { count := plan.count, initial := plan.initial, step := plan.step, done := plan.done, result := result }
      | Lean.Expr.letE declName (Lean.Expr.const `Bool []) value body nondep =>
        scalarRangeValueBinding (extractScalarExprWith locals ((Lean.Expr.const `Bool.toUInt64 []).app value))
          (fun flag => extractScalarBooleanRangeWith (ScalarBinding.boolean flag :: locals) slot body)
          (fun x => extractScalarBooleanRangeWith locals slot value) fun flag =>
          extractScalarExprWith (ScalarBinding.boolean flag :: locals) ((Lean.Expr.const `Bool.toUInt64 []).app body)
      | Lean.Expr.letE name ((Lean.Expr.const `Id [Lean.Level.zero]).app type) value body nondep =>
        extractScalarBooleanRangeWith locals slot (Lean.Expr.letE name type value body nondep)
      |
      Lean.Expr.letE declName
          (Lean.Expr.forallE firstTypeName (Lean.Expr.const `UInt64 [])
            (Lean.Expr.forallE secondTypeName (Lean.Expr.const `UInt64 []) resultType secondTypeBi) firstTypeBi)
          (Lean.Expr.lam firstName (Lean.Expr.const `UInt64 [])
            (Lean.Expr.lam secondName (Lean.Expr.const `UInt64 []) value secondBi) firstBi)
          body nondep =>
        match scalarResultType? resultType with
        | none =>
          match
            scalarManyFunction?
              (Lean.Expr.forallE firstTypeName (Lean.Expr.const `UInt64 [])
                (Lean.Expr.forallE secondTypeName (Lean.Expr.const `UInt64 []) resultType secondTypeBi) firstTypeBi)
              (Lean.Expr.lam firstName (Lean.Expr.const `UInt64 [])
                (Lean.Expr.lam secondName (Lean.Expr.const `UInt64 []) value secondBi) firstBi) with
          | none => none
          | some shape =>
            match
              extractScalarExprWith (List.replicate shape.arity (ScalarBinding.word (IR.Expr.u64 0)) ++ locals)
                shape.body with
            | none => none
            | some val =>
              extractScalarBooleanRangeWith
                ((ScalarBinding.manyFunction shape.arity fun arguments =>
                    extractScalarExprWith (List.map ScalarBinding.word arguments.reverse ++ locals) shape.body) ::
                  locals)
                slot body
        | some val =>
          match
            extractScalarExprWith (ScalarBinding.word (IR.Expr.u64 0) :: ScalarBinding.word (IR.Expr.u64 0) :: locals)
              value with
          | none => none
          | some val =>
            extractScalarBooleanRangeWith
              ((ScalarBinding.binaryFunction fun first second =>
                  extractScalarExprWith (ScalarBinding.word second :: ScalarBinding.word first :: locals) value) ::
                locals)
              slot body
      |
      Lean.Expr.letE name (Lean.Expr.forallE typeName (Lean.Expr.const `UInt64 []) resultType typeBi)
          (Lean.Expr.lam paramName (Lean.Expr.const `UInt64 []) value paramBi) body nondep =>
        match scalarResultType? resultType with
        | none =>
          match booleanType? resultType with
          | none => none
          | some val =>
            scalarBooleanRangeCompleteContinuation locals false value body
              (fun binding => extractScalarBooleanRangeWith (binding :: locals) slot body)
              (fun binding => extractScalarBooleanRangeWith (binding :: locals) slot value) fun arm x =>
              extractScalarBooleanRangeWith locals slot
                (Lean.Expr.letE name (Lean.Expr.forallE typeName (Lean.Expr.const `UInt64 []) resultType typeBi)
                  (Lean.Expr.lam paramName (Lean.Expr.const `UInt64 []) value paramBi) arm nondep)
        | some val =>
          match extractScalarExprWith (ScalarBinding.word (IR.Expr.u64 0) :: locals) value with
          | none => none
          | some val =>
            extractScalarBooleanRangeWith
              ((ScalarBinding.function false fun argument =>
                  extractScalarExprWith (ScalarBinding.word argument :: locals) value) ::
                locals)
              slot body
      |
      Lean.Expr.letE name (Lean.Expr.forallE typeName (Lean.Expr.const `Bool []) resultType typeBi)
          (Lean.Expr.lam paramName (Lean.Expr.const `Bool []) value paramBi) body nondep =>
        match scalarResultType? resultType with
        | none =>
          match booleanType? resultType with
          | none => none
          | some val =>
            scalarBooleanRangeCompleteContinuation locals true value body
              (fun binding => extractScalarBooleanRangeWith (binding :: locals) slot body)
              (fun binding => extractScalarBooleanRangeWith (binding :: locals) slot value) fun arm x =>
              extractScalarBooleanRangeWith locals slot
                (Lean.Expr.letE name (Lean.Expr.forallE typeName (Lean.Expr.const `Bool []) resultType typeBi)
                  (Lean.Expr.lam paramName (Lean.Expr.const `Bool []) value paramBi) arm nondep)
        | some val =>
          match extractScalarExprWith (ScalarBinding.boolean (IR.Expr.u64 0) :: locals) value with
          | none => none
          | some val =>
            extractScalarBooleanRangeWith
              ((ScalarBinding.booleanFunction fun argument =>
                  extractScalarExprWith (ScalarBinding.boolean argument :: locals) value) ::
                locals)
              slot body
      |
      Lean.Expr.letE declName
          (Lean.Expr.forallE binderName (Lean.Expr.const `Unit [])
            (Lean.Expr.forallE binderName_1 (Lean.Expr.const `UInt64 []) resultType binderInfo) binderInfo_1)
          (Lean.Expr.lam binderName_2 (Lean.Expr.const `Unit [])
            (Lean.Expr.lam binderName_3 (Lean.Expr.const `UInt64 []) value binderInfo_2) binderInfo_3)
          body nondep =>
        match scalarResultType? resultType with
        | none => none
        | some val =>
          match extractScalarExprWith (ScalarBinding.word (IR.Expr.u64 0) :: ScalarBinding.unit :: locals) value with
          | none => none
          | some val =>
            extractScalarBooleanRangeWith
              ((ScalarBinding.function true fun argument =>
                  extractScalarExprWith (ScalarBinding.word argument :: ScalarBinding.unit :: locals) value) ::
                locals)
              slot body
      |
      Lean.Expr.letE declName
          (Lean.Expr.forallE binderName (Lean.Expr.const `PUnit [Lean.Level.zero.succ])
            (Lean.Expr.forallE binderName_1 (Lean.Expr.const `UInt64 []) resultType binderInfo) binderInfo_1)
          (Lean.Expr.lam binderName_2 (Lean.Expr.const `PUnit [Lean.Level.zero.succ])
            (Lean.Expr.lam binderName_3 (Lean.Expr.const `UInt64 []) value binderInfo_2) binderInfo_3)
          body nondep =>
        match scalarResultType? resultType with
        | none => none
        | some val =>
          match extractScalarExprWith (ScalarBinding.word (IR.Expr.u64 0) :: ScalarBinding.unit :: locals) value with
          | none => none
          | some val =>
            extractScalarBooleanRangeWith
              ((ScalarBinding.function true fun argument =>
                  extractScalarExprWith (ScalarBinding.word argument :: ScalarBinding.unit :: locals) value) ::
                locals)
              slot body
      |
      Lean.Expr.letE name
          (Lean.Expr.forallE typeName ((Lean.Expr.const `Id [Lean.Level.zero]).app input) resultType typeBi)
          (Lean.Expr.lam paramName ((Lean.Expr.const `Id [Lean.Level.zero]).app domain) value paramBi) body nondep =>
        if input = domain then
          extractScalarBooleanRangeWith locals slot
            (Lean.Expr.letE name (Lean.Expr.forallE typeName input resultType typeBi)
              (Lean.Expr.lam paramName domain value paramBi) body nondep)
        else none
      |
      ((((((Lean.Expr.const `Bind.bind [Lean.Level.zero, Lean.Level.zero]).app
                              (Lean.Expr.const `Id [Lean.Level.zero])).app
                          (((Lean.Expr.const `Monad.toBind [Lean.Level.zero, Lean.Level.zero]).app
                                (Lean.Expr.const `Id [Lean.Level.zero])).app
                            (Lean.Expr.const `Id.instMonad [Lean.Level.zero]))).app
                      input).app
                  output).app
              value).app
          (Lean.Expr.lam binderName domain body binderInfo) =>
        match booleanRangeBindTypes? input domain output with
        | none =>
          match booleanRangeFlagBindTypes? input domain output with
          | none => none
          | some val =>
            scalarRangeValueBinding (extractScalarExprWith locals ((Lean.Expr.const `Bool.toUInt64 []).app value))
              (fun flag => extractScalarBooleanRangeWith (ScalarBinding.boolean flag :: locals) slot body)
              (fun x => extractScalarBooleanRangeWith locals slot value) fun flag =>
              extractScalarExprWith (ScalarBinding.boolean flag :: locals)
                ((Lean.Expr.const `Bool.toUInt64 []).app body)
        | some val =>
          match extractScalarExprWith locals value with
          | some bound => extractScalarBooleanRangeWith (ScalarBinding.word bound :: locals) slot body
          | none => do
            let plan ← extractScalarRangeExitWith locals slot value
            let result ←
              extractScalarExprWith (ScalarBinding.word plan.result :: locals)
                  ((Lean.Expr.const `Bool.toUInt64 []).app body)
            pure
                { count := plan.count, initial := plan.initial, step := plan.step, done := plan.done, result := result }
      | (((((Lean.Expr.const `ite [Lean.Level.zero.succ]).app type).app condition).app evidence).app yes).app no =>
        match booleanType? type with
        | none => none
        | some val =>
          match extractScalarExprWith locals (BooleanRange.decision condition evidence) with
          | none => none
          | some guard => do
            let first ←
              scalarBooleanRangeArm (extractScalarExprWith locals ((Lean.Expr.const `Bool.toUInt64 []).app yes))
                  fun x => extractScalarBooleanRangeWith locals slot yes
            let second ←
              scalarBooleanRangeArm (extractScalarExprWith locals ((Lean.Expr.const `Bool.toUInt64 []).app no)) fun x =>
                  extractScalarBooleanRangeWith locals slot no
            pure (ScalarRangeExitPlan.choice guard first second)
      | source =>
        match _wrapped : booleanRangeWrapper? source with
        | some (fst, body) => extractScalarBooleanRangeWith locals slot body
        | none => none) =
    extractScalarBooleanRangeWith locals slot body

case pure
locals : List ScalarBinding
slot : Nat
body : Lean.Expr
type✝ : BooleanType
notScalar :
  extractScalarExprWith locals ((Lean.Expr.const `Bool.toUInt64 []).app ((BooleanWrapper.pure type✝).expr body)) = none
parsed :
  booleanRangeWrapper?
      (((((Lean.Expr.const `Pure.pure [Lean.Level.zero, Lean.Level.zero]).app
                    (Lean.Expr.const `Id [Lean.Level.zero])).app
                (((Lean.Expr.const `Applicative.toPure [Lean.Level.zero, Lean.Level.zero]).app
                      (Lean.Expr.const `Id [Lean.Level.zero])).app
                  (((Lean.Expr.const `Monad.toApplicative [Lean.Level.zero, Lean.Level.zero]).app
                        (Lean.Expr.const `Id [Lean.Level.zero])).app
                    (Lean.Expr.const `Id.instMonad [Lean.Level.zero])))).app
            type✝.expr).app
        body) =
    some (BooleanWrapper.pure type✝, body)
⊢ (match
      extractScalarExprWith locals
        ((Lean.Expr.const `Bool.toUInt64 []).app
          (((((Lean.Expr.const `Pure.pure [Lean.Level.zero, Lean.Level.zero]).app
                        (Lean.Expr.const `Id [Lean.Level.zero])).app
                    (((Lean.Expr.const `Applicative.toPure [Lean.Level.zero, Lean.Level.zero]).app
                          (Lean.Expr.const `Id [Lean.Level.zero])).app
                      (((Lean.Expr.const `Monad.toApplicative [Lean.Level.zero, Lean.Level.zero]).app
                            (Lean.Expr.const `Id [Lean.Level.zero])).app
                        (Lean.Expr.const `Id.instMonad [Lean.Level.zero])))).app
                type✝.expr).app
            body)) with
    | some value => some (ScalarRangeExitPlan.scalar value)
    | none =>
      match
        ((((Lean.Expr.const `Pure.pure [Lean.Level.zero, Lean.Level.zero]).app
                      (Lean.Expr.const `Id [Lean.Level.zero])).app
                  (((Lean.Expr.const `Applicative.toPure [Lean.Level.zero, Lean.Level.zero]).app
                        (Lean.Expr.const `Id [Lean.Level.zero])).app
                    (((Lean.Expr.const `Monad.toApplicative [Lean.Level.zero, Lean.Level.zero]).app
                          (Lean.Expr.const `Id [Lean.Level.zero])).app
                      (Lean.Expr.const `Id.instMonad [Lean.Level.zero])))).app
              type✝.expr).app
          body with
      | Lean.Expr.letE declName (Lean.Expr.const `UInt64 []) value body nondep =>
        match extractScalarExprWith locals value with
        | some bound => extractScalarBooleanRangeWith (ScalarBinding.word bound :: locals) slot body
        | none => do
          let plan ← extractScalarRangeExitWith locals slot value
          let result ←
            extractScalarExprWith (ScalarBinding.word plan.result :: locals)
                ((Lean.Expr.const `Bool.toUInt64 []).app body)
          pure { count := plan.count, initial := plan.initial, step := plan.step, done := plan.done, result := result }
      | Lean.Expr.letE declName (Lean.Expr.const `Bool []) value body nondep =>
        scalarRangeValueBinding (extractScalarExprWith locals ((Lean.Expr.const `Bool.toUInt64 []).app value))
          (fun flag => extractScalarBooleanRangeWith (ScalarBinding.boolean flag :: locals) slot body)
          (fun x => extractScalarBooleanRangeWith locals slot value) fun flag =>
          extractScalarExprWith (ScalarBinding.boolean flag :: locals) ((Lean.Expr.const `Bool.toUInt64 []).app body)
      | Lean.Expr.letE name ((Lean.Expr.const `Id [Lean.Level.zero]).app type) value body nondep =>
        extractScalarBooleanRangeWith locals slot (Lean.Expr.letE name type value body nondep)
      |
      Lean.Expr.letE declName
          (Lean.Expr.forallE firstTypeName (Lean.Expr.const `UInt64 [])
            (Lean.Expr.forallE secondTypeName (Lean.Expr.const `UInt64 []) resultType secondTypeBi) firstTypeBi)
          (Lean.Expr.lam firstName (Lean.Expr.const `UInt64 [])
            (Lean.Expr.lam secondName (Lean.Expr.const `UInt64 []) value secondBi) firstBi)
          body nondep =>
        match scalarResultType? resultType with
        | none =>
          match
            scalarManyFunction?
              (Lean.Expr.forallE firstTypeName (Lean.Expr.const `UInt64 [])
                (Lean.Expr.forallE secondTypeName (Lean.Expr.const `UInt64 []) resultType secondTypeBi) firstTypeBi)
              (Lean.Expr.lam firstName (Lean.Expr.const `UInt64 [])
                (Lean.Expr.lam secondName (Lean.Expr.const `UInt64 []) value secondBi) firstBi) with
          | none => none
          | some shape =>
            match
              extractScalarExprWith (List.replicate shape.arity (ScalarBinding.word (IR.Expr.u64 0)) ++ locals)
                shape.body with
            | none => none
            | some val =>
              extractScalarBooleanRangeWith
                ((ScalarBinding.manyFunction shape.arity fun arguments =>
                    extractScalarExprWith (List.map ScalarBinding.word arguments.reverse ++ locals) shape.body) ::
                  locals)
                slot body
        | some val =>
          match
            extractScalarExprWith (ScalarBinding.word (IR.Expr.u64 0) :: ScalarBinding.word (IR.Expr.u64 0) :: locals)
              value with
          | none => none
          | some val =>
            extractScalarBooleanRangeWith
              ((ScalarBinding.binaryFunction fun first second =>
                  extractScalarExprWith (ScalarBinding.word second :: ScalarBinding.word first :: locals) value) ::
                locals)
              slot body
      |
      Lean.Expr.letE name (Lean.Expr.forallE typeName (Lean.Expr.const `UInt64 []) resultType typeBi)
          (Lean.Expr.lam paramName (Lean.Expr.const `UInt64 []) value paramBi) body nondep =>
        match scalarResultType? resultType with
        | none =>
          match booleanType? resultType with
          | none => none
          | some val =>
            scalarBooleanRangeCompleteContinuation locals false value body
              (fun binding => extractScalarBooleanRangeWith (binding :: locals) slot body)
              (fun binding => extractScalarBooleanRangeWith (binding :: locals) slot value) fun arm x =>
              extractScalarBooleanRangeWith locals slot
                (Lean.Expr.letE name (Lean.Expr.forallE typeName (Lean.Expr.const `UInt64 []) resultType typeBi)
                  (Lean.Expr.lam paramName (Lean.Expr.const `UInt64 []) value paramBi) arm nondep)
        | some val =>
          match extractScalarExprWith (ScalarBinding.word (IR.Expr.u64 0) :: locals) value with
          | none => none
          | some val =>
            extractScalarBooleanRangeWith
              ((ScalarBinding.function false fun argument =>
                  extractScalarExprWith (ScalarBinding.word argument :: locals) value) ::
                locals)
              slot body
      |
      Lean.Expr.letE name (Lean.Expr.forallE typeName (Lean.Expr.const `Bool []) resultType typeBi)
          (Lean.Expr.lam paramName (Lean.Expr.const `Bool []) value paramBi) body nondep =>
        match scalarResultType? resultType with
        | none =>
          match booleanType? resultType with
          | none => none
          | some val =>
            scalarBooleanRangeCompleteContinuation locals true value body
              (fun binding => extractScalarBooleanRangeWith (binding :: locals) slot body)
              (fun binding => extractScalarBooleanRangeWith (binding :: locals) slot value) fun arm x =>
              extractScalarBooleanRangeWith locals slot
                (Lean.Expr.letE name (Lean.Expr.forallE typeName (Lean.Expr.const `Bool []) resultType typeBi)
                  (Lean.Expr.lam paramName (Lean.Expr.const `Bool []) value paramBi) arm nondep)
        | some val =>
          match extractScalarExprWith (ScalarBinding.boolean (IR.Expr.u64 0) :: locals) value with
          | none => none
          | some val =>
            extractScalarBooleanRangeWith
              ((ScalarBinding.booleanFunction fun argument =>
                  extractScalarExprWith (ScalarBinding.boolean argument :: locals) value) ::
                locals)
              slot body
      |
      Lean.Expr.letE declName
          (Lean.Expr.forallE binderName (Lean.Expr.const `Unit [])
            (Lean.Expr.forallE binderName_1 (Lean.Expr.const `UInt64 []) resultType binderInfo) binderInfo_1)
          (Lean.Expr.lam binderName_2 (Lean.Expr.const `Unit [])
            (Lean.Expr.lam binderName_3 (Lean.Expr.const `UInt64 []) value binderInfo_2) binderInfo_3)
          body nondep =>
        match scalarResultType? resultType with
        | none => none
        | some val =>
          match extractScalarExprWith (ScalarBinding.word (IR.Expr.u64 0) :: ScalarBinding.unit :: locals) value with
          | none => none
          | some val =>
            extractScalarBooleanRangeWith
              ((ScalarBinding.function true fun argument =>
                  extractScalarExprWith (ScalarBinding.word argument :: ScalarBinding.unit :: locals) value) ::
                locals)
              slot body
      |
      Lean.Expr.letE declName
          (Lean.Expr.forallE binderName (Lean.Expr.const `PUnit [Lean.Level.zero.succ])
            (Lean.Expr.forallE binderName_1 (Lean.Expr.const `UInt64 []) resultType binderInfo) binderInfo_1)
          (Lean.Expr.lam binderName_2 (Lean.Expr.const `PUnit [Lean.Level.zero.succ])
            (Lean.Expr.lam binderName_3 (Lean.Expr.const `UInt64 []) value binderInfo_2) binderInfo_3)
          body nondep =>
        match scalarResultType? resultType with
        | none => none
        | some val =>
          match extractScalarExprWith (ScalarBinding.word (IR.Expr.u64 0) :: ScalarBinding.unit :: locals) value with
          | none => none
          | some val =>
            extractScalarBooleanRangeWith
              ((ScalarBinding.function true fun argument =>
                  extractScalarExprWith (ScalarBinding.word argument :: ScalarBinding.unit :: locals) value) ::
                locals)
              slot body
      |
      Lean.Expr.letE name
          (Lean.Expr.forallE typeName ((Lean.Expr.const `Id [Lean.Level.zero]).app input) resultType typeBi)
          (Lean.Expr.lam paramName ((Lean.Expr.const `Id [Lean.Level.zero]).app domain) value paramBi) body nondep =>
        if input = domain then
          extractScalarBooleanRangeWith locals slot
            (Lean.Expr.letE name (Lean.Expr.forallE typeName input resultType typeBi)
              (Lean.Expr.lam paramName domain value paramBi) body nondep)
        else none
      |
      ((((((Lean.Expr.const `Bind.bind [Lean.Level.zero, Lean.Level.zero]).app
                              (Lean.Expr.const `Id [Lean.Level.zero])).app
                          (((Lean.Expr.const `Monad.toBind [Lean.Level.zero, Lean.Level.zero]).app
                                (Lean.Expr.const `Id [Lean.Level.zero])).app
                            (Lean.Expr.const `Id.instMonad [Lean.Level.zero]))).app
                      input).app
                  output).app
              value).app
          (Lean.Expr.lam binderName domain body binderInfo) =>
        match booleanRangeBindTypes? input domain output with
        | none =>
          match booleanRangeFlagBindTypes? input domain output with
          | none => none
          | some val =>
            scalarRangeValueBinding (extractScalarExprWith locals ((Lean.Expr.const `Bool.toUInt64 []).app value))
              (fun flag => extractScalarBooleanRangeWith (ScalarBinding.boolean flag :: locals) slot body)
              (fun x => extractScalarBooleanRangeWith locals slot value) fun flag =>
              extractScalarExprWith (ScalarBinding.boolean flag :: locals)
                ((Lean.Expr.const `Bool.toUInt64 []).app body)
        | some val =>
          match extractScalarExprWith locals value with
          | some bound => extractScalarBooleanRangeWith (ScalarBinding.word bound :: locals) slot body
          | none => do
            let plan ← extractScalarRangeExitWith locals slot value
            let result ←
              extractScalarExprWith (ScalarBinding.word plan.result :: locals)
                  ((Lean.Expr.const `Bool.toUInt64 []).app body)
            pure
                { count := plan.count, initial := plan.initial, step := plan.step, done := plan.done, result := result }
      | (((((Lean.Expr.const `ite [Lean.Level.zero.succ]).app type).app condition).app evidence).app yes).app no =>
        match booleanType? type with
        | none => none
        | some val =>
          match extractScalarExprWith locals (BooleanRange.decision condition evidence) with
          | none => none
          | some guard => do
            let first ←
              scalarBooleanRangeArm (extractScalarExprWith locals ((Lean.Expr.const `Bool.toUInt64 []).app yes))
                  fun x => extractScalarBooleanRangeWith locals slot yes
            let second ←
              scalarBooleanRangeArm (extractScalarExprWith locals ((Lean.Expr.const `Bool.toUInt64 []).app no)) fun x =>
                  extractScalarBooleanRangeWith locals slot no
            pure (ScalarRangeExitPlan.choice guard first second)
      | source =>
        match _wrapped : booleanRangeWrapper? source with
        | some (fst, body) => extractScalarBooleanRangeWith locals slot body
        | none => none) =
    extractScalarBooleanRangeWith locals slot body
LeanExe/Extract/ScalarBooleanRange.lean:481:54: error: Tactic `rewrite` failed: Did not find an occurrence of the pattern
  extractScalarExprWith locals ((Lean.Expr.const `Bool.toUInt64 []).app ((BooleanWrapper.metadata data✝).expr body))
in the target expression
  (match extractScalarExprWith locals ((Lean.Expr.const `Bool.toUInt64 []).app (Lean.Expr.mdata data✝ body)) with
    | some value => some (ScalarRangeExitPlan.scalar value)
    | none =>
      match Lean.Expr.mdata data✝ body with
      | Lean.Expr.letE declName (Lean.Expr.const `UInt64 []) value body nondep =>
        match extractScalarExprWith locals value with
        | some bound => extractScalarBooleanRangeWith (ScalarBinding.word bound :: locals) slot body
        | none => do
          let plan ← extractScalarRangeExitWith locals slot value
          let result ←
            extractScalarExprWith (ScalarBinding.word plan.result :: locals)
                ((Lean.Expr.const `Bool.toUInt64 []).app body)
          pure { count := plan.count, initial := plan.initial, step := plan.step, done := plan.done, result := result }
      | Lean.Expr.letE declName (Lean.Expr.const `Bool []) value body nondep =>
        scalarRangeValueBinding (extractScalarExprWith locals ((Lean.Expr.const `Bool.toUInt64 []).app value))
          (fun flag => extractScalarBooleanRangeWith (ScalarBinding.boolean flag :: locals) slot body)
          (fun x => extractScalarBooleanRangeWith locals slot value) fun flag =>
          extractScalarExprWith (ScalarBinding.boolean flag :: locals) ((Lean.Expr.const `Bool.toUInt64 []).app body)
      | Lean.Expr.letE name ((Lean.Expr.const `Id [Lean.Level.zero]).app type) value body nondep =>
        extractScalarBooleanRangeWith locals slot (Lean.Expr.letE name type value body nondep)
      |
      Lean.Expr.letE declName
          (Lean.Expr.forallE firstTypeName (Lean.Expr.const `UInt64 [])
            (Lean.Expr.forallE secondTypeName (Lean.Expr.const `UInt64 []) resultType secondTypeBi) firstTypeBi)
          (Lean.Expr.lam firstName (Lean.Expr.const `UInt64 [])
            (Lean.Expr.lam secondName (Lean.Expr.const `UInt64 []) value secondBi) firstBi)
          body nondep =>
        match scalarResultType? resultType with
        | none =>
          match
            scalarManyFunction?
              (Lean.Expr.forallE firstTypeName (Lean.Expr.const `UInt64 [])
                (Lean.Expr.forallE secondTypeName (Lean.Expr.const `UInt64 []) resultType secondTypeBi) firstTypeBi)
              (Lean.Expr.lam firstName (Lean.Expr.const `UInt64 [])
                (Lean.Expr.lam secondName (Lean.Expr.const `UInt64 []) value secondBi) firstBi) with
          | none => none
          | some shape =>
            match
              extractScalarExprWith (List.replicate shape.arity (ScalarBinding.word (IR.Expr.u64 0)) ++ locals)
                shape.body with
            | none => none
            | some val =>
              extractScalarBooleanRangeWith
                ((ScalarBinding.manyFunction shape.arity fun arguments =>
                    extractScalarExprWith (List.map ScalarBinding.word arguments.reverse ++ locals) shape.body) ::
                  locals)
                slot body
        | some val =>
          match
            extractScalarExprWith (ScalarBinding.word (IR.Expr.u64 0) :: ScalarBinding.word (IR.Expr.u64 0) :: locals)
              value with
          | none => none
          | some val =>
            extractScalarBooleanRangeWith
              ((ScalarBinding.binaryFunction fun first second =>
                  extractScalarExprWith (ScalarBinding.word second :: ScalarBinding.word first :: locals) value) ::
                locals)
              slot body
      |
      Lean.Expr.letE name (Lean.Expr.forallE typeName (Lean.Expr.const `UInt64 []) resultType typeBi)
          (Lean.Expr.lam paramName (Lean.Expr.const `UInt64 []) value paramBi) body nondep =>
        match scalarResultType? resultType with
        | none =>
          match booleanType? resultType with
          | none => none
          | some val =>
            scalarBooleanRangeCompleteContinuation locals false value body
              (fun binding => extractScalarBooleanRangeWith (binding :: locals) slot body)
              (fun binding => extractScalarBooleanRangeWith (binding :: locals) slot value) fun arm x =>
              extractScalarBooleanRangeWith locals slot
                (Lean.Expr.letE name (Lean.Expr.forallE typeName (Lean.Expr.const `UInt64 []) resultType typeBi)
                  (Lean.Expr.lam paramName (Lean.Expr.const `UInt64 []) value paramBi) arm nondep)
        | some val =>
          match extractScalarExprWith (ScalarBinding.word (IR.Expr.u64 0) :: locals) value with
          | none => none
          | some val =>
            extractScalarBooleanRangeWith
              ((ScalarBinding.function false fun argument =>
                  extractScalarExprWith (ScalarBinding.word argument :: locals) value) ::
                locals)
              slot body
      |
      Lean.Expr.letE name (Lean.Expr.forallE typeName (Lean.Expr.const `Bool []) resultType typeBi)
          (Lean.Expr.lam paramName (Lean.Expr.const `Bool []) value paramBi) body nondep =>
        match scalarResultType? resultType with
        | none =>
          match booleanType? resultType with
          | none => none
          | some val =>
            scalarBooleanRangeCompleteContinuation locals true value body
              (fun binding => extractScalarBooleanRangeWith (binding :: locals) slot body)
              (fun binding => extractScalarBooleanRangeWith (binding :: locals) slot value) fun arm x =>
              extractScalarBooleanRangeWith locals slot
                (Lean.Expr.letE name (Lean.Expr.forallE typeName (Lean.Expr.const `Bool []) resultType typeBi)
                  (Lean.Expr.lam paramName (Lean.Expr.const `Bool []) value paramBi) arm nondep)
        | some val =>
          match extractScalarExprWith (ScalarBinding.boolean (IR.Expr.u64 0) :: locals) value with
          | none => none
          | some val =>
            extractScalarBooleanRangeWith
              ((ScalarBinding.booleanFunction fun argument =>
                  extractScalarExprWith (ScalarBinding.boolean argument :: locals) value) ::
                locals)
              slot body
      |
      Lean.Expr.letE declName
          (Lean.Expr.forallE binderName (Lean.Expr.const `Unit [])
            (Lean.Expr.forallE binderName_1 (Lean.Expr.const `UInt64 []) resultType binderInfo) binderInfo_1)
          (Lean.Expr.lam binderName_2 (Lean.Expr.const `Unit [])
            (Lean.Expr.lam binderName_3 (Lean.Expr.const `UInt64 []) value binderInfo_2) binderInfo_3)
          body nondep =>
        match scalarResultType? resultType with
        | none => none
        | some val =>
          match extractScalarExprWith (ScalarBinding.word (IR.Expr.u64 0) :: ScalarBinding.unit :: locals) value with
          | none => none
          | some val =>
            extractScalarBooleanRangeWith
              ((ScalarBinding.function true fun argument =>
                  extractScalarExprWith (ScalarBinding.word argument :: ScalarBinding.unit :: locals) value) ::
                locals)
              slot body
      |
      Lean.Expr.letE declName
          (Lean.Expr.forallE binderName (Lean.Expr.const `PUnit [Lean.Level.zero.succ])
            (Lean.Expr.forallE binderName_1 (Lean.Expr.const `UInt64 []) resultType binderInfo) binderInfo_1)
          (Lean.Expr.lam binderName_2 (Lean.Expr.const `PUnit [Lean.Level.zero.succ])
            (Lean.Expr.lam binderName_3 (Lean.Expr.const `UInt64 []) value binderInfo_2) binderInfo_3)
          body nondep =>
        match scalarResultType? resultType with
        | none => none
        | some val =>
          match extractScalarExprWith (ScalarBinding.word (IR.Expr.u64 0) :: ScalarBinding.unit :: locals) value with
          | none => none
          | some val =>
            extractScalarBooleanRangeWith
              ((ScalarBinding.function true fun argument =>
                  extractScalarExprWith (ScalarBinding.word argument :: ScalarBinding.unit :: locals) value) ::
                locals)
              slot body
      |
      Lean.Expr.letE name
          (Lean.Expr.forallE typeName ((Lean.Expr.const `Id [Lean.Level.zero]).app input) resultType typeBi)
          (Lean.Expr.lam paramName ((Lean.Expr.const `Id [Lean.Level.zero]).app domain) value paramBi) body nondep =>
        if input = domain then
          extractScalarBooleanRangeWith locals slot
            (Lean.Expr.letE name (Lean.Expr.forallE typeName input resultType typeBi)
              (Lean.Expr.lam paramName domain value paramBi) body nondep)
        else none
      |
      ((((((Lean.Expr.const `Bind.bind [Lean.Level.zero, Lean.Level.zero]).app
                              (Lean.Expr.const `Id [Lean.Level.zero])).app
                          (((Lean.Expr.const `Monad.toBind [Lean.Level.zero, Lean.Level.zero]).app
                                (Lean.Expr.const `Id [Lean.Level.zero])).app
                            (Lean.Expr.const `Id.instMonad [Lean.Level.zero]))).app
                      input).app
                  output).app
              value).app
          (Lean.Expr.lam binderName domain body binderInfo) =>
        match booleanRangeBindTypes? input domain output with
        | none =>
          match booleanRangeFlagBindTypes? input domain output with
          | none => none
          | some val =>
            scalarRangeValueBinding (extractScalarExprWith locals ((Lean.Expr.const `Bool.toUInt64 []).app value))
              (fun flag => extractScalarBooleanRangeWith (ScalarBinding.boolean flag :: locals) slot body)
              (fun x => extractScalarBooleanRangeWith locals slot value) fun flag =>
              extractScalarExprWith (ScalarBinding.boolean flag :: locals)
                ((Lean.Expr.const `Bool.toUInt64 []).app body)
        | some val =>
          match extractScalarExprWith locals value with
          | some bound => extractScalarBooleanRangeWith (ScalarBinding.word bound :: locals) slot body
          | none => do
            let plan ← extractScalarRangeExitWith locals slot value
            let result ←
              extractScalarExprWith (ScalarBinding.word plan.result :: locals)
                  ((Lean.Expr.const `Bool.toUInt64 []).app body)
            pure
                { count := plan.count, initial := plan.initial, step := plan.step, done := plan.done, result := result }
      | (((((Lean.Expr.const `ite [Lean.Level.zero.succ]).app type).app condition).app evidence).app yes).app no =>
        match booleanType? type with
        | none => none
        | some val =>
          match extractScalarExprWith locals (BooleanRange.decision condition evidence) with
          | none => none
          | some guard => do
            let first ←
              scalarBooleanRangeArm (extractScalarExprWith locals ((Lean.Expr.const `Bool.toUInt64 []).app yes))
                  fun x => extractScalarBooleanRangeWith locals slot yes
            let second ←
              scalarBooleanRangeArm (extractScalarExprWith locals ((Lean.Expr.const `Bool.toUInt64 []).app no)) fun x =>
                  extractScalarBooleanRangeWith locals slot no
            pure (ScalarRangeExitPlan.choice guard first second)
      | source =>
        match _wrapped : booleanRangeWrapper? source with
        | some (fst, body) => extractScalarBooleanRangeWith locals slot body
        | none => none) =
    extractScalarBooleanRangeWith locals slot body

case metadata
locals : List ScalarBinding
slot : Nat
body : Lean.Expr
data✝ : Lean.MData
notScalar :
  extractScalarExprWith locals ((Lean.Expr.const `Bool.toUInt64 []).app ((BooleanWrapper.metadata data✝).expr body)) =
    none
parsed : booleanRangeWrapper? (Lean.Expr.mdata data✝ body) = some (BooleanWrapper.metadata data✝, body)
⊢ (match extractScalarExprWith locals ((Lean.Expr.const `Bool.toUInt64 []).app (Lean.Expr.mdata data✝ body)) with
    | some value => some (ScalarRangeExitPlan.scalar value)
    | none =>
      match Lean.Expr.mdata data✝ body with
      | Lean.Expr.letE declName (Lean.Expr.const `UInt64 []) value body nondep =>
        match extractScalarExprWith locals value with
        | some bound => extractScalarBooleanRangeWith (ScalarBinding.word bound :: locals) slot body
        | none => do
          let plan ← extractScalarRangeExitWith locals slot value
          let result ←
            extractScalarExprWith (ScalarBinding.word plan.result :: locals)
                ((Lean.Expr.const `Bool.toUInt64 []).app body)
          pure { count := plan.count, initial := plan.initial, step := plan.step, done := plan.done, result := result }
      | Lean.Expr.letE declName (Lean.Expr.const `Bool []) value body nondep =>
        scalarRangeValueBinding (extractScalarExprWith locals ((Lean.Expr.const `Bool.toUInt64 []).app value))
          (fun flag => extractScalarBooleanRangeWith (ScalarBinding.boolean flag :: locals) slot body)
          (fun x => extractScalarBooleanRangeWith locals slot value) fun flag =>
          extractScalarExprWith (ScalarBinding.boolean flag :: locals) ((Lean.Expr.const `Bool.toUInt64 []).app body)
      | Lean.Expr.letE name ((Lean.Expr.const `Id [Lean.Level.zero]).app type) value body nondep =>
        extractScalarBooleanRangeWith locals slot (Lean.Expr.letE name type value body nondep)
      |
      Lean.Expr.letE declName
          (Lean.Expr.forallE firstTypeName (Lean.Expr.const `UInt64 [])
            (Lean.Expr.forallE secondTypeName (Lean.Expr.const `UInt64 []) resultType secondTypeBi) firstTypeBi)
          (Lean.Expr.lam firstName (Lean.Expr.const `UInt64 [])
            (Lean.Expr.lam secondName (Lean.Expr.const `UInt64 []) value secondBi) firstBi)
          body nondep =>
        match scalarResultType? resultType with
        | none =>
          match
            scalarManyFunction?
              (Lean.Expr.forallE firstTypeName (Lean.Expr.const `UInt64 [])
                (Lean.Expr.forallE secondTypeName (Lean.Expr.const `UInt64 []) resultType secondTypeBi) firstTypeBi)
              (Lean.Expr.lam firstName (Lean.Expr.const `UInt64 [])
                (Lean.Expr.lam secondName (Lean.Expr.const `UInt64 []) value secondBi) firstBi) with
          | none => none
          | some shape =>
            match
              extractScalarExprWith (List.replicate shape.arity (ScalarBinding.word (IR.Expr.u64 0)) ++ locals)
                shape.body with
            | none => none
            | some val =>
              extractScalarBooleanRangeWith
                ((ScalarBinding.manyFunction shape.arity fun arguments =>
                    extractScalarExprWith (List.map ScalarBinding.word arguments.reverse ++ locals) shape.body) ::
                  locals)
                slot body
        | some val =>
          match
            extractScalarExprWith (ScalarBinding.word (IR.Expr.u64 0) :: ScalarBinding.word (IR.Expr.u64 0) :: locals)
              value with
          | none => none
          | some val =>
            extractScalarBooleanRangeWith
              ((ScalarBinding.binaryFunction fun first second =>
                  extractScalarExprWith (ScalarBinding.word second :: ScalarBinding.word first :: locals) value) ::
                locals)
              slot body
      |
      Lean.Expr.letE name (Lean.Expr.forallE typeName (Lean.Expr.const `UInt64 []) resultType typeBi)
          (Lean.Expr.lam paramName (Lean.Expr.const `UInt64 []) value paramBi) body nondep =>
        match scalarResultType? resultType with
        | none =>
          match booleanType? resultType with
          | none => none
          | some val =>
            scalarBooleanRangeCompleteContinuation locals false value body
              (fun binding => extractScalarBooleanRangeWith (binding :: locals) slot body)
              (fun binding => extractScalarBooleanRangeWith (binding :: locals) slot value) fun arm x =>
              extractScalarBooleanRangeWith locals slot
                (Lean.Expr.letE name (Lean.Expr.forallE typeName (Lean.Expr.const `UInt64 []) resultType typeBi)
                  (Lean.Expr.lam paramName (Lean.Expr.const `UInt64 []) value paramBi) arm nondep)
        | some val =>
          match extractScalarExprWith (ScalarBinding.word (IR.Expr.u64 0) :: locals) value with
          | none => none
          | some val =>
            extractScalarBooleanRangeWith
              ((ScalarBinding.function false fun argument =>
                  extractScalarExprWith (ScalarBinding.word argument :: locals) value) ::
                locals)
              slot body
      |
      Lean.Expr.letE name (Lean.Expr.forallE typeName (Lean.Expr.const `Bool []) resultType typeBi)
          (Lean.Expr.lam paramName (Lean.Expr.const `Bool []) value paramBi) body nondep =>
        match scalarResultType? resultType with
        | none =>
          match booleanType? resultType with
          | none => none
          | some val =>
            scalarBooleanRangeCompleteContinuation locals true value body
              (fun binding => extractScalarBooleanRangeWith (binding :: locals) slot body)
              (fun binding => extractScalarBooleanRangeWith (binding :: locals) slot value) fun arm x =>
              extractScalarBooleanRangeWith locals slot
                (Lean.Expr.letE name (Lean.Expr.forallE typeName (Lean.Expr.const `Bool []) resultType typeBi)
                  (Lean.Expr.lam paramName (Lean.Expr.const `Bool []) value paramBi) arm nondep)
        | some val =>
          match extractScalarExprWith (ScalarBinding.boolean (IR.Expr.u64 0) :: locals) value with
          | none => none
          | some val =>
            extractScalarBooleanRangeWith
              ((ScalarBinding.booleanFunction fun argument =>
                  extractScalarExprWith (ScalarBinding.boolean argument :: locals) value) ::
                locals)
              slot body
      |
      Lean.Expr.letE declName
          (Lean.Expr.forallE binderName (Lean.Expr.const `Unit [])
            (Lean.Expr.forallE binderName_1 (Lean.Expr.const `UInt64 []) resultType binderInfo) binderInfo_1)
          (Lean.Expr.lam binderName_2 (Lean.Expr.const `Unit [])
            (Lean.Expr.lam binderName_3 (Lean.Expr.const `UInt64 []) value binderInfo_2) binderInfo_3)
          body nondep =>
        match scalarResultType? resultType with
        | none => none
        | some val =>
          match extractScalarExprWith (ScalarBinding.word (IR.Expr.u64 0) :: ScalarBinding.unit :: locals) value with
          | none => none
          | some val =>
            extractScalarBooleanRangeWith
              ((ScalarBinding.function true fun argument =>
                  extractScalarExprWith (ScalarBinding.word argument :: ScalarBinding.unit :: locals) value) ::
                locals)
              slot body
      |
      Lean.Expr.letE declName
          (Lean.Expr.forallE binderName (Lean.Expr.const `PUnit [Lean.Level.zero.succ])
            (Lean.Expr.forallE binderName_1 (Lean.Expr.const `UInt64 []) resultType binderInfo) binderInfo_1)
          (Lean.Expr.lam binderName_2 (Lean.Expr.const `PUnit [Lean.Level.zero.succ])
            (Lean.Expr.lam binderName_3 (Lean.Expr.const `UInt64 []) value binderInfo_2) binderInfo_3)
          body nondep =>
        match scalarResultType? resultType with
        | none => none
        | some val =>
          match extractScalarExprWith (ScalarBinding.word (IR.Expr.u64 0) :: ScalarBinding.unit :: locals) value with
          | none => none
          | some val =>
            extractScalarBooleanRangeWith
              ((ScalarBinding.function true fun argument =>
                  extractScalarExprWith (ScalarBinding.word argument :: ScalarBinding.unit :: locals) value) ::
                locals)
              slot body
      |
      Lean.Expr.letE name
          (Lean.Expr.forallE typeName ((Lean.Expr.const `Id [Lean.Level.zero]).app input) resultType typeBi)
          (Lean.Expr.lam paramName ((Lean.Expr.const `Id [Lean.Level.zero]).app domain) value paramBi) body nondep =>
        if input = domain then
          extractScalarBooleanRangeWith locals slot
            (Lean.Expr.letE name (Lean.Expr.forallE typeName input resultType typeBi)
              (Lean.Expr.lam paramName domain value paramBi) body nondep)
        else none
      |
      ((((((Lean.Expr.const `Bind.bind [Lean.Level.zero, Lean.Level.zero]).app
                              (Lean.Expr.const `Id [Lean.Level.zero])).app
                          (((Lean.Expr.const `Monad.toBind [Lean.Level.zero, Lean.Level.zero]).app
                                (Lean.Expr.const `Id [Lean.Level.zero])).app
                            (Lean.Expr.const `Id.instMonad [Lean.Level.zero]))).app
                      input).app
                  output).app
              value).app
          (Lean.Expr.lam binderName domain body binderInfo) =>
        match booleanRangeBindTypes? input domain output with
        | none =>
          match booleanRangeFlagBindTypes? input domain output with
          | none => none
          | some val =>
            scalarRangeValueBinding (extractScalarExprWith locals ((Lean.Expr.const `Bool.toUInt64 []).app value))
              (fun flag => extractScalarBooleanRangeWith (ScalarBinding.boolean flag :: locals) slot body)
              (fun x => extractScalarBooleanRangeWith locals slot value) fun flag =>
              extractScalarExprWith (ScalarBinding.boolean flag :: locals)
                ((Lean.Expr.const `Bool.toUInt64 []).app body)
        | some val =>
          match extractScalarExprWith locals value with
          | some bound => extractScalarBooleanRangeWith (ScalarBinding.word bound :: locals) slot body
          | none => do
            let plan ← extractScalarRangeExitWith locals slot value
            let result ←
              extractScalarExprWith (ScalarBinding.word plan.result :: locals)
                  ((Lean.Expr.const `Bool.toUInt64 []).app body)
            pure
                { count := plan.count, initial := plan.initial, step := plan.step, done := plan.done, result := result }
      | (((((Lean.Expr.const `ite [Lean.Level.zero.succ]).app type).app condition).app evidence).app yes).app no =>
        match booleanType? type with
        | none => none
        | some val =>
          match extractScalarExprWith locals (BooleanRange.decision condition evidence) with
          | none => none
          | some guard => do
            let first ←
              scalarBooleanRangeArm (extractScalarExprWith locals ((Lean.Expr.const `Bool.toUInt64 []).app yes))
                  fun x => extractScalarBooleanRangeWith locals slot yes
            let second ←
              scalarBooleanRangeArm (extractScalarExprWith locals ((Lean.Expr.const `Bool.toUInt64 []).app no)) fun x =>
                  extractScalarBooleanRangeWith locals slot no
            pure (ScalarRangeExitPlan.choice guard first second)
      | source =>
        match _wrapped : booleanRangeWrapper? source with
        | some (fst, body) => extractScalarBooleanRangeWith locals slot body
        | none => none) =
    extractScalarBooleanRangeWith locals slot body
LeanExe/Extract/ScalarBooleanRange.lean:821:4: error: Type mismatch: After simplification, term
  ih locals typed total
 has type
  ∃ plan, extractScalarBooleanRangeWith locals slot source✝ = some plan
but is expected to have type
  ∃ plan, extractScalarBooleanRangeWith locals slot (wrapper.expr source✝) = some plan
LeanExe/Extract/ScalarBooleanRange.lean:840:2: error: Too many variable names provided at alternative `case1`: 8 provided, but 4 expected
LeanExe/Extract/ScalarBooleanRange.lean:841:54: error(lean.unknownIdentifier): Unknown identifier `matched`
LeanExe/Extract/ScalarBooleanRange.lean:842:43: error(lean.unknownIdentifier): Unknown identifier `ih`
LeanExe/Extract/ScalarBooleanRange.lean:844:4: error: `simp` made no progress
LeanExe/Extract/ScalarBooleanRange.lean:849:43: error: Application type mismatch: The argument
  compiled
has type
  (do
      let plan ← extractScalarRangeExitWith locals slot value
      let result ←
        extractScalarExprWith (ScalarBinding.word plan.result :: locals) ((Lean.Expr.const `Bool.toUInt64 []).app body)
      pure { count := plan.count, initial := plan.initial, step := plan.step, done := plan.done, result := result }) =
    some plan
but is expected to have type
  scalarRangeValueBinding ?m.76 ?m.77 ?m.78 ?m.79 = some ?m.80
in the application
  scalarRangeValueBinding_success compiled
LeanExe/Extract/ScalarBooleanRange.lean:849:105: error: Tactic `subst` failed: invalid equality proof, it is not of the form (x = t) or (t = x)
  ?m.80 =
    { count := before.count, initial := before.initial, step := before.step, done := before.done, result := result }

case case3.inr
slot : Nat
locals : List ScalarBinding
name : Lean.Name
value body : Lean.Expr
nondep : Bool
bodyIH : extractScalarExprWith locals value = none
valueIH :
  extractScalarExprWith locals
      ((Lean.Expr.const `Bool.toUInt64 []).app (Lean.Expr.letE name (Lean.Expr.const `UInt64 []) value body nondep)) =
    none
plan : ScalarRangeExitPlan
compiled :
  (do
      let plan ← extractScalarRangeExitWith locals slot value
      let result ←
        extractScalarExprWith (ScalarBinding.word plan.result :: locals) ((Lean.Expr.const `Bool.toUInt64 []).app body)
      pure { count := plan.count, initial := plan.initial, step := plan.step, done := plan.done, result := result }) =
    some plan
before : ScalarRangeExitPlan
result : IR.Expr
hp : ?m.78 () = some before
hr : ?m.79 before.result = some result
right✝ :
  ?m.80 =
    { count := before.count, initial := before.initial, step := before.step, done := before.done, result := result }
⊢ BooleanRange.Supported (List.map ScalarBinding.kind locals)
    (Lean.Expr.letE name (Lean.Expr.const `UInt64 []) value body nondep)
LeanExe/Extract/ScalarBooleanRange.lean:854:73: error: Application type mismatch: The argument
  compiled
has type
  (scalarRangeValueBinding (extractScalarExprWith locals ((Lean.Expr.const `Bool.toUInt64 []).app type))
      (fun flag => extractScalarBooleanRangeWith (ScalarBinding.boolean flag :: locals) slot value)
      (fun x => extractScalarBooleanRangeWith locals slot type) fun flag =>
      extractScalarExprWith (ScalarBinding.boolean flag :: locals) ((Lean.Expr.const `Bool.toUInt64 []).app value)) =
    some plan
of sort `Prop` but is expected to have type
  IR.Expr
of sort `Type` in the application
  @ih compiled
LeanExe/Extract/ScalarBooleanRange.lean:855:13: error: Tactic `contradiction` failed

case case5
slot : Nat
locals✝ : List ScalarBinding
name✝ : Lean.Name
type✝ value✝ body✝ : Lean.Expr
nondep✝ : Bool
x✝ :
  extractScalarExprWith locals✝
      ((Lean.Expr.const `Bool.toUInt64 []).app
        (Lean.Expr.letE name✝ ((Lean.Expr.const `Id [Lean.Level.zero]).app type✝) value✝ body✝ nondep✝)) =
    none
ih1✝ :
  ∀ {plan : ScalarRangeExitPlan},
    extractScalarBooleanRangeWith locals✝ slot (Lean.Expr.letE name✝ type✝ value✝ body✝ nondep✝) = some plan →
      BooleanRange.Supported (List.map ScalarBinding.kind locals✝) (Lean.Expr.letE name✝ type✝ value✝ body✝ nondep✝)
plan : ScalarRangeExitPlan
compiled : extractScalarBooleanRangeWith locals✝ slot (Lean.Expr.letE name✝ type✝ value✝ body✝ nondep✝) = some plan
⊢ BooleanRange.Supported (List.map ScalarBinding.kind locals✝)
    (Lean.Expr.letE name✝ ((Lean.Expr.const `Id [Lean.Level.zero]).app type✝) value✝ body✝ nondep✝)
LeanExe/Extract/ScalarBooleanRange.lean:857:2: error: Too many variable names provided at alternative `case7`: 20 provided, but 19 expected
LeanExe/Extract/ScalarBooleanRange.lean:861:75: error: Application type mismatch: The argument
  validated
has type
  extractScalarExprWith locals
      ((Lean.Expr.const `Bool.toUInt64 []).app
        (Lean.Expr.letE name
          (Lean.Expr.forallE firstTypeName (Lean.Expr.const `UInt64 [])
            (Lean.Expr.forallE secondTypeName (Lean.Expr.const `UInt64 []) resultType secondTypeBi) firstTypeBi)
          (Lean.Expr.lam firstName (Lean.Expr.const `UInt64 [])
            (Lean.Expr.lam secondName (Lean.Expr.const `UInt64 []) value secondBi) firstBi)
          body nondep)) =
    none
but is expected to have type
  extractScalarExprWith ?m.189 ?m.188 = some ?m.190
in the application
  extractScalarExprWith_supported validated
LeanExe/Extract/ScalarBooleanRange.lean:862:43: error(lean.unknownIdentifier): Unknown identifier `ih`
LeanExe/Extract/ScalarBooleanRange.lean:863:13: error: Tactic `contradiction` failed

case case8
slot : Nat
locals✝ : List ScalarBinding
declName✝ firstTypeName✝ secondTypeName✝ : Lean.Name
resultType✝ : Lean.Expr
secondTypeBi✝ firstTypeBi✝ : Lean.BinderInfo
firstName✝ secondName✝ : Lean.Name
value✝ : Lean.Expr
secondBi✝ firstBi✝ : Lean.BinderInfo
body✝ : Lean.Expr
nondep✝ : Bool
x✝³ : scalarResultType? resultType✝ = none
shape✝ : ManyFunction
x✝² :
  scalarManyFunction?
      (Lean.Expr.forallE firstTypeName✝ (Lean.Expr.const `UInt64 [])
        (Lean.Expr.forallE secondTypeName✝ (Lean.Expr.const `UInt64 []) resultType✝ secondTypeBi✝) firstTypeBi✝)
      (Lean.Expr.lam firstName✝ (Lean.Expr.const `UInt64 [])
        (Lean.Expr.lam secondName✝ (Lean.Expr.const `UInt64 []) value✝ secondBi✝) firstBi✝) =
    some shape✝
val✝ : IR.Expr
x✝¹ :
  extractScalarExprWith (List.replicate shape✝.arity (ScalarBinding.word (IR.Expr.u64 0)) ++ locals✝) shape✝.body =
    some val✝
x✝ :
  extractScalarExprWith locals✝
      ((Lean.Expr.const `Bool.toUInt64 []).app
        (Lean.Expr.letE declName✝
          (Lean.Expr.forallE firstTypeName✝ (Lean.Expr.const `UInt64 [])
            (Lean.Expr.forallE secondTypeName✝ (Lean.Expr.const `UInt64 []) resultType✝ secondTypeBi✝) firstTypeBi✝)
          (Lean.Expr.lam firstName✝ (Lean.Expr.const `UInt64 [])
            (Lean.Expr.lam secondName✝ (Lean.Expr.const `UInt64 []) value✝ secondBi✝) firstBi✝)
          body✝ nondep✝)) =
    none
ih1✝ :
  ∀ {plan : ScalarRangeExitPlan},
    extractScalarBooleanRangeWith
          ((ScalarBinding.manyFunction shape✝.arity fun arguments =>
              extractScalarExprWith (List.map ScalarBinding.word arguments.reverse ++ locals✝) shape✝.body) ::
            locals✝)
          slot body✝ =
        some plan →
      BooleanRange.Supported
        (List.map ScalarBinding.kind
          ((ScalarBinding.manyFunction shape✝.arity fun arguments =>
              extractScalarExprWith (List.map ScalarBinding.word arguments.reverse ++ locals✝) shape✝.body) ::
            locals✝))
        body✝
plan : ScalarRangeExitPlan
compiled :
  extractScalarBooleanRangeWith
      ((ScalarBinding.manyFunction shape✝.arity fun arguments =>
          extractScalarExprWith (List.map ScalarBinding.word arguments.reverse ++ locals✝) shape✝.body) ::
        locals✝)
      slot body✝ =
    some plan
⊢ BooleanRange.Supported (List.map ScalarBinding.kind locals✝)
    (Lean.Expr.letE declName✝
      (Lean.Expr.forallE firstTypeName✝ (Lean.Expr.const `UInt64 [])
        (Lean.Expr.forallE secondTypeName✝ (Lean.Expr.const `UInt64 []) resultType✝ secondTypeBi✝) firstTypeBi✝)
      (Lean.Expr.lam firstName✝ (Lean.Expr.const `UInt64 [])
        (Lean.Expr.lam secondName✝ (Lean.Expr.const `UInt64 []) value✝ secondBi✝) firstBi✝)
      body✝ nondep✝)
LeanExe/Extract/ScalarBooleanRange.lean:864:2: error: Too many variable names provided at alternative `case9`: 19 provided, but 18 expected
LeanExe/Extract/ScalarBooleanRange.lean:868:75: error: Application type mismatch: The argument
  validated
has type
  extractScalarExprWith locals
      ((Lean.Expr.const `Bool.toUInt64 []).app
        (Lean.Expr.letE name
          (Lean.Expr.forallE firstTypeName (Lean.Expr.const `UInt64 [])
            (Lean.Expr.forallE secondTypeName (Lean.Expr.const `UInt64 []) type.expr secondTypeBi) firstTypeBi)
          (Lean.Expr.lam firstName (Lean.Expr.const `UInt64 [])
            (Lean.Expr.lam secondName (Lean.Expr.const `UInt64 []) value secondBi) firstBi)
          body nondep)) =
    none
but is expected to have type
  extractScalarExprWith ?m.244 ?m.243 = some ?m.245
in the application
  extractScalarExprWith_supported validated
LeanExe/Extract/ScalarBooleanRange.lean:869:43: error(lean.unknownIdentifier): Unknown identifier `ih`
LeanExe/Extract/ScalarBooleanRange.lean:870:14: error: Tactic `contradiction` failed

case case10
slot : Nat
locals✝ : List ScalarBinding
declName✝ firstTypeName✝ secondTypeName✝ : Lean.Name
resultType✝ : Lean.Expr
secondTypeBi✝ firstTypeBi✝ : Lean.BinderInfo
firstName✝ secondName✝ : Lean.Name
value✝ : Lean.Expr
secondBi✝ firstBi✝ : Lean.BinderInfo
body✝ : Lean.Expr
nondep✝ : Bool
val✝¹ : ResultType
x✝² : scalarResultType? resultType✝ = some val✝¹
val✝ : IR.Expr
x✝¹ :
  extractScalarExprWith (ScalarBinding.word (IR.Expr.u64 0) :: ScalarBinding.word (IR.Expr.u64 0) :: locals✝) value✝ =
    some val✝
x✝ :
  extractScalarExprWith locals✝
      ((Lean.Expr.const `Bool.toUInt64 []).app
        (Lean.Expr.letE declName✝
          (Lean.Expr.forallE firstTypeName✝ (Lean.Expr.const `UInt64 [])
            (Lean.Expr.forallE secondTypeName✝ (Lean.Expr.const `UInt64 []) resultType✝ secondTypeBi✝) firstTypeBi✝)
          (Lean.Expr.lam firstName✝ (Lean.Expr.const `UInt64 [])
            (Lean.Expr.lam secondName✝ (Lean.Expr.const `UInt64 []) value✝ secondBi✝) firstBi✝)
          body✝ nondep✝)) =
    none
ih1✝ :
  ∀ {plan : ScalarRangeExitPlan},
    extractScalarBooleanRangeWith
          ((ScalarBinding.binaryFunction fun first second =>
              extractScalarExprWith (ScalarBinding.word second :: ScalarBinding.word first :: locals✝) value✝) ::
            locals✝)
          slot body✝ =
        some plan →
      BooleanRange.Supported
        (List.map ScalarBinding.kind
          ((ScalarBinding.binaryFunction fun first second =>
              extractScalarExprWith (ScalarBinding.word second :: ScalarBinding.word first :: locals✝) value✝) ::
            locals✝))
        body✝
plan : ScalarRangeExitPlan
compiled :
  extractScalarBooleanRangeWith
      ((ScalarBinding.binaryFunction fun first second =>
          extractScalarExprWith (ScalarBinding.word second :: ScalarBinding.word first :: locals✝) value✝) ::
        locals✝)
      slot body✝ =
    some plan
⊢ BooleanRange.Supported (List.map ScalarBinding.kind locals✝)
    (Lean.Expr.letE declName✝
      (Lean.Expr.forallE firstTypeName✝ (Lean.Expr.const `UInt64 [])
        (Lean.Expr.forallE secondTypeName✝ (Lean.Expr.const `UInt64 []) resultType✝ secondTypeBi✝) firstTypeBi✝)
      (Lean.Expr.lam firstName✝ (Lean.Expr.const `UInt64 [])
        (Lean.Expr.lam secondName✝ (Lean.Expr.const `UInt64 []) value✝ secondBi✝) firstBi✝)
      body✝ nondep✝)
LeanExe/Extract/ScalarBooleanRange.lean:871:2: error: Too many variable names provided at alternative `case11`: 17 provided, but 14 expected
LeanExe/Extract/ScalarBooleanRange.lean:872:39: error: Application type mismatch: The argument
  parsed
has type
  extractScalarExprWith locals
      ((Lean.Expr.const `Bool.toUInt64 []).app
        (Lean.Expr.letE name (Lean.Expr.forallE typeName (Lean.Expr.const `UInt64 []) resultType typeBi)
          (Lean.Expr.lam paramName (Lean.Expr.const `UInt64 []) value paramBi) body nondep)) =
    none
but is expected to have type
  booleanType? ?m.271 = some ?m.272
in the application
  booleanType_sound parsed
LeanExe/Extract/ScalarBooleanRange.lean:892:14: error: Tactic `contradiction` failed

case case12
slot : Nat
locals✝ : List ScalarBinding
name✝ typeName✝ : Lean.Name
resultType✝ : Lean.Expr
typeBi✝ : Lean.BinderInfo
paramName✝ : Lean.Name
value✝ : Lean.Expr
paramBi✝ : Lean.BinderInfo
body✝ : Lean.Expr
nondep✝ : Bool
x✝³ :
  ∀ (secondTypeName : Lean.Name) (resultType : Lean.Expr) (secondTypeBi : Lean.BinderInfo) (secondName : Lean.Name)
    (value : Lean.Expr) (secondBi : Lean.BinderInfo),
    resultType✝ = Lean.Expr.forallE secondTypeName (Lean.Expr.const `UInt64 []) resultType secondTypeBi →
      value✝ = Lean.Expr.lam secondName (Lean.Expr.const `UInt64 []) value secondBi → False
x✝² : scalarResultType? resultType✝ = none
val✝ : BooleanType
x✝¹ : booleanType? resultType✝ = some val✝
x✝ :
  extractScalarExprWith locals✝
      ((Lean.Expr.const `Bool.toUInt64 []).app
        (Lean.Expr.letE name✝ (Lean.Expr.forallE typeName✝ (Lean.Expr.const `UInt64 []) resultType✝ typeBi✝)
          (Lean.Expr.lam paramName✝ (Lean.Expr.const `UInt64 []) value✝ paramBi✝) body✝ nondep✝)) =
    none
ih3✝ :
  ∀ (binding : ScalarBinding) {plan : ScalarRangeExitPlan},
    extractScalarBooleanRangeWith (binding :: locals✝) slot body✝ = some plan →
      BooleanRange.Supported (List.map ScalarBinding.kind (binding :: locals✝)) body✝
ih2✝ :
  ∀ (binding : ScalarBinding) {plan : ScalarRangeExitPlan},
    extractScalarBooleanRangeWith (binding :: locals✝) slot value✝ = some plan →
      BooleanRange.Supported (List.map ScalarBinding.kind (binding :: locals✝)) value✝
ih1✝ :
  ∀ (arm : Lean.Expr),
    sizeOf arm < sizeOf body✝ →
      ∀ {plan : ScalarRangeExitPlan},
        extractScalarBooleanRangeWith locals✝ slot
              (Lean.Expr.letE name✝ (Lean.Expr.forallE typeName✝ (Lean.Expr.const `UInt64 []) resultType✝ typeBi✝)
                (Lean.Expr.lam paramName✝ (Lean.Expr.const `UInt64 []) value✝ paramBi✝) arm nondep✝) =
            some plan →
          BooleanRange.Supported (List.map ScalarBinding.kind locals✝)
            (Lean.Expr.letE name✝ (Lean.Expr.forallE typeName✝ (Lean.Expr.const `UInt64 []) resultType✝ typeBi✝)
              (Lean.Expr.lam paramName✝ (Lean.Expr.const `UInt64 []) value✝ paramBi✝) arm nondep✝)
plan : ScalarRangeExitPlan
compiled :
  (scalarBooleanRangeCompleteContinuation locals✝ false value✝ body✝
      (fun binding => extractScalarBooleanRangeWith (binding :: locals✝) slot body✝)
      (fun binding => extractScalarBooleanRangeWith (binding :: locals✝) slot value✝) fun arm x =>
      extractScalarBooleanRangeWith locals✝ slot
        (Lean.Expr.letE name✝ (Lean.Expr.forallE typeName✝ (Lean.Expr.const `UInt64 []) resultType✝ typeBi✝)
          (Lean.Expr.lam paramName✝ (Lean.Expr.const `UInt64 []) value✝ paramBi✝) arm nondep✝)) =
    some plan
⊢ BooleanRange.Supported (List.map ScalarBinding.kind locals✝)
    (Lean.Expr.letE name✝ (Lean.Expr.forallE typeName✝ (Lean.Expr.const `UInt64 []) resultType✝ typeBi✝)
      (Lean.Expr.lam paramName✝ (Lean.Expr.const `UInt64 []) value✝ paramBi✝) body✝ nondep✝)
LeanExe/Extract/ScalarBooleanRange.lean:893:2: error: Too many variable names provided at alternative `case13`: 16 provided, but 15 expected
LeanExe/Extract/ScalarBooleanRange.lean:897:75: error: Application type mismatch: The argument
  validated
has type
  extractScalarExprWith locals
      ((Lean.Expr.const `Bool.toUInt64 []).app
        (Lean.Expr.letE name (Lean.Expr.forallE typeName (Lean.Expr.const `UInt64 []) type.expr typeBi)
          (Lean.Expr.lam paramName (Lean.Expr.const `UInt64 []) value paramBi) body nondep)) =
    none
but is expected to have type
  extractScalarExprWith ?m.312 ?m.311 = some ?m.313
in the application
  extractScalarExprWith_supported validated
LeanExe/Extract/ScalarBooleanRange.lean:898:43: error(lean.unknownIdentifier): Unknown identifier `ih`
LeanExe/Extract/ScalarBooleanRange.lean:899:14: error: Tactic `contradiction` failed

case case14
slot : Nat
locals✝ : List ScalarBinding
name✝ typeName✝ : Lean.Name
resultType✝ : Lean.Expr
typeBi✝ : Lean.BinderInfo
paramName✝ : Lean.Name
value✝ : Lean.Expr
paramBi✝ : Lean.BinderInfo
body✝ : Lean.Expr
nondep✝ : Bool
x✝³ :
  ∀ (secondTypeName : Lean.Name) (resultType : Lean.Expr) (secondTypeBi : Lean.BinderInfo) (secondName : Lean.Name)
    (value : Lean.Expr) (secondBi : Lean.BinderInfo),
    resultType✝ = Lean.Expr.forallE secondTypeName (Lean.Expr.const `UInt64 []) resultType secondTypeBi →
      value✝ = Lean.Expr.lam secondName (Lean.Expr.const `UInt64 []) value secondBi → False
val✝¹ : ResultType
x✝² : scalarResultType? resultType✝ = some val✝¹
val✝ : IR.Expr
x✝¹ : extractScalarExprWith (ScalarBinding.word (IR.Expr.u64 0) :: locals✝) value✝ = some val✝
x✝ :
  extractScalarExprWith locals✝
      ((Lean.Expr.const `Bool.toUInt64 []).app
        (Lean.Expr.letE name✝ (Lean.Expr.forallE typeName✝ (Lean.Expr.const `UInt64 []) resultType✝ typeBi✝)
          (Lean.Expr.lam paramName✝ (Lean.Expr.const `UInt64 []) value✝ paramBi✝) body✝ nondep✝)) =
    none
ih1✝ :
  ∀ {plan : ScalarRangeExitPlan},
    extractScalarBooleanRangeWith
          ((ScalarBinding.function false fun argument =>
              extractScalarExprWith (ScalarBinding.word argument :: locals✝) value✝) ::
            locals✝)
          slot body✝ =
        some plan →
      BooleanRange.Supported
        (List.map ScalarBinding.kind
          ((ScalarBinding.function false fun argument =>
              extractScalarExprWith (ScalarBinding.word argument :: locals✝) value✝) ::
            locals✝))
        body✝
plan : ScalarRangeExitPlan
compiled :
  extractScalarBooleanRangeWith
      ((ScalarBinding.function false fun argument =>
          extractScalarExprWith (ScalarBinding.word argument :: locals✝) value✝) ::
        locals✝)
      slot body✝ =
    some plan
⊢ BooleanRange.Supported (List.map ScalarBinding.kind locals✝)
    (Lean.Expr.letE name✝ (Lean.Expr.forallE typeName✝ (Lean.Expr.const `UInt64 []) resultType✝ typeBi✝)
      (Lean.Expr.lam paramName✝ (Lean.Expr.const `UInt64 []) value✝ paramBi✝) body✝ nondep✝)
LeanExe/Extract/ScalarBooleanRange.lean:900:2: error: Too many variable names provided at alternative `case15`: 16 provided, but 13 expected
LeanExe/Extract/ScalarBooleanRange.lean:901:39: error: Application type mismatch: The argument
  parsed
has type
  extractScalarExprWith locals
      ((Lean.Expr.const `Bool.toUInt64 []).app
        (Lean.Expr.letE name (Lean.Expr.forallE typeName (Lean.Expr.const `Bool []) resultType typeBi)
          (Lean.Expr.lam paramName (Lean.Expr.const `Bool []) value paramBi) body nondep)) =
    none
but is expected to have type
  booleanType? ?m.339 = some ?m.340
in the application
  booleanType_sound parsed
LeanExe/Extract/ScalarBooleanRange.lean:921:14: error: Tactic `contradiction` failed

case case16
slot : Nat
locals✝ : List ScalarBinding
name✝ typeName✝ : Lean.Name
resultType✝ : Lean.Expr
typeBi✝ : Lean.BinderInfo
paramName✝ : Lean.Name
value✝ : Lean.Expr
paramBi✝ : Lean.BinderInfo
body✝ : Lean.Expr
nondep✝ : Bool
x✝² : scalarResultType? resultType✝ = none
val✝ : BooleanType
x✝¹ : booleanType? resultType✝ = some val✝
x✝ :
  extractScalarExprWith locals✝
      ((Lean.Expr.const `Bool.toUInt64 []).app
        (Lean.Expr.letE name✝ (Lean.Expr.forallE typeName✝ (Lean.Expr.const `Bool []) resultType✝ typeBi✝)
          (Lean.Expr.lam paramName✝ (Lean.Expr.const `Bool []) value✝ paramBi✝) body✝ nondep✝)) =
    none
ih3✝ :
  ∀ (binding : ScalarBinding) {plan : ScalarRangeExitPlan},
    extractScalarBooleanRangeWith (binding :: locals✝) slot body✝ = some plan →
      BooleanRange.Supported (List.map ScalarBinding.kind (binding :: locals✝)) body✝
ih2✝ :
  ∀ (binding : ScalarBinding) {plan : ScalarRangeExitPlan},
    extractScalarBooleanRangeWith (binding :: locals✝) slot value✝ = some plan →
      BooleanRange.Supported (List.map ScalarBinding.kind (binding :: locals✝)) value✝
ih1✝ :
  ∀ (arm : Lean.Expr),
    sizeOf arm < sizeOf body✝ →
      ∀ {plan : ScalarRangeExitPlan},
        extractScalarBooleanRangeWith locals✝ slot
              (Lean.Expr.letE name✝ (Lean.Expr.forallE typeName✝ (Lean.Expr.const `Bool []) resultType✝ typeBi✝)
                (Lean.Expr.lam paramName✝ (Lean.Expr.const `Bool []) value✝ paramBi✝) arm nondep✝) =
            some plan →
          BooleanRange.Supported (List.map ScalarBinding.kind locals✝)
            (Lean.Expr.letE name✝ (Lean.Expr.forallE typeName✝ (Lean.Expr.const `Bool []) resultType✝ typeBi✝)
              (Lean.Expr.lam paramName✝ (Lean.Expr.const `Bool []) value✝ paramBi✝) arm nondep✝)
plan : ScalarRangeExitPlan
compiled :
  (scalarBooleanRangeCompleteContinuation locals✝ true value✝ body✝
      (fun binding => extractScalarBooleanRangeWith (binding :: locals✝) slot body✝)
      (fun binding => extractScalarBooleanRangeWith (binding :: locals✝) slot value✝) fun arm x =>
      extractScalarBooleanRangeWith locals✝ slot
        (Lean.Expr.letE name✝ (Lean.Expr.forallE typeName✝ (Lean.Expr.const `Bool []) resultType✝ typeBi✝)
          (Lean.Expr.lam paramName✝ (Lean.Expr.const `Bool []) value✝ paramBi✝) arm nondep✝)) =
    some plan
⊢ BooleanRange.Supported (List.map ScalarBinding.kind locals✝)
    (Lean.Expr.letE name✝ (Lean.Expr.forallE typeName✝ (Lean.Expr.const `Bool []) resultType✝ typeBi✝)
      (Lean.Expr.lam paramName✝ (Lean.Expr.const `Bool []) value✝ paramBi✝) body✝ nondep✝)
LeanExe/Extract/ScalarBooleanRange.lean:922:2: error: Too many variable names provided at alternative `case17`: 15 provided, but 14 expected
LeanExe/Extract/ScalarBooleanRange.lean:926:75: error: Application type mismatch: The argument
  validated
has type
  extractScalarExprWith locals
      ((Lean.Expr.const `Bool.toUInt64 []).app
        (Lean.Expr.letE name (Lean.Expr.forallE typeName (Lean.Expr.const `Bool []) type.expr typeBi)
          (Lean.Expr.lam paramName (Lean.Expr.const `Bool []) value paramBi) body nondep)) =
    none
but is expected to have type
  extractScalarExprWith ?m.380 ?m.379 = some ?m.381
in the application
  extractScalarExprWith_supported validated
LeanExe/Extract/ScalarBooleanRange.lean:927:43: error(lean.unknownIdentifier): Unknown identifier `ih`
LeanExe/Extract/ScalarBooleanRange.lean:928:14: error: Tactic `contradiction` failed

case case18
slot : Nat
locals✝ : List ScalarBinding
name✝ typeName✝ : Lean.Name
resultType✝ : Lean.Expr
typeBi✝ : Lean.BinderInfo
paramName✝ : Lean.Name
value✝ : Lean.Expr
paramBi✝ : Lean.BinderInfo
body✝ : Lean.Expr
nondep✝ : Bool
val✝¹ : ResultType
x✝² : scalarResultType? resultType✝ = some val✝¹
val✝ : IR.Expr
x✝¹ : extractScalarExprWith (ScalarBinding.boolean (IR.Expr.u64 0) :: locals✝) value✝ = some val✝
x✝ :
  extractScalarExprWith locals✝
      ((Lean.Expr.const `Bool.toUInt64 []).app
        (Lean.Expr.letE name✝ (Lean.Expr.forallE typeName✝ (Lean.Expr.const `Bool []) resultType✝ typeBi✝)
          (Lean.Expr.lam paramName✝ (Lean.Expr.const `Bool []) value✝ paramBi✝) body✝ nondep✝)) =
    none
ih1✝ :
  ∀ {plan : ScalarRangeExitPlan},
    extractScalarBooleanRangeWith
          ((ScalarBinding.booleanFunction fun argument =>
              extractScalarExprWith (ScalarBinding.boolean argument :: locals✝) value✝) ::
            locals✝)
          slot body✝ =
        some plan →
      BooleanRange.Supported
        (List.map ScalarBinding.kind
          ((ScalarBinding.booleanFunction fun argument =>
              extractScalarExprWith (ScalarBinding.boolean argument :: locals✝) value✝) ::
            locals✝))
        body✝
plan : ScalarRangeExitPlan
compiled :
  extractScalarBooleanRangeWith
      ((ScalarBinding.booleanFunction fun argument =>
          extractScalarExprWith (ScalarBinding.boolean argument :: locals✝) value✝) ::
        locals✝)
      slot body✝ =
    some plan
⊢ BooleanRange.Supported (List.map ScalarBinding.kind locals✝)
    (Lean.Expr.letE name✝ (Lean.Expr.forallE typeName✝ (Lean.Expr.const `Bool []) resultType✝ typeBi✝)
      (Lean.Expr.lam paramName✝ (Lean.Expr.const `Bool []) value✝ paramBi✝) body✝ nondep✝)
LeanExe/Extract/ScalarBooleanRange.lean:930:2: error: Too many variable names provided at alternative `case20`: 19 provided, but 18 expected
LeanExe/Extract/ScalarBooleanRange.lean:934:75: error: Application type mismatch: The argument
  validated
has type
  extractScalarExprWith locals
      ((Lean.Expr.const `Bool.toUInt64 []).app
        (Lean.Expr.letE name
          (Lean.Expr.forallE unitTypeName (Lean.Expr.const `Unit [])
            (Lean.Expr.forallE typeName (Lean.Expr.const `UInt64 []) type.expr typeBi) unitTypeBi)
          (Lean.Expr.lam unitName (Lean.Expr.const `Unit [])
            (Lean.Expr.lam paramName (Lean.Expr.const `UInt64 []) value paramBi) unitBi)
          body nondep)) =
    none
but is expected to have type
  extractScalarExprWith ?m.441 ?m.440 = some ?m.442
in the application
  extractScalarExprWith_supported validated
LeanExe/Extract/ScalarBooleanRange.lean:935:43: error(lean.unknownIdentifier): Unknown identifier `ih`
LeanExe/Extract/ScalarBooleanRange.lean:936:14: error: Tactic `contradiction` failed

case case21
slot : Nat
locals✝ : List ScalarBinding
declName✝ binderName✝³ binderName✝² : Lean.Name
resultType✝ : Lean.Expr
binderInfo✝³ binderInfo✝² : Lean.BinderInfo
binderName✝¹ binderName✝ : Lean.Name
value✝ : Lean.Expr
binderInfo✝¹ binderInfo✝ : Lean.BinderInfo
body✝ : Lean.Expr
nondep✝ : Bool
val✝¹ : ResultType
x✝² : scalarResultType? resultType✝ = some val✝¹
val✝ : IR.Expr
x✝¹ : extractScalarExprWith (ScalarBinding.word (IR.Expr.u64 0) :: ScalarBinding.unit :: locals✝) value✝ = some val✝
x✝ :
  extractScalarExprWith locals✝
      ((Lean.Expr.const `Bool.toUInt64 []).app
        (Lean.Expr.letE declName✝
          (Lean.Expr.forallE binderName✝³ (Lean.Expr.const `Unit [])
            (Lean.Expr.forallE binderName✝² (Lean.Expr.const `UInt64 []) resultType✝ binderInfo✝³) binderInfo✝²)
          (Lean.Expr.lam binderName✝¹ (Lean.Expr.const `Unit [])
            (Lean.Expr.lam binderName✝ (Lean.Expr.const `UInt64 []) value✝ binderInfo✝¹) binderInfo✝)
          body✝ nondep✝)) =
    none
ih1✝ :
  ∀ {plan : ScalarRangeExitPlan},
    extractScalarBooleanRangeWith
          ((ScalarBinding.function true fun argument =>
              extractScalarExprWith (ScalarBinding.word argument :: ScalarBinding.unit :: locals✝) value✝) ::
            locals✝)
          slot body✝ =
        some plan →
      BooleanRange.Supported
        (List.map ScalarBinding.kind
          ((ScalarBinding.function true fun argument =>
              extractScalarExprWith (ScalarBinding.word argument :: ScalarBinding.unit :: locals✝) value✝) ::
            locals✝))
        body✝
plan : ScalarRangeExitPlan
compiled :
  extractScalarBooleanRangeWith
      ((ScalarBinding.function true fun argument =>
          extractScalarExprWith (ScalarBinding.word argument :: ScalarBinding.unit :: locals✝) value✝) ::
        locals✝)
      slot body✝ =
    some plan
⊢ BooleanRange.Supported (List.map ScalarBinding.kind locals✝)
    (Lean.Expr.letE declName✝
      (Lean.Expr.forallE binderName✝³ (Lean.Expr.const `Unit [])
        (Lean.Expr.forallE binderName✝² (Lean.Expr.const `UInt64 []) resultType✝ binderInfo✝³) binderInfo✝²)
      (Lean.Expr.lam binderName✝¹ (Lean.Expr.const `Unit [])
        (Lean.Expr.lam binderName✝ (Lean.Expr.const `UInt64 []) value✝ binderInfo✝¹) binderInfo✝)
      body✝ nondep✝)
LeanExe/Extract/ScalarBooleanRange.lean:938:2: error: Too many variable names provided at alternative `case23`: 19 provided, but 18 expected
LeanExe/Extract/ScalarBooleanRange.lean:942:75: error: Application type mismatch: The argument
  validated
has type
  extractScalarExprWith locals
      ((Lean.Expr.const `Bool.toUInt64 []).app
        (Lean.Expr.letE name
          (Lean.Expr.forallE unitTypeName (Lean.Expr.const `PUnit [Lean.Level.zero.succ])
            (Lean.Expr.forallE typeName (Lean.Expr.const `UInt64 []) type.expr typeBi) unitTypeBi)
          (Lean.Expr.lam unitName (Lean.Expr.const `PUnit [Lean.Level.zero.succ])
            (Lean.Expr.lam paramName (Lean.Expr.const `UInt64 []) value paramBi) unitBi)
          body nondep)) =
    none
but is expected to have type
  extractScalarExprWith ?m.502 ?m.501 = some ?m.503
in the application
  extractScalarExprWith_supported validated
LeanExe/Extract/ScalarBooleanRange.lean:943:43: error(lean.unknownIdentifier): Unknown identifier `ih`
LeanExe/Extract/ScalarBooleanRange.lean:945:27: error: Application type mismatch: The argument
  input
has type
  Lean.BinderInfo
but is expected to have type
  Lean.Expr
in the application
  BooleanRange.Supported.idFunctionInput input
LeanExe/Extract/ScalarBooleanRange.lean:945:45: error: Function expected at
  ih
but this term has type
  Lean.BinderInfo

Note: Expected a function because this term is being applied to the argument
  compiled
LeanExe/Extract/ScalarBooleanRange.lean:946:14: error: Tactic `contradiction` failed

case case25
slot : Nat
locals✝ : List ScalarBinding
name✝ typeName✝ : Lean.Name
resultType✝ : Lean.Expr
typeBi✝ : Lean.BinderInfo
paramName✝ : Lean.Name
domain✝ value✝ : Lean.Expr
paramBi✝ : Lean.BinderInfo
body✝ : Lean.Expr
nondep✝ : Bool
x✝ :
  extractScalarExprWith locals✝
      ((Lean.Expr.const `Bool.toUInt64 []).app
        (Lean.Expr.letE name✝
          (Lean.Expr.forallE typeName✝ ((Lean.Expr.const `Id [Lean.Level.zero]).app domain✝) resultType✝ typeBi✝)
          (Lean.Expr.lam paramName✝ ((Lean.Expr.const `Id [Lean.Level.zero]).app domain✝) value✝ paramBi✝) body✝
          nondep✝)) =
    none
ih1✝ :
  ∀ {plan : ScalarRangeExitPlan},
    extractScalarBooleanRangeWith locals✝ slot
          (Lean.Expr.letE name✝ (Lean.Expr.forallE typeName✝ domain✝ resultType✝ typeBi✝)
            (Lean.Expr.lam paramName✝ domain✝ value✝ paramBi✝) body✝ nondep✝) =
        some plan →
      BooleanRange.Supported (List.map ScalarBinding.kind locals✝)
        (Lean.Expr.letE name✝ (Lean.Expr.forallE typeName✝ domain✝ resultType✝ typeBi✝)
          (Lean.Expr.lam paramName✝ domain✝ value✝ paramBi✝) body✝ nondep✝)
plan : ScalarRangeExitPlan
compiled :
  extractScalarBooleanRangeWith locals✝ slot
      (Lean.Expr.letE name✝ (Lean.Expr.forallE typeName✝ domain✝ resultType✝ typeBi✝)
        (Lean.Expr.lam paramName✝ domain✝ value✝ paramBi✝) body✝ nondep✝) =
    some plan
⊢ BooleanRange.Supported (List.map ScalarBinding.kind locals✝)
    (Lean.Expr.letE name✝
      (Lean.Expr.forallE typeName✝ ((Lean.Expr.const `Id [Lean.Level.zero]).app domain✝) resultType✝ typeBi✝)
      (Lean.Expr.lam paramName✝ ((Lean.Expr.const `Id [Lean.Level.zero]).app domain✝) value✝ paramBi✝) body✝ nondep✝)
LeanExe/Extract/ScalarBooleanRange.lean:948:2: error: Too many variable names provided at alternative `case27`: 13 provided, but 11 expected
LeanExe/Extract/ScalarBooleanRange.lean:949:62: error: Application type mismatch: The argument
  parsed
has type
  extractScalarExprWith locals
      ((Lean.Expr.const `Bool.toUInt64 []).app
        (((((((Lean.Expr.const `Bind.bind [Lean.Level.zero, Lean.Level.zero]).app
                              (Lean.Expr.const `Id [Lean.Level.zero])).app
                          (((Lean.Expr.const `Monad.toBind [Lean.Level.zero, Lean.Level.zero]).app
                                (Lean.Expr.const `Id [Lean.Level.zero])).app
                            (Lean.Expr.const `Id.instMonad [Lean.Level.zero]))).app
                      input).app
                  output).app
              value).app
          (Lean.Expr.lam name domain body binder))) =
    none
but is expected to have type
  booleanRangeFlagBindTypes? ?m.550 ?m.551 ?m.552 = some (?m.553, ?m.554)
in the application
  booleanRangeFlagBindTypes_sound parsed
LeanExe/Extract/ScalarBooleanRange.lean:949:12: error: Tactic `subst` failed: invalid equality proof, it is not of the form (x = t) or (t = x)
  ?m.550 = BooleanType.expr ?m.553

case case27
slot : Nat
locals : List ScalarBinding
input output value : Lean.Expr
name : Lean.Name
domain body : Lean.Expr
binder : Lean.BinderInfo
notWord : booleanRangeBindTypes? input domain output = none
types : booleanRangeFlagBindTypes? input domain output = none
parsed :
  extractScalarExprWith locals
      ((Lean.Expr.const `Bool.toUInt64 []).app
        (((((((Lean.Expr.const `Bind.bind [Lean.Level.zero, Lean.Level.zero]).app
                              (Lean.Expr.const `Id [Lean.Level.zero])).app
                          (((Lean.Expr.const `Monad.toBind [Lean.Level.zero, Lean.Level.zero]).app
                                (Lean.Expr.const `Id [Lean.Level.zero])).app
                            (Lean.Expr.const `Id.instMonad [Lean.Level.zero]))).app
                      input).app
                  output).app
              value).app
          (Lean.Expr.lam name domain body binder))) =
    none
plan : ScalarRangeExitPlan
compiled : none = some plan
left✝ : ?m.550 = BooleanType.expr ?m.553
right✝ : ?m.551 = BooleanType.expr ?m.553 ∧ ?m.552 = BooleanType.expr ?m.554
⊢ BooleanRange.Supported (List.map ScalarBinding.kind locals)
    (((((((Lean.Expr.const `Bind.bind [Lean.Level.zero, Lean.Level.zero]).app
                          (Lean.Expr.const `Id [Lean.Level.zero])).app
                      (((Lean.Expr.const `Monad.toBind [Lean.Level.zero, Lean.Level.zero]).app
                            (Lean.Expr.const `Id [Lean.Level.zero])).app
                        (Lean.Expr.const `Id.instMonad [Lean.Level.zero]))).app
                  input).app
              output).app
          value).app
      (Lean.Expr.lam name domain body binder))
LeanExe/Extract/ScalarBooleanRange.lean:956:58: error: Application type mismatch: The argument
  parsed
has type
  BooleanType × BooleanType
of sort `Type` but is expected to have type
  booleanRangeBindTypes? ?m.571 ?m.572 ?m.573 = some (?m.574, ?m.575)
of sort `Prop` in the application
  booleanRangeBindTypes_sound parsed
LeanExe/Extract/ScalarBooleanRange.lean:956:12: error: Tactic `subst` failed: invalid equality proof, it is not of the form (x = t) or (t = x)
  ?m.571 = ResultType.expr ?m.574

case case28
slot : Nat
locals : List ScalarBinding
input output value : Lean.Expr
name : Lean.Name
domain body : Lean.Expr
binder : Lean.BinderInfo
types : booleanRangeBindTypes? input domain output = none
parsed : BooleanType × BooleanType
bound : booleanRangeFlagBindTypes? input domain output = some parsed
matched :
  extractScalarExprWith locals
      ((Lean.Expr.const `Bool.toUInt64 []).app
        (((((((Lean.Expr.const `Bind.bind [Lean.Level.zero, Lean.Level.zero]).app
                              (Lean.Expr.const `Id [Lean.Level.zero])).app
                          (((Lean.Expr.const `Monad.toBind [Lean.Level.zero, Lean.Level.zero]).app
                                (Lean.Expr.const `Id [Lean.Level.zero])).app
                            (Lean.Expr.const `Id.instMonad [Lean.Level.zero]))).app
                      input).app
                  output).app
              value).app
          (Lean.Expr.lam name domain body binder))) =
    none
ih :
  ∀ (flag : IR.Expr) {plan : ScalarRangeExitPlan},
    extractScalarBooleanRangeWith (ScalarBinding.boolean flag :: locals) slot body = some plan →
      BooleanRange.Supported (List.map ScalarBinding.kind (ScalarBinding.boolean flag :: locals)) body
ih1✝ :
  ∀ {plan : ScalarRangeExitPlan},
    extractScalarBooleanRangeWith locals slot value = some plan →
      BooleanRange.Supported (List.map ScalarBinding.kind locals) value
plan : ScalarRangeExitPlan
compiled :
  (scalarRangeValueBinding (extractScalarExprWith locals ((Lean.Expr.const `Bool.toUInt64 []).app value))
      (fun flag => extractScalarBooleanRangeWith (ScalarBinding.boolean flag :: locals) slot body)
      (fun x => extractScalarBooleanRangeWith locals slot value) fun flag =>
      extractScalarExprWith (ScalarBinding.boolean flag :: locals) ((Lean.Expr.const `Bool.toUInt64 []).app body)) =
    some plan
left✝ : ?m.571 = ResultType.expr ?m.574
right✝ : ?m.572 = ResultType.expr ?m.574 ∧ ?m.573 = BooleanType.expr ?m.575
⊢ BooleanRange.Supported (List.map ScalarBinding.kind locals)
    (((((((Lean.Expr.const `Bind.bind [Lean.Level.zero, Lean.Level.zero]).app
                          (Lean.Expr.const `Id [Lean.Level.zero])).app
                      (((Lean.Expr.const `Monad.toBind [Lean.Level.zero, Lean.Level.zero]).app
                            (Lean.Expr.const `Id [Lean.Level.zero])).app
                        (Lean.Expr.const `Id.instMonad [Lean.Level.zero]))).app
                  input).app
              output).app
          value).app
      (Lean.Expr.lam name domain body binder))
LeanExe/Extract/ScalarBooleanRange.lean:960:4: error: `simp` made no progress
LeanExe/Extract/ScalarBooleanRange.lean:965:14: error: Tactic `contradiction` failed

case case30
slot : Nat
locals✝ : List ScalarBinding
input✝ output✝ value✝ : Lean.Expr
binderName✝ : Lean.Name
domain✝ body✝ : Lean.Expr
binderInfo✝ : Lean.BinderInfo
val✝ : ResultType × BooleanType
x✝² : booleanRangeBindTypes? input✝ domain✝ output✝ = some val✝
x✝¹ : extractScalarExprWith locals✝ value✝ = none
x✝ :
  extractScalarExprWith locals✝
      ((Lean.Expr.const `Bool.toUInt64 []).app
        (((((((Lean.Expr.const `Bind.bind [Lean.Level.zero, Lean.Level.zero]).app
                              (Lean.Expr.const `Id [Lean.Level.zero])).app
                          (((Lean.Expr.const `Monad.toBind [Lean.Level.zero, Lean.Level.zero]).app
                                (Lean.Expr.const `Id [Lean.Level.zero])).app
                            (Lean.Expr.const `Id.instMonad [Lean.Level.zero]))).app
                      input✝).app
                  output✝).app
              value✝).app
          (Lean.Expr.lam binderName✝ domain✝ body✝ binderInfo✝))) =
    none
plan : ScalarRangeExitPlan
compiled :
  (do
      let plan ← extractScalarRangeExitWith locals✝ slot value✝
      let result ←
        extractScalarExprWith (ScalarBinding.word plan.result :: locals✝)
            ((Lean.Expr.const `Bool.toUInt64 []).app body✝)
      pure { count := plan.count, initial := plan.initial, step := plan.step, done := plan.done, result := result }) =
    some plan
⊢ BooleanRange.Supported (List.map ScalarBinding.kind locals✝)
    (((((((Lean.Expr.const `Bind.bind [Lean.Level.zero, Lean.Level.zero]).app
                          (Lean.Expr.const `Id [Lean.Level.zero])).app
                      (((Lean.Expr.const `Monad.toBind [Lean.Level.zero, Lean.Level.zero]).app
                            (Lean.Expr.const `Id [Lean.Level.zero])).app
                        (Lean.Expr.const `Id.instMonad [Lean.Level.zero]))).app
                  input✝).app
              output✝).app
          value✝).app
      (Lean.Expr.lam binderName✝ domain✝ body✝ binderInfo✝))
LeanExe/Extract/ScalarBooleanRange.lean:967:2: error: Too many variable names provided at alternative `case32`: 12 provided, but 10 expected
LeanExe/Extract/ScalarBooleanRange.lean:968:4: error: `simp` made no progress
LeanExe/Extract/ScalarBooleanRange.lean:979:2: error: Too many variable names provided at alternative `case33`: 17 provided, but 13 expected
LeanExe/Extract/ScalarBooleanRange.lean:980:34: error(lean.unknownIdentifier): Unknown identifier `parsed`
LeanExe/Extract/ScalarBooleanRange.lean:982:14: error: Tactic `contradiction` failed

case case34
slot : Nat
locals✝ : List ScalarBinding
source✝ : Lean.Expr
x✝¹¹ :
  ∀ (declName : Lean.Name) (value body : Lean.Expr) (nondep : Bool),
    source✝ = Lean.Expr.letE declName (Lean.Expr.const `UInt64 []) value body nondep → False
x✝¹⁰ :
  ∀ (declName : Lean.Name) (value body : Lean.Expr) (nondep : Bool),
    source✝ = Lean.Expr.letE declName (Lean.Expr.const `Bool []) value body nondep → False
x✝⁹ :
  ∀ (name : Lean.Name) (type value body : Lean.Expr) (nondep : Bool),
    source✝ = Lean.Expr.letE name ((Lean.Expr.const `Id [Lean.Level.zero]).app type) value body nondep → False
x✝⁸ :
  ∀ (declName firstTypeName secondTypeName : Lean.Name) (resultType : Lean.Expr)
    (secondTypeBi firstTypeBi : Lean.BinderInfo) (firstName secondName : Lean.Name) (value : Lean.Expr)
    (secondBi firstBi : Lean.BinderInfo) (body : Lean.Expr) (nondep : Bool),
    source✝ =
        Lean.Expr.letE declName
          (Lean.Expr.forallE firstTypeName (Lean.Expr.const `UInt64 [])
            (Lean.Expr.forallE secondTypeName (Lean.Expr.const `UInt64 []) resultType secondTypeBi) firstTypeBi)
          (Lean.Expr.lam firstName (Lean.Expr.const `UInt64 [])
            (Lean.Expr.lam secondName (Lean.Expr.const `UInt64 []) value secondBi) firstBi)
          body nondep →
      False
x✝⁷ :
  ∀ (name typeName : Lean.Name) (resultType : Lean.Expr) (typeBi : Lean.BinderInfo) (paramName : Lean.Name)
    (value : Lean.Expr) (paramBi : Lean.BinderInfo) (body : Lean.Expr) (nondep : Bool),
    source✝ =
        Lean.Expr.letE name (Lean.Expr.forallE typeName (Lean.Expr.const `UInt64 []) resultType typeBi)
          (Lean.Expr.lam paramName (Lean.Expr.const `UInt64 []) value paramBi) body nondep →
      False
x✝⁶ :
  ∀ (name typeName : Lean.Name) (resultType : Lean.Expr) (typeBi : Lean.BinderInfo) (paramName : Lean.Name)
    (value : Lean.Expr) (paramBi : Lean.BinderInfo) (body : Lean.Expr) (nondep : Bool),
    source✝ =
        Lean.Expr.letE name (Lean.Expr.forallE typeName (Lean.Expr.const `Bool []) resultType typeBi)
          (Lean.Expr.lam paramName (Lean.Expr.const `Bool []) value paramBi) body nondep →
      False
x✝⁵ :
  ∀ (declName binderName binderName_1 : Lean.Name) (resultType : Lean.Expr) (binderInfo binderInfo_1 : Lean.BinderInfo)
    (binderName_2 binderName_3 : Lean.Name) (value : Lean.Expr) (binderInfo_2 binderInfo_3 : Lean.BinderInfo)
    (body : Lean.Expr) (nondep : Bool),
    source✝ =
        Lean.Expr.letE declName
          (Lean.Expr.forallE binderName (Lean.Expr.const `Unit [])
            (Lean.Expr.forallE binderName_1 (Lean.Expr.const `UInt64 []) resultType binderInfo) binderInfo_1)
          (Lean.Expr.lam binderName_2 (Lean.Expr.const `Unit [])
            (Lean.Expr.lam binderName_3 (Lean.Expr.const `UInt64 []) value binderInfo_2) binderInfo_3)
          body nondep →
      False
x✝⁴ :
  ∀ (declName binderName binderName_1 : Lean.Name) (resultType : Lean.Expr) (binderInfo binderInfo_1 : Lean.BinderInfo)
    (binderName_2 binderName_3 : Lean.Name) (value : Lean.Expr) (binderInfo_2 binderInfo_3 : Lean.BinderInfo)
    (body : Lean.Expr) (nondep : Bool),
    source✝ =
        Lean.Expr.letE declName
          (Lean.Expr.forallE binderName (Lean.Expr.const `PUnit [Lean.Level.zero.succ])
            (Lean.Expr.forallE binderName_1 (Lean.Expr.const `UInt64 []) resultType binderInfo) binderInfo_1)
          (Lean.Expr.lam binderName_2 (Lean.Expr.const `PUnit [Lean.Level.zero.succ])
            (Lean.Expr.lam binderName_3 (Lean.Expr.const `UInt64 []) value binderInfo_2) binderInfo_3)
          body nondep →
      False
x✝³ :
  ∀ (name typeName : Lean.Name) (input resultType : Lean.Expr) (typeBi : Lean.BinderInfo) (paramName : Lean.Name)
    (domain value : Lean.Expr) (paramBi : Lean.BinderInfo) (body : Lean.Expr) (nondep : Bool),
    source✝ =
        Lean.Expr.letE name
          (Lean.Expr.forallE typeName ((Lean.Expr.const `Id [Lean.Level.zero]).app input) resultType typeBi)
          (Lean.Expr.lam paramName ((Lean.Expr.const `Id [Lean.Level.zero]).app domain) value paramBi) body nondep →
      False
x✝² :
  ∀ (input output value : Lean.Expr) (binderName : Lean.Name) (domain body : Lean.Expr) (binderInfo : Lean.BinderInfo),
    source✝ =
        ((((((Lean.Expr.const `Bind.bind [Lean.Level.zero, Lean.Level.zero]).app
                              (Lean.Expr.const `Id [Lean.Level.zero])).app
                          (((Lean.Expr.const `Monad.toBind [Lean.Level.zero, Lean.Level.zero]).app
                                (Lean.Expr.const `Id [Lean.Level.zero])).app
                            (Lean.Expr.const `Id.instMonad [Lean.Level.zero]))).app
                      input).app
                  output).app
              value).app
          (Lean.Expr.lam binderName domain body binderInfo) →
      False
x✝¹ :
  ∀ (type condition evidence yes no : Lean.Expr),
    source✝ = (((((Lean.Expr.const `ite [Lean.Level.zero.succ]).app type).app condition).app evidence).app yes).app no →
      False
fst✝ : BooleanWrapper
body✝ : Lean.Expr
_wrapped✝ : booleanRangeWrapper? source✝ = some (fst✝, body✝)
x✝ : extractScalarExprWith locals✝ ((Lean.Expr.const `Bool.toUInt64 []).app source✝) = none
ih1✝ :
  ∀ {plan : ScalarRangeExitPlan},
    extractScalarBooleanRangeWith locals✝ slot body✝ = some plan →
      BooleanRange.Supported (List.map ScalarBinding.kind locals✝) body✝
plan : ScalarRangeExitPlan
compiled : extractScalarBooleanRangeWith locals✝ slot body✝ = some plan
⊢ BooleanRange.Supported (List.map ScalarBinding.kind locals✝) source✝
LeanExe/Extract/ScalarBooleanRange.lean:839:2: error: Alternative `case35` has not been provided
